$MeshFormat
4.1 0 8
$EndMeshFormat
$PhysicalNames
4
1 1 "p_contact"
1 2 "n_contact"
1 3 "insulating"
2 4 "domain"
$EndPhysicalNames
$Entities
5 4 1 0
1 5e-06 2.5e-06 0 0 
2 0 0 0 0 
3 1e-05 0 0 0 
4 1e-05 5e-06 0 0 
5 0 5e-06 0 0 
1 0 0 0 1e-05 0 0 1 3 2 2 -3 
2 1e-05 0 0 1e-05 5e-06 0 1 2 2 3 -4 
3 0 5e-06 0 1e-05 5e-06 0 1 3 2 4 -5 
4 0 0 0 0 5e-06 0 1 1 2 5 -2 
1 0 0 0 1e-05 5e-06 0 1 4 4 1 2 3 4 
$EndEntities
$Nodes
10 9602 1 9602
0 1 0 1
1
5e-06 2.5e-06 0
0 2 0 1
2
0 0 0
0 3 0 1
3
1e-05 0 0
0 4 0 1
4
1e-05 5e-06 0
0 5 0 1
5
0 5e-06 0
1 1 0 9
6
7
8
9
10
11
12
13
14
9.999999999980946e-07 0 0
1.999999999995421e-06 0 0
2.99999999999231e-06 0 0
3.999999999989599e-06 0 0
4.999999999986919e-06 0 0
5.999999999989073e-06 0 0
6.999999999991723e-06 0 0
7.999999999994438e-06 0 0
8.999999999997351e-06 0 0
1 2 0 4
15
16
17
18
1e-05 9.999999999977106e-07 0
1e-05 1.9999999999948e-06 0
1e-05 2.999999999994536e-06 0
1e-05 3.999999999997219e-06 0
1 3 0 9
19
20
21
22
23
24
25
26
27
9.000000000001986e-06 5e-06 0
8.000000000004369e-06 5e-06 0
7.000000000007809e-06 5e-06 0
6.000000000010391e-06 5e-06 0
5.000000000013073e-06 5e-06 0
4.00000000001092e-06 5e-06 0
3.000000000008273e-06 5e-06 0
2.000000000005559e-06 5e-06 0
1.000000000002647e-06 5e-06 0
1 4 0 4
28
29
30
31
0 4.000000000002184e-06 0
0 3.000000000005195e-06 0
0 2.00000000000546e-06 0
0 1.00000000000278e-06 0
2 1 0 9571
32
33
34
35
36
37
38
39
40
41
42
43
44
45
46
47
48
49
50
51
52
53
54
55
56
57
58
59
60
61
62
63
64
65
66
67
68
69
70
71
72
73
74
75
76
77
78
79
80
81
82
83
84
85
86
87
88
89
90
91
92
93
94
95
96
97
98
99
100
101
102
103
104
105
106
107
108
109
110
111
112
113
114
115
116
117
118
119
120
121
122
123
124
125
126
127
128
129
130
131
132
133
134
135
136
137
138
139
140
141
142
143
144
145
146
147
148
149
150
151
152
153
154
155
156
157
158
159
160
161
162
163
164
165
166
167
168
169
170
171
172
173
174
175
176
177
178
179
180
181
182
183
184
185
186
187
188
189
190
191
192
193
194
195
196
197
198
199
200
201
202
203
204
205
206
207
208
209
210
211
212
213
214
215
216
217
218
219
220
221
222
223
224
225
226
227
228
229
230
231
232
233
234
235
236
237
238
239
240
241
242
243
244
245
246
247
248
249
250
251
252
253
254
255
256
257
258
259
260
261
262
263
264
265
266
267
268
269
270
271
272
273
274
275
276
277
278
279
280
281
282
283
284
285
286
287
288
289
290
291
292
293
294
295
296
297
298
299
300
301
302
303
304
305
306
307
308
309
310
311
312
313
314
315
316
317
318
319
320
321
322
323
324
325
326
327
328
329
330
331
332
333
334
335
336
337
338
339
340
341
342
343
344
345
346
347
348
349
350
351
352
353
354
355
356
357
358
359
360
361
362
363
364
365
366
367
368
369
370
371
372
373
374
375
376
377
378
379
380
381
382
383
384
385
386
387
388
389
390
391
392
393
394
395
396
397
398
399
400
401
402
403
404
405
406
407
408
409
410
411
412
413
414
415
416
417
418
419
420
421
422
423
424
425
426
427
428
429
430
431
432
433
434
435
436
437
438
439
440
441
442
443
444
445
446
447
448
449
450
451
452
453
454
455
456
457
458
459
460
461
462
463
464
465
466
467
468
469
470
471
472
473
474
475
476
477
478
479
480
481
482
483
484
485
486
487
488
489
490
491
492
493
494
495
496
497
498
499
500
501
502
503
504
505
506
507
508
509
510
511
512
513
514
515
516
517
518
519
520
521
522
523
524
525
526
527
528
529
530
531
532
533
534
535
536
537
538
539
540
541
542
543
544
545
546
547
548
549
550
551
552
553
554
555
556
557
558
559
560
561
562
563
564
565
566
567
568
569
570
571
572
573
574
575
576
577
578
579
580
581
582
583
584
585
586
587
588
589
590
591
592
593
594
595
596
597
598
599
600
601
602
603
604
605
606
607
608
609
610
611
612
613
614
615
616
617
618
619
620
621
622
623
624
625
626
627
628
629
630
631
632
633
634
635
636
637
638
639
640
641
642
643
644
645
646
647
648
649
650
651
652
653
654
655
656
657
658
659
660
661
662
663
664
665
666
667
668
669
670
671
672
673
674
675
676
677
678
679
680
681
682
683
684
685
686
687
688
689
690
691
692
693
694
695
696
697
698
699
700
701
702
703
704
705
706
707
708
709
710
711
712
713
714
715
716
717
718
719
720
721
722
723
724
725
726
727
728
729
730
731
732
733
734
735
736
737
738
739
740
741
742
743
744
745
746
747
748
749
750
751
752
753
754
755
756
757
758
759
760
761
762
763
764
765
766
767
768
769
770
771
772
773
774
775
776
777
778
779
780
781
782
783
784
785
786
787
788
789
790
791
792
793
794
795
796
797
798
799
800
801
802
803
804
805
806
807
808
809
810
811
812
813
814
815
816
817
818
819
820
821
822
823
824
825
826
827
828
829
830
831
832
833
834
835
836
837
838
839
840
841
842
843
844
845
846
847
848
849
850
851
852
853
854
855
856
857
858
859
860
861
862
863
864
865
866
867
868
869
870
871
872
873
874
875
876
877
878
879
880
881
882
883
884
885
886
887
888
889
890
891
892
893
894
895
896
897
898
899
900
901
902
903
904
905
906
907
908
909
910
911
912
913
914
915
916
917
918
919
920
921
922
923
924
925
926
927
928
929
930
931
932
933
934
935
936
937
938
939
940
941
942
943
944
945
946
947
948
949
950
951
952
953
954
955
956
957
958
959
960
961
962
963
964
965
966
967
968
969
970
971
972
973
974
975
976
977
978
979
980
981
982
983
984
985
986
987
988
989
990
991
992
993
994
995
996
997
998
999
1000
1001
1002
1003
1004
1005
1006
1007
1008
1009
1010
1011
1012
1013
1014
1015
1016
1017
1018
1019
1020
1021
1022
1023
1024
1025
1026
1027
1028
1029
1030
1031
1032
1033
1034
1035
1036
1037
1038
1039
1040
1041
1042
1043
1044
1045
1046
1047
1048
1049
1050
1051
1052
1053
1054
1055
1056
1057
1058
1059
1060
1061
1062
1063
1064
1065
1066
1067
1068
1069
1070
1071
1072
1073
1074
1075
1076
1077
1078
1079
1080
1081
1082
1083
1084
1085
1086
1087
1088
1089
1090
1091
1092
1093
1094
1095
1096
1097
1098
1099
1100
1101
1102
1103
1104
1105
1106
1107
1108
1109
1110
1111
1112
1113
1114
1115
1116
1117
1118
1119
1120
1121
1122
1123
1124
1125
1126
1127
1128
1129
1130
1131
1132
1133
1134
1135
1136
1137
1138
1139
1140
1141
1142
1143
1144
1145
1146
1147
1148
1149
1150
1151
1152
1153
1154
1155
1156
1157
1158
1159
1160
1161
1162
1163
1164
1165
1166
1167
1168
1169
1170
1171
1172
1173
1174
1175
1176
1177
1178
1179
1180
1181
1182
1183
1184
1185
1186
1187
1188
1189
1190
1191
1192
1193
1194
1195
1196
1197
1198
1199
1200
1201
1202
1203
1204
1205
1206
1207
1208
1209
1210
1211
1212
1213
1214
1215
1216
1217
1218
1219
1220
1221
1222
1223
1224
1225
1226
1227
1228
1229
1230
1231
1232
1233
1234
1235
1236
1237
1238
1239
1240
1241
1242
1243
1244
1245
1246
1247
1248
1249
1250
1251
1252
1253
1254
1255
1256
1257
1258
1259
1260
1261
1262
1263
1264
1265
1266
1267
1268
1269
1270
1271
1272
1273
1274
1275
1276
1277
1278
1279
1280
1281
1282
1283
1284
1285
1286
1287
1288
1289
1290
1291
1292
1293
1294
1295
1296
1297
1298
1299
1300
1301
1302
1303
1304
1305
1306
1307
1308
1309
1310
1311
1312
1313
1314
1315
1316
1317
1318
1319
1320
1321
1322
1323
1324
1325
1326
1327
1328
1329
1330
1331
1332
1333
1334
1335
1336
1337
1338
1339
1340
1341
1342
1343
1344
1345
1346
1347
1348
1349
1350
1351
1352
1353
1354
1355
1356
1357
1358
1359
1360
1361
1362
1363
1364
1365
1366
1367
1368
1369
1370
1371
1372
1373
1374
1375
1376
1377
1378
1379
1380
1381
1382
1383
1384
1385
1386
1387
1388
1389
1390
1391
1392
1393
1394
1395
1396
1397
1398
1399
1400
1401
1402
1403
1404
1405
1406
1407
1408
1409
1410
1411
1412
1413
1414
1415
1416
1417
1418
1419
1420
1421
1422
1423
1424
1425
1426
1427
1428
1429
1430
1431
1432
1433
1434
1435
1436
1437
1438
1439
1440
1441
1442
1443
1444
1445
1446
1447
1448
1449
1450
1451
1452
1453
1454
1455
1456
1457
1458
1459
1460
1461
1462
1463
1464
1465
1466
1467
1468
1469
1470
1471
1472
1473
1474
1475
1476
1477
1478
1479
1480
1481
1482
1483
1484
1485
1486
1487
1488
1489
1490
1491
1492
1493
1494
1495
1496
1497
1498
1499
1500
1501
1502
1503
1504
1505
1506
1507
1508
1509
1510
1511
1512
1513
1514
1515
1516
1517
1518
1519
1520
1521
1522
1523
1524
1525
1526
1527
1528
1529
1530
1531
1532
1533
1534
1535
1536
1537
1538
1539
1540
1541
1542
1543
1544
1545
1546
1547
1548
1549
1550
1551
1552
1553
1554
1555
1556
1557
1558
1559
1560
1561
1562
1563
1564
1565
1566
1567
1568
1569
1570
1571
1572
1573
1574
1575
1576
1577
1578
1579
1580
1581
1582
1583
1584
1585
1586
1587
1588
1589
1590
1591
1592
1593
1594
1595
1596
1597
1598
1599
1600
1601
1602
1603
1604
1605
1606
1607
1608
1609
1610
1611
1612
1613
1614
1615
1616
1617
1618
1619
1620
1621
1622
1623
1624
1625
1626
1627
1628
1629
1630
1631
1632
1633
1634
1635
1636
1637
1638
1639
1640
1641
1642
1643
1644
1645
1646
1647
1648
1649
1650
1651
1652
1653
1654
1655
1656
1657
1658
1659
1660
1661
1662
1663
1664
1665
1666
1667
1668
1669
1670
1671
1672
1673
1674
1675
1676
1677
1678
1679
1680
1681
1682
1683
1684
1685
1686
1687
1688
1689
1690
1691
1692
1693
1694
1695
1696
1697
1698
1699
1700
1701
1702
1703
1704
1705
1706
1707
1708
1709
1710
1711
1712
1713
1714
1715
1716
1717
1718
1719
1720
1721
1722
1723
1724
1725
1726
1727
1728
1729
1730
1731
1732
1733
1734
1735
1736
1737
1738
1739
1740
1741
1742
1743
1744
1745
1746
1747
1748
1749
1750
1751
1752
1753
1754
1755
1756
1757
1758
1759
1760
1761
1762
1763
1764
1765
1766
1767
1768
1769
1770
1771
1772
1773
1774
1775
1776
1777
1778
1779
1780
1781
1782
1783
1784
1785
1786
1787
1788
1789
1790
1791
1792
1793
1794
1795
1796
1797
1798
1799
1800
1801
1802
1803
1804
1805
1806
1807
1808
1809
1810
1811
1812
1813
1814
1815
1816
1817
1818
1819
1820
1821
1822
1823
1824
1825
1826
1827
1828
1829
1830
1831
1832
1833
1834
1835
1836
1837
1838
1839
1840
1841
1842
1843
1844
1845
1846
1847
1848
1849
1850
1851
1852
1853
1854
1855
1856
1857
1858
1859
1860
1861
1862
1863
1864
1865
1866
1867
1868
1869
1870
1871
1872
1873
1874
1875
1876
1877
1878
1879
1880
1881
1882
1883
1884
1885
1886
1887
1888
1889
1890
1891
1892
1893
1894
1895
1896
1897
1898
1899
1900
1901
1902
1903
1904
1905
1906
1907
1908
1909
1910
1911
1912
1913
1914
1915
1916
1917
1918
1919
1920
1921
1922
1923
1924
1925
1926
1927
1928
1929
1930
1931
1932
1933
1934
1935
1936
1937
1938
1939
1940
1941
1942
1943
1944
1945
1946
1947
1948
1949
1950
1951
1952
1953
1954
1955
1956
1957
1958
1959
1960
1961
1962
1963
1964
1965
1966
1967
1968
1969
1970
1971
1972
1973
1974
1975
1976
1977
1978
1979
1980
1981
1982
1983
1984
1985
1986
1987
1988
1989
1990
1991
1992
1993
1994
1995
1996
1997
1998
1999
2000
2001
2002
2003
2004
2005
2006
2007
2008
2009
2010
2011
2012
2013
2014
2015
2016
2017
2018
2019
2020
2021
2022
2023
2024
2025
2026
2027
2028
2029
2030
2031
2032
2033
2034
2035
2036
2037
2038
2039
2040
2041
2042
2043
2044
2045
2046
2047
2048
2049
2050
2051
2052
2053
2054
2055
2056
2057
2058
2059
2060
2061
2062
2063
2064
2065
2066
2067
2068
2069
2070
2071
2072
2073
2074
2075
2076
2077
2078
2079
2080
2081
2082
2083
2084
2085
2086
2087
2088
2089
2090
2091
2092
2093
2094
2095
2096
2097
2098
2099
2100
2101
2102
2103
2104
2105
2106
2107
2108
2109
2110
2111
2112
2113
2114
2115
2116
2117
2118
2119
2120
2121
2122
2123
2124
2125
2126
2127
2128
2129
2130
2131
2132
2133
2134
2135
2136
2137
2138
2139
2140
2141
2142
2143
2144
2145
2146
2147
2148
2149
2150
2151
2152
2153
2154
2155
2156
2157
2158
2159
2160
2161
2162
2163
2164
2165
2166
2167
2168
2169
2170
2171
2172
2173
2174
2175
2176
2177
2178
2179
2180
2181
2182
2183
2184
2185
2186
2187
2188
2189
2190
2191
2192
2193
2194
2195
2196
2197
2198
2199
2200
2201
2202
2203
2204
2205
2206
2207
2208
2209
2210
2211
2212
2213
2214
2215
2216
2217
2218
2219
2220
2221
2222
2223
2224
2225
2226
2227
2228
2229
2230
2231
2232
2233
2234
2235
2236
2237
2238
2239
2240
2241
2242
2243
2244
2245
2246
2247
2248
2249
2250
2251
2252
2253
2254
2255
2256
2257
2258
2259
2260
2261
2262
2263
2264
2265
2266
2267
2268
2269
2270
2271
2272
2273
2274
2275
2276
2277
2278
2279
2280
2281
2282
2283
2284
2285
2286
2287
2288
2289
2290
2291
2292
2293
2294
2295
2296
2297
2298
2299
2300
2301
2302
2303
2304
2305
2306
2307
2308
2309
2310
2311
2312
2313
2314
2315
2316
2317
2318
2319
2320
2321
2322
2323
2324
2325
2326
2327
2328
2329
2330
2331
2332
2333
2334
2335
2336
2337
2338
2339
2340
2341
2342
2343
2344
2345
2346
2347
2348
2349
2350
2351
2352
2353
2354
2355
2356
2357
2358
2359
2360
2361
2362
2363
2364
2365
2366
2367
2368
2369
2370
2371
2372
2373
2374
2375
2376
2377
2378
2379
2380
2381
2382
2383
2384
2385
2386
2387
2388
2389
2390
2391
2392
2393
2394
2395
2396
2397
2398
2399
2400
2401
2402
2403
2404
2405
2406
2407
2408
2409
2410
2411
2412
2413
2414
2415
2416
2417
2418
2419
2420
2421
2422
2423
2424
2425
2426
2427
2428
2429
2430
2431
2432
2433
2434
2435
2436
2437
2438
2439
2440
2441
2442
2443
2444
2445
2446
2447
2448
2449
2450
2451
2452
2453
2454
2455
2456
2457
2458
2459
2460
2461
2462
2463
2464
2465
2466
2467
2468
2469
2470
2471
2472
2473
2474
2475
2476
2477
2478
2479
2480
2481
2482
2483
2484
2485
2486
2487
2488
2489
2490
2491
2492
2493
2494
2495
2496
2497
2498
2499
2500
2501
2502
2503
2504
2505
2506
2507
2508
2509
2510
2511
2512
2513
2514
2515
2516
2517
2518
2519
2520
2521
2522
2523
2524
2525
2526
2527
2528
2529
2530
2531
2532
2533
2534
2535
2536
2537
2538
2539
2540
2541
2542
2543
2544
2545
2546
2547
2548
2549
2550
2551
2552
2553
2554
2555
2556
2557
2558
2559
2560
2561
2562
2563
2564
2565
2566
2567
2568
2569
2570
2571
2572
2573
2574
2575
2576
2577
2578
2579
2580
2581
2582
2583
2584
2585
2586
2587
2588
2589
2590
2591
2592
2593
2594
2595
2596
2597
2598
2599
2600
2601
2602
2603
2604
2605
2606
2607
2608
2609
2610
2611
2612
2613
2614
2615
2616
2617
2618
2619
2620
2621
2622
2623
2624
2625
2626
2627
2628
2629
2630
2631
2632
2633
2634
2635
2636
2637
2638
2639
2640
2641
2642
2643
2644
2645
2646
2647
2648
2649
2650
2651
2652
2653
2654
2655
2656
2657
2658
2659
2660
2661
2662
2663
2664
2665
2666
2667
2668
2669
2670
2671
2672
2673
2674
2675
2676
2677
2678
2679
2680
2681
2682
2683
2684
2685
2686
2687
2688
2689
2690
2691
2692
2693
2694
2695
2696
2697
2698
2699
2700
2701
2702
2703
2704
2705
2706
2707
2708
2709
2710
2711
2712
2713
2714
2715
2716
2717
2718
2719
2720
2721
2722
2723
2724
2725
2726
2727
2728
2729
2730
2731
2732
2733
2734
2735
2736
2737
2738
2739
2740
2741
2742
2743
2744
2745
2746
2747
2748
2749
2750
2751
2752
2753
2754
2755
2756
2757
2758
2759
2760
2761
2762
2763
2764
2765
2766
2767
2768
2769
2770
2771
2772
2773
2774
2775
2776
2777
2778
2779
2780
2781
2782
2783
2784
2785
2786
2787
2788
2789
2790
2791
2792
2793
2794
2795
2796
2797
2798
2799
2800
2801
2802
2803
2804
2805
2806
2807
2808
2809
2810
2811
2812
2813
2814
2815
2816
2817
2818
2819
2820
2821
2822
2823
2824
2825
2826
2827
2828
2829
2830
2831
2832
2833
2834
2835
2836
2837
2838
2839
2840
2841
2842
2843
2844
2845
2846
2847
2848
2849
2850
2851
2852
2853
2854
2855
2856
2857
2858
2859
2860
2861
2862
2863
2864
2865
2866
2867
2868
2869
2870
2871
2872
2873
2874
2875
2876
2877
2878
2879
2880
2881
2882
2883
2884
2885
2886
2887
2888
2889
2890
2891
2892
2893
2894
2895
2896
2897
2898
2899
2900
2901
2902
2903
2904
2905
2906
2907
2908
2909
2910
2911
2912
2913
2914
2915
2916
2917
2918
2919
2920
2921
2922
2923
2924
2925
2926
2927
2928
2929
2930
2931
2932
2933
2934
2935
2936
2937
2938
2939
2940
2941
2942
2943
2944
2945
2946
2947
2948
2949
2950
2951
2952
2953
2954
2955
2956
2957
2958
2959
2960
2961
2962
2963
2964
2965
2966
2967
2968
2969
2970
2971
2972
2973
2974
2975
2976
2977
2978
2979
2980
2981
2982
2983
2984
2985
2986
2987
2988
2989
2990
2991
2992
2993
2994
2995
2996
2997
2998
2999
3000
3001
3002
3003
3004
3005
3006
3007
3008
3009
3010
3011
3012
3013
3014
3015
3016
3017
3018
3019
3020
3021
3022
3023
3024
3025
3026
3027
3028
3029
3030
3031
3032
3033
3034
3035
3036
3037
3038
3039
3040
3041
3042
3043
3044
3045
3046
3047
3048
3049
3050
3051
3052
3053
3054
3055
3056
3057
3058
3059
3060
3061
3062
3063
3064
3065
3066
3067
3068
3069
3070
3071
3072
3073
3074
3075
3076
3077
3078
3079
3080
3081
3082
3083
3084
3085
3086
3087
3088
3089
3090
3091
3092
3093
3094
3095
3096
3097
3098
3099
3100
3101
3102
3103
3104
3105
3106
3107
3108
3109
3110
3111
3112
3113
3114
3115
3116
3117
3118
3119
3120
3121
3122
3123
3124
3125
3126
3127
3128
3129
3130
3131
3132
3133
3134
3135
3136
3137
3138
3139
3140
3141
3142
3143
3144
3145
3146
3147
3148
3149
3150
3151
3152
3153
3154
3155
3156
3157
3158
3159
3160
3161
3162
3163
3164
3165
3166
3167
3168
3169
3170
3171
3172
3173
3174
3175
3176
3177
3178
3179
3180
3181
3182
3183
3184
3185
3186
3187
3188
3189
3190
3191
3192
3193
3194
3195
3196
3197
3198
3199
3200
3201
3202
3203
3204
3205
3206
3207
3208
3209
3210
3211
3212
3213
3214
3215
3216
3217
3218
3219
3220
3221
3222
3223
3224
3225
3226
3227
3228
3229
3230
3231
3232
3233
3234
3235
3236
3237
3238
3239
3240
3241
3242
3243
3244
3245
3246
3247
3248
3249
3250
3251
3252
3253
3254
3255
3256
3257
3258
3259
3260
3261
3262
3263
3264
3265
3266
3267
3268
3269
3270
3271
3272
3273
3274
3275
3276
3277
3278
3279
3280
3281
3282
3283
3284
3285
3286
3287
3288
3289
3290
3291
3292
3293
3294
3295
3296
3297
3298
3299
3300
3301
3302
3303
3304
3305
3306
3307
3308
3309
3310
3311
3312
3313
3314
3315
3316
3317
3318
3319
3320
3321
3322
3323
3324
3325
3326
3327
3328
3329
3330
3331
3332
3333
3334
3335
3336
3337
3338
3339
3340
3341
3342
3343
3344
3345
3346
3347
3348
3349
3350
3351
3352
3353
3354
3355
3356
3357
3358
3359
3360
3361
3362
3363
3364
3365
3366
3367
3368
3369
3370
3371
3372
3373
3374
3375
3376
3377
3378
3379
3380
3381
3382
3383
3384
3385
3386
3387
3388
3389
3390
3391
3392
3393
3394
3395
3396
3397
3398
3399
3400
3401
3402
3403
3404
3405
3406
3407
3408
3409
3410
3411
3412
3413
3414
3415
3416
3417
3418
3419
3420
3421
3422
3423
3424
3425
3426
3427
3428
3429
3430
3431
3432
3433
3434
3435
3436
3437
3438
3439
3440
3441
3442
3443
3444
3445
3446
3447
3448
3449
3450
3451
3452
3453
3454
3455
3456
3457
3458
3459
3460
3461
3462
3463
3464
3465
3466
3467
3468
3469
3470
3471
3472
3473
3474
3475
3476
3477
3478
3479
3480
3481
3482
3483
3484
3485
3486
3487
3488
3489
3490
3491
3492
3493
3494
3495
3496
3497
3498
3499
3500
3501
3502
3503
3504
3505
3506
3507
3508
3509
3510
3511
3512
3513
3514
3515
3516
3517
3518
3519
3520
3521
3522
3523
3524
3525
3526
3527
3528
3529
3530
3531
3532
3533
3534
3535
3536
3537
3538
3539
3540
3541
3542
3543
3544
3545
3546
3547
3548
3549
3550
3551
3552
3553
3554
3555
3556
3557
3558
3559
3560
3561
3562
3563
3564
3565
3566
3567
3568
3569
3570
3571
3572
3573
3574
3575
3576
3577
3578
3579
3580
3581
3582
3583
3584
3585
3586
3587
3588
3589
3590
3591
3592
3593
3594
3595
3596
3597
3598
3599
3600
3601
3602
3603
3604
3605
3606
3607
3608
3609
3610
3611
3612
3613
3614
3615
3616
3617
3618
3619
3620
3621
3622
3623
3624
3625
3626
3627
3628
3629
3630
3631
3632
3633
3634
3635
3636
3637
3638
3639
3640
3641
3642
3643
3644
3645
3646
3647
3648
3649
3650
3651
3652
3653
3654
3655
3656
3657
3658
3659
3660
3661
3662
3663
3664
3665
3666
3667
3668
3669
3670
3671
3672
3673
3674
3675
3676
3677
3678
3679
3680
3681
3682
3683
3684
3685
3686
3687
3688
3689
3690
3691
3692
3693
3694
3695
3696
3697
3698
3699
3700
3701
3702
3703
3704
3705
3706
3707
3708
3709
3710
3711
3712
3713
3714
3715
3716
3717
3718
3719
3720
3721
3722
3723
3724
3725
3726
3727
3728
3729
3730
3731
3732
3733
3734
3735
3736
3737
3738
3739
3740
3741
3742
3743
3744
3745
3746
3747
3748
3749
3750
3751
3752
3753
3754
3755
3756
3757
3758
3759
3760
3761
3762
3763
3764
3765
3766
3767
3768
3769
3770
3771
3772
3773
3774
3775
3776
3777
3778
3779
3780
3781
3782
3783
3784
3785
3786
3787
3788
3789
3790
3791
3792
3793
3794
3795
3796
3797
3798
3799
3800
3801
3802
3803
3804
3805
3806
3807
3808
3809
3810
3811
3812
3813
3814
3815
3816
3817
3818
3819
3820
3821
3822
3823
3824
3825
3826
3827
3828
3829
3830
3831
3832
3833
3834
3835
3836
3837
3838
3839
3840
3841
3842
3843
3844
3845
3846
3847
3848
3849
3850
3851
3852
3853
3854
3855
3856
3857
3858
3859
3860
3861
3862
3863
3864
3865
3866
3867
3868
3869
3870
3871
3872
3873
3874
3875
3876
3877
3878
3879
3880
3881
3882
3883
3884
3885
3886
3887
3888
3889
3890
3891
3892
3893
3894
3895
3896
3897
3898
3899
3900
3901
3902
3903
3904
3905
3906
3907
3908
3909
3910
3911
3912
3913
3914
3915
3916
3917
3918
3919
3920
3921
3922
3923
3924
3925
3926
3927
3928
3929
3930
3931
3932
3933
3934
3935
3936
3937
3938
3939
3940
3941
3942
3943
3944
3945
3946
3947
3948
3949
3950
3951
3952
3953
3954
3955
3956
3957
3958
3959
3960
3961
3962
3963
3964
3965
3966
3967
3968
3969
3970
3971
3972
3973
3974
3975
3976
3977
3978
3979
3980
3981
3982
3983
3984
3985
3986
3987
3988
3989
3990
3991
3992
3993
3994
3995
3996
3997
3998
3999
4000
4001
4002
4003
4004
4005
4006
4007
4008
4009
4010
4011
4012
4013
4014
4015
4016
4017
4018
4019
4020
4021
4022
4023
4024
4025
4026
4027
4028
4029
4030
4031
4032
4033
4034
4035
4036
4037
4038
4039
4040
4041
4042
4043
4044
4045
4046
4047
4048
4049
4050
4051
4052
4053
4054
4055
4056
4057
4058
4059
4060
4061
4062
4063
4064
4065
4066
4067
4068
4069
4070
4071
4072
4073
4074
4075
4076
4077
4078
4079
4080
4081
4082
4083
4084
4085
4086
4087
4088
4089
4090
4091
4092
4093
4094
4095
4096
4097
4098
4099
4100
4101
4102
4103
4104
4105
4106
4107
4108
4109
4110
4111
4112
4113
4114
4115
4116
4117
4118
4119
4120
4121
4122
4123
4124
4125
4126
4127
4128
4129
4130
4131
4132
4133
4134
4135
4136
4137
4138
4139
4140
4141
4142
4143
4144
4145
4146
4147
4148
4149
4150
4151
4152
4153
4154
4155
4156
4157
4158
4159
4160
4161
4162
4163
4164
4165
4166
4167
4168
4169
4170
4171
4172
4173
4174
4175
4176
4177
4178
4179
4180
4181
4182
4183
4184
4185
4186
4187
4188
4189
4190
4191
4192
4193
4194
4195
4196
4197
4198
4199
4200
4201
4202
4203
4204
4205
4206
4207
4208
4209
4210
4211
4212
4213
4214
4215
4216
4217
4218
4219
4220
4221
4222
4223
4224
4225
4226
4227
4228
4229
4230
4231
4232
4233
4234
4235
4236
4237
4238
4239
4240
4241
4242
4243
4244
4245
4246
4247
4248
4249
4250
4251
4252
4253
4254
4255
4256
4257
4258
4259
4260
4261
4262
4263
4264
4265
4266
4267
4268
4269
4270
4271
4272
4273
4274
4275
4276
4277
4278
4279
4280
4281
4282
4283
4284
4285
4286
4287
4288
4289
4290
4291
4292
4293
4294
4295
4296
4297
4298
4299
4300
4301
4302
4303
4304
4305
4306
4307
4308
4309
4310
4311
4312
4313
4314
4315
4316
4317
4318
4319
4320
4321
4322
4323
4324
4325
4326
4327
4328
4329
4330
4331
4332
4333
4334
4335
4336
4337
4338
4339
4340
4341
4342
4343
4344
4345
4346
4347
4348
4349
4350
4351
4352
4353
4354
4355
4356
4357
4358
4359
4360
4361
4362
4363
4364
4365
4366
4367
4368
4369
4370
4371
4372
4373
4374
4375
4376
4377
4378
4379
4380
4381
4382
4383
4384
4385
4386
4387
4388
4389
4390
4391
4392
4393
4394
4395
4396
4397
4398
4399
4400
4401
4402
4403
4404
4405
4406
4407
4408
4409
4410
4411
4412
4413
4414
4415
4416
4417
4418
4419
4420
4421
4422
4423
4424
4425
4426
4427
4428
4429
4430
4431
4432
4433
4434
4435
4436
4437
4438
4439
4440
4441
4442
4443
4444
4445
4446
4447
4448
4449
4450
4451
4452
4453
4454
4455
4456
4457
4458
4459
4460
4461
4462
4463
4464
4465
4466
4467
4468
4469
4470
4471
4472
4473
4474
4475
4476
4477
4478
4479
4480
4481
4482
4483
4484
4485
4486
4487
4488
4489
4490
4491
4492
4493
4494
4495
4496
4497
4498
4499
4500
4501
4502
4503
4504
4505
4506
4507
4508
4509
4510
4511
4512
4513
4514
4515
4516
4517
4518
4519
4520
4521
4522
4523
4524
4525
4526
4527
4528
4529
4530
4531
4532
4533
4534
4535
4536
4537
4538
4539
4540
4541
4542
4543
4544
4545
4546
4547
4548
4549
4550
4551
4552
4553
4554
4555
4556
4557
4558
4559
4560
4561
4562
4563
4564
4565
4566
4567
4568
4569
4570
4571
4572
4573
4574
4575
4576
4577
4578
4579
4580
4581
4582
4583
4584
4585
4586
4587
4588
4589
4590
4591
4592
4593
4594
4595
4596
4597
4598
4599
4600
4601
4602
4603
4604
4605
4606
4607
4608
4609
4610
4611
4612
4613
4614
4615
4616
4617
4618
4619
4620
4621
4622
4623
4624
4625
4626
4627
4628
4629
4630
4631
4632
4633
4634
4635
4636
4637
4638
4639
4640
4641
4642
4643
4644
4645
4646
4647
4648
4649
4650
4651
4652
4653
4654
4655
4656
4657
4658
4659
4660
4661
4662
4663
4664
4665
4666
4667
4668
4669
4670
4671
4672
4673
4674
4675
4676
4677
4678
4679
4680
4681
4682
4683
4684
4685
4686
4687
4688
4689
4690
4691
4692
4693
4694
4695
4696
4697
4698
4699
4700
4701
4702
4703
4704
4705
4706
4707
4708
4709
4710
4711
4712
4713
4714
4715
4716
4717
4718
4719
4720
4721
4722
4723
4724
4725
4726
4727
4728
4729
4730
4731
4732
4733
4734
4735
4736
4737
4738
4739
4740
4741
4742
4743
4744
4745
4746
4747
4748
4749
4750
4751
4752
4753
4754
4755
4756
4757
4758
4759
4760
4761
4762
4763
4764
4765
4766
4767
4768
4769
4770
4771
4772
4773
4774
4775
4776
4777
4778
4779
4780
4781
4782
4783
4784
4785
4786
4787
4788
4789
4790
4791
4792
4793
4794
4795
4796
4797
4798
4799
4800
4801
4802
4803
4804
4805
4806
4807
4808
4809
4810
4811
4812
4813
4814
4815
4816
4817
4818
4819
4820
4821
4822
4823
4824
4825
4826
4827
4828
4829
4830
4831
4832
4833
4834
4835
4836
4837
4838
4839
4840
4841
4842
4843
4844
4845
4846
4847
4848
4849
4850
4851
4852
4853
4854
4855
4856
4857
4858
4859
4860
4861
4862
4863
4864
4865
4866
4867
4868
4869
4870
4871
4872
4873
4874
4875
4876
4877
4878
4879
4880
4881
4882
4883
4884
4885
4886
4887
4888
4889
4890
4891
4892
4893
4894
4895
4896
4897
4898
4899
4900
4901
4902
4903
4904
4905
4906
4907
4908
4909
4910
4911
4912
4913
4914
4915
4916
4917
4918
4919
4920
4921
4922
4923
4924
4925
4926
4927
4928
4929
4930
4931
4932
4933
4934
4935
4936
4937
4938
4939
4940
4941
4942
4943
4944
4945
4946
4947
4948
4949
4950
4951
4952
4953
4954
4955
4956
4957
4958
4959
4960
4961
4962
4963
4964
4965
4966
4967
4968
4969
4970
4971
4972
4973
4974
4975
4976
4977
4978
4979
4980
4981
4982
4983
4984
4985
4986
4987
4988
4989
4990
4991
4992
4993
4994
4995
4996
4997
4998
4999
5000
5001
5002
5003
5004
5005
5006
5007
5008
5009
5010
5011
5012
5013
5014
5015
5016
5017
5018
5019
5020
5021
5022
5023
5024
5025
5026
5027
5028
5029
5030
5031
5032
5033
5034
5035
5036
5037
5038
5039
5040
5041
5042
5043
5044
5045
5046
5047
5048
5049
5050
5051
5052
5053
5054
5055
5056
5057
5058
5059
5060
5061
5062
5063
5064
5065
5066
5067
5068
5069
5070
5071
5072
5073
5074
5075
5076
5077
5078
5079
5080
5081
5082
5083
5084
5085
5086
5087
5088
5089
5090
5091
5092
5093
5094
5095
5096
5097
5098
5099
5100
5101
5102
5103
5104
5105
5106
5107
5108
5109
5110
5111
5112
5113
5114
5115
5116
5117
5118
5119
5120
5121
5122
5123
5124
5125
5126
5127
5128
5129
5130
5131
5132
5133
5134
5135
5136
5137
5138
5139
5140
5141
5142
5143
5144
5145
5146
5147
5148
5149
5150
5151
5152
5153
5154
5155
5156
5157
5158
5159
5160
5161
5162
5163
5164
5165
5166
5167
5168
5169
5170
5171
5172
5173
5174
5175
5176
5177
5178
5179
5180
5181
5182
5183
5184
5185
5186
5187
5188
5189
5190
5191
5192
5193
5194
5195
5196
5197
5198
5199
5200
5201
5202
5203
5204
5205
5206
5207
5208
5209
5210
5211
5212
5213
5214
5215
5216
5217
5218
5219
5220
5221
5222
5223
5224
5225
5226
5227
5228
5229
5230
5231
5232
5233
5234
5235
5236
5237
5238
5239
5240
5241
5242
5243
5244
5245
5246
5247
5248
5249
5250
5251
5252
5253
5254
5255
5256
5257
5258
5259
5260
5261
5262
5263
5264
5265
5266
5267
5268
5269
5270
5271
5272
5273
5274
5275
5276
5277
5278
5279
5280
5281
5282
5283
5284
5285
5286
5287
5288
5289
5290
5291
5292
5293
5294
5295
5296
5297
5298
5299
5300
5301
5302
5303
5304
5305
5306
5307
5308
5309
5310
5311
5312
5313
5314
5315
5316
5317
5318
5319
5320
5321
5322
5323
5324
5325
5326
5327
5328
5329
5330
5331
5332
5333
5334
5335
5336
5337
5338
5339
5340
5341
5342
5343
5344
5345
5346
5347
5348
5349
5350
5351
5352
5353
5354
5355
5356
5357
5358
5359
5360
5361
5362
5363
5364
5365
5366
5367
5368
5369
5370
5371
5372
5373
5374
5375
5376
5377
5378
5379
5380
5381
5382
5383
5384
5385
5386
5387
5388
5389
5390
5391
5392
5393
5394
5395
5396
5397
5398
5399
5400
5401
5402
5403
5404
5405
5406
5407
5408
5409
5410
5411
5412
5413
5414
5415
5416
5417
5418
5419
5420
5421
5422
5423
5424
5425
5426
5427
5428
5429
5430
5431
5432
5433
5434
5435
5436
5437
5438
5439
5440
5441
5442
5443
5444
5445
5446
5447
5448
5449
5450
5451
5452
5453
5454
5455
5456
5457
5458
5459
5460
5461
5462
5463
5464
5465
5466
5467
5468
5469
5470
5471
5472
5473
5474
5475
5476
5477
5478
5479
5480
5481
5482
5483
5484
5485
5486
5487
5488
5489
5490
5491
5492
5493
5494
5495
5496
5497
5498
5499
5500
5501
5502
5503
5504
5505
5506
5507
5508
5509
5510
5511
5512
5513
5514
5515
5516
5517
5518
5519
5520
5521
5522
5523
5524
5525
5526
5527
5528
5529
5530
5531
5532
5533
5534
5535
5536
5537
5538
5539
5540
5541
5542
5543
5544
5545
5546
5547
5548
5549
5550
5551
5552
5553
5554
5555
5556
5557
5558
5559
5560
5561
5562
5563
5564
5565
5566
5567
5568
5569
5570
5571
5572
5573
5574
5575
5576
5577
5578
5579
5580
5581
5582
5583
5584
5585
5586
5587
5588
5589
5590
5591
5592
5593
5594
5595
5596
5597
5598
5599
5600
5601
5602
5603
5604
5605
5606
5607
5608
5609
5610
5611
5612
5613
5614
5615
5616
5617
5618
5619
5620
5621
5622
5623
5624
5625
5626
5627
5628
5629
5630
5631
5632
5633
5634
5635
5636
5637
5638
5639
5640
5641
5642
5643
5644
5645
5646
5647
5648
5649
5650
5651
5652
5653
5654
5655
5656
5657
5658
5659
5660
5661
5662
5663
5664
5665
5666
5667
5668
5669
5670
5671
5672
5673
5674
5675
5676
5677
5678
5679
5680
5681
5682
5683
5684
5685
5686
5687
5688
5689
5690
5691
5692
5693
5694
5695
5696
5697
5698
5699
5700
5701
5702
5703
5704
5705
5706
5707
5708
5709
5710
5711
5712
5713
5714
5715
5716
5717
5718
5719
5720
5721
5722
5723
5724
5725
5726
5727
5728
5729
5730
5731
5732
5733
5734
5735
5736
5737
5738
5739
5740
5741
5742
5743
5744
5745
5746
5747
5748
5749
5750
5751
5752
5753
5754
5755
5756
5757
5758
5759
5760
5761
5762
5763
5764
5765
5766
5767
5768
5769
5770
5771
5772
5773
5774
5775
5776
5777
5778
5779
5780
5781
5782
5783
5784
5785
5786
5787
5788
5789
5790
5791
5792
5793
5794
5795
5796
5797
5798
5799
5800
5801
5802
5803
5804
5805
5806
5807
5808
5809
5810
5811
5812
5813
5814
5815
5816
5817
5818
5819
5820
5821
5822
5823
5824
5825
5826
5827
5828
5829
5830
5831
5832
5833
5834
5835
5836
5837
5838
5839
5840
5841
5842
5843
5844
5845
5846
5847
5848
5849
5850
5851
5852
5853
5854
5855
5856
5857
5858
5859
5860
5861
5862
5863
5864
5865
5866
5867
5868
5869
5870
5871
5872
5873
5874
5875
5876
5877
5878
5879
5880
5881
5882
5883
5884
5885
5886
5887
5888
5889
5890
5891
5892
5893
5894
5895
5896
5897
5898
5899
5900
5901
5902
5903
5904
5905
5906
5907
5908
5909
5910
5911
5912
5913
5914
5915
5916
5917
5918
5919
5920
5921
5922
5923
5924
5925
5926
5927
5928
5929
5930
5931
5932
5933
5934
5935
5936
5937
5938
5939
5940
5941
5942
5943
5944
5945
5946
5947
5948
5949
5950
5951
5952
5953
5954
5955
5956
5957
5958
5959
5960
5961
5962
5963
5964
5965
5966
5967
5968
5969
5970
5971
5972
5973
5974
5975
5976
5977
5978
5979
5980
5981
5982
5983
5984
5985
5986
5987
5988
5989
5990
5991
5992
5993
5994
5995
5996
5997
5998
5999
6000
6001
6002
6003
6004
6005
6006
6007
6008
6009
6010
6011
6012
6013
6014
6015
6016
6017
6018
6019
6020
6021
6022
6023
6024
6025
6026
6027
6028
6029
6030
6031
6032
6033
6034
6035
6036
6037
6038
6039
6040
6041
6042
6043
6044
6045
6046
6047
6048
6049
6050
6051
6052
6053
6054
6055
6056
6057
6058
6059
6060
6061
6062
6063
6064
6065
6066
6067
6068
6069
6070
6071
6072
6073
6074
6075
6076
6077
6078
6079
6080
6081
6082
6083
6084
6085
6086
6087
6088
6089
6090
6091
6092
6093
6094
6095
6096
6097
6098
6099
6100
6101
6102
6103
6104
6105
6106
6107
6108
6109
6110
6111
6112
6113
6114
6115
6116
6117
6118
6119
6120
6121
6122
6123
6124
6125
6126
6127
6128
6129
6130
6131
6132
6133
6134
6135
6136
6137
6138
6139
6140
6141
6142
6143
6144
6145
6146
6147
6148
6149
6150
6151
6152
6153
6154
6155
6156
6157
6158
6159
6160
6161
6162
6163
6164
6165
6166
6167
6168
6169
6170
6171
6172
6173
6174
6175
6176
6177
6178
6179
6180
6181
6182
6183
6184
6185
6186
6187
6188
6189
6190
6191
6192
6193
6194
6195
6196
6197
6198
6199
6200
6201
6202
6203
6204
6205
6206
6207
6208
6209
6210
6211
6212
6213
6214
6215
6216
6217
6218
6219
6220
6221
6222
6223
6224
6225
6226
6227
6228
6229
6230
6231
6232
6233
6234
6235
6236
6237
6238
6239
6240
6241
6242
6243
6244
6245
6246
6247
6248
6249
6250
6251
6252
6253
6254
6255
6256
6257
6258
6259
6260
6261
6262
6263
6264
6265
6266
6267
6268
6269
6270
6271
6272
6273
6274
6275
6276
6277
6278
6279
6280
6281
6282
6283
6284
6285
6286
6287
6288
6289
6290
6291
6292
6293
6294
6295
6296
6297
6298
6299
6300
6301
6302
6303
6304
6305
6306
6307
6308
6309
6310
6311
6312
6313
6314
6315
6316
6317
6318
6319
6320
6321
6322
6323
6324
6325
6326
6327
6328
6329
6330
6331
6332
6333
6334
6335
6336
6337
6338
6339
6340
6341
6342
6343
6344
6345
6346
6347
6348
6349
6350
6351
6352
6353
6354
6355
6356
6357
6358
6359
6360
6361
6362
6363
6364
6365
6366
6367
6368
6369
6370
6371
6372
6373
6374
6375
6376
6377
6378
6379
6380
6381
6382
6383
6384
6385
6386
6387
6388
6389
6390
6391
6392
6393
6394
6395
6396
6397
6398
6399
6400
6401
6402
6403
6404
6405
6406
6407
6408
6409
6410
6411
6412
6413
6414
6415
6416
6417
6418
6419
6420
6421
6422
6423
6424
6425
6426
6427
6428
6429
6430
6431
6432
6433
6434
6435
6436
6437
6438
6439
6440
6441
6442
6443
6444
6445
6446
6447
6448
6449
6450
6451
6452
6453
6454
6455
6456
6457
6458
6459
6460
6461
6462
6463
6464
6465
6466
6467
6468
6469
6470
6471
6472
6473
6474
6475
6476
6477
6478
6479
6480
6481
6482
6483
6484
6485
6486
6487
6488
6489
6490
6491
6492
6493
6494
6495
6496
6497
6498
6499
6500
6501
6502
6503
6504
6505
6506
6507
6508
6509
6510
6511
6512
6513
6514
6515
6516
6517
6518
6519
6520
6521
6522
6523
6524
6525
6526
6527
6528
6529
6530
6531
6532
6533
6534
6535
6536
6537
6538
6539
6540
6541
6542
6543
6544
6545
6546
6547
6548
6549
6550
6551
6552
6553
6554
6555
6556
6557
6558
6559
6560
6561
6562
6563
6564
6565
6566
6567
6568
6569
6570
6571
6572
6573
6574
6575
6576
6577
6578
6579
6580
6581
6582
6583
6584
6585
6586
6587
6588
6589
6590
6591
6592
6593
6594
6595
6596
6597
6598
6599
6600
6601
6602
6603
6604
6605
6606
6607
6608
6609
6610
6611
6612
6613
6614
6615
6616
6617
6618
6619
6620
6621
6622
6623
6624
6625
6626
6627
6628
6629
6630
6631
6632
6633
6634
6635
6636
6637
6638
6639
6640
6641
6642
6643
6644
6645
6646
6647
6648
6649
6650
6651
6652
6653
6654
6655
6656
6657
6658
6659
6660
6661
6662
6663
6664
6665
6666
6667
6668
6669
6670
6671
6672
6673
6674
6675
6676
6677
6678
6679
6680
6681
6682
6683
6684
6685
6686
6687
6688
6689
6690
6691
6692
6693
6694
6695
6696
6697
6698
6699
6700
6701
6702
6703
6704
6705
6706
6707
6708
6709
6710
6711
6712
6713
6714
6715
6716
6717
6718
6719
6720
6721
6722
6723
6724
6725
6726
6727
6728
6729
6730
6731
6732
6733
6734
6735
6736
6737
6738
6739
6740
6741
6742
6743
6744
6745
6746
6747
6748
6749
6750
6751
6752
6753
6754
6755
6756
6757
6758
6759
6760
6761
6762
6763
6764
6765
6766
6767
6768
6769
6770
6771
6772
6773
6774
6775
6776
6777
6778
6779
6780
6781
6782
6783
6784
6785
6786
6787
6788
6789
6790
6791
6792
6793
6794
6795
6796
6797
6798
6799
6800
6801
6802
6803
6804
6805
6806
6807
6808
6809
6810
6811
6812
6813
6814
6815
6816
6817
6818
6819
6820
6821
6822
6823
6824
6825
6826
6827
6828
6829
6830
6831
6832
6833
6834
6835
6836
6837
6838
6839
6840
6841
6842
6843
6844
6845
6846
6847
6848
6849
6850
6851
6852
6853
6854
6855
6856
6857
6858
6859
6860
6861
6862
6863
6864
6865
6866
6867
6868
6869
6870
6871
6872
6873
6874
6875
6876
6877
6878
6879
6880
6881
6882
6883
6884
6885
6886
6887
6888
6889
6890
6891
6892
6893
6894
6895
6896
6897
6898
6899
6900
6901
6902
6903
6904
6905
6906
6907
6908
6909
6910
6911
6912
6913
6914
6915
6916
6917
6918
6919
6920
6921
6922
6923
6924
6925
6926
6927
6928
6929
6930
6931
6932
6933
6934
6935
6936
6937
6938
6939
6940
6941
6942
6943
6944
6945
6946
6947
6948
6949
6950
6951
6952
6953
6954
6955
6956
6957
6958
6959
6960
6961
6962
6963
6964
6965
6966
6967
6968
6969
6970
6971
6972
6973
6974
6975
6976
6977
6978
6979
6980
6981
6982
6983
6984
6985
6986
6987
6988
6989
6990
6991
6992
6993
6994
6995
6996
6997
6998
6999
7000
7001
7002
7003
7004
7005
7006
7007
7008
7009
7010
7011
7012
7013
7014
7015
7016
7017
7018
7019
7020
7021
7022
7023
7024
7025
7026
7027
7028
7029
7030
7031
7032
7033
7034
7035
7036
7037
7038
7039
7040
7041
7042
7043
7044
7045
7046
7047
7048
7049
7050
7051
7052
7053
7054
7055
7056
7057
7058
7059
7060
7061
7062
7063
7064
7065
7066
7067
7068
7069
7070
7071
7072
7073
7074
7075
7076
7077
7078
7079
7080
7081
7082
7083
7084
7085
7086
7087
7088
7089
7090
7091
7092
7093
7094
7095
7096
7097
7098
7099
7100
7101
7102
7103
7104
7105
7106
7107
7108
7109
7110
7111
7112
7113
7114
7115
7116
7117
7118
7119
7120
7121
7122
7123
7124
7125
7126
7127
7128
7129
7130
7131
7132
7133
7134
7135
7136
7137
7138
7139
7140
7141
7142
7143
7144
7145
7146
7147
7148
7149
7150
7151
7152
7153
7154
7155
7156
7157
7158
7159
7160
7161
7162
7163
7164
7165
7166
7167
7168
7169
7170
7171
7172
7173
7174
7175
7176
7177
7178
7179
7180
7181
7182
7183
7184
7185
7186
7187
7188
7189
7190
7191
7192
7193
7194
7195
7196
7197
7198
7199
7200
7201
7202
7203
7204
7205
7206
7207
7208
7209
7210
7211
7212
7213
7214
7215
7216
7217
7218
7219
7220
7221
7222
7223
7224
7225
7226
7227
7228
7229
7230
7231
7232
7233
7234
7235
7236
7237
7238
7239
7240
7241
7242
7243
7244
7245
7246
7247
7248
7249
7250
7251
7252
7253
7254
7255
7256
7257
7258
7259
7260
7261
7262
7263
7264
7265
7266
7267
7268
7269
7270
7271
7272
7273
7274
7275
7276
7277
7278
7279
7280
7281
7282
7283
7284
7285
7286
7287
7288
7289
7290
7291
7292
7293
7294
7295
7296
7297
7298
7299
7300
7301
7302
7303
7304
7305
7306
7307
7308
7309
7310
7311
7312
7313
7314
7315
7316
7317
7318
7319
7320
7321
7322
7323
7324
7325
7326
7327
7328
7329
7330
7331
7332
7333
7334
7335
7336
7337
7338
7339
7340
7341
7342
7343
7344
7345
7346
7347
7348
7349
7350
7351
7352
7353
7354
7355
7356
7357
7358
7359
7360
7361
7362
7363
7364
7365
7366
7367
7368
7369
7370
7371
7372
7373
7374
7375
7376
7377
7378
7379
7380
7381
7382
7383
7384
7385
7386
7387
7388
7389
7390
7391
7392
7393
7394
7395
7396
7397
7398
7399
7400
7401
7402
7403
7404
7405
7406
7407
7408
7409
7410
7411
7412
7413
7414
7415
7416
7417
7418
7419
7420
7421
7422
7423
7424
7425
7426
7427
7428
7429
7430
7431
7432
7433
7434
7435
7436
7437
7438
7439
7440
7441
7442
7443
7444
7445
7446
7447
7448
7449
7450
7451
7452
7453
7454
7455
7456
7457
7458
7459
7460
7461
7462
7463
7464
7465
7466
7467
7468
7469
7470
7471
7472
7473
7474
7475
7476
7477
7478
7479
7480
7481
7482
7483
7484
7485
7486
7487
7488
7489
7490
7491
7492
7493
7494
7495
7496
7497
7498
7499
7500
7501
7502
7503
7504
7505
7506
7507
7508
7509
7510
7511
7512
7513
7514
7515
7516
7517
7518
7519
7520
7521
7522
7523
7524
7525
7526
7527
7528
7529
7530
7531
7532
7533
7534
7535
7536
7537
7538
7539
7540
7541
7542
7543
7544
7545
7546
7547
7548
7549
7550
7551
7552
7553
7554
7555
7556
7557
7558
7559
7560
7561
7562
7563
7564
7565
7566
7567
7568
7569
7570
7571
7572
7573
7574
7575
7576
7577
7578
7579
7580
7581
7582
7583
7584
7585
7586
7587
7588
7589
7590
7591
7592
7593
7594
7595
7596
7597
7598
7599
7600
7601
7602
7603
7604
7605
7606
7607
7608
7609
7610
7611
7612
7613
7614
7615
7616
7617
7618
7619
7620
7621
7622
7623
7624
7625
7626
7627
7628
7629
7630
7631
7632
7633
7634
7635
7636
7637
7638
7639
7640
7641
7642
7643
7644
7645
7646
7647
7648
7649
7650
7651
7652
7653
7654
7655
7656
7657
7658
7659
7660
7661
7662
7663
7664
7665
7666
7667
7668
7669
7670
7671
7672
7673
7674
7675
7676
7677
7678
7679
7680
7681
7682
7683
7684
7685
7686
7687
7688
7689
7690
7691
7692
7693
7694
7695
7696
7697
7698
7699
7700
7701
7702
7703
7704
7705
7706
7707
7708
7709
7710
7711
7712
7713
7714
7715
7716
7717
7718
7719
7720
7721
7722
7723
7724
7725
7726
7727
7728
7729
7730
7731
7732
7733
7734
7735
7736
7737
7738
7739
7740
7741
7742
7743
7744
7745
7746
7747
7748
7749
7750
7751
7752
7753
7754
7755
7756
7757
7758
7759
7760
7761
7762
7763
7764
7765
7766
7767
7768
7769
7770
7771
7772
7773
7774
7775
7776
7777
7778
7779
7780
7781
7782
7783
7784
7785
7786
7787
7788
7789
7790
7791
7792
7793
7794
7795
7796
7797
7798
7799
7800
7801
7802
7803
7804
7805
7806
7807
7808
7809
7810
7811
7812
7813
7814
7815
7816
7817
7818
7819
7820
7821
7822
7823
7824
7825
7826
7827
7828
7829
7830
7831
7832
7833
7834
7835
7836
7837
7838
7839
7840
7841
7842
7843
7844
7845
7846
7847
7848
7849
7850
7851
7852
7853
7854
7855
7856
7857
7858
7859
7860
7861
7862
7863
7864
7865
7866
7867
7868
7869
7870
7871
7872
7873
7874
7875
7876
7877
7878
7879
7880
7881
7882
7883
7884
7885
7886
7887
7888
7889
7890
7891
7892
7893
7894
7895
7896
7897
7898
7899
7900
7901
7902
7903
7904
7905
7906
7907
7908
7909
7910
7911
7912
7913
7914
7915
7916
7917
7918
7919
7920
7921
7922
7923
7924
7925
7926
7927
7928
7929
7930
7931
7932
7933
7934
7935
7936
7937
7938
7939
7940
7941
7942
7943
7944
7945
7946
7947
7948
7949
7950
7951
7952
7953
7954
7955
7956
7957
7958
7959
7960
7961
7962
7963
7964
7965
7966
7967
7968
7969
7970
7971
7972
7973
7974
7975
7976
7977
7978
7979
7980
7981
7982
7983
7984
7985
7986
7987
7988
7989
7990
7991
7992
7993
7994
7995
7996
7997
7998
7999
8000
8001
8002
8003
8004
8005
8006
8007
8008
8009
8010
8011
8012
8013
8014
8015
8016
8017
8018
8019
8020
8021
8022
8023
8024
8025
8026
8027
8028
8029
8030
8031
8032
8033
8034
8035
8036
8037
8038
8039
8040
8041
8042
8043
8044
8045
8046
8047
8048
8049
8050
8051
8052
8053
8054
8055
8056
8057
8058
8059
8060
8061
8062
8063
8064
8065
8066
8067
8068
8069
8070
8071
8072
8073
8074
8075
8076
8077
8078
8079
8080
8081
8082
8083
8084
8085
8086
8087
8088
8089
8090
8091
8092
8093
8094
8095
8096
8097
8098
8099
8100
8101
8102
8103
8104
8105
8106
8107
8108
8109
8110
8111
8112
8113
8114
8115
8116
8117
8118
8119
8120
8121
8122
8123
8124
8125
8126
8127
8128
8129
8130
8131
8132
8133
8134
8135
8136
8137
8138
8139
8140
8141
8142
8143
8144
8145
8146
8147
8148
8149
8150
8151
8152
8153
8154
8155
8156
8157
8158
8159
8160
8161
8162
8163
8164
8165
8166
8167
8168
8169
8170
8171
8172
8173
8174
8175
8176
8177
8178
8179
8180
8181
8182
8183
8184
8185
8186
8187
8188
8189
8190
8191
8192
8193
8194
8195
8196
8197
8198
8199
8200
8201
8202
8203
8204
8205
8206
8207
8208
8209
8210
8211
8212
8213
8214
8215
8216
8217
8218
8219
8220
8221
8222
8223
8224
8225
8226
8227
8228
8229
8230
8231
8232
8233
8234
8235
8236
8237
8238
8239
8240
8241
8242
8243
8244
8245
8246
8247
8248
8249
8250
8251
8252
8253
8254
8255
8256
8257
8258
8259
8260
8261
8262
8263
8264
8265
8266
8267
8268
8269
8270
8271
8272
8273
8274
8275
8276
8277
8278
8279
8280
8281
8282
8283
8284
8285
8286
8287
8288
8289
8290
8291
8292
8293
8294
8295
8296
8297
8298
8299
8300
8301
8302
8303
8304
8305
8306
8307
8308
8309
8310
8311
8312
8313
8314
8315
8316
8317
8318
8319
8320
8321
8322
8323
8324
8325
8326
8327
8328
8329
8330
8331
8332
8333
8334
8335
8336
8337
8338
8339
8340
8341
8342
8343
8344
8345
8346
8347
8348
8349
8350
8351
8352
8353
8354
8355
8356
8357
8358
8359
8360
8361
8362
8363
8364
8365
8366
8367
8368
8369
8370
8371
8372
8373
8374
8375
8376
8377
8378
8379
8380
8381
8382
8383
8384
8385
8386
8387
8388
8389
8390
8391
8392
8393
8394
8395
8396
8397
8398
8399
8400
8401
8402
8403
8404
8405
8406
8407
8408
8409
8410
8411
8412
8413
8414
8415
8416
8417
8418
8419
8420
8421
8422
8423
8424
8425
8426
8427
8428
8429
8430
8431
8432
8433
8434
8435
8436
8437
8438
8439
8440
8441
8442
8443
8444
8445
8446
8447
8448
8449
8450
8451
8452
8453
8454
8455
8456
8457
8458
8459
8460
8461
8462
8463
8464
8465
8466
8467
8468
8469
8470
8471
8472
8473
8474
8475
8476
8477
8478
8479
8480
8481
8482
8483
8484
8485
8486
8487
8488
8489
8490
8491
8492
8493
8494
8495
8496
8497
8498
8499
8500
8501
8502
8503
8504
8505
8506
8507
8508
8509
8510
8511
8512
8513
8514
8515
8516
8517
8518
8519
8520
8521
8522
8523
8524
8525
8526
8527
8528
8529
8530
8531
8532
8533
8534
8535
8536
8537
8538
8539
8540
8541
8542
8543
8544
8545
8546
8547
8548
8549
8550
8551
8552
8553
8554
8555
8556
8557
8558
8559
8560
8561
8562
8563
8564
8565
8566
8567
8568
8569
8570
8571
8572
8573
8574
8575
8576
8577
8578
8579
8580
8581
8582
8583
8584
8585
8586
8587
8588
8589
8590
8591
8592
8593
8594
8595
8596
8597
8598
8599
8600
8601
8602
8603
8604
8605
8606
8607
8608
8609
8610
8611
8612
8613
8614
8615
8616
8617
8618
8619
8620
8621
8622
8623
8624
8625
8626
8627
8628
8629
8630
8631
8632
8633
8634
8635
8636
8637
8638
8639
8640
8641
8642
8643
8644
8645
8646
8647
8648
8649
8650
8651
8652
8653
8654
8655
8656
8657
8658
8659
8660
8661
8662
8663
8664
8665
8666
8667
8668
8669
8670
8671
8672
8673
8674
8675
8676
8677
8678
8679
8680
8681
8682
8683
8684
8685
8686
8687
8688
8689
8690
8691
8692
8693
8694
8695
8696
8697
8698
8699
8700
8701
8702
8703
8704
8705
8706
8707
8708
8709
8710
8711
8712
8713
8714
8715
8716
8717
8718
8719
8720
8721
8722
8723
8724
8725
8726
8727
8728
8729
8730
8731
8732
8733
8734
8735
8736
8737
8738
8739
8740
8741
8742
8743
8744
8745
8746
8747
8748
8749
8750
8751
8752
8753
8754
8755
8756
8757
8758
8759
8760
8761
8762
8763
8764
8765
8766
8767
8768
8769
8770
8771
8772
8773
8774
8775
8776
8777
8778
8779
8780
8781
8782
8783
8784
8785
8786
8787
8788
8789
8790
8791
8792
8793
8794
8795
8796
8797
8798
8799
8800
8801
8802
8803
8804
8805
8806
8807
8808
8809
8810
8811
8812
8813
8814
8815
8816
8817
8818
8819
8820
8821
8822
8823
8824
8825
8826
8827
8828
8829
8830
8831
8832
8833
8834
8835
8836
8837
8838
8839
8840
8841
8842
8843
8844
8845
8846
8847
8848
8849
8850
8851
8852
8853
8854
8855
8856
8857
8858
8859
8860
8861
8862
8863
8864
8865
8866
8867
8868
8869
8870
8871
8872
8873
8874
8875
8876
8877
8878
8879
8880
8881
8882
8883
8884
8885
8886
8887
8888
8889
8890
8891
8892
8893
8894
8895
8896
8897
8898
8899
8900
8901
8902
8903
8904
8905
8906
8907
8908
8909
8910
8911
8912
8913
8914
8915
8916
8917
8918
8919
8920
8921
8922
8923
8924
8925
8926
8927
8928
8929
8930
8931
8932
8933
8934
8935
8936
8937
8938
8939
8940
8941
8942
8943
8944
8945
8946
8947
8948
8949
8950
8951
8952
8953
8954
8955
8956
8957
8958
8959
8960
8961
8962
8963
8964
8965
8966
8967
8968
8969
8970
8971
8972
8973
8974
8975
8976
8977
8978
8979
8980
8981
8982
8983
8984
8985
8986
8987
8988
8989
8990
8991
8992
8993
8994
8995
8996
8997
8998
8999
9000
9001
9002
9003
9004
9005
9006
9007
9008
9009
9010
9011
9012
9013
9014
9015
9016
9017
9018
9019
9020
9021
9022
9023
9024
9025
9026
9027
9028
9029
9030
9031
9032
9033
9034
9035
9036
9037
9038
9039
9040
9041
9042
9043
9044
9045
9046
9047
9048
9049
9050
9051
9052
9053
9054
9055
9056
9057
9058
9059
9060
9061
9062
9063
9064
9065
9066
9067
9068
9069
9070
9071
9072
9073
9074
9075
9076
9077
9078
9079
9080
9081
9082
9083
9084
9085
9086
9087
9088
9089
9090
9091
9092
9093
9094
9095
9096
9097
9098
9099
9100
9101
9102
9103
9104
9105
9106
9107
9108
9109
9110
9111
9112
9113
9114
9115
9116
9117
9118
9119
9120
9121
9122
9123
9124
9125
9126
9127
9128
9129
9130
9131
9132
9133
9134
9135
9136
9137
9138
9139
9140
9141
9142
9143
9144
9145
9146
9147
9148
9149
9150
9151
9152
9153
9154
9155
9156
9157
9158
9159
9160
9161
9162
9163
9164
9165
9166
9167
9168
9169
9170
9171
9172
9173
9174
9175
9176
9177
9178
9179
9180
9181
9182
9183
9184
9185
9186
9187
9188
9189
9190
9191
9192
9193
9194
9195
9196
9197
9198
9199
9200
9201
9202
9203
9204
9205
9206
9207
9208
9209
9210
9211
9212
9213
9214
9215
9216
9217
9218
9219
9220
9221
9222
9223
9224
9225
9226
9227
9228
9229
9230
9231
9232
9233
9234
9235
9236
9237
9238
9239
9240
9241
9242
9243
9244
9245
9246
9247
9248
9249
9250
9251
9252
9253
9254
9255
9256
9257
9258
9259
9260
9261
9262
9263
9264
9265
9266
9267
9268
9269
9270
9271
9272
9273
9274
9275
9276
9277
9278
9279
9280
9281
9282
9283
9284
9285
9286
9287
9288
9289
9290
9291
9292
9293
9294
9295
9296
9297
9298
9299
9300
9301
9302
9303
9304
9305
9306
9307
9308
9309
9310
9311
9312
9313
9314
9315
9316
9317
9318
9319
9320
9321
9322
9323
9324
9325
9326
9327
9328
9329
9330
9331
9332
9333
9334
9335
9336
9337
9338
9339
9340
9341
9342
9343
9344
9345
9346
9347
9348
9349
9350
9351
9352
9353
9354
9355
9356
9357
9358
9359
9360
9361
9362
9363
9364
9365
9366
9367
9368
9369
9370
9371
9372
9373
9374
9375
9376
9377
9378
9379
9380
9381
9382
9383
9384
9385
9386
9387
9388
9389
9390
9391
9392
9393
9394
9395
9396
9397
9398
9399
9400
9401
9402
9403
9404
9405
9406
9407
9408
9409
9410
9411
9412
9413
9414
9415
9416
9417
9418
9419
9420
9421
9422
9423
9424
9425
9426
9427
9428
9429
9430
9431
9432
9433
9434
9435
9436
9437
9438
9439
9440
9441
9442
9443
9444
9445
9446
9447
9448
9449
9450
9451
9452
9453
9454
9455
9456
9457
9458
9459
9460
9461
9462
9463
9464
9465
9466
9467
9468
9469
9470
9471
9472
9473
9474
9475
9476
9477
9478
9479
9480
9481
9482
9483
9484
9485
9486
9487
9488
9489
9490
9491
9492
9493
9494
9495
9496
9497
9498
9499
9500
9501
9502
9503
9504
9505
9506
9507
9508
9509
9510
9511
9512
9513
9514
9515
9516
9517
9518
9519
9520
9521
9522
9523
9524
9525
9526
9527
9528
9529
9530
9531
9532
9533
9534
9535
9536
9537
9538
9539
9540
9541
9542
9543
9544
9545
9546
9547
9548
9549
9550
9551
9552
9553
9554
9555
9556
9557
9558
9559
9560
9561
9562
9563
9564
9565
9566
9567
9568
9569
9570
9571
9572
9573
9574
9575
9576
9577
9578
9579
9580
9581
9582
9583
9584
9585
9586
9587
9588
9589
9590
9591
9592
9593
9594
9595
9596
9597
9598
9599
9600
9601
9602
8.137757808995614e-07 2.451660472530726e-06 0
9.186224219100423e-06 2.548339527469286e-06 0
6.503510581025917e-06 4.200183840222538e-06 0
3.55013586030273e-06 6.462123104258199e-07 0
3.548086216433026e-06 4.148556837809652e-06 0
6.389576900014509e-06 7.304159026860727e-07 0
8.428880999657166e-06 4.039229864008005e-06 0
1.571119000342801e-06 9.607701359920676e-07 0
1.504237369284898e-06 4.153227954942561e-06 0
8.495762630715095e-06 8.467720450574383e-07 0
5.600612038889452e-06 6.952986822084906e-07 0
6.008623289779131e-06 1.568653817477828e-06 0
4.609207242107897e-06 7.692845793938911e-07 0
4.158048848935383e-06 1.550903979273242e-06 0
5.010206302540279e-06 1.458738345166418e-06 0
4.388998480518467e-06 4.284530107874128e-06 0
4.007155813459543e-06 3.375038501128253e-06 0
5.390792757892094e-06 4.230715420606109e-06 0
5.904352001853948e-06 3.410053237603714e-06 0
4.989680310285904e-06 3.532457716792749e-06 0
2.508720597624413e-06 4.13961386293493e-06 0
3.077941961033249e-06 3.345364945831386e-06 0
1.996643674524303e-06 3.366746049762719e-06 0
2.373538433338124e-06 2.496032372582035e-06 0
3.52423430082404e-06 2.365196889627987e-06 0
2.970107142363653e-06 1.889102835287703e-06 0
7.344578903859739e-06 9.279144353552477e-07 0
7.12781271386294e-06 1.830332614785814e-06 0
8.013198688205743e-06 1.673791593388513e-06 0
7.499999999991795e-06 2.598076211355752e-06 0
6.484155201400847e-06 2.624536766072757e-06 0
6.926718025412016e-06 3.260240719389881e-06 0
7.431169996243961e-06 4.153659461996012e-06 0
2.693227990847819e-06 9.196225918460864e-07 0
3.525288822321559e-06 1.857010947700971e-06 0
3.999088945462234e-06 2.18180137578954e-06 0
6.429122234850917e-06 3.170547353364327e-06 0
5.984258247972022e-06 2.830031334410058e-06 0
9.19244801292947e-06 3.468720017499818e-06 0
8.075519870705122e-07 1.531279982500195e-06 0
9.12607508567625e-07 3.42976130874343e-06 0
9.058840835932153e-06 1.584510017368923e-06 0
5.042618468887565e-06 9.925888635687464e-07 0
5.365716412636678e-06 1.207195757026386e-06 0
5.825130615628974e-06 1.224602816771943e-06 0
5.629581845032295e-06 1.504164945260603e-06 0
5.7686377819986e-06 1.785147778362624e-06 0
5.34089053537788e-06 1.536401882644962e-06 0
5.480713962381664e-06 1.403031989671155e-06 0
5.482666934839364e-06 1.550879443757878e-06 0
5.56726137656199e-06 1.648079051784869e-06 0
5.797006147069414e-06 1.595492691810008e-06 0
5.704609733386456e-06 1.672614323239868e-06 0
4.959350978188961e-06 4.057377249216979e-06 0
4.633424400269899e-06 3.795844539184668e-06 0
4.183464427405531e-06 3.748330466527005e-06 0
4.374150810608599e-06 3.491757714650352e-06 0
4.219840285063809e-06 3.239097039311701e-06 0
4.660311379218566e-06 3.488770390147326e-06 0
4.519286037618337e-06 3.596968010328841e-06 0
4.51538635716597e-06 3.468898145399151e-06 0
4.438264995484968e-06 3.354913443889091e-06 0
4.218385156499075e-06 3.413357801164578e-06 0
4.297491509816245e-06 3.317986535813437e-06 0
5.370756961161993e-06 3.822361345637685e-06 0
5.868969753553768e-06 3.913816839447829e-06 0
4.629524388420361e-06 1.184776670474557e-06 0
4.09071189275635e-06 1.136431033384249e-06 0
1.564887284869819e-06 1.954470744524221e-06 0
8.414035787351816e-06 3.061214019465469e-06 0
5.109720181438628e-06 1.235084478640544e-06 0
4.907432582732003e-06 1.274637781887231e-06 0
4.844782760916055e-06 1.439030359881986e-06 0
4.587515732732361e-06 1.400008163259005e-06 0
5.193971021386994e-06 1.408578374876722e-06 0
5.343445064372719e-06 1.405892130509213e-06 0
4.890279818561375e-06 3.764915521359458e-06 0
5.088186787031456e-06 3.76076854462847e-06 0
5.170294435801825e-06 3.559984414029398e-06 0
5.404093711627509e-06 3.56892583676647e-06 0
4.806028978613005e-06 3.59142162512328e-06 0
4.655118210000548e-06 3.588627906800085e-06 0
5.267197281999123e-06 1.462281915019932e-06 0
5.268246432707772e-06 1.538230529416497e-06 0
5.18971799423355e-06 1.501166440546172e-06 0
5.113578145759663e-06 1.432222167366045e-06 0
5.125265091581734e-06 1.514493607207079e-06 0
5.237662827559836e-06 1.500967008439848e-06 0
5.152686912567294e-06 1.477133423783682e-06 0
5.047759569932479e-06 1.35648742159911e-06 0
5.15948433996721e-06 1.509138140002999e-06 0
5.188750047686413e-06 1.528649906149909e-06 0
5.155922578880459e-06 1.530144592131889e-06 0
4.729035059828968e-06 3.530936129506447e-06 0
4.733337001213622e-06 3.458921675042103e-06 0
4.810823242957201e-06 3.500791720114262e-06 0
4.880484318920024e-06 3.551211383144704e-06 0
4.873796746924113e-06 3.487361666057693e-06 0
4.768985221004821e-06 3.497009388488528e-06 0
4.850138164295218e-06 3.520762733379677e-06 0
4.955551469143589e-06 3.645936810130945e-06 0
4.839539079876634e-06 3.491994239959449e-06 0
4.814060924977989e-06 3.47554662743611e-06 0
4.832700046280187e-06 3.465452795041428e-06 0
4.312737551587119e-06 1.380216444634617e-06 0
4.38951359446341e-06 1.679510511067656e-06 0
5.671572613012681e-06 3.608447219107005e-06 0
5.607069292235801e-06 3.321271501644201e-06 0
4.58378671057599e-06 3.525050951885373e-06 0
5.40749465759764e-06 1.482336300269428e-06 0
4.591365707757426e-06 3.457163118762304e-06 0
4.629067774887251e-06 3.419752072207705e-06 0
4.553589493481192e-06 3.395265138270136e-06 0
5.411293324362057e-06 1.549485310621556e-06 0
5.371187292362161e-06 1.580817337450785e-06 0
5.444859664033015e-06 1.60313616839713e-06 0
5.21050794361326e-06 1.520637521229861e-06 0
5.207515588151113e-06 1.540494962204513e-06 0
5.188647428934512e-06 1.550387348265862e-06 0
5.205333826166676e-06 1.560702624149127e-06 0
5.187056235516096e-06 1.569737194658615e-06 0
5.203576428237378e-06 1.580566493071059e-06 0
5.185727661508533e-06 1.589565951851135e-06 0
5.202316462310901e-06 1.600533175982318e-06 0
5.184519359916163e-06 1.609506514956849e-06 0
5.201216341776976e-06 1.6204997757938e-06 0
5.183352141522168e-06 1.629469501564423e-06 0
5.20005838523125e-06 1.64046517110199e-06 0
5.18218453810422e-06 1.649434664556443e-06 0
5.198890757912202e-06 1.660430745507669e-06 0
5.181015289795831e-06 1.669400283228015e-06 0
5.197721318044585e-06 1.680396431943235e-06 0
5.17984546470886e-06 1.689365996722028e-06 0
5.196551339180991e-06 1.700362167286517e-06 0
5.178675453781074e-06 1.709331734418832e-06 0
5.195381271959885e-06 1.72032791184545e-06 0
5.17750539715305e-06 1.729297477686307e-06 0
5.194211208036213e-06 1.740293656002277e-06 0
5.176335333457771e-06 1.749263221815263e-06 0
5.193041142877319e-06 1.760259400309707e-06 0
5.159629524346209e-06 1.73826704328334e-06 0
5.210917017399457e-06 1.751289834503602e-06 0
5.209746952046092e-06 1.771255578834742e-06 0
5.191871077542953e-06 1.780225144638541e-06 0
5.208576886660049e-06 1.791221323169871e-06 0
5.190701012152895e-06 1.800190888974166e-06 0
5.207406821254587e-06 1.811187067507381e-06 0
5.189530946750312e-06 1.82015663331132e-06 0
5.206236755849992e-06 1.831152811844769e-06 0
5.188360881345802e-06 1.840122377648709e-06 0
5.205066690445054e-06 1.851118556182199e-06 0
5.187190815940915e-06 1.860088121986134e-06 0
5.203896625040166e-06 1.871084300519638e-06 0
5.186020750535978e-06 1.880053866323568e-06 0
5.202726559635202e-06 1.891050044857073e-06 0
5.184850685131021e-06 1.900019610661009e-06 0
5.201556494230219e-06 1.911015789194523e-06 0
5.168144876031801e-06 1.889023432127499e-06 0
5.166974810626826e-06 1.90898917646493e-06 0
5.150269001527638e-06 1.897992997931418e-06 0
5.149098936122647e-06 1.917958742268851e-06 0
5.132393127023463e-06 1.906962563735338e-06 0
5.131223061618486e-06 1.926928308072767e-06 0
5.114517252519288e-06 1.915932129539259e-06 0
5.11334718711431e-06 1.935897873876701e-06 0
5.096641378015114e-06 1.924901695343187e-06 0
5.095471312610136e-06 1.94486743968063e-06 0
5.112177121709334e-06 1.955863618214132e-06 0
5.09430124720515e-06 1.964833184018064e-06 0
5.111007056304347e-06 1.975829362551584e-06 0
5.077595438105952e-06 1.953837005484538e-06 0
5.076425372700968e-06 1.973802749821978e-06 0
5.059719563601769e-06 1.96280657128844e-06 0
5.058549498196794e-06 1.982772315625892e-06 0
5.041843689097589e-06 1.971776137092357e-06 0
5.040673623692597e-06 1.991741881429797e-06 0
5.023967814593404e-06 1.980745702896266e-06 0
5.022797749188421e-06 2.000711447233708e-06 0
5.006091940089202e-06 1.989715268700174e-06 0
5.004921874684207e-06 2.00968101303761e-06 0
5.021627683783425e-06 2.020677191571154e-06 0
5.00375180927922e-06 2.029646757375051e-06 0
4.987046000180016e-06 2.018650578841526e-06 0
4.985875934775027e-06 2.03861632317896e-06 0
4.969170125675848e-06 2.02762014464544e-06 0
4.968000060270867e-06 2.047585888982871e-06 0
4.951294251171675e-06 2.036589710449339e-06 0
4.95012418576669e-06 2.056555454786783e-06 0
4.933418376667491e-06 2.045559276253251e-06 0
4.932248311262507e-06 2.065525020590695e-06 0
4.915542502163326e-06 2.05452884205718e-06 0
4.914372436758318e-06 2.074494586394605e-06 0
4.916712567568303e-06 2.034563097719767e-06 0
4.897666627659124e-06 2.063498407861109e-06 0
4.896496562254128e-06 2.083464152198525e-06 0
4.879790753154916e-06 2.072467973665009e-06 0
4.878620687749946e-06 2.092433718002425e-06 0
4.861914878650748e-06 2.081437539468895e-06 0
4.860744813245756e-06 2.101403283806329e-06 0
4.844039004146566e-06 2.090407105272798e-06 0
4.84286893874157e-06 2.110372849610233e-06 0
4.826163129642374e-06 2.099376671076722e-06 0
4.824993064237386e-06 2.119342415414135e-06 0
4.808287255138189e-06 2.10834623688063e-06 0
4.8071171897332e-06 2.128311981218026e-06 0
4.827333195047305e-06 2.079410926739331e-06 0
5.020457618378402e-06 2.040642935908593e-06 0
5.007262005494199e-06 1.969749524362741e-06 0
4.790411380634015e-06 2.117315802684511e-06 0
4.78924131522902e-06 2.137281547021939e-06 0
4.772535506129831e-06 2.126285368488414e-06 0
4.771365440724838e-06 2.146251112825861e-06 0
4.931078245857517e-06 2.085490764928133e-06 0
5.224112630354253e-06 1.822183246040805e-06 0
4.754659631625647e-06 2.135254934292337e-06 0
4.753489566220652e-06 2.155220678629772e-06 0
4.736783757121457e-06 2.144224500096241e-06 0
4.735613691716463e-06 2.164190244433659e-06 0
4.737953822526454e-06 2.124258755758793e-06 0
4.752319500815657e-06 2.175186422967215e-06 0
4.734443626311469e-06 2.184155988771094e-06 0
4.720077948022266e-06 2.133228321562705e-06 0
4.721248013427261e-06 2.113262577225263e-06 0
4.841698873336546e-06 2.130338593947658e-06 0
4.751149435410659e-06 2.19515216730466e-06 0
4.73327356090647e-06 2.204121733108558e-06 0
4.703372138923077e-06 2.122232143029173e-06 0
4.704542204328083e-06 2.102266398691726e-06 0
4.686666329823887e-06 2.111235964495637e-06 0
4.749979370005662e-06 2.215117911642107e-06 0
4.73210349550147e-06 2.224087477446001e-06 0
4.748809304600663e-06 2.235083655979546e-06 0
4.730933430096472e-06 2.244053221783438e-06 0
4.687836395228891e-06 2.091270220158192e-06 0
4.669960520724694e-06 2.100239785962084e-06 0
4.747639239195664e-06 2.255049400316974e-06 0
4.72976336469147e-06 2.264018966120876e-06 0
4.713057555592276e-06 2.253022787587332e-06 0
4.71188749018728e-06 2.272988531924786e-06 0
4.695181681088088e-06 2.261992353391238e-06 0
4.694011615683103e-06 2.281958097728697e-06 0
4.710717424782298e-06 2.292954276262229e-06 0
4.692841550278114e-06 2.301923842066143e-06 0
4.709547359377296e-06 2.312920020599669e-06 0
4.691671484873111e-06 2.321889586403587e-06 0
4.70837729397232e-06 2.332885764937125e-06 0
4.690501419468145e-06 2.341855330741023e-06 0
4.707207228567343e-06 2.352851509274549e-06 0
4.689331354063174e-06 2.361821075078467e-06 0
4.706037163162352e-06 2.372817253611993e-06 0
4.688161288658166e-06 2.381786819415894e-06 0
4.704867097757361e-06 2.392782997949429e-06 0
4.686991223253173e-06 2.401752563753335e-06 0
4.703697032352607e-06 2.412748742286882e-06 0
4.685821157848218e-06 2.42171830809079e-06 0
4.702526966947662e-06 2.432714486624327e-06 0
4.684651092443242e-06 2.441684052428234e-06 0
4.701356901542452e-06 2.452680230961762e-06 0
4.683481027038306e-06 2.461649796765672e-06 0
4.700186836137437e-06 2.472645975299205e-06 0
4.682310961633354e-06 2.481615541103158e-06 0
4.699016770732445e-06 2.49261171963665e-06 0
4.681140896228295e-06 2.501581285440605e-06 0
4.697846705327444e-06 2.51257746397409e-06 0
4.679970830823252e-06 2.521547029777988e-06 0
4.696676639922446e-06 2.532543208311518e-06 0
4.663265021724075e-06 2.510550851244489e-06 0
4.669115348749018e-06 2.410722129557254e-06 0
4.674965675773863e-06 2.310893407870081e-06 0
4.662094956319053e-06 2.530516595581867e-06 0
4.645389147219901e-06 2.519520417048429e-06 0
4.644219081814862e-06 2.539486161385791e-06 0
4.627513272715694e-06 2.528489982852276e-06 0
4.626343207310708e-06 2.548455727189718e-06 0
4.609637398211509e-06 2.53745954865618e-06 0
4.608467332806527e-06 2.55742529299363e-06 0
4.591761523707326e-06 2.546429114460085e-06 0
4.590591458302333e-06 2.566394858797531e-06 0
4.607297267401524e-06 2.577391037331064e-06 0
4.57388564920314e-06 2.555398680263994e-06 0
4.57271558379815e-06 2.575364424601419e-06 0
4.556009774698953e-06 2.564368246067914e-06 0
4.554839709293968e-06 2.584333990405333e-06 0
4.538133900194765e-06 2.573337811871828e-06 0
4.539303965599753e-06 2.553372067534393e-06 0
4.521428091095563e-06 2.562341633338311e-06 0
4.522598156500559e-06 2.542375889000882e-06 0
4.504722281996373e-06 2.551345454804788e-06 0
4.505892347401365e-06 2.531379710467359e-06 0
4.488016472897179e-06 2.540349276271257e-06 0
4.489186538302166e-06 2.520383531933812e-06 0
4.486846407492198e-06 2.560315020608695e-06 0
4.470140598392997e-06 2.54931884207517e-06 0
4.468970532988012e-06 2.569284586412621e-06 0
4.452264723888813e-06 2.558288407879082e-06 0
4.451094658483832e-06 2.578254152216526e-06 0
4.434388849384643e-06 2.567257973683003e-06 0
4.433218783979656e-06 2.58722371802044e-06 0
4.416512974880459e-06 2.576227539486918e-06 0
4.415342909475479e-06 2.596193283824348e-06 0
4.398637100376276e-06 2.58519710529082e-06 0
4.399807165781266e-06 2.565231360953396e-06 0
4.381931291277088e-06 2.574200926757311e-06 0
4.380761225872095e-06 2.594166671094739e-06 0
4.364055416772902e-06 2.58317049256123e-06 0
4.362885351367918e-06 2.603136236898663e-06 0
4.346179542268721e-06 2.592140058365151e-06 0
4.345009476863744e-06 2.612105802702591e-06 0
4.328303667764544e-06 2.601109624169074e-06 0
4.327133602359568e-06 2.621075368506518e-06 0
4.310427793260365e-06 2.610079189973002e-06 0
5.219432368734418e-06 1.902046223390581e-06 0
5.218262303329429e-06 1.922011967728034e-06 0
5.23613817783362e-06 1.9130424019241e-06 0
5.234968112428642e-06 1.93300814626154e-06 0
4.343839411458771e-06 2.632071547040028e-06 0
4.671130586129695e-06 2.080274041624657e-06 0
4.653254711625497e-06 2.089243607428554e-06 0
4.325963536954594e-06 2.641041112843963e-06 0
4.342669346053795e-06 2.652037291377479e-06 0
4.654424777030504e-06 2.069277863091121e-06 0
4.636548902526309e-06 2.078247428895028e-06 0
4.63771896793132e-06 2.058281684557593e-06 0
4.655594842435504e-06 2.049312118753683e-06 0
4.619843093427132e-06 2.06725125036149e-06 0
4.723913037666542e-06 2.363847687808213e-06 0
4.638889033336315e-06 2.038315940220159e-06 0
4.656764907840501e-06 2.029346374416241e-06 0
4.383101356682076e-06 2.554235182419875e-06 0
4.311597858665342e-06 2.590113445635558e-06 0
4.293721984161158e-06 2.599083011439484e-06 0
5.252843986932805e-06 1.924038580457622e-06 0
5.251673921527847e-06 1.944004324795056e-06 0
4.618673028022115e-06 2.087216994698929e-06 0
4.601967218922935e-06 2.076220816165371e-06 0
4.600797153517925e-06 2.09618656050281e-06 0
4.584091344418742e-06 2.085190381969256e-06 0
4.582921279013727e-06 2.105156126306692e-06 0
4.566215469914555e-06 2.094159947773136e-06 0
4.565045404509533e-06 2.114125692110586e-06 0
4.567385535319561e-06 2.074194203435703e-06 0
4.549509660815379e-06 2.083163769239587e-06 0
4.640059098741304e-06 2.018350195882714e-06 0
4.657934973245487e-06 2.009380630078798e-06 0
5.269549796031992e-06 1.935034758991124e-06 0
5.268379730627049e-06 1.955000503328564e-06 0
4.432048718574691e-06 2.607189462357869e-06 0
5.286255605131209e-06 1.946030937524628e-06 0
5.285085539726257e-06 1.965996681862078e-06 0
4.550679726220375e-06 2.063198024902147e-06 0
4.532803851716192e-06 2.072167590706047e-06 0
4.641229164146292e-06 1.998384451545256e-06 0
4.659105038650479e-06 1.989414885741343e-06 0
5.302961414230434e-06 1.957027116058153e-06 0
5.301791348825463e-06 1.976992860395594e-06 0
5.283915474321299e-06 1.985962426199526e-06 0
5.300621283420473e-06 1.996958604733041e-06 0
5.282745408916323e-06 2.005928170536971e-06 0
5.299451218015496e-06 2.016924349070481e-06 0
5.281575343511335e-06 2.025893914874405e-06 0
5.298281152610546e-06 2.036890093407928e-06 0
5.280405278106377e-06 2.04585965921186e-06 0
5.297111087205581e-06 2.056855837745373e-06 0
5.279235212701412e-06 2.065825403549303e-06 0
5.295941021800562e-06 2.076821582082794e-06 0
5.27806514729637e-06 2.085791147886728e-06 0
5.294770956395571e-06 2.096787326420231e-06 0
5.276895081891382e-06 2.105756892224167e-06 0
5.293600890990661e-06 2.116753070757688e-06 0
5.275725016486376e-06 2.125722636561627e-06 0
5.292430825585691e-06 2.136718815095131e-06 0
5.274554951081408e-06 2.145688380899082e-06 0
5.291260760180709e-06 2.156684559432576e-06 0
5.273384885676541e-06 2.165654125236498e-06 0
5.290090694775752e-06 2.176650303769995e-06 0
5.307966569279927e-06 2.16768073796609e-06 0
5.306796503875005e-06 2.187646482303513e-06 0
5.313816896304654e-06 2.067852016278976e-06 0
5.324672378379141e-06 2.178676916499607e-06 0
5.323502312974205e-06 2.198642660837049e-06 0
5.341378187478347e-06 2.189673095033122e-06 0
5.340208122073358e-06 2.209638839370568e-06 0
5.358083996577533e-06 2.200669273566631e-06 0
5.356913931172555e-06 2.220635017904084e-06 0
5.374789805676728e-06 2.211665452100144e-06 0
5.373619740271747e-06 2.231631196437595e-06 0
5.391495614775927e-06 2.222661630633676e-06 0
5.390325549370946e-06 2.242627374971113e-06 0
5.408201423875135e-06 2.2336578091672e-06 0
5.407031358470157e-06 2.253623553504616e-06 0
5.424907232974327e-06 2.244653987700681e-06 0
5.38915548396598e-06 2.26259311930855e-06 0
5.405861293065207e-06 2.273589297842029e-06 0
5.387985418561012e-06 2.282558863645983e-06 0
5.40469122766024e-06 2.293555042179481e-06 0
5.386815353156067e-06 2.302524607983433e-06 0
5.403521162255234e-06 2.313520786516934e-06 0
5.385645287751091e-06 2.322490352320873e-06 0
5.402351096850253e-06 2.33348653085438e-06 0
5.384475222346097e-06 2.342456096658295e-06 0
5.401181031445285e-06 2.353452275191842e-06 0
5.419056905949422e-06 2.344482709387834e-06 0
5.383305156941125e-06 2.362421840995739e-06 0
5.400010966040305e-06 2.373418019529287e-06 0
5.382135091536138e-06 2.382387585333204e-06 0
5.398840900635303e-06 2.393383763866711e-06 0
5.380965026131166e-06 2.402353329670643e-06 0
5.397670835230315e-06 2.413349508204185e-06 0
5.379794960726188e-06 2.422319074008091e-06 0
5.396500769825369e-06 2.433315252541651e-06 0
5.378624895321203e-06 2.442284818345534e-06 0
5.395330704420422e-06 2.453280996879113e-06 0
5.377454829916239e-06 2.462250562682973e-06 0
5.413206578924577e-06 2.44431143107529e-06 0
5.394160639015432e-06 2.47324674121658e-06 0
5.376284764511261e-06 2.482216307020423e-06 0
5.392990573610441e-06 2.493212485553973e-06 0
5.375114699106281e-06 2.502182051357871e-06 0
5.391820508205483e-06 2.513178229891377e-06 0
5.373944633701308e-06 2.522147795695301e-06 0
5.390650442800507e-06 2.533143974228812e-06 0
5.372774568296332e-06 2.542113540032737e-06 0
5.389480377395508e-06 2.553109718566245e-06 0
5.371604502891349e-06 2.562079284370177e-06 0
5.388310311990527e-06 2.573075462903686e-06 0
5.370434437486376e-06 2.582045028707621e-06 0
5.407356251899678e-06 2.544140152762356e-06 0
5.387140246585564e-06 2.593041207241177e-06 0
5.369264372081393e-06 2.602010773045064e-06 0
5.38597018118058e-06 2.61300695157865e-06 0
5.368094306676415e-06 2.621976517382508e-06 0
5.384800115775621e-06 2.632972695916024e-06 0
5.366924241271441e-06 2.641942261719942e-06 0
5.383630050370645e-06 2.652938440253465e-06 0
5.365754175866412e-06 2.661908006057256e-06 0
5.401505924874842e-06 2.643968874449623e-06 0
5.400335859469841e-06 2.66393461878696e-06 0
5.426077298379318e-06 2.224688243363274e-06 0
5.442783107478506e-06 2.235684421896779e-06 0
5.272214820271619e-06 2.185619869573889e-06 0
5.349048366767255e-06 2.650911827523843e-06 0
5.347878301362222e-06 2.670877571861154e-06 0
5.364259217031983e-06 2.391357151137023e-06 0
5.331172492263088e-06 2.659881393327791e-06 0
5.330002426858115e-06 2.679847137665216e-06 0
5.313296617758928e-06 2.668850959131746e-06 0
5.312126552353943e-06 2.688816703469164e-06 0
5.295420743254758e-06 2.677820524935676e-06 0
5.294250677849756e-06 2.697786269273078e-06 0
5.31095648694897e-06 2.708782447806614e-06 0
5.293080612444769e-06 2.717752013610522e-06 0
5.309786421543978e-06 2.728748192144054e-06 0
5.291910547039808e-06 2.737717757947965e-06 0
5.308616356138962e-06 2.748713936481471e-06 0
5.290740481634823e-06 2.757683502285401e-06 0
5.307446290733959e-06 2.768679680818934e-06 0
5.289570416229825e-06 2.77764924662284e-06 0
5.272864607130656e-06 2.766653068089299e-06 0
5.271694541725655e-06 2.786618812426745e-06 0
5.254988732626464e-06 2.775622633893208e-06 0
5.253818667221542e-06 2.795588378230758e-06 0
5.237112858122285e-06 2.784592199697147e-06 0
5.235942792717364e-06 2.804557944034702e-06 0
5.2192369836181e-06 2.793561765501055e-06 0
5.218066918213114e-06 2.813527509838531e-06 0
5.201361109113929e-06 2.802531331304943e-06 0
5.200191043708924e-06 2.822497075642426e-06 0
5.183485234609733e-06 2.811500897108912e-06 0
5.182315169204737e-06 2.831466641446332e-06 0
5.165609360105566e-06 2.820470462912843e-06 0
5.164439294700556e-06 2.840436207250256e-06 0
5.147733485601379e-06 2.829440028716735e-06 0
5.146563420196374e-06 2.849405773054165e-06 0
5.129857611097181e-06 2.838409594520625e-06 0
5.128687545692191e-06 2.858375338858078e-06 0
5.111981736592994e-06 2.847379160324539e-06 0
5.110811671188008e-06 2.86734490466199e-06 0
5.094105862088809e-06 2.856348726128458e-06 0
5.092935796683822e-06 2.876314470465896e-06 0
5.076229987584622e-06 2.865318291932365e-06 0
5.109641605783031e-06 2.887310648999429e-06 0
5.091765731278827e-06 2.896280214803326e-06 0
5.199020978303919e-06 2.842462819979848e-06 0
5.288400350824839e-06 2.797614990960281e-06 0
5.108471540378053e-06 2.907276393336861e-06 0
5.318497157924567e-06 1.987989038929116e-06 0
5.443953172883503e-06 2.215718677559352e-06 0
5.460658981982682e-06 2.226714856092872e-06 0
5.359578955412106e-06 2.471220128486894e-06 0
5.077400052989607e-06 2.845352547594929e-06 0
5.059524178485433e-06 2.854322113398839e-06 0
5.060694243890397e-06 2.834356369061386e-06 0
5.042818369386236e-06 2.843325934865308e-06 0
5.418211733974058e-06 2.654965052983126e-06 0
5.417041668569036e-06 2.674930797320473e-06 0
5.184655300014736e-06 2.79153515277141e-06 0
5.043988434791193e-06 2.823360190527859e-06 0
5.026112560287028e-06 2.832329756331795e-06 0
5.024942494882054e-06 2.852295500669227e-06 0
5.008236685782852e-06 2.841299322135712e-06 0
5.007066620377867e-06 2.861265066473152e-06 0
4.990360811278675e-06 2.850268887939642e-06 0
4.98919074587371e-06 2.870234632277073e-06 0
4.972484936774499e-06 2.859238453743558e-06 0
4.971314871369574e-06 2.879204198081012e-06 0
4.954609062270295e-06 2.868208019547478e-06 0
4.953438996865373e-06 2.888173763884924e-06 0
4.9367331877661e-06 2.877177585351406e-06 0
4.935563122361142e-06 2.897143329688809e-06 0
4.918857313261934e-06 2.886147151155297e-06 0
4.91768724785696e-06 2.906112895492716e-06 0
4.900981438757756e-06 2.895116716959199e-06 0
4.899811373352786e-06 2.915082461296635e-06 0
4.88310556425358e-06 2.904086282763114e-06 0
4.881935498848605e-06 2.924052027100554e-06 0
4.86522968974939e-06 2.913055848567028e-06 0
4.864059624344421e-06 2.933021592904475e-06 0
4.847353815245212e-06 2.922025414370947e-06 0
4.880765433443813e-06 2.94401777143817e-06 0
4.846183749840239e-06 2.941991158708417e-06 0
4.829477940741041e-06 2.930994980174867e-06 0
4.828307875336062e-06 2.950960724512325e-06 0
4.811602066236867e-06 2.939964545978792e-06 0
4.810432000831886e-06 2.959930290316236e-06 0
4.793726191732691e-06 2.948934111782723e-06 0
4.792556126327706e-06 2.96889985612016e-06 0
4.775850317228507e-06 2.957903677586643e-06 0
4.774680251823617e-06 2.977869421924263e-06 0
4.757974442724339e-06 2.966873243390577e-06 0
4.791386060923071e-06 2.988865600458107e-06 0
4.756804377319452e-06 2.986838987728212e-06 0
4.740098568220149e-06 2.975842809194496e-06 0
4.738928502815164e-06 2.995808553531912e-06 0
4.955779127675047e-06 2.848242275210078e-06 0
4.741268633625126e-06 2.955877064857025e-06 0
4.723392759120942e-06 2.964846630660929e-06 0
4.830648006146018e-06 2.911029235837506e-06 0
4.724562824525914e-06 2.944880886323482e-06 0
4.706686950021754e-06 2.953850452127395e-06 0
4.707857015426723e-06 2.933884707789949e-06 0
4.689981140922561e-06 2.942854273593844e-06 0
4.691151206327553e-06 2.92288852925642e-06 0
4.673275331823367e-06 2.931858095060335e-06 0
4.672105266418368e-06 2.951823839397747e-06 0
4.65539945731918e-06 2.940827660864222e-06 0
4.656569522724183e-06 2.920861916526801e-06 0
4.638693648219994e-06 2.929831482330681e-06 0
4.639863713625003e-06 2.909865737993255e-06 0
4.621987839120808e-06 2.918835303797143e-06 0
5.434917543073242e-06 2.665961231516583e-06 0
5.433747477668257e-06 2.685926975853972e-06 0
4.620817773715787e-06 2.938801048134573e-06 0
4.604111964616604e-06 2.927804869601027e-06 0
4.605282030021622e-06 2.907839125263593e-06 0
4.58740615551743e-06 2.916808691067485e-06 0
5.027282625692e-06 2.812364011994355e-06 0
4.58623609011241e-06 2.93677443540492e-06 0
4.569530281013235e-06 2.92577825687138e-06 0
4.58857622092243e-06 2.896842946730046e-06 0
5.451623352172444e-06 2.676957410050104e-06 0
5.450453286767464e-06 2.696923154387506e-06 0
4.568360215608224e-06 2.945744001208825e-06 0
4.551654406509047e-06 2.934747822675271e-06 0
5.468329161271638e-06 2.687953588583628e-06 0
5.467159095866657e-06 2.707919332921074e-06 0
5.485034970370826e-06 2.69894976711714e-06 0
5.483864904965853e-06 2.71891551145458e-06 0
5.255509011172364e-06 2.17462369104042e-06 0
5.254338945767438e-06 2.194589435377826e-06 0
5.237633136668161e-06 2.183593256844318e-06 0
5.23646307126322e-06 2.203559001181776e-06 0
5.21975726216393e-06 2.192562822648227e-06 0
5.218587196759024e-06 2.2125285669857e-06 0
5.201881387659802e-06 2.201532388452189e-06 0
5.200711322254853e-06 2.221498132789626e-06 0
5.18400551315565e-06 2.210501954256108e-06 0
5.182835447750679e-06 2.23046769859356e-06 0
5.166129638651476e-06 2.219471520060035e-06 0
5.164959573246502e-06 2.239437264397486e-06 0
5.148253764147298e-06 2.228441085863968e-06 0
5.304131479635338e-06 1.937061371720644e-06 0
5.354898693792186e-06 2.551083105836605e-06 0
4.952268931460556e-06 2.908139508222469e-06 0
5.486205035775818e-06 2.67898402277969e-06 0
5.502910844875006e-06 2.689980201313211e-06 0
5.504080910279992e-06 2.670014456975754e-06 0
4.533973917121194e-06 2.052201846368598e-06 0
4.516098042617005e-06 2.061171412172493e-06 0
5.461829047387692e-06 2.206749111755436e-06 0
5.478534856486866e-06 2.217745290288953e-06 0
5.147083698742324e-06 2.248406830201413e-06 0
5.130377889643122e-06 2.237410651667895e-06 0
4.714552514426629e-06 2.523573642507616e-06 0
4.713382449021635e-06 2.543539386845047e-06 0
4.719232776047197e-06 2.443710665158075e-06 0
5.520786719379181e-06 2.681010635509299e-06 0
5.521956784784169e-06 2.661044891171837e-06 0
4.294892049566132e-06 2.579117267102054e-06 0
4.277016175061959e-06 2.588086832905966e-06 0
4.517268108022011e-06 2.041205667835059e-06 0
4.499392233517827e-06 2.050175233638942e-06 0
4.498222168112807e-06 2.07014097797638e-06 0
4.481516359013633e-06 2.059144799442819e-06 0
4.480346293608612e-06 2.079110543780266e-06 0
5.479704921891868e-06 2.197779545951523e-06 0
5.496410730991064e-06 2.208775724485046e-06 0
5.53866259388337e-06 2.672041069705387e-06 0
5.539832659288351e-06 2.652075325367921e-06 0
4.482686424418639e-06 2.039179055105393e-06 0
4.464810549914455e-06 2.048148620909268e-06 0
5.129207824238151e-06 2.257376396005334e-06 0
5.112502015138948e-06 2.246380217471815e-06 0
5.14591363333736e-06 2.268372574538879e-06 0
4.731258323525786e-06 2.534569821041201e-06 0
4.730088258120827e-06 2.554535565378594e-06 0
5.556538468387538e-06 2.663071503901468e-06 0
5.557708533792525e-06 2.643105759564059e-06 0
5.55536840298261e-06 2.683037248238907e-06 0
5.165479097714804e-06 1.638438537654732e-06 0
4.278186240466932e-06 2.568121088568538e-06 0
4.260310365962746e-06 2.577090654372445e-06 0
5.497580796396042e-06 2.188809980147585e-06 0
5.514286605495243e-06 2.199806158681109e-06 0
5.513116540090264e-06 2.219771903018566e-06 0
5.53099241459443e-06 2.210802337214632e-06 0
5.574414342891728e-06 2.654101938097565e-06 0
5.575584408296716e-06 2.634136193760132e-06 0
4.465980615319462e-06 2.028182876571843e-06 0
4.448104740815269e-06 2.037152442375735e-06 0
5.592290217395908e-06 2.645132372293646e-06 0
5.593460282800925e-06 2.625166627956229e-06 0
4.747964132625004e-06 2.545565999574794e-06 0
4.746794067220022e-06 2.565531743912137e-06 0
5.532162479999437e-06 2.190836592877186e-06 0
5.548868289098603e-06 2.201832771410722e-06 0
4.449274806220282e-06 2.017186698038295e-06 0
4.431398931716089e-06 2.026156263842178e-06 0
5.111331949733979e-06 2.266345961809255e-06 0
5.094626140634774e-06 2.255349783275739e-06 0
5.610166091900105e-06 2.636162806489737e-06 0
5.611336157305079e-06 2.616197062152294e-06 0
5.594630348205883e-06 2.605200883618843e-06 0
5.61250622271005e-06 2.596231317814858e-06 0
5.629212031809265e-06 2.607227496348353e-06 0
5.630382097214217e-06 2.587261752010909e-06 0
5.613676288115056e-06 2.576265573477445e-06 0
5.631552162619191e-06 2.567296007673501e-06 0
5.529822349189452e-06 2.230768081552086e-06 0
5.648257971718386e-06 2.578292186206976e-06 0
5.649428037123356e-06 2.558326441869538e-06 0
5.632722228024127e-06 2.547330263336078e-06 0
5.650598102528296e-06 2.538360697532093e-06 0
5.633892293429048e-06 2.527364518998618e-06 0
5.651768167933201e-06 2.518394953194643e-06 0
5.668473977032462e-06 2.529391131728142e-06 0
5.669644042437355e-06 2.509425387390676e-06 0
5.686349851536604e-06 2.520421565924177e-06 0
5.687519916941509e-06 2.500455821586712e-06 0
5.704225726040746e-06 2.51145200012019e-06 0
5.705395791445698e-06 2.491486255782781e-06 0
5.722101600544904e-06 2.502482434316237e-06 0
5.723271665949865e-06 2.482516689978823e-06 0
5.73997747504904e-06 2.493512868512272e-06 0
5.741147540453995e-06 2.473547124174848e-06 0
5.757853349553187e-06 2.484543302708311e-06 0
5.759023414958155e-06 2.464577558370893e-06 0
5.775729224057373e-06 2.475573736904375e-06 0
5.738807409644083e-06 2.51347861284973e-06 0
5.742317605858936e-06 2.453581379837403e-06 0
5.635062358833974e-06 2.507398774661157e-06 0
4.432568997121105e-06 2.006190519504734e-06 0
4.450444871625289e-06 1.997220953700863e-06 0
4.414693122616911e-06 2.015160085308624e-06 0
4.413523057211889e-06 2.035125829646077e-06 0
4.396817248112692e-06 2.024129651112545e-06 0
4.395647182707644e-06 2.044095395449976e-06 0
4.397987313517712e-06 2.004163906775088e-06 0
4.380111439013503e-06 2.013133472579004e-06 0
4.38128150441852e-06 1.993167728241543e-06 0
5.550038354503616e-06 2.181867027073318e-06 0
5.566744163602795e-06 2.192863205606837e-06 0
4.36340562991434e-06 2.002137294045436e-06 0
4.364575695319347e-06 1.982171549707986e-06 0
4.346699820815162e-06 1.991141115511889e-06 0
4.347869886220171e-06 1.971175371174425e-06 0
4.329994011715965e-06 1.980144936978333e-06 0
4.3288239463108e-06 2.000110681315856e-06 0
4.331164077120984e-06 1.960179192640873e-06 0
4.313288202616774e-06 1.969148758444776e-06 0
4.31445826802179e-06 1.949183014107351e-06 0
4.296582393517598e-06 1.958152579911242e-06 0
4.297752458922601e-06 1.938186835573816e-06 0
4.76466994172424e-06 2.556562178108289e-06 0
4.763499876319213e-06 2.576527922445672e-06 0
4.365745760724386e-06 1.962205805370498e-06 0
5.093456075229796e-06 2.275315527613172e-06 0
5.076750266130595e-06 2.264319349079656e-06 0
5.567914229007808e-06 2.172897461269434e-06 0
5.584620038106989e-06 2.183893639802928e-06 0
5.097811443420083e-06 1.90493595100574e-06 0
4.781375750823402e-06 2.567558356641758e-06 0
4.780205685418398e-06 2.587524100979186e-06 0
4.762329810914205e-06 2.596493666783091e-06 0
4.779035620013387e-06 2.607489845316632e-06 0
4.761159745509187e-06 2.616459411120519e-06 0
4.777865554608385e-06 2.627455589654078e-06 0
4.759989680104177e-06 2.63642515545796e-06 0
4.776695489203368e-06 2.647421333991518e-06 0
4.794571363707562e-06 2.638451768187603e-06 0
4.75881961469917e-06 2.656390899795416e-06 0
4.79340129830253e-06 2.658417512525078e-06 0
4.811277172806745e-06 2.649447946721137e-06 0
4.550484341104048e-06 2.954713567012717e-06 0
4.53377853200486e-06 2.943717388479176e-06 0
4.810107107401753e-06 2.669413691058601e-06 0
4.827982981905938e-06 2.660444125254671e-06 0
5.585790103511964e-06 2.163927895465507e-06 0
5.602495912611166e-06 2.174924073999004e-06 0
5.569084294412639e-06 2.152931716932113e-06 0
5.601325847206178e-06 2.19488981833644e-06 0
5.619201721710365e-06 2.18592025253253e-06 0
5.618031656305372e-06 2.205885996869968e-06 0
5.635907530809553e-06 2.196916431066025e-06 0
5.634737465404575e-06 2.216882175403489e-06 0
5.652613339908761e-06 2.207912609599544e-06 0
5.651443274503794e-06 2.227878353936987e-06 0
5.669319149007961e-06 2.218908788133035e-06 0
5.670489214412947e-06 2.198943043795645e-06 0
5.687195023512139e-06 2.209939222329143e-06 0
5.60366597801613e-06 2.154958329661637e-06 0
5.688365088917155e-06 2.189973477991738e-06 0
5.70507089801631e-06 2.200969656525241e-06 0
5.703900832611336e-06 2.220935400862665e-06 0
5.721776707115497e-06 2.211965835058783e-06 0
5.760193480363102e-06 2.444611814033449e-06 0
5.706240963421279e-06 2.181003912187814e-06 0
4.765515113699851e-06 2.246079834513086e-06 0
5.075580200725619e-06 2.284285093417095e-06 0
5.058874391626408e-06 2.273288914883574e-06 0
5.185175578560504e-06 2.19053620991859e-06 0
4.532608466599845e-06 2.963683132816617e-06 0
4.549314275699035e-06 2.974679311350166e-06 0
4.515902657500657e-06 2.952686954283068e-06 0
4.517072722905692e-06 2.932721209945596e-06 0
4.499196848401522e-06 2.941690775749508e-06 0
4.500366913806533e-06 2.921725031412049e-06 0
4.482491039302329e-06 2.930694597215946e-06 0
4.483661104707332e-06 2.910728852878515e-06 0
4.465785230203116e-06 2.919698418682386e-06 0
4.324793471549629e-06 2.661006857181404e-06 0
4.466955295608171e-06 2.899732674344964e-06 0
4.449079421103989e-06 2.908702240148786e-06 0
4.341499280648816e-06 2.672003035714923e-06 0
4.323623406144647e-06 2.680972601518838e-06 0
4.450249486509039e-06 2.888736495811402e-06 0
4.432373612005025e-06 2.897706061615189e-06 0
4.782545816228555e-06 2.547592612304379e-06 0
5.480874987296846e-06 2.177813801614086e-06 0
4.340329215243825e-06 2.691968780052367e-06 0
4.322453340739629e-06 2.700938345856263e-06 0
4.468125361013207e-06 2.879766930007539e-06 0
4.305747531640459e-06 2.689942167322729e-06 0
4.304577466235454e-06 2.709907911660168e-06 0
4.287871657136268e-06 2.698911733126666e-06 0
4.286701591731286e-06 2.718877477464099e-06 0
4.269995782632091e-06 2.707881298930581e-06 0
5.217417131354037e-06 2.232494311323101e-06 0
5.743487671263883e-06 2.433615635499976e-06 0
5.057704326221462e-06 2.293254659220977e-06 0
5.07441013532067e-06 2.304250837754496e-06 0
5.040998517122237e-06 2.282258480687495e-06 0
4.531438401194852e-06 2.983648877154054e-06 0
4.548144210294035e-06 2.994645055687605e-06 0
4.530268335789854e-06 3.003614621491499e-06 0
4.54697414488902e-06 3.014610800025055e-06 0
4.529098270384845e-06 3.023580365828936e-06 0
4.54580407948401e-06 3.03457654436248e-06 0
4.447909355698991e-06 2.928667984486124e-06 0
4.527928204979831e-06 3.043546110166372e-06 0
4.544634014079002e-06 3.054542288699923e-06 0
4.526758139574797e-06 3.063511854503813e-06 0
4.543463948673976e-06 3.07450803303737e-06 0
4.510052330475637e-06 3.052515675970251e-06 0
4.508882265070591e-06 3.072481420307695e-06 0
4.492176455971415e-06 3.061485241774102e-06 0
4.799251625327611e-06 2.558588790837851e-06 0
4.800421690732734e-06 2.538623046500423e-06 0
4.826812916500946e-06 2.680409869592126e-06 0
4.84468879100513e-06 2.671440303788208e-06 0
4.303407400830471e-06 2.729873655997611e-06 0
4.285531526326309e-06 2.738843221801547e-06 0
5.060044457031354e-06 2.253323170546142e-06 0
5.039828451717279e-06 2.302224225024851e-06 0
5.02312264261806e-06 2.291228046491427e-06 0
4.491006390566371e-06 3.08145098611154e-06 0
4.451419551914112e-06 2.868770751473908e-06 0
4.469295426418213e-06 2.859801185670083e-06 0
5.021952577213078e-06 2.311193790828808e-06 0
5.00524676811388e-06 2.300197612295344e-06 0
5.465989030461693e-06 2.727885077258519e-06 0
5.482694839560899e-06 2.738881255792021e-06 0
5.464818965056729e-06 2.747850821595964e-06 0
5.481524774155953e-06 2.758847000129451e-06 0
5.463648899651761e-06 2.767816565933396e-06 0
5.480354708750987e-06 2.778812744466894e-06 0
5.462478834246787e-06 2.787782310270843e-06 0
5.479184643345995e-06 2.798778488804349e-06 0
5.461308768841808e-06 2.807748054608286e-06 0
5.478014577941024e-06 2.818744233141796e-06 0
5.460138703436838e-06 2.827713798945736e-06 0
5.476844512536068e-06 2.838709977479242e-06 0
5.45896863803191e-06 2.847679543283193e-06 0
5.494720387040202e-06 2.829740411675313e-06 0
5.493550321635286e-06 2.849706156012748e-06 0
5.511426196139417e-06 2.84073659020882e-06 0
5.510256130734509e-06 2.860702334546256e-06 0
5.528132005238673e-06 2.851732768742316e-06 0
5.526961939833701e-06 2.871698513079743e-06 0
5.544837814337871e-06 2.862728947275806e-06 0
5.543667748932881e-06 2.882694691613267e-06 0
5.525791874428741e-06 2.891664257417189e-06 0
5.542497683527911e-06 2.902660435950707e-06 0
5.524621809023777e-06 2.911630001754627e-06 0
5.541327618122967e-06 2.922626180288133e-06 0
5.5234517436188e-06 2.931595746092084e-06 0
5.540157552718002e-06 2.942591924625574e-06 0
5.522281678213815e-06 2.951561490429531e-06 0
5.538987487313033e-06 2.962557668963016e-06 0
5.521111612808859e-06 2.971527234766952e-06 0
5.55686336181721e-06 2.953588103159086e-06 0
5.561543623437048e-06 2.873725125809345e-06 0
5.555693296412227e-06 2.973553847496519e-06 0
5.573569170916406e-06 2.964584281692596e-06 0
5.572399105511407e-06 2.984550026030005e-06 0
5.590274980015597e-06 2.975580460226179e-06 0
5.589104914610608e-06 2.995546204563535e-06 0
5.606980789114758e-06 2.986576638759732e-06 0
5.605810723709834e-06 3.006542383097045e-06 0
5.587934849205383e-06 3.015511948900783e-06 0
5.623686598213971e-06 2.9975728172932e-06 0
5.622516532809041e-06 3.017538561630565e-06 0
5.640392407313215e-06 3.008568995826707e-06 0
5.641562472718105e-06 2.988603251489294e-06 0
5.639222341908239e-06 3.028534740164128e-06 0
5.657098216412417e-06 3.01956517436022e-06 0
5.655928151007434e-06 3.039530918697656e-06 0
5.673804025511607e-06 3.030561352893717e-06 0
5.672633960106636e-06 3.050527097231159e-06 0
5.690509834610805e-06 3.041557531427252e-06 0
5.689339769205812e-06 3.061523275764687e-06 0
5.70721564371e-06 3.052553709960819e-06 0
5.708385709115008e-06 3.032587965623352e-06 0
5.706045578304944e-06 3.072519454298287e-06 0
5.504405803709649e-06 2.960531056233493e-06 0
5.50323573830468e-06 2.980496800570829e-06 0
5.486529929205494e-06 2.969500622037413e-06 0
5.485359863800509e-06 2.989466366374758e-06 0
5.468654054701319e-06 2.978470187841337e-06 0
5.467483989296365e-06 2.998435932178775e-06 0
5.654758085602558e-06 3.059496663034981e-06 0
4.561339823178187e-06 3.065538467233465e-06 0
4.560169757773156e-06 3.085504211570907e-06 0
4.507062412806416e-06 2.511413966129958e-06 0
4.490356603707165e-06 2.500417787596384e-06 0
5.00407670270891e-06 2.320163356632784e-06 0
4.987370893609709e-06 2.309167178099279e-06 0
4.988540959014673e-06 2.289201433761838e-06 0
4.970665084510514e-06 2.298170999565771e-06 0
4.969495019105544e-06 2.318136743903211e-06 0
5.215597146067098e-06 1.671426869802293e-06 0
4.952789210006345e-06 2.307140565369719e-06 0
4.951619144601379e-06 2.327106309707154e-06 0
4.302237335425502e-06 2.749839400335072e-06 0
4.902151504162655e-06 2.875150972621817e-06 0
5.608996026495129e-06 2.656128550827187e-06 0
4.808937041996688e-06 2.689379435396082e-06 0
5.045158500196162e-06 2.803394446190417e-06 0
5.028452691096971e-06 2.792398267656913e-06 0
5.046328565601144e-06 2.78342870185299e-06 0
5.029622756501945e-06 2.772432523319478e-06 0
5.047498631006113e-06 2.763462957515549e-06 0
5.030792821906909e-06 2.75246677898204e-06 0
5.048668696411077e-06 2.743497213178112e-06 0
5.031962887311756e-06 2.732501034644562e-06 0
5.049838761816025e-06 2.723531468840657e-06 0
5.033132952716682e-06 2.712535290307098e-06 0
5.05100882722096e-06 2.703565724503218e-06 0
5.034303018121736e-06 2.692569545969688e-06 0
5.05217889262593e-06 2.683599980165775e-06 0
4.578045632277363e-06 3.076534645767009e-06 0
4.57687556687234e-06 3.096500390104453e-06 0
4.594751441376537e-06 3.08753082430057e-06 0
4.593581375971527e-06 3.107496568638004e-06 0
4.575705501467331e-06 3.116466134441893e-06 0
4.592411310566513e-06 3.127462312975452e-06 0
4.610287185070712e-06 3.118492747171551e-06 0
4.609117119665695e-06 3.138458491509002e-06 0
4.626992994169914e-06 3.129488925705129e-06 0
4.625822928764873e-06 3.14945467004255e-06 0
4.643698803269097e-06 3.14048510423869e-06 0
4.642528737864059e-06 3.160450848576101e-06 0
4.660404612368257e-06 3.15148128277222e-06 0
4.65923454696324e-06 3.171447027109657e-06 0
4.677110421467427e-06 3.162477461305813e-06 0
4.675940356062417e-06 3.182443205643221e-06 0
4.693816230566601e-06 3.173473639839356e-06 0
4.692646165161585e-06 3.193439384176782e-06 0
4.710522039665809e-06 3.184469818372871e-06 0
4.709351974260764e-06 3.204435562710333e-06 0
4.727227848764995e-06 3.195465996906427e-06 0
4.726057783359943e-06 3.215431741243882e-06 0
4.743933657864138e-06 3.206462175440022e-06 0
4.742763592459111e-06 3.226427919777447e-06 0
4.760639466963306e-06 3.217458353973588e-06 0
4.607947054260692e-06 3.158424235846453e-06 0
4.75946940155827e-06 3.237424098311026e-06 0
4.777345276062472e-06 3.228454532507154e-06 0
4.778515341467508e-06 3.208488788169715e-06 0
4.795221150566673e-06 3.219484966703292e-06 0
4.796391215971708e-06 3.199519222365845e-06 0
4.813097025070879e-06 3.210515400899403e-06 0
4.814267090475907e-06 3.190549656561965e-06 0
4.83097289957508e-06 3.201545835095523e-06 0
4.829802834170067e-06 3.221511579432973e-06 0
4.84767870867426e-06 3.212542013629081e-06 0
4.84884877407928e-06 3.192576269291644e-06 0
4.865554583178455e-06 3.203572447825199e-06 0
4.866724648583478e-06 3.183606703487759e-06 0
4.883430457682653e-06 3.194602882021319e-06 0
4.882260392277638e-06 3.214568626358751e-06 0
4.900136266781832e-06 3.205599060554866e-06 0
4.898966201376825e-06 3.225564804892297e-06 0
4.916842075881022e-06 3.216595239088403e-06 0
4.918012141286019e-06 3.196629494750959e-06 0
4.934717950385218e-06 3.207625673284501e-06 0
4.935888015790204e-06 3.187659928947059e-06 0
4.952593824889404e-06 3.198656107480595e-06 0
4.953763890294394e-06 3.178690363143156e-06 0
4.970469699393591e-06 3.189686541676698e-06 0
4.915672010476022e-06 3.236560983425843e-06 0
4.971639764798587e-06 3.169720797339272e-06 0
4.988345573897769e-06 3.180716975872817e-06 0
4.987175508492783e-06 3.200682720210237e-06 0
5.005051382996943e-06 3.191713154406357e-06 0
5.006221448401949e-06 3.171747410068912e-06 0
4.954933955699396e-06 3.158724618805716e-06 0
5.003881317591957e-06 3.211678898743779e-06 0
5.021757192096136e-06 3.202709332939896e-06 0
5.020587126691127e-06 3.222675077277337e-06 0
4.674770290657388e-06 3.202408949980661e-06 0
4.741593527054078e-06 3.246393664114889e-06 0
4.75829933615324e-06 3.257389842648465e-06 0
4.971835149915475e-06 2.27820525522833e-06 0
5.227622826554297e-06 1.762286013030319e-06 0
5.113672080543875e-06 2.226414473134344e-06 0
4.315628333426791e-06 1.929217269769912e-06 0
4.298922524327602e-06 1.918221091236378e-06 0
4.508232478211334e-06 2.491448221792458e-06 0
4.491526669112142e-06 2.480452043258936e-06 0
4.509402543616316e-06 2.471482477455017e-06 0
4.492696734517119e-06 2.460486298921503e-06 0
4.510572609021286e-06 2.451516733117573e-06 0
4.493866799922071e-06 2.440520554584052e-06 0
4.511742674426367e-06 2.431550988780113e-06 0
4.495036865327072e-06 2.420554810246673e-06 0
4.477160990822869e-06 2.429524376050573e-06 0
4.478331056227849e-06 2.409558631713181e-06 0
4.460455181723657e-06 2.418528197517071e-06 0
4.461625247128612e-06 2.39856245317962e-06 0
4.443749372624449e-06 2.407532018983536e-06 0
4.444919438029406e-06 2.387566274646096e-06 0
4.427043563525241e-06 2.396535840450012e-06 0
4.42821362893021e-06 2.376570096112577e-06 0
4.410337754426038e-06 2.385539661916502e-06 0
4.411507819831012e-06 2.365573917579046e-06 0
4.393631945326839e-06 2.374543483382982e-06 0
4.394802010731812e-06 2.354577739045524e-06 0
4.44608950343441e-06 2.367600530308843e-06 0
4.37692613622764e-06 2.363547304849463e-06 0
4.378096201632611e-06 2.343581560512004e-06 0
4.360220327128436e-06 2.352551126315941e-06 0
4.361390392533413e-06 2.332585381978489e-06 0
4.379266267037585e-06 2.323615816174562e-06 0
4.362560457938392e-06 2.312619637641041e-06 0
4.380436332442545e-06 2.303650071837117e-06 0
4.363730523343373e-06 2.292653893303593e-06 0
4.381606397847522e-06 2.283684327499674e-06 0
4.364900588748352e-06 2.272688148966156e-06 0
4.343514518029237e-06 2.341554947782413e-06 0
4.342344452624252e-06 2.361520692119859e-06 0
4.325638643525056e-06 2.350524513586328e-06 0
4.324468578120075e-06 2.370490257923772e-06 0
4.307762769020879e-06 2.359494079390257e-06 0
4.382776463252528e-06 2.263718583162241e-06 0
4.366070654153327e-06 2.25272240462872e-06 0
4.348194779649159e-06 2.261691970432654e-06 0
4.349364845054123e-06 2.241726226095202e-06 0
4.512912739831427e-06 2.411585244442741e-06 0
4.306592703615894e-06 2.379459823727697e-06 0
4.289886894516702e-06 2.368463645194179e-06 0
4.331488970549955e-06 2.250695791899141e-06 0
4.33265903595491e-06 2.230730047561694e-06 0
5.261359338197055e-06 2.074794969353124e-06 0
5.367769413246939e-06 2.331459918124661e-06 0
5.277544868750555e-06 2.686790090739553e-06 0
5.278714934155639e-06 2.66682434640214e-06 0
5.260839059651364e-06 2.675793912206027e-06 0
5.262009125056442e-06 2.655828167868572e-06 0
5.562713688842049e-06 2.85375938147189e-06 0
5.579419497941242e-06 2.864755560005429e-06 0
5.580589563346225e-06 2.84478981566797e-06 0
5.597295372445424e-06 2.855785994201512e-06 0
5.598465437850432e-06 2.835820249864062e-06 0
5.615171246949612e-06 2.846816428397592e-06 0
5.616341312354629e-06 2.826850684060154e-06 0
4.288716829111715e-06 2.388429389531622e-06 0
4.27201102001252e-06 2.377433210998102e-06 0
5.617186484329818e-06 2.516368340465119e-06 0
5.618356549734764e-06 2.496402596127668e-06 0
4.270840954607535e-06 2.397398955335534e-06 0
4.254135145508339e-06 2.386402776802015e-06 0
4.255305210913322e-06 2.366437032464578e-06 0
4.314783161450751e-06 2.239699613365613e-06 0
4.315953226855718e-06 2.219733869028162e-06 0
4.237429336409144e-06 2.375406598268492e-06 0
4.238599401814132e-06 2.355440853931052e-06 0
4.29807735235155e-06 2.228703434832082e-06 0
4.299247417756537e-06 2.208737690494623e-06 0
4.236259271004143e-06 2.395372342605911e-06 0
4.21955346190496e-06 2.384376164072404e-06 0
4.218383396499974e-06 2.404341908409833e-06 0
4.201677587400782e-06 2.393345729876322e-06 0
4.200507521995788e-06 2.413311474213753e-06 0
4.183801712896619e-06 2.402315295680244e-06 0
4.182631647491605e-06 2.422281040017668e-06 0
4.165925838392436e-06 2.411284861484175e-06 0
4.164755772987436e-06 2.431250605821591e-06 0
4.148049963888242e-06 2.420254427288095e-06 0
4.14687989848325e-06 2.440220171625507e-06 0
4.130174089383935e-06 2.429223993091974e-06 0
4.129004023979057e-06 2.44918973742942e-06 0
4.112298214879463e-06 2.438193558895814e-06 0
4.184971778301536e-06 2.382349551342831e-06 0
4.131344154788731e-06 2.409258248754561e-06 0
5.600480675230597e-06 2.505372161931582e-06 0
5.601650740635555e-06 2.485406417594163e-06 0
5.633047121453793e-06 2.837846862593669e-06 0
5.634217186858789e-06 2.817881118256225e-06 0
4.817127499831809e-06 2.549619225033951e-06 0
4.818297565236803e-06 2.52965348069651e-06 0
5.020782511808104e-06 2.331159535166249e-06 0
4.452589617319078e-06 2.848805007136452e-06 0
4.470465491823216e-06 2.839835441332625e-06 0
5.244133250552164e-06 2.664797733672487e-06 0
5.245303315957172e-06 2.644831989335049e-06 0
4.843518725600123e-06 2.691406048125665e-06 0
4.934913335502164e-06 2.316110131173668e-06 0
4.933743270097158e-06 2.336075875511114e-06 0
4.350534910459072e-06 2.221760481757752e-06 0
5.650922995957966e-06 2.828877296789757e-06 0
5.652093061362958e-06 2.808911552452327e-06 0
4.740423461649032e-06 3.266359408452358e-06 0
4.757129270748218e-06 3.277355586985901e-06 0
4.917037460997996e-06 2.325079696977608e-06 0
4.915867395592956e-06 2.345045441315018e-06 0
4.918207526402913e-06 2.305113952640209e-06 0
4.711692105070867e-06 3.164504074035443e-06 0
5.359254061982514e-06 2.180703529229196e-06 0
4.67581084774967e-06 2.000411064274891e-06 0
4.676980913154668e-06 1.98044531993745e-06 0
4.709027080831722e-06 2.913918963452516e-06 0
5.01408701280733e-06 2.741470600448446e-06 0
4.45375968272404e-06 2.828839262799071e-06 0
4.471635557228219e-06 2.819869696995196e-06 0
5.227427441452977e-06 2.653801555138934e-06 0
5.228597506857976e-06 2.633835810801503e-06 0
4.581751213608718e-06 2.125121870644135e-06 0
4.563875339104529e-06 2.134091436448031e-06 0
5.583774866131388e-06 2.494375983398079e-06 0
5.5849449315363e-06 2.474410239060645e-06 0
5.602820806040505e-06 2.465440673256712e-06 0
5.586114996941237e-06 2.45444449472321e-06 0
5.603990871445425e-06 2.445474928919282e-06 0
5.587285062346216e-06 2.434478750385784e-06 0
5.605160936850375e-06 2.425509184581876e-06 0
5.588455127751176e-06 2.414513006048339e-06 0
5.606331002255344e-06 2.405543440244408e-06 0
5.035473083526731e-06 2.672603801632271e-06 0
5.053348958030923e-06 2.663634235828312e-06 0
4.316798398831793e-06 1.909251525432474e-06 0
4.300092589732601e-06 1.89825534689894e-06 0
5.668798870462124e-06 2.819907730985839e-06 0
5.669968935867078e-06 2.799941986648447e-06 0
4.899161586493834e-06 2.334049262781565e-06 0
4.89799152108885e-06 2.354015007118954e-06 0
5.541002724693277e-06 2.632109581030554e-06 0
4.435883808219917e-06 2.837808828602953e-06 0
4.693686722253867e-06 1.991441498470988e-06 0
4.694856787658867e-06 1.971475754133555e-06 0
4.711562596758057e-06 1.982471932667071e-06 0
4.712732662163049e-06 1.962506188329645e-06 0
4.729438471262233e-06 1.973502366863173e-06 0
4.730608536667234e-06 1.953536622525738e-06 0
4.747314345766399e-06 1.964532801059275e-06 0
4.748484411171401e-06 1.94456705672182e-06 0
4.731778602072206e-06 1.933570878188341e-06 0
4.749654476576431e-06 1.924601312384398e-06 0
4.660275104055483e-06 1.96944914140392e-06 0
4.76636028567559e-06 1.935597490917914e-06 0
4.767530351080619e-06 1.915631746580526e-06 0
4.750824541981484e-06 1.904635568047064e-06 0
4.784236160179796e-06 1.926627925114051e-06 0
4.785406225584783e-06 1.906662180776582e-06 0
4.802112034683983e-06 1.917658359310154e-06 0
4.803282100089006e-06 1.897692614972735e-06 0
4.819987909188163e-06 1.908688793506247e-06 0
4.821157974593153e-06 1.888723049168808e-06 0
4.804452165493994e-06 1.877726870635393e-06 0
4.837863783692346e-06 1.899719227702342e-06 0
4.839033849097367e-06 1.879753483364906e-06 0
4.85573965819654e-06 1.890749661898439e-06 0
4.856909723601586e-06 1.870783917561001e-06 0
4.873615532700735e-06 1.881780096094532e-06 0
4.874785598105749e-06 1.8618143517571e-06 0
4.858079789006646e-06 1.850818173223573e-06 0
4.89149140720491e-06 1.872810530290614e-06 0
4.892661472609934e-06 1.852844785953209e-06 0
4.909367281709083e-06 1.863840964486692e-06 0
4.910537347114107e-06 1.843875220149302e-06 0
4.927243156213279e-06 1.85487139868279e-06 0
4.928413221618282e-06 1.834905654345367e-06 0
4.91170741251912e-06 1.823909475811914e-06 0
5.667628805057143e-06 2.839873475323288e-06 0
4.835003374335985e-06 2.540649659230041e-06 0
4.836173439740958e-06 2.5206839148926e-06 0
5.589625193156174e-06 2.394547261710866e-06 0
4.287546763706748e-06 2.408395133869056e-06 0
5.01759720902255e-06 2.681573367436181e-06 0
5.685504679561302e-06 2.830903909519403e-06 0
5.684334614156337e-06 2.850869653856836e-06 0
5.018767274427535e-06 2.661607623098725e-06 0
4.454929748129051e-06 2.808873518461641e-06 0
4.472805622633246e-06 2.799903952657765e-06 0
4.58058114820371e-06 2.145087614981578e-06 0
4.562705273699526e-06 2.154057180785488e-06 0
5.068884701725159e-06 2.694596158699289e-06 0
4.14570983307826e-06 2.460185915962944e-06 0
5.607501067660371e-06 2.38557769590692e-06 0
4.945119030717464e-06 1.845901832878893e-06 0
4.946289096122482e-06 1.825936088541459e-06 0
5.57174931865197e-06 2.403516827514818e-06 0
4.739253396244015e-06 3.286325152789807e-06 0
4.755959205343215e-06 3.297321331323335e-06 0
4.399482272351693e-06 2.274714761695838e-06 0
4.400652337756708e-06 2.254749017358336e-06 0
4.417358146855894e-06 2.265745195891944e-06 0
4.418528212260881e-06 2.245779451554408e-06 0
4.435234021360079e-06 2.256775630087946e-06 0
5.484189798395503e-06 3.009432110712209e-06 0
5.466313923891411e-06 3.018401676516185e-06 0
5.449608114792205e-06 3.007405497982739e-06 0
5.448438049387274e-06 3.027371242320184e-06 0
5.43173224028804e-06 3.016375063786733e-06 0
5.43056217488309e-06 3.036340808124129e-06 0
5.413856365783894e-06 3.025344629590665e-06 0
5.412686300378933e-06 3.045310373928072e-06 0
5.395980491279736e-06 3.034314195394605e-06 0
5.394810425874759e-06 3.054279939732022e-06 0
5.378104616775551e-06 3.043283761198522e-06 0
5.376934551370592e-06 3.063249505535964e-06 0
5.360228742271379e-06 3.05225332700246e-06 0
5.359058676866423e-06 3.072219071339904e-06 0
5.342352867767214e-06 3.061222892806391e-06 0
5.34118280236225e-06 3.081188637143847e-06 0
5.324476993263046e-06 3.070192458610333e-06 0
5.323306927858084e-06 3.090158202947787e-06 0
5.306601118758868e-06 3.079162024414297e-06 0
5.305431053353922e-06 3.099127768751729e-06 0
5.288725244254703e-06 3.088131590218252e-06 0
5.287555178849769e-06 3.108097334555695e-06 0
5.465143858486666e-06 3.038367420853661e-06 0
5.30426098794897e-06 3.119093513089179e-06 0
5.286385113444813e-06 3.12806307889315e-06 0
5.30309092254403e-06 3.139059257426638e-06 0
5.285215048039866e-06 3.148028823230651e-06 0
5.301920857139071e-06 3.159025001764134e-06 0
5.393640360469817e-06 3.074245684069443e-06 0
5.27084936975054e-06 3.09710115602221e-06 0
5.343522933172258e-06 3.041257148468989e-06 0
5.272019435155484e-06 3.077135411684764e-06 0
5.254143560651327e-06 3.086104977488711e-06 0
5.255313626056281e-06 3.066139233151263e-06 0
5.23743775155211e-06 3.075108798955211e-06 0
5.238607816957065e-06 3.055143054617766e-06 0
5.220731942452905e-06 3.064112620421712e-06 0
5.219561877047942e-06 3.084078364759153e-06 0
5.202856067948743e-06 3.073082186225649e-06 0
5.20168600254377e-06 3.093047930563098e-06 0
5.184980193444561e-06 3.082051752029581e-06 0
5.183810128039603e-06 3.102017496367075e-06 0
5.167104318940389e-06 3.091021317833542e-06 0
5.415026431188802e-06 3.005378885253293e-06 0
5.165934253535437e-06 3.110987062170992e-06 0
5.221902007857856e-06 3.044146876084273e-06 0
5.149228444436225e-06 3.099990883637473e-06 0
5.150398509841188e-06 3.080025139300031e-06 0
5.13252263533702e-06 3.088994705103957e-06 0
5.133692700742024e-06 3.069028960766473e-06 0
5.09059566587385e-06 2.916245959140768e-06 0
5.115816826237815e-06 3.077998526570423e-06 0
5.239777882362016e-06 3.035177310280327e-06 0
5.223072073262821e-06 3.024181131746793e-06 0
5.24094794776698e-06 3.015211565942871e-06 0
4.317968464236792e-06 1.889285781095042e-06 0
5.702210488660521e-06 2.841900088052959e-06 0
5.70104042325547e-06 2.861865832390358e-06 0
5.148058379031267e-06 3.119956627974905e-06 0
5.164764188130475e-06 3.13095280650841e-06 0
4.456099813534089e-06 2.78890777412422e-06 0
4.473975688038297e-06 2.779938208320348e-06 0
4.490681497137443e-06 2.790934386853905e-06 0
4.491851562542496e-06 2.77096864251649e-06 0
4.508557371641653e-06 2.781964821050046e-06 0
4.509727437046706e-06 2.761999076712614e-06 0
4.526433246145863e-06 2.772995255246173e-06 0
4.527603311550916e-06 2.753029510908727e-06 0
4.544309120650071e-06 2.764025689442309e-06 0
4.545479186055168e-06 2.744059945104966e-06 0
4.562184995154288e-06 2.755056123638473e-06 0
4.563355060559377e-06 2.735090379301122e-06 0
4.580060869658499e-06 2.74608655783461e-06 0
4.58123093506354e-06 2.726120813497187e-06 0
4.597936744162695e-06 2.737116992030713e-06 0
5.224242138667776e-06 3.004215387409342e-06 0
5.242118013171929e-06 2.995245821605413e-06 0
4.436404086765056e-06 2.236809885750475e-06 0
4.45310989586427e-06 2.247806064284012e-06 0
4.579411082798722e-06 2.165053359319028e-06 0
5.633567399999607e-06 2.236847919740934e-06 0
5.650273209098823e-06 2.24784409827442e-06 0
4.409167689021088e-06 2.405505406253946e-06 0
4.742113805599983e-06 2.645394721261852e-06 0
4.740943740194976e-06 2.665360465599306e-06 0
4.962994905221652e-06 1.836932267074969e-06 0
4.964164970626664e-06 1.816966522737546e-06 0
4.528773376955972e-06 2.733063766571295e-06 0
4.881285711989667e-06 2.34301882858552e-06 0
4.880115646584711e-06 2.362984572922947e-06 0
4.89682145568375e-06 2.373980751456353e-06 0
5.210721632353808e-06 2.642805376605388e-06 0
5.211891697758815e-06 2.622839632267954e-06 0
5.442262828932667e-06 2.836683364749705e-06 0
5.441092763527754e-06 2.85664910908715e-06 0
5.572919384057022e-06 2.383551083177354e-06 0
5.567069057032114e-06 2.483379804864615e-06 0
4.475145753443167e-06 2.759972463983042e-06 0
5.146888313626296e-06 3.139922372312341e-06 0
5.163594122725504e-06 3.150918550845861e-06 0
5.145718248221113e-06 3.159888116649743e-06 0
5.162424057320492e-06 3.170884295183299e-06 0
5.144548182816016e-06 3.179853860987168e-06 0
5.161253991915429e-06 3.190850039520759e-06 0
4.599106809567663e-06 2.717151247693401e-06 0
4.861394600104319e-06 2.682436482321777e-06 0
4.860224534699309e-06 2.702402226659217e-06 0
4.862564665509297e-06 2.662470737984288e-06 0
4.897796135971829e-06 3.245530549229735e-06 0
4.914501945071004e-06 3.256526727763282e-06 0
4.896626070566821e-06 3.265496293567174e-06 0
4.913331879665992e-06 3.276492472100693e-06 0
4.895456005161806e-06 3.285462037904611e-06 0
4.912161814260977e-06 3.296458216438134e-06 0
4.89428593975679e-06 3.305427782242045e-06 0
4.91099174885595e-06 3.31642396077559e-06 0
4.928867623360188e-06 3.307454394971507e-06 0
4.661574677773413e-06 3.131515538434894e-06 0
4.217213331095012e-06 2.424307652747286e-06 0
5.264869534412143e-06 2.014897736340846e-06 0
5.172825137651139e-06 1.809160454777833e-06 0
4.980870779725847e-06 1.827962701271058e-06 0
4.982040845130841e-06 1.807996956933631e-06 0
4.965335036031669e-06 1.797000778400114e-06 0
4.998746654230023e-06 1.818993135467153e-06 0
4.999916719635031e-06 1.799027391129712e-06 0
4.596766678757659e-06 2.757082736368161e-06 0
4.614642553261863e-06 2.748113170564274e-06 0
5.016622528734199e-06 1.810023569663251e-06 0
5.017792594139217e-06 1.790057825325809e-06 0
5.229767572263025e-06 2.613870066464084e-06 0
5.213061763163801e-06 2.602873887930524e-06 0
5.195185888659629e-06 2.611843453734414e-06 0
5.196355954064602e-06 2.591877709396987e-06 0
5.214231828568791e-06 2.582908143593084e-06 0
5.197526019469594e-06 2.571911965059543e-06 0
5.215401893973797e-06 2.562942399255642e-06 0
5.198696084874602e-06 2.551946220722103e-06 0
5.180820210370403e-06 2.560915786525995e-06 0
5.181990275775414e-06 2.540950042188557e-06 0
5.199866150279604e-06 2.531980476384664e-06 0
5.183160341180406e-06 2.520984297851123e-06 0
5.201036215684586e-06 2.512014732047224e-06 0
5.184330406585394e-06 2.50101855351369e-06 0
5.202206281089571e-06 2.492048987709783e-06 0
5.185500471990383e-06 2.481052809176246e-06 0
5.203376346494565e-06 2.47208324337235e-06 0
5.186670537395375e-06 2.461087064838803e-06 0
5.204546411899562e-06 2.452117499034903e-06 0
5.187840602800374e-06 2.441121320501371e-06 0
5.205716477304547e-06 2.432151754697476e-06 0
5.169964728296188e-06 2.45009088630526e-06 0
5.16411440127123e-06 2.54991960799244e-06 0
5.171134793701196e-06 2.430125141967809e-06 0
5.15325891919701e-06 2.439094707771701e-06 0
4.950449079196261e-06 2.34707205404458e-06 0
4.724237931095796e-06 2.654364287065747e-06 0
4.738083330839013e-06 3.306290897127228e-06 0
4.721377521739766e-06 3.295294718593705e-06 0
4.754789139938243e-06 3.317287075660775e-06 0
4.852879248840151e-06 2.531680093426127e-06 0
4.281371543252353e-06 2.217707256298536e-06 0
4.282541608657346e-06 2.197741511961084e-06 0
4.300417483161519e-06 2.188771946157165e-06 0
4.28371167406232e-06 2.177775767623653e-06 0
4.301587548566474e-06 2.168806201819719e-06 0
4.284881739467274e-06 2.157810023286218e-06 0
5.718916297759666e-06 2.852896266586577e-06 0
5.720086363164539e-06 2.832930522249132e-06 0
5.7177462323547e-06 2.872862010923928e-06 0
4.893115874351766e-06 3.325393526579489e-06 0
4.909821683450936e-06 3.336389705113032e-06 0
5.116986891642831e-06 3.058032782232942e-06 0
5.099111017138619e-06 3.067002348036893e-06 0
5.225412204072689e-06 2.984249643071925e-06 0
5.243288078576929e-06 2.975280077268012e-06 0
5.424386954428503e-06 2.84565293055367e-06 0
5.423216889023579e-06 2.865618674891107e-06 0
4.528448483525802e-06 2.442547167313755e-06 0
4.818817843783138e-06 1.928654537843763e-06 0
4.890321341799878e-06 1.892776274628057e-06 0
5.555043509552763e-06 2.392520648981299e-06 0
5.556213574957788e-06 2.372554904643862e-06 0
4.854049314245144e-06 2.511714349088708e-06 0
4.837343505146141e-06 2.500718170555263e-06 0
5.218912090188766e-06 2.503045166243309e-06 0
4.613472487856847e-06 2.768078914901703e-06 0
4.631348362360963e-06 2.75910934909783e-06 0
5.735622106858856e-06 2.863892445120168e-06 0
5.734452041453879e-06 2.883858189457486e-06 0
4.736913265434013e-06 3.326256641464657e-06 0
4.75361907453323e-06 3.337252819998221e-06 0
4.267005864963122e-06 2.166779589090108e-06 0
4.268175930368076e-06 2.1468138447527e-06 0
4.286051804872239e-06 2.137844278948776e-06 0
4.269345995773031e-06 2.126848100415271e-06 0
4.35820508974801e-06 2.682999214248442e-06 0
5.436087608478274e-06 2.645995487179214e-06 0
5.322332247569274e-06 2.218608405174504e-06 0
4.536963834789773e-06 2.593303556209265e-06 0
5.459488916577654e-06 2.246680600430284e-06 0
5.319796731643233e-06 3.150055435960126e-06 0
5.318626666238299e-06 3.170021180297575e-06 0
5.300750791734112e-06 3.178990746101663e-06 0
5.317456600833333e-06 3.189986924635092e-06 0
5.335332475337514e-06 3.181017358831092e-06 0
5.334162409932577e-06 3.200983103168514e-06 0
5.352038284436737e-06 3.192013537364581e-06 0
5.350868219031816e-06 3.211979281701992e-06 0
5.368744093535963e-06 3.203009715898053e-06 0
4.764345048294856e-06 2.266045578850511e-06 0
4.782220922799038e-06 2.257076013046617e-06 0
4.878100409203504e-06 2.693432660855324e-06 0
4.876930343798491e-06 2.713398405192764e-06 0
4.859054469294298e-06 2.722367970996661e-06 0
4.875760278393491e-06 2.733364149530199e-06 0
4.857884403889317e-06 2.742333715334099e-06 0
4.863409837485488e-06 2.35198839438947e-06 0
5.154428984602001e-06 2.419128963434213e-06 0
5.136553110097827e-06 2.428098529238122e-06 0
5.135383044692825e-06 2.448064273575582e-06 0
5.118677235593636e-06 2.43706809504201e-06 0
5.11750717018862e-06 2.457033839379454e-06 0
4.71656775180729e-06 2.193125554575002e-06 0
5.635387252263702e-06 2.797915373918861e-06 0
4.261480431367741e-06 2.557124910035006e-06 0
4.243604556863561e-06 2.566094475838915e-06 0
4.242434491458552e-06 2.586060220176359e-06 0
4.225728682359367e-06 2.575064041642817e-06 0
4.224558616954383e-06 2.595029785980259e-06 0
4.207852807855178e-06 2.584033607446727e-06 0
4.206682742450203e-06 2.603999351784162e-06 0
4.189976933350998e-06 2.59300317325064e-06 0
4.188806867946034e-06 2.612968917588072e-06 0
4.172101058846818e-06 2.601972739054552e-06 0
4.170930993441852e-06 2.621938483391996e-06 0
4.154225184342645e-06 2.610942304858462e-06 0
4.153055118937663e-06 2.630908049195901e-06 0
4.136349309838463e-06 2.619911870662354e-06 0
4.127833958574083e-06 2.469155481766857e-06 0
4.279356305871918e-06 2.548155344231094e-06 0
5.222422286403752e-06 2.443147933230995e-06 0
5.223592351808721e-06 2.423182188893548e-06 0
4.357035024343031e-06 2.702964958585888e-06 0
5.107301474973077e-06 2.927242137674312e-06 0
5.089425600468887e-06 2.936211703478229e-06 0
5.406511079924346e-06 2.854622496357638e-06 0
5.405341014519406e-06 2.874588240695087e-06 0
4.454279961269243e-06 2.227840319946567e-06 0
4.47098577036847e-06 2.238836498480073e-06 0
4.437574152170038e-06 2.216844141413026e-06 0
5.209551566948773e-06 2.662771120942822e-06 0
5.56589899162724e-06 2.503345549202045e-06 0
5.549193182528019e-06 2.492349370668612e-06 0
4.630178296956024e-06 2.77907509343525e-06 0
4.648054171460007e-06 2.770105527631316e-06 0
4.862239772080536e-06 2.371954138726894e-06 0
5.752327915958073e-06 2.874888623653628e-06 0
5.751157850553073e-06 2.89485436799103e-06 0
4.251470121268876e-06 2.135817666219194e-06 0
4.252640186673825e-06 2.115851921881775e-06 0
5.632397334594643e-06 2.256813664078368e-06 0
5.649103143693813e-06 2.267809842611848e-06 0
5.445773025147586e-06 2.77678613173733e-06 0
4.595921506781575e-06 3.067565079963131e-06 0
5.034498403238392e-06 1.801054003859362e-06 0
5.035668468643401e-06 1.781088259521921e-06 0
5.018962659544224e-06 1.770092080988368e-06 0
5.036838534048408e-06 1.761122515184485e-06 0
5.020132724949229e-06 1.750126336650941e-06 0
5.038008599453413e-06 1.741156770847044e-06 0
5.021302790354229e-06 1.730160592313505e-06 0
5.039178664858412e-06 1.721191026509597e-06 0
5.022472855759218e-06 1.710194847976054e-06 0
5.00459698125504e-06 1.71916441377997e-06 0
5.005767046660022e-06 1.699198669442524e-06 0
4.98789117215584e-06 1.708168235246439e-06 0
5.023642921164214e-06 1.690229103638614e-06 0
4.989061237560825e-06 1.688202490908995e-06 0
4.971185363056644e-06 1.697172056712909e-06 0
4.972355428461625e-06 1.677206312375468e-06 0
4.870755123344326e-06 2.522710527622212e-06 0
4.871925188749455e-06 2.502744783284719e-06 0
5.125177349477247e-06 2.918272571870366e-06 0
5.388635205420215e-06 2.863592062161626e-06 0
5.387465140015315e-06 2.883557806499071e-06 0
5.370759330916071e-06 2.872561627965623e-06 0
5.369589265511185e-06 2.892527372303068e-06 0
5.352883456411931e-06 2.881531193769612e-06 0
5.351713391007041e-06 2.901496938107056e-06 0
5.335007581907789e-06 2.890500759573597e-06 0
4.374910898847201e-06 2.693995392781957e-06 0
4.455450026674227e-06 2.207874575609131e-06 0
4.438744217575027e-06 2.196878397075609e-06 0
5.124007284072303e-06 2.938238316207826e-06 0
4.86958505793936e-06 2.54267627195965e-06 0
4.628683338120893e-06 2.50852423851494e-06 0
5.581759628751216e-06 2.824824071330519e-06 0
5.217092237924466e-06 1.941977712065392e-06 0
4.469815704963472e-06 2.258802242817504e-06 0
4.487691579467663e-06 2.249832677013594e-06 0
4.486521514062675e-06 2.269798421351022e-06 0
4.504397388566867e-06 2.26082885554709e-06 0
4.50322732316187e-06 2.280794599884567e-06 0
4.521103197666063e-06 2.271825034080589e-06 0
4.169760928036872e-06 2.641904227729435e-06 0
4.473650794607965e-06 2.489421609062871e-06 0
4.728268405857244e-06 1.99346811120062e-06 0
4.519933132261071e-06 2.291790778418085e-06 0
4.537809006765251e-06 2.282821212614141e-06 0
4.536638941360274e-06 2.302786956951681e-06 0
4.535143982526189e-06 2.032236102031168e-06 0
4.646884106055185e-06 2.790071271968787e-06 0
4.664759980559247e-06 2.781101706164842e-06 0
4.997576588824989e-06 1.838958879804588e-06 0
5.548023117123109e-06 2.512315115006047e-06 0
5.531317308023877e-06 2.501318936472578e-06 0
5.530147242618937e-06 2.521284680810014e-06 0
5.769033725057234e-06 2.885884802187177e-06 0
5.76786365965227e-06 2.905850546524571e-06 0
5.770203790462147e-06 2.86591905784957e-06 0
4.891945808946751e-06 3.345359270916939e-06 0
4.908651618045945e-06 3.356355449450477e-06 0
5.218817713615431e-06 1.611521691456628e-06 0
4.234764312169662e-06 2.124821487685701e-06 0
4.235934377574614e-06 2.104855743348255e-06 0
5.100801361089429e-06 2.446037660845889e-06 0
5.785739534156415e-06 2.896880980720709e-06 0
5.784569468751473e-06 2.9168467250581e-06 0
4.735743200028999e-06 3.346222385802094e-06 0
5.12901243912169e-06 3.148891938116313e-06 0
4.287221870277191e-06 2.117878534611341e-06 0
5.000891399923355e-06 2.670577188902665e-06 0
5.002061465328326e-06 2.650611444565223e-06 0
5.226582269477638e-06 2.964283898734478e-06 0
5.065374505510307e-06 2.754493391711674e-06 0
5.326492230642998e-06 2.739744370677628e-06 0
4.226898747764362e-06 2.5550982973054e-06 0
4.280201477847369e-06 2.237673000636001e-06 0
4.263495668748177e-06 2.22667682210246e-06 0
5.614001181544621e-06 2.866782172735088e-06 0
5.624206876759519e-06 2.396573874440439e-06 0
4.155395249747645e-06 2.590976560521062e-06 0
4.874590212988523e-06 2.753329893867627e-06 0
4.856714338484334e-06 2.762299459671561e-06 0
5.749987785148072e-06 2.914820112328438e-06 0
5.538337700453551e-06 2.381524470447796e-06 0
5.53950776585852e-06 2.361558726110351e-06 0
5.240298160907931e-06 2.434178367427064e-06 0
5.241468226312898e-06 2.414212623089596e-06 0
5.224762417213686e-06 2.403216444556108e-06 0
5.242638291717861e-06 2.394246878752158e-06 0
5.225932482618653e-06 2.38325070021867e-06 0
5.243808357122805e-06 2.374281134414714e-06 0
5.227102548023591e-06 2.363284955881233e-06 0
5.244978422527723e-06 2.354315390077279e-06 0
5.101971426494452e-06 2.426071916508452e-06 0
5.084095551990251e-06 2.435041482312332e-06 0
4.218058503070446e-06 2.113825309152201e-06 0
4.219228568475397e-06 2.093859564814755e-06 0
4.216888437665496e-06 2.133791053489647e-06 0
4.237104442979569e-06 2.084889999010831e-06 0
4.220398633880427e-06 2.0738938204772e-06 0
4.202522759376197e-06 2.082863386281246e-06 0
4.203692824781215e-06 2.062897641943684e-06 0
4.185816950276982e-06 2.071867207747755e-06 0
4.186987015681973e-06 2.051901463410155e-06 0
4.169111141177747e-06 2.060871029214289e-06 0
4.170281206582657e-06 2.040905284876685e-06 0
4.279876584418415e-06 1.947156401377713e-06 0
4.167941075772823e-06 2.080836773551738e-06 0
5.802445343255594e-06 2.907877159254252e-06 0
5.801275277850661e-06 2.927842903591633e-06 0
5.099631295684409e-06 2.466003405183325e-06 0
4.887460932443525e-06 2.533706706155731e-06 0
4.886290867038558e-06 2.553672450493167e-06 0
5.81915115235485e-06 2.918873337787734e-06 0
5.817981086949846e-06 2.938839082125156e-06 0
5.820321217759548e-06 2.898907593450319e-06 0
5.800105212445665e-06 2.947808647929053e-06 0
5.81681102154484e-06 2.958804826462595e-06 0
5.835856961454017e-06 2.929869516321256e-06 0
4.204862890186335e-06 2.042931897605988e-06 0
4.892466087492703e-06 2.744360328063707e-06 0
4.553669643888966e-06 2.604299734742776e-06 0
4.535793769384791e-06 2.613269300546697e-06 0
4.845533962981324e-06 2.360957960193437e-06 0
4.844363897576411e-06 2.380923704530874e-06 0
5.557383640362779e-06 2.352589160306419e-06 0
4.554514815864441e-06 2.293817391147702e-06 0
4.553344750459486e-06 2.313783135485311e-06 0
4.87641006525264e-06 3.314397348045944e-06 0
5.689535154322118e-06 2.17000773365431e-06 0
4.797561281376737e-06 3.179553478028404e-06 0
5.2540140523378e-06 1.90407283612006e-06 0
4.943948965312392e-06 1.865867577216298e-06 0
4.525263180740796e-06 2.792960999583561e-06 0
5.699870357850437e-06 2.881831576727873e-06 0
5.499400648660118e-06 2.749877434325502e-06 0
5.052374277742583e-06 1.792084438055462e-06 0
4.663589915154368e-06 2.801067450502329e-06 0
4.681465789658557e-06 2.792097884698445e-06 0
4.682635855063228e-06 2.772132140360863e-06 0
4.699341664162691e-06 2.783128318894515e-06 0
4.752449009128174e-06 3.357218564335658e-06 0
4.151235266673583e-06 2.069840595018282e-06 0
4.373740833442224e-06 2.713961137119403e-06 0
4.984185590824161e-06 2.659581010369141e-06 0
4.985355656229128e-06 2.639615266031708e-06 0
5.00323153073329e-06 2.630645700227784e-06 0
4.98652572163408e-06 2.619649521694283e-06 0
5.004401596138229e-06 2.610679955890334e-06 0
4.86457990289044e-06 2.332022650052029e-06 0
5.10028108254361e-06 3.04703660369946e-06 0
5.082405208039424e-06 3.056006169503369e-06 0
5.081235142634282e-06 3.075971913840909e-06 0
5.064529333535144e-06 3.064975735307331e-06 0
5.065699398940223e-06 3.045009990969844e-06 0
5.047823524436016e-06 3.05397955677376e-06 0
5.048993589841037e-06 3.034013812436282e-06 0
5.031117715336839e-06 3.042983378240223e-06 0
5.032287780741818e-06 3.023017633902744e-06 0
5.014411906237657e-06 3.031987199706662e-06 0
5.015581971642612e-06 3.012021455369209e-06 0
4.997706097138452e-06 3.020991021173131e-06 0
4.996536031733465e-06 3.040956765510563e-06 0
4.979830222634275e-06 3.02996058697703e-06 0
4.968649847129774e-06 2.628619087498266e-06 0
4.456620092079193e-06 2.187908831271684e-06 0
4.439914282980007e-06 2.176912652738175e-06 0
5.333837516502906e-06 2.91046650391105e-06 0
5.317131707403664e-06 2.89947032537761e-06 0
5.17912986641972e-06 3.181880473716823e-06 0
5.177959801014724e-06 3.201846218054277e-06 0
5.316286535428403e-06 3.209952668972451e-06 0
5.160083926510157e-06 3.210815783858322e-06 0
5.176789735609532e-06 3.221811962391783e-06 0
5.194665610113899e-06 3.212842396587802e-06 0
5.193495544708813e-06 3.232808140925323e-06 0
4.978660157229258e-06 3.049926331314457e-06 0
4.961954348130074e-06 3.038930152780913e-06 0
4.963124413535087e-06 3.018964408443483e-06 0
4.94524853903089e-06 3.027933974247354e-06 0
4.944078473625866e-06 3.047899718584796e-06 0
4.927372664526694e-06 3.036903540051227e-06 0
4.926202599121666e-06 3.056869284388645e-06 0
4.909496790022507e-06 3.045873105855107e-06 0
4.908326724617435e-06 3.065838850192517e-06 0
4.891620915518299e-06 3.054842671658978e-06 0
4.89045085011322e-06 3.074808415996413e-06 0
4.873745041014089e-06 3.063812237462842e-06 0
5.540677831263458e-06 2.34159298177291e-06 0
4.55568488126944e-06 2.273851646810239e-06 0
5.389805270825069e-06 2.843626317824051e-06 0
4.770324883632377e-06 3.348248998531793e-06 0
4.262325603343192e-06 2.246642566439914e-06 0
4.245619794244e-06 2.235646387906388e-06 0
5.369914158940891e-06 3.183043971560608e-06 0
5.38661996804012e-06 3.194040150094083e-06 0
5.3854499026352e-06 3.214005894431519e-06 0
5.40332577713938e-06 3.205036328627539e-06 0
5.402155711734445e-06 3.225002072964987e-06 0
5.420031586238615e-06 3.216032507161017e-06 0
5.418861520833688e-06 3.23599825149846e-06 0
5.400985646329521e-06 3.244967817302418e-06 0
5.421201651643557e-06 3.196066762823574e-06 0
5.437907460742758e-06 3.207062941357042e-06 0
5.439077526147687e-06 3.187097197019617e-06 0
5.455783335246892e-06 3.198093375553075e-06 0
5.45695340065181e-06 3.178127631215642e-06 0
5.473659209751043e-06 3.189123809749079e-06 0
5.474829275155983e-06 3.169158065411686e-06 0
5.491535084255201e-06 3.180154243945111e-06 0
5.492705149660141e-06 3.160188499607696e-06 0
5.509410958759364e-06 3.171184678141202e-06 0
5.510581024164318e-06 3.151218933803737e-06 0
5.527286833263497e-06 3.162215112337273e-06 0
5.528456898668485e-06 3.142249367999826e-06 0
5.545162707767676e-06 3.153245546533307e-06 0
5.472489144346181e-06 3.20908955408648e-06 0
5.546332773172628e-06 3.133279802195856e-06 0
5.563038582271849e-06 3.144275980729329e-06 0
5.561868516866891e-06 3.164241725066787e-06 0
5.579744391371066e-06 3.155272159262815e-06 0
5.228272613428506e-06 2.343319211543786e-06 0
5.246148487932634e-06 2.334349645739766e-06 0
5.210396738924364e-06 2.352288777347762e-06 0
4.144539767673296e-06 2.480151660300432e-06 0
5.47599934056088e-06 3.149192321074287e-06 0
5.625376942164483e-06 2.376608130102966e-06 0
5.642082751263672e-06 2.387604308636432e-06 0
4.612302422451818e-06 2.788044659239151e-06 0
5.2581740354121e-06 2.425208801623104e-06 0
4.698171598757739e-06 2.803094063231983e-06 0
4.716047473261964e-06 2.794124497428156e-06 0
4.717217538666984e-06 2.774158753090701e-06 0
4.733923347766173e-06 2.785154931624275e-06 0
4.732753282361143e-06 2.805120675961713e-06 0
5.513441433519705e-06 2.510288502276507e-06 0
5.512271368114731e-06 2.530254246613952e-06 0
5.514611498924696e-06 2.490322757939092e-06 0
5.798935147040653e-06 2.967774392266485e-06 0
5.815747550419222e-06 2.978608628751053e-06 0
5.725091518214195e-06 3.043584144156912e-06 0
5.564208647676739e-06 3.124310236391855e-06 0
5.547502838577498e-06 3.113314057858447e-06 0
4.750629156865346e-06 2.796151110157826e-06 0
4.749459091460329e-06 2.816116854495266e-06 0
4.904166741542735e-06 2.544702884689237e-06 0
4.890775743541775e-06 3.365325015254403e-06 0
4.907481552640963e-06 3.37632119378793e-06 0
4.925357427145132e-06 3.367351627984004e-06 0
4.924187361740157e-06 3.387317372321447e-06 0
4.942063236244336e-06 3.378347806517526e-06 0
4.769154818227341e-06 3.368214742869226e-06 0
5.118156957047785e-06 3.038067037895542e-06 0
4.391616707946398e-06 2.704991571315474e-06 0
4.987695787038999e-06 2.599683777356845e-06 0
4.872574975609052e-06 3.083777981800277e-06 0
4.85586916650989e-06 3.072781803266713e-06 0
4.668790455319689e-06 2.120205530299502e-06 0
4.54599946460034e-06 2.143061002251939e-06 0
5.259993887676139e-06 2.986276255801501e-06 0
5.072719791369682e-06 2.925215524944699e-06 0
4.244449728839015e-06 2.255612132243829e-06 0
4.227743919739816e-06 2.244615953710292e-06 0
4.226573854334817e-06 2.264581698047731e-06 0
4.209868045235621e-06 2.253585519514181e-06 0
4.208697979830613e-06 2.273551263851632e-06 0
4.191992170731435e-06 2.262555085318079e-06 0
4.193162236136472e-06 2.242589340980688e-06 0
4.190822105326423e-06 2.282520829655523e-06 0
4.17411629622723e-06 2.271524651121968e-06 0
4.17294623082222e-06 2.291490395459395e-06 0
4.156240421723027e-06 2.280494216925861e-06 0
4.155070356318042e-06 2.300459961263302e-06 0
4.138364547218847e-06 2.289463782729709e-06 0
4.137194481813843e-06 2.309429527067183e-06 0
4.120488672714646e-06 2.298433348533584e-06 0
4.119318607309619e-06 2.318399092871042e-06 0
4.102612798210437e-06 2.307402914337459e-06 0
4.101442732805397e-06 2.32736865867492e-06 0
4.084736923706228e-06 2.316372480141324e-06 0
4.083566858301175e-06 2.336338224478774e-06 0
4.066861049202031e-06 2.325342045945185e-06 0
4.065690983796988e-06 2.345307790282601e-06 0
4.048985174697844e-06 2.334311611748995e-06 0
5.415871603163659e-06 2.694896541657737e-06 0
4.722418078832259e-06 2.093296832887825e-06 0
4.712212383616651e-06 2.563505131182432e-06 0
5.207536329568472e-06 2.993219208875775e-06 0
5.643252816668592e-06 2.367638564298954e-06 0
5.659958625767804e-06 2.378634742832431e-06 0
4.767334965964521e-06 2.80714728869138e-06 0
5.661128691172746e-06 2.358668998494968e-06 0
5.677834500271949e-06 2.369665177028471e-06 0
5.679004565676914e-06 2.349699432691004e-06 0
5.695710374776108e-06 2.360695611224535e-06 0
5.696880440181076e-06 2.340729866887089e-06 0
5.713586249280276e-06 2.351726045420606e-06 0
5.71475631468527e-06 2.331760301083127e-06 0
5.731462123784465e-06 2.342756479616674e-06 0
5.732632189189476e-06 2.322790735279238e-06 0
5.749337998288658e-06 2.333786913812765e-06 0
5.750508063693725e-06 2.313821169475378e-06 0
5.767213872792846e-06 2.324817348008882e-06 0
5.761363545768023e-06 2.424646069696021e-06 0
5.578574325966149e-06 3.17523790360025e-06 0
5.596450200470308e-06 3.166268337796269e-06 0
4.278706519013412e-06 1.967122145715145e-06 0
4.262000709914226e-06 1.956125967181617e-06 0
4.781050857394075e-06 2.27704175738413e-06 0
4.798926731898264e-06 2.268072191580239e-06 0
4.800096797303229e-06 2.248106447242715e-06 0
4.816802606402413e-06 2.259102625776268e-06 0
4.817972671807415e-06 2.23913688143881e-06 0
4.834678480906608e-06 2.250133059972405e-06 0
4.835848546311579e-06 2.230167315634877e-06 0
4.852554355410789e-06 2.241163494168433e-06 0
4.853724420815746e-06 2.221197749830952e-06 0
4.870430229915014e-06 2.232193928364528e-06 0
4.871600295319932e-06 2.212228184027017e-06 0
4.888306104419209e-06 2.223224362560608e-06 0
4.889476169824123e-06 2.203258618223092e-06 0
4.906181978923336e-06 2.214254796756622e-06 0
4.907352044328304e-06 2.194289052419154e-06 0
4.924057853427499e-06 2.20528523095271e-06 0
4.925227918832471e-06 2.185319486615224e-06 0
4.941933727931671e-06 2.196315665148786e-06 0
4.943103793336638e-06 2.17634992081131e-06 0
4.959809602435862e-06 2.187346099344883e-06 0
4.960979667840815e-06 2.167380355007405e-06 0
4.977685476940043e-06 2.178376533540973e-06 0
4.978855542344996e-06 2.158410789203485e-06 0
4.995561351444209e-06 2.169406967737019e-06 0
4.996731416849179e-06 2.149441223399566e-06 0
5.013437225948456e-06 2.160437401933114e-06 0
5.014607291353354e-06 2.140471657595649e-06 0
5.031313100452583e-06 2.151467836129158e-06 0
5.032483165857533e-06 2.131502091791711e-06 0
5.049188974956735e-06 2.142498270325248e-06 0
5.0503590403617e-06 2.122532525987789e-06 0
5.067064849460903e-06 2.13352870452132e-06 0
5.068234914865868e-06 2.113562960183861e-06 0
5.084940723965072e-06 2.124559138717368e-06 0
5.086110789370038e-06 2.104593394379931e-06 0
5.102816598469257e-06 2.115589572913439e-06 0
5.103986663874208e-06 2.095623828575998e-06 0
5.120692472973411e-06 2.106620007109493e-06 0
5.121862538378376e-06 2.086654262772064e-06 0
5.138568347477577e-06 2.097650441305543e-06 0
5.139738412882547e-06 2.077684696968122e-06 0
4.891296022087728e-06 2.764326072401143e-06 0
4.909171896591901e-06 2.755356506597215e-06 0
5.046653459030785e-06 3.073945301111315e-06 0
5.55855370576766e-06 2.332623415968965e-06 0
5.156444221981757e-06 2.088680875501603e-06 0
5.15761428738672e-06 2.068715131164129e-06 0
5.211371419213153e-06 3.223838575121278e-06 0
5.210201353807879e-06 3.2438043194589e-06 0
4.572390690368621e-06 2.284847825343796e-06 0
4.573560755773649e-06 2.264882081006339e-06 0
4.773835079847437e-06 3.288351765519494e-06 0
5.238282923527316e-06 2.764626455359568e-06 0
4.768505031369541e-06 2.787181544353946e-06 0
5.002711252187027e-06 3.231644643081158e-06 0
5.019417061286182e-06 3.242640821614764e-06 0
5.175619670204121e-06 3.241777706729396e-06 0
5.037292935790317e-06 3.233671255810891e-06 0
5.036122870385313e-06 3.253637000148314e-06 0
5.053998744889482e-06 3.244667434344445e-06 0
5.052828679484484e-06 3.264633178681846e-06 0
5.018246995881223e-06 3.262606565952157e-06 0
5.085265617395271e-06 2.415075737974896e-06 0
5.06738974289108e-06 2.424045303778789e-06 0
4.723067865690782e-06 2.67433003140318e-06 0
4.706362056591608e-06 2.663333852869633e-06 0
5.261684231626945e-06 2.365311568610774e-06 0
5.386295074610359e-06 2.903523550836532e-06 0
5.521631891354346e-06 2.370528291914295e-06 0
5.520461825949382e-06 2.390494036251735e-06 0
4.766164900559507e-06 2.827113033028821e-06 0
4.7840407750637e-06 2.818143467224934e-06 0
5.005571661543151e-06 2.590714211552858e-06 0
4.734573134623948e-06 3.36618813013952e-06 0
4.717867325524785e-06 3.355191951605944e-06 0
4.716697260119728e-06 3.37515769594338e-06 0
4.552499578483972e-06 2.624265479080235e-06 0
4.534623703979804e-06 2.633235044884147e-06 0
4.82765808847717e-06 2.369927525997421e-06 0
4.826488023072269e-06 2.389893270334863e-06 0
4.843193832171531e-06 2.400889448868326e-06 0
4.825317957667386e-06 2.40985901467231e-06 0
4.854699101104865e-06 3.092747547604166e-06 0
4.837993292005639e-06 3.081751369070591e-06 0
4.874915106419216e-06 3.043846493125453e-06 0
4.544829399195338e-06 2.163026746589382e-06 0
4.787030692731527e-06 3.359245177065387e-06 0
5.658788560362861e-06 2.398600487169889e-06 0
4.261155537938235e-06 2.266608310777367e-06 0
4.223388551549388e-06 2.614995530317693e-06 0
5.439922698122819e-06 2.876614853424601e-06 0
5.496735624420511e-06 2.499292323742989e-06 0
5.497905689825477e-06 2.479326579405565e-06 0
5.051204212337589e-06 1.812050182392902e-06 0
5.06908008684177e-06 1.80308061658899e-06 0
5.105156729279189e-06 2.075658084238626e-06 0
5.05588447395759e-06 1.73218720504314e-06 0
4.699991451020581e-06 3.364161517409809e-06 0
5.022277470642384e-06 2.601710390086368e-06 0
5.023447536047323e-06 2.58174464574889e-06 0
5.040153345146544e-06 2.592740824282406e-06 0
5.041323410551465e-06 2.572775079944922e-06 0
5.058029219650701e-06 2.583771258478445e-06 0
5.059199285055603e-06 2.563805514140962e-06 0
4.739773674789942e-06 2.685326209936765e-06 0
5.257003970007138e-06 2.445174545960579e-06 0
4.983015525419174e-06 2.679546754706582e-06 0
4.564850019393256e-06 3.005641234221173e-06 0
4.334674273335981e-06 1.900281959628572e-06 0
4.335844338740981e-06 1.880316215291128e-06 0
4.352550147840166e-06 1.891312393824696e-06 0
4.353720213245183e-06 1.871346649487244e-06 0
4.370426022344371e-06 1.882342828020842e-06 0
4.371596087749396e-06 1.862377083683391e-06 0
4.388301896848575e-06 1.87337326221695e-06 0
4.354890278650178e-06 1.851380905149785e-06 0
4.3012626551376e-06 1.878289602561512e-06 0
4.389471962253591e-06 1.853407517879515e-06 0
4.40617777135276e-06 1.864403696413063e-06 0
4.40734783675779e-06 1.844437952075619e-06 0
4.424053645856958e-06 1.855434130609177e-06 0
4.425223711261995e-06 1.835468386271748e-06 0
4.441929520361165e-06 1.846464564805307e-06 0
4.443099585766191e-06 1.826498820467861e-06 0
4.459805394865361e-06 1.83749499900142e-06 0
4.460975460270375e-06 1.817529254663969e-06 0
4.477681269369556e-06 1.828525433197524e-06 0
4.478851334774573e-06 1.80855968886009e-06 0
4.476511203964536e-06 1.848491177534973e-06 0
4.494387078468732e-06 1.839521611731078e-06 0
4.493217013063714e-06 1.859487356068522e-06 0
4.5110928875679e-06 1.850517790264633e-06 0
4.509922822162899e-06 1.870483534602073e-06 0
4.52779869666709e-06 1.861513968798208e-06 0
4.528968762072067e-06 1.841548224460742e-06 0
4.526628631262068e-06 1.881479713135631e-06 0
4.544504505766259e-06 1.872510147331792e-06 0
4.543334440361212e-06 1.892475891669222e-06 0
4.561210314865418e-06 1.883506325865374e-06 0
4.560040249460369e-06 1.903472070202804e-06 0
4.577916123964575e-06 1.894502504398942e-06 0
4.57908618936962e-06 1.874536760061516e-06 0
4.595791998468794e-06 1.885532938595084e-06 0
4.596962063873826e-06 1.865567194257649e-06 0
4.613667872973001e-06 1.876563372791228e-06 0
4.614837938378039e-06 1.856597628453788e-06 0
4.492046947658796e-06 1.879453100405961e-06 0
4.542164374956171e-06 1.912441636006664e-06 0
4.631543747477205e-06 1.867593806987362e-06 0
4.632713812882255e-06 1.847628062649928e-06 0
4.61600800378309e-06 1.836631884116347e-06 0
4.633883878287312e-06 1.827662318312498e-06 0
4.650589687386466e-06 1.838658496846069e-06 0
4.651759752791524e-06 1.818692752508647e-06 0
4.668465561890675e-06 1.829688931042228e-06 0
4.669635627295728e-06 1.809723186704794e-06 0
4.652929818196576e-06 1.798727008171209e-06 0
4.6708056927008e-06 1.789757442367339e-06 0
4.687511501799934e-06 1.800753620900926e-06 0
4.405007705947827e-06 1.88436944075047e-06 0
4.558870184055343e-06 1.923437814540234e-06 0
4.540994309551151e-06 1.932407380344117e-06 0
4.557700118650339e-06 1.94340355887767e-06 0
4.408517902162855e-06 1.824472207738172e-06 0
4.487171300922378e-06 2.850831619866185e-06 0
5.595280135065417e-06 3.186234082133713e-06 0
5.613156009569557e-06 3.177264516329731e-06 0
5.577404260561242e-06 3.195203647937702e-06 0
5.614326074974436e-06 3.157298771992279e-06 0
5.631031884073699e-06 3.168294950525754e-06 0
5.629861818668799e-06 3.1882606948632e-06 0
5.647737693172932e-06 3.179291129059213e-06 0
5.64653364070205e-06 3.199189138955572e-06 0
5.664403850695187e-06 3.19020828407805e-06 0
5.665606959080925e-06 3.170308392669461e-06 0
5.682311666747469e-06 3.181302376105278e-06 0
4.785860627326499e-06 3.3792109214028e-06 0
4.462145525675385e-06 1.797563510326514e-06 0
4.480021400179588e-06 1.788593944522653e-06 0
4.150065201268666e-06 2.089806339355701e-06 0
4.906311487235998e-06 3.396286938125378e-06 0
4.923017296335191e-06 3.407283116658886e-06 0
4.139534612623884e-06 2.269498038392296e-06 0
4.808612148568125e-06 2.398862836138855e-06 0
4.807442083163244e-06 2.418828580476303e-06 0
4.946418604435896e-06 3.007968229909916e-06 0
4.390446642541445e-06 2.724957315652922e-06 0
5.14188315857646e-06 2.929268750403864e-06 0
4.994391286039406e-06 2.189372712074581e-06 0
5.119522407568461e-06 2.126585751446935e-06 0
5.631227269189625e-06 2.276779408415767e-06 0
4.457790157484179e-06 2.167943086934247e-06 0
4.441084348384992e-06 2.156946908400709e-06 0
4.423208473880816e-06 2.165916474204648e-06 0
4.424378539285795e-06 2.145950729867185e-06 0
4.406502664781621e-06 2.154920295671105e-06 0
4.407672730186612e-06 2.134954551333663e-06 0
5.075905094154927e-06 2.574801692674477e-06 0
4.705191991186598e-06 2.683299597207072e-06 0
4.688486182087417e-06 2.67230341867353e-06 0
4.68965624749243e-06 2.652337674336071e-06 0
4.671780372988234e-06 2.661307240139984e-06 0
4.902996676137759e-06 2.56466862902668e-06 0
5.54184789666837e-06 2.321627237435471e-06 0
5.048018909551781e-06 2.162464014662666e-06 0
5.244458143981935e-06 2.955314332930643e-06 0
5.22775233488261e-06 2.944318154397083e-06 0
5.131027676502261e-06 2.818443850183201e-06 0
4.389796855682421e-06 2.143924117137565e-06 0
4.590266564872811e-06 2.275878259539923e-06 0
4.59143663027783e-06 2.255912515202404e-06 0
4.885120801633589e-06 2.573638194830604e-06 0
5.211566804329271e-06 2.33232303301031e-06 0
5.193690929825161e-06 2.341292598814297e-06 0
4.51876306685609e-06 2.31175652275582e-06 0
5.614521460090459e-06 2.265783229882285e-06 0
5.077075159559893e-06 2.554835948337029e-06 0
5.591445045420519e-06 2.955614715888767e-06 0
4.623353289642107e-06 2.007354017349187e-06 0
4.672950438393243e-06 2.641341495802525e-06 0
4.655074563889052e-06 2.650311061606446e-06 0
5.503756016850195e-06 2.37949785771827e-06 0
5.274879844511306e-06 2.43620498015664e-06 0
5.273709779106345e-06 2.456170724494094e-06 0
5.528977177213949e-06 2.541250425147466e-06 0
5.511101302709747e-06 2.550219990951406e-06 0
5.726261583619196e-06 3.02361839981948e-06 0
5.7429673927184e-06 3.034614578353008e-06 0
4.889280784708201e-06 3.094774160333862e-06 0
5.565378713081599e-06 3.104344492054391e-06 0
5.54867290398232e-06 3.093348313521011e-06 0
5.683487055743762e-06 3.161347241406408e-06 0
5.700193568536088e-06 3.17234482236338e-06 0
4.988865852443887e-06 2.579718033019321e-06 0
4.260830644509229e-06 1.97609171151906e-06 0
4.244124835410036e-06 1.965095532985526e-06 0
4.245294900815032e-06 1.945129788648097e-06 0
4.227419026310844e-06 1.954099354451975e-06 0
4.228589091715853e-06 1.934133610114545e-06 0
4.828828153882066e-06 2.349961781659973e-06 0
4.390966921087412e-06 2.123958372800128e-06 0
5.31830177280856e-06 2.879504581040122e-06 0
5.300425898304405e-06 2.888474146844148e-06 0
4.408322517045634e-06 2.715987749848984e-06 0
4.40949258245055e-06 2.696022005511529e-06 0
4.836823226600669e-06 3.101717113408037e-06 0
4.820117417501327e-06 3.090720934874527e-06 0
4.551329513078992e-06 2.64423122341768e-06 0
5.140713093171537e-06 2.949234494741299e-06 0
5.122837218667379e-06 2.958204060545283e-06 0
4.908001831186934e-06 2.775322250934655e-06 0
4.925877705691111e-06 2.766352685130734e-06 0
4.927047771096092e-06 2.746386940793296e-06 0
4.901826610732767e-06 2.584634373364136e-06 0
5.17432009648592e-06 2.079711309697652e-06 0
5.175490161890942e-06 2.059745565360131e-06 0
5.173150031080972e-06 2.09967705403511e-06 0
4.408842795591617e-06 2.114988806996228e-06 0
5.741797327313395e-06 3.054580322690428e-06 0
5.759673201817603e-06 3.045610756886539e-06 0
5.758503136412588e-06 3.065576501223959e-06 0
5.77630384095929e-06 3.056721136454158e-06 0
5.77519641718552e-06 3.076591713263185e-06 0
5.79319523674304e-06 3.067268758256331e-06 0
5.791931069344417e-06 3.087516304592458e-06 0
4.533453638574819e-06 2.6532007892216e-06 0
4.516747829475625e-06 2.642204610688073e-06 0
4.515577764070641e-06 2.662170355025522e-06 0
4.942908408220776e-06 3.067865462922228e-06 0
5.050163655245974e-06 3.014048068098786e-06 0
5.666782133909759e-06 3.150352831146064e-06 0
5.07473502874994e-06 2.594767437011935e-06 0
4.556854946674479e-06 2.253885902472699e-06 0
4.238274508384586e-06 2.064924254673291e-06 0
4.426198391549782e-06 2.707018184045021e-06 0
4.83916335741077e-06 3.061785624733219e-06 0
4.890125956682762e-06 2.784291816738581e-06 0
5.505250975684986e-06 2.650048712638325e-06 0
5.09261090325429e-06 2.585797871207986e-06 0
5.091440837849216e-06 2.605763615545427e-06 0
4.526108352715789e-06 2.482478655988725e-06 0
5.162944335866205e-06 2.569885352329879e-06 0
5.242963185147148e-06 2.68476347800987e-06 0
5.666133846222589e-06 2.569322620403049e-06 0
5.497060517850172e-06 2.789808923000411e-06 0
5.350543325602131e-06 2.921462682444493e-06 0
5.332667451098003e-06 2.930432248248494e-06 0
5.349373260197215e-06 2.941428426781947e-06 0
5.331497385693088e-06 2.950397992585914e-06 0
4.438223939029877e-06 2.797877339928082e-06 0
5.504926082255141e-06 2.359532113380883e-06 0
4.731583216956138e-06 2.825086420299154e-06 0
4.803736501830713e-06 3.370241355598938e-06 0
4.829153047310925e-06 2.640478380917238e-06 0
5.05516881029449e-06 3.224701690007009e-06 0
5.071874619393671e-06 3.235697868540565e-06 0
5.07304468479868e-06 3.215732124203123e-06 0
4.677305806583916e-06 2.270961919195157e-06 0
4.678475871988916e-06 2.250996174857709e-06 0
5.116337104783574e-06 2.476999583716898e-06 0
4.507712199665547e-06 3.092447164645131e-06 0
4.489836325161334e-06 3.101416730448984e-06 0
4.473130516062161e-06 3.090420551915395e-06 0
4.47196045065711e-06 3.110386296252842e-06 0
4.488666259756285e-06 3.121382474786422e-06 0
4.470790385252059e-06 3.13035204059028e-06 0
4.487496194351238e-06 3.14134821912386e-06 0
4.469620319847024e-06 3.150317784927716e-06 0
4.48632612894619e-06 3.161313963461299e-06 0
4.455254641557939e-06 3.099390117719245e-06 0
4.468450254441987e-06 3.170283529265142e-06 0
4.485156063541141e-06 3.18127970779872e-06 0
4.451744445342811e-06 3.159287350731577e-06 0
4.450574379937796e-06 3.179253095069007e-06 0
4.50303193804535e-06 3.172310141994878e-06 0
4.501861872640298e-06 3.19227588633231e-06 0
4.519737747144513e-06 3.183306320528436e-06 0
4.518567681739479e-06 3.203272064865881e-06 0
4.500691807235266e-06 3.212241630669751e-06 0
4.517397616334443e-06 3.223237809203334e-06 0
4.535273490838648e-06 3.214268243399455e-06 0
4.53410342543361e-06 3.234233987736881e-06 0
4.551979299937814e-06 3.225264421933038e-06 0
4.550809234532768e-06 3.245230166270449e-06 0
4.568685109036991e-06 3.236260600466603e-06 0
4.567515043631937e-06 3.256226344804034e-06 0
4.549639169127708e-06 3.26519591060787e-06 0
4.566344978226846e-06 3.27619208914151e-06 0
4.584220852731086e-06 3.267222523337637e-06 0
4.583050787325995e-06 3.287188267675108e-06 0
4.548469103722617e-06 3.285161654945337e-06 0
4.600926661830213e-06 3.278218701871268e-06 0
4.599756596425137e-06 3.298184446208727e-06 0
4.617632470929358e-06 3.289214880404886e-06 0
4.61646240552429e-06 3.309180624742334e-06 0
4.499521741830248e-06 3.23220737500721e-06 0
4.634338280028514e-06 3.300211058938481e-06 0
4.633168214623447e-06 3.320176803275912e-06 0
4.615292340119229e-06 3.329146369079774e-06 0
4.635508345433628e-06 3.280245314601019e-06 0
4.505567453971849e-06 2.240863111209667e-06 0
5.502585951445199e-06 2.399463602055675e-06 0
4.654229391914164e-06 2.960793405201646e-06 0
4.670935201013352e-06 2.971789583735183e-06 0
4.653059326509149e-06 2.980759149539078e-06 0
4.669765135608335e-06 2.991755328072646e-06 0
4.498026782996539e-06 2.961656520086988e-06 0
4.434063955955012e-06 2.276741374425859e-06 0
4.854569592791493e-06 1.910715406235907e-06 0
4.602096727235337e-06 3.258252957533733e-06 0
4.181461582086615e-06 2.442246784355099e-06 0
5.218391811642951e-06 3.104044109096697e-06 0
5.688689982346479e-06 2.480490077249293e-06 0
5.664963780817614e-06 2.589288364740484e-06 0
5.682839655321812e-06 2.58031879893655e-06 0
5.681669589916849e-06 2.600284543273979e-06 0
5.699545464421019e-06 2.591314977470039e-06 0
5.698375399016048e-06 2.61128072180747e-06 0
5.716251273520185e-06 2.602311156003519e-06 0
5.715081208115237e-06 2.62227690034097e-06 0
5.732957082619378e-06 2.613307334537021e-06 0
5.73178701721444e-06 2.633273078874501e-06 0
5.749662891718611e-06 2.624303513070551e-06 0
5.748492826313654e-06 2.644269257407987e-06 0
5.766368700817827e-06 2.635299691604083e-06 0
5.765198635412844e-06 2.655265435941507e-06 0
5.78307450991701e-06 2.646295870137637e-06 0
5.781904444512001e-06 2.666261614475082e-06 0
5.784244575322025e-06 2.626330125800182e-06 0
5.800950384421188e-06 2.637326304333712e-06 0
5.802120449826187e-06 2.617360559996227e-06 0
5.81882625892538e-06 2.628356738529806e-06 0
5.819996324330365e-06 2.608390994192323e-06 0
5.836702133429577e-06 2.619387172725926e-06 0
5.837872198834583e-06 2.599421428388499e-06 0
5.854578007933765e-06 2.610417606922042e-06 0
5.855748073338789e-06 2.590451862584628e-06 0
5.872453882437963e-06 2.601448041118181e-06 0
5.873623947842979e-06 2.581482296780745e-06 0
5.890329756942155e-06 2.592478475314264e-06 0
5.891499822347176e-06 2.572512730976852e-06 0
5.908205631446353e-06 2.583508909510379e-06 0
5.835532068024602e-06 2.63935291706332e-06 0
5.889159691537113e-06 2.612444219651706e-06 0
5.730616951809491e-06 2.653238823211943e-06 0
5.874794013247973e-06 2.561516552443309e-06 0
5.821166389735309e-06 2.588425249854822e-06 0
5.750832957123571e-06 2.604337768733066e-06 0
5.62687190099931e-06 2.647158985023261e-06 0
5.625701835594321e-06 2.667124729360699e-06 0
4.303927679376408e-06 2.128874713144838e-06 0
4.305097744781367e-06 2.10890896880741e-06 0
5.643577710098487e-06 2.65815516355677e-06 0
5.642407644693516e-06 2.678120907894202e-06 0
5.624531770189386e-06 2.687090473698154e-06 0
5.641237579288586e-06 2.698086652231608e-06 0
5.623361704784409e-06 2.707056218035531e-06 0
4.375756070822669e-06 2.383513049186907e-06 0
5.137723175502824e-06 2.40813278490064e-06 0
5.320837288734603e-06 1.948057550254201e-06 0
5.322007354139532e-06 1.928091805916727e-06 0
5.338713163238781e-06 1.939087984450278e-06 0
5.339883228643761e-06 1.919122240112722e-06 0
5.356589037742887e-06 1.930118418646411e-06 0
5.357759103147969e-06 1.910152674308795e-06 0
5.374464912247083e-06 1.921148852842473e-06 0
5.37563497765213e-06 1.901183108504972e-06 0
5.392340786751302e-06 1.91217928703849e-06 0
5.391170721346288e-06 1.932145031376005e-06 0
5.409046595850506e-06 1.923175465572008e-06 0
5.407876530445542e-06 1.943141209909446e-06 0
5.425752404949742e-06 1.934171644105519e-06 0
5.424582339544756e-06 1.954137388442953e-06 0
5.442458214048955e-06 1.945167822639022e-06 0
5.441288148643982e-06 1.965133566976453e-06 0
5.459164023148137e-06 1.956164001172516e-06 0
5.460334088553124e-06 1.936198256835082e-06 0
5.39351085215626e-06 1.892213542701041e-06 0
5.47703989765229e-06 1.9471944353686e-06 0
5.478209963057261e-06 1.927228691031131e-06 0
5.457993957743171e-06 1.976129745509965e-06 0
5.376805043057127e-06 1.881217364167534e-06 0
5.394680917561225e-06 1.872247798363601e-06 0
5.377975108462065e-06 1.861251619830089e-06 0
5.395850982966196e-06 1.85228205402616e-06 0
5.379145173867012e-06 1.84128587549265e-06 0
5.397021048371162e-06 1.832316309688729e-06 0
5.380315239271996e-06 1.821320131155204e-06 0
5.39819111377617e-06 1.812350565351302e-06 0
5.381485304677022e-06 1.801354386817762e-06 0
5.494915772156464e-06 1.938224869564654e-06 0
5.496085837561421e-06 1.918259125227191e-06 0
5.399361179181181e-06 1.792384821013857e-06 0
5.38265537008204e-06 1.781388642480215e-06 0
5.416066988280351e-06 1.80338099954742e-06 0
5.417237053685371e-06 1.783415255209972e-06 0
5.433942862784552e-06 1.794411433743526e-06 0
5.512791646660601e-06 1.929255303760706e-06 0
5.513961712065537e-06 1.909289559423242e-06 0
5.511621581255669e-06 1.949221048098136e-06 0
5.529497455759861e-06 1.94025148229418e-06 0
5.528327390354894e-06 1.960217226631612e-06 0
5.54620326485907e-06 1.951247660827686e-06 0
5.545033199454094e-06 1.97121340516515e-06 0
5.562909073958271e-06 1.96224383936123e-06 0
5.564079139363251e-06 1.942278095023769e-06 0
5.580784948462472e-06 1.953274273557286e-06 0
5.579614883057451e-06 1.97324001789475e-06 0
5.597490757561682e-06 1.964270452090828e-06 0
5.596320692156648e-06 1.984236196428272e-06 0
5.614196566660849e-06 1.975266630624416e-06 0
5.613026501255814e-06 1.995232374961819e-06 0
5.630902375759985e-06 1.986262809158007e-06 0
5.629732310354998e-06 2.006228553495387e-06 0
5.647608184859163e-06 1.997258987691578e-06 0
5.595150626751601e-06 2.004201940765685e-06 0
5.440118083239021e-06 1.985099311313888e-06 0
5.456823892338203e-06 1.996095489847383e-06 0
5.646438119454144e-06 2.017224732028999e-06 0
5.664313993958333e-06 2.008255166225145e-06 0
5.438948017834027e-06 2.005065055651337e-06 0
5.455653826933249e-06 2.016061234184815e-06 0
5.437777952429066e-06 2.025030799988787e-06 0
5.454483761528305e-06 2.036026978522284e-06 0
5.436607887024071e-06 2.04499654432627e-06 0
5.663143928553366e-06 2.028220910562583e-06 0
5.681019803057518e-06 2.019251344758729e-06 0
5.363609430172831e-06 1.810323952621552e-06 0
5.679849737652531e-06 2.039217089096172e-06 0
5.697725612156681e-06 2.030247523292334e-06 0
5.707411028826251e-06 2.161038167850369e-06 0
5.581955013867442e-06 1.933308529219818e-06 0
5.632072441165049e-06 1.966297064820506e-06 0
5.682189868462646e-06 1.999285600421169e-06 0
5.435112928189574e-06 1.774445689406083e-06 0
5.451818737288733e-06 1.785441867939586e-06 0
5.453313696123325e-06 2.05599272285976e-06 0
5.471189570627513e-06 2.047023157055814e-06 0
5.435437821619019e-06 2.064962288663814e-06 0
5.645268054049418e-06 2.037190476366411e-06 0
5.497255902966357e-06 1.898293380889742e-06 0
5.515131777470496e-06 1.889323815085779e-06 0
5.452988802693821e-06 1.765476123602185e-06 0
5.469694611793029e-06 1.776472302135577e-06 0
5.436282993594607e-06 1.754479945068607e-06 0
5.470019505222541e-06 2.066988901393288e-06 0
5.487895379726696e-06 2.058019335589345e-06 0
5.419902077924745e-06 2.034000365792891e-06 0
5.690705219727033e-06 2.150041989316862e-06 0
5.708581094231194e-06 2.141072423512925e-06 0
5.725286903330405e-06 2.15206860204639e-06 0
5.726456968735343e-06 2.132102857708929e-06 0
5.743162777834546e-06 2.143099036242404e-06 0
5.486725314321729e-06 2.077985079926791e-06 0
5.504601188825892e-06 2.06901551412287e-06 0
5.454158868098863e-06 1.745510379264775e-06 0
5.437453058999644e-06 1.734514200731141e-06 0
5.455328933503844e-06 1.725544634927316e-06 0
5.438623124404684e-06 1.714548456393692e-06 0
5.456498998908889e-06 1.705578890589838e-06 0
5.450648671883725e-06 1.805407612277053e-06 0
5.42074724990048e-06 1.723518022197534e-06 0
5.421917315305532e-06 1.703552277860094e-06 0
5.404041440801319e-06 1.712521843663968e-06 0
5.405211506206383e-06 1.692556099326529e-06 0
5.387335631702163e-06 1.701525665130388e-06 0
5.323177419544523e-06 1.908126061579e-06 0
5.388505697107233e-06 1.681559920792945e-06 0
5.370629822603013e-06 1.690529486596801e-06 0
5.473204808008038e-06 1.71657506912341e-06 0
5.50343112342092e-06 2.088981258460314e-06 0
5.521306997925127e-06 2.080011692656412e-06 0
5.691875285131956e-06 2.130076244979452e-06 0
5.412556792065365e-06 1.863278232559706e-06 0
5.522477063330048e-06 2.060045948318949e-06 0
5.53918287242933e-06 2.071042126852471e-06 0
5.371799888008084e-06 1.670563742259354e-06 0
5.353924013503869e-06 1.679533308063205e-06 0
5.352753948098803e-06 1.699499052400654e-06 0
5.33604813899962e-06 1.688502873867069e-06 0
5.334878073594592e-06 1.708468618204498e-06 0
5.337218204404669e-06 1.668537129529626e-06 0
5.318172264495399e-06 1.697472439670934e-06 0
5.317002199090385e-06 1.717438184008363e-06 0
5.300296389991181e-06 1.7064420054748e-06 0
5.468849439817576e-06 2.086954645730726e-06 0
5.299126324586194e-06 1.726407749812237e-06 0
5.361269299362873e-06 1.850255441296508e-06 0
5.301466455396149e-06 1.686476261137365e-06 0
5.498750861801058e-06 2.168844235810151e-06 0
4.989711024419629e-06 2.269235689424397e-06 0
5.833534596357257e-06 2.969774014654651e-06 0
5.832474086183845e-06 2.989573318552867e-06 0
5.850246820852873e-06 2.98076044667601e-06 0
5.848856129775021e-06 3.001061373855492e-06 0
5.866928448842367e-06 2.991793362063272e-06 0
5.867070794836777e-06 3.010262026664167e-06 0
5.887342995683877e-06 3.005388323661392e-06 0
5.865153086765147e-06 3.049865499159921e-06 0
5.890247856586021e-06 2.977750594059134e-06 0
5.421397036759382e-06 2.304551220712957e-06 0
5.253168880362579e-06 2.214555179715193e-06 0
4.732428388931114e-06 2.514604076703942e-06 0
4.827137809931337e-06 2.97092646885e-06 0
4.326808708930049e-06 2.330558769248893e-06 0
5.311476765494772e-06 2.107783504953771e-06 0
5.427247363784324e-06 2.204722499025875e-06 0
4.964294478940087e-06 2.99899866410605e-06 0
4.947588669840926e-06 2.988002485572478e-06 0
4.965464544345106e-06 2.979032919768597e-06 0
5.332342557668125e-06 2.639915648990379e-06 0
4.442579307219471e-06 2.427497763320996e-06 0
4.671455479559004e-06 2.370790640882352e-06 0
4.666775217939197e-06 2.450653618232125e-06 0
5.774559158652408e-06 2.495539481241806e-06 0
5.792435033156599e-06 2.486569915437882e-06 0
5.791264967751681e-06 2.506535659775327e-06 0
5.809140842255849e-06 2.497566093971365e-06 0
5.810310907660753e-06 2.477600349633912e-06 0
5.827016716760068e-06 2.488596528167473e-06 0
5.828186782164941e-06 2.468630783829966e-06 0
5.844892591264254e-06 2.479626962363538e-06 0
5.846062656669125e-06 2.45966121802604e-06 0
5.862768465768351e-06 2.470657396559537e-06 0
5.863938531173283e-06 2.450691652222098e-06 0
5.880644340272614e-06 2.46168783075564e-06 0
5.881814405677388e-06 2.441722086418177e-06 0
5.898520214776718e-06 2.452718264951503e-06 0
5.865108596578213e-06 2.430725907884662e-06 0
5.892669887752161e-06 2.552546986639398e-06 0
4.641358672459012e-06 3.180416592913544e-06 0
4.433739062526135e-06 1.98622477516729e-06 0
4.451614937030342e-06 1.977255209363419e-06 0
4.498871954971441e-06 2.651174176492008e-06 0
4.597286957302906e-06 2.156083793515104e-06 0
4.596116891897921e-06 2.176049537852537e-06 0
4.592931589112417e-06 2.526463370122708e-06 0
4.952464316576638e-06 2.016623966111919e-06 0
4.866399755154366e-06 2.893090104229598e-06 0
5.390000655941123e-06 1.952110775713536e-06 0
4.435558914789628e-06 2.54729222934554e-06 0
4.651889261104149e-06 3.000724893876528e-06 0
4.668595070203308e-06 3.011721072410126e-06 0
5.005896554972926e-06 2.881230810810588e-06 0
4.75563431191443e-06 3.006804732065516e-06 0
4.737758437410166e-06 3.015774297869329e-06 0
4.754464246509576e-06 3.026770476402988e-06 0
4.736588372005199e-06 3.03574004220678e-06 0
4.753294181104438e-06 3.046736220740321e-06 0
4.735418306600203e-06 3.055705786544216e-06 0
4.752124115699441e-06 3.066701965077739e-06 0
4.734248241195257e-06 3.075671530881654e-06 0
4.750954050294455e-06 3.086667709415164e-06 0
4.717542432096016e-06 3.064675352348148e-06 0
4.877450622344961e-06 2.112399462339844e-06 0
4.617178069188164e-06 1.816666139778921e-06 0
5.234772727312423e-06 2.824523688372417e-06 0
4.271165848037059e-06 2.687915554593119e-06 0
4.253289973532883e-06 2.696885120397068e-06 0
5.147928870717645e-06 1.937924486606211e-06 0
4.990231302965807e-06 1.668236746571532e-06 0
4.973525493866609e-06 1.657240568038037e-06 0
4.991401368370794e-06 1.648271002234124e-06 0
4.974695559271592e-06 1.637274823700597e-06 0
4.992571433775778e-06 1.628305257896682e-06 0
4.628163059575e-06 3.109523181367749e-06 0
5.757330982953152e-06 3.085545417812325e-06 0
4.372570768037244e-06 2.733926881456835e-06 0
5.133563192428448e-06 1.886996819397921e-06 0
5.508240893354383e-06 3.191150422478533e-06 0
4.645714040650212e-06 2.810037016306245e-06 0
4.791581446038986e-06 2.097350058347089e-06 0
4.804906567235759e-06 3.350275611261499e-06 0
4.673470716939691e-06 2.040342552949772e-06 0
5.659113453792728e-06 2.689117086427725e-06 0
5.657943388387767e-06 2.709082830765126e-06 0
5.675819262891992e-06 2.700113264961262e-06 0
4.485351448657612e-06 2.289764165688781e-06 0
5.405016121089728e-06 2.584071641437416e-06 0
5.621346467403938e-06 3.037504305967838e-06 0
4.723717652549836e-06 3.255363229918792e-06 0
5.352558562982233e-06 2.59101459451146e-06 0
5.31583213368535e-06 1.737403928345795e-06 0
4.347349607673704e-06 2.572174314027714e-06 0
4.863084944055692e-06 2.061471795131485e-06 0
5.238803202072952e-06 2.163627512506765e-06 0
5.429392109478278e-06 3.056306552461604e-06 0
5.181665382345722e-06 2.250433442930953e-06 0
5.387790033445055e-06 3.174074405756618e-06 0
5.440247591552573e-06 3.167131452682178e-06 0
5.009277242874971e-06 1.639301436430188e-06 0
5.010447308279966e-06 1.619335692092771e-06 0
5.027153117379149e-06 1.630331870626291e-06 0
5.028323182784143e-06 1.610366126288856e-06 0
5.045028991883328e-06 1.621362304822375e-06 0
5.046199057288316e-06 1.601396560484926e-06 0
5.062904866387507e-06 1.612392739018453e-06 0
5.061734800982518e-06 1.632358483355902e-06 0
5.064074931792494e-06 1.592426994680995e-06 0
4.993741499180809e-06 1.608339513559253e-06 0
5.080780740891692e-06 1.603423173214525e-06 0
5.29795625918114e-06 1.746373494149688e-06 0
5.307771184163849e-06 3.059196280076902e-06 0
5.083770658560104e-06 2.144524883054831e-06 0
5.357888611461455e-06 3.092184815677334e-06 0
4.581880721920894e-06 3.307154012012554e-06 0
5.357238824602138e-06 2.511151617161777e-06 0
5.259019207387058e-06 2.114726458028049e-06 0
5.043013754502585e-06 1.951810392754912e-06 0
4.360545220557975e-06 2.643067725573561e-06 0
5.355743865767579e-06 2.240600762241531e-06 0
5.379274682180587e-06 3.023318016861185e-06 0
4.191146998756018e-06 2.57303742891321e-06 0
5.139543027766619e-06 2.969200239078738e-06 0
5.057054539362605e-06 1.712221460705681e-06 0
5.628686088752911e-06 3.208215150127131e-06 0
5.645613734928839e-06 3.219012874282301e-06 0
5.699023620413291e-06 3.192310800437998e-06 0
4.788071249824015e-06 2.157247291359389e-06 0
4.72157290685656e-06 2.403779176482954e-06 0
4.323298512715104e-06 2.390456002261196e-06 0
4.931207754170227e-06 3.267522906296737e-06 0
5.527157324949897e-06 1.980182970969029e-06 0
5.110161884329007e-06 2.286311706146685e-06 0
5.149423829552264e-06 2.208475341526523e-06 0
4.970015297651659e-06 1.71713780105035e-06 0
4.953309488552461e-06 1.706141622516828e-06 0
4.956819684767413e-06 1.64624438950451e-06 0
4.95798975017237e-06 1.626278645167096e-06 0
4.512392461285714e-06 3.012584187295391e-06 0
5.370109544056846e-06 2.291528429449877e-06 0
5.232107703072977e-06 2.573938577789185e-06 0
5.519291760544495e-06 2.410459780589201e-06 0
4.624523355047079e-06 1.987388273011726e-06 0
4.606647480542909e-06 1.996357838815662e-06 0
5.469824120106243e-06 2.958504443503939e-06 0
4.252119908127918e-06 2.716850864734506e-06 0
4.235414099028717e-06 2.705854686200991e-06 0
4.234244033623736e-06 2.725820430538425e-06 0
4.284361460921315e-06 2.758808966138983e-06 0
4.301067270020514e-06 2.7698051446725e-06 0
4.283191395516324e-06 2.778774710476417e-06 0
4.299897204615517e-06 2.789770889009954e-06 0
4.282021330111326e-06 2.798740454813859e-06 0
4.298727139210522e-06 2.8097366333474e-06 0
4.280851264706327e-06 2.818706199151299e-06 0
4.297557073805534e-06 2.829702377684841e-06 0
4.279681199301344e-06 2.83867194348873e-06 0
4.262975390202152e-06 2.827675764955188e-06 0
4.261805324797141e-06 2.847641509292625e-06 0
4.245099515697941e-06 2.836645330759071e-06 0
4.243929450292929e-06 2.856611075096521e-06 0
4.227223641193763e-06 2.84561489656297e-06 0
4.260635259392111e-06 2.867607253630061e-06 0
4.226053575788743e-06 2.865580640900412e-06 0
4.209347766689569e-06 2.854584462366862e-06 0
4.208177701284552e-06 2.87455020670431e-06 0
4.191471892185384e-06 2.863554028170764e-06 0
4.151885053532686e-06 2.650873793533345e-06 0
4.190301826780365e-06 2.883519772508219e-06 0
4.173596017681193e-06 2.872523593974653e-06 0
4.207007635879566e-06 2.89451595104186e-06 0
4.192641957590344e-06 2.843588283833363e-06 0
4.315432948309693e-06 2.820732811880981e-06 0
4.314262882904714e-06 2.840698556218385e-06 0
4.217538224524521e-06 2.714824252004891e-06 0
4.21636815911954e-06 2.734789996342329e-06 0
4.199662350020325e-06 2.723793817808789e-06 0
4.198492284615338e-06 2.743759562146225e-06 0
4.181786475516145e-06 2.732763383612678e-06 0
4.180616410111131e-06 2.752729127950112e-06 0
4.163910601011973e-06 2.741732949416565e-06 0
4.162740535606939e-06 2.761698693753977e-06 0
4.14603472650778e-06 2.75070251522043e-06 0
4.332138757408879e-06 2.831728990414537e-06 0
4.33096869200389e-06 2.851694734751938e-06 0
4.348844566508132e-06 2.84272516894802e-06 0
4.347674501103239e-06 2.862690913285483e-06 0
4.329798626598904e-06 2.871660479089383e-06 0
4.346504435698267e-06 2.882656657622928e-06 0
4.328628561193923e-06 2.891626223426826e-06 0
4.345334370293146e-06 2.902622401960368e-06 0
4.327458495788947e-06 2.911591967764253e-06 0
4.344164304888128e-06 2.922588146297809e-06 0
4.32628843038392e-06 2.931557712101698e-06 0
4.3429942394831e-06 2.942553890635224e-06 0
4.325118364978932e-06 2.951523456439147e-06 0
4.34182417407809e-06 2.962519634972659e-06 0
4.323948299573906e-06 2.971489200776578e-06 0
4.34065410867309e-06 2.982485379310125e-06 0
4.307242490474739e-06 2.96049302224305e-06 0
4.306072425069713e-06 2.980458766580483e-06 0
4.289366615970533e-06 2.969462588046944e-06 0
4.288196550565524e-06 2.989428332384369e-06 0
4.271490741466367e-06 2.978432153850844e-06 0
4.270320676061331e-06 2.998397898188258e-06 0
4.172425952276189e-06 2.892489338312214e-06 0
4.15572014317692e-06 2.881493159778614e-06 0
4.287026485160521e-06 3.009394076721804e-06 0
4.253614866962172e-06 2.987401719654733e-06 0
4.252444801557129e-06 3.007367463992127e-06 0
4.235738992457971e-06 2.996371285458624e-06 0
4.234568927052941e-06 3.016337029796017e-06 0
4.217863117953762e-06 3.005340851262489e-06 0
4.216693052548739e-06 3.025306595599916e-06 0
4.199987243449566e-06 3.014310417066368e-06 0
4.198817178044537e-06 3.034276161403798e-06 0
4.182111368945366e-06 3.023279982870234e-06 0
4.18094130354033e-06 3.043245727207669e-06 0
4.167810669342002e-06 3.030455635513326e-06 0
4.166001422329672e-06 3.011984818809869e-06 0
4.15528022953953e-06 3.021240112948957e-06 0
4.358529983177369e-06 2.973515813505979e-06 0
4.357359917772289e-06 2.993481557843623e-06 0
4.375235792276581e-06 2.98451199203949e-06 0
4.374065726871492e-06 3.004477736377147e-06 0
4.391941601375832e-06 2.995508170573105e-06 0
4.390771535970762e-06 3.015473914910693e-06 0
4.372895661466507e-06 3.024443480714626e-06 0
4.408647410475365e-06 3.006504349106442e-06 0
4.233398861647914e-06 3.036302774133477e-06 0
4.389601470565765e-06 3.035439659248169e-06 0
4.371725596061519e-06 3.044409225052087e-06 0
4.350014631913096e-06 2.822759424610473e-06 0
4.272660806871414e-06 2.958466409513465e-06 0
4.21903318335883e-06 2.985375106925141e-06 0
4.388431405160896e-06 3.055405403585629e-06 0
4.37055553065657e-06 3.064374969389528e-06 0
4.387261339755945e-06 3.075371147923071e-06 0
4.369385465251597e-06 3.084340713726985e-06 0
4.352679656152379e-06 3.073344535193481e-06 0
4.386091274350804e-06 3.095336892260495e-06 0
4.368215399846596e-06 3.104306458064429e-06 0
4.384921208945801e-06 3.115302636597931e-06 0
4.3670453344416e-06 3.124272202401856e-06 0
4.197647112639507e-06 3.054241905741227e-06 0
4.383751143540806e-06 3.135268380935377e-06 0
4.365875269036607e-06 3.144237946739284e-06 0
4.38258107813582e-06 3.155234125272809e-06 0
4.364705203631637e-06 3.164203691076733e-06 0
4.350339525342382e-06 3.113276023868393e-06 0
4.22839370659875e-06 2.825649152225537e-06 0
4.36087011398745e-06 2.933584324831219e-06 0
4.66729549648563e-06 1.849654675379653e-06 0
4.685171370989837e-06 1.840685109575812e-06 0
4.95213942314749e-06 1.726107366854288e-06 0
4.935433614048278e-06 1.715111188320768e-06 0
4.934263548643325e-06 1.735076932658225e-06 0
4.917557739544095e-06 1.72408075412471e-06 0
4.918727804949053e-06 1.70411500978727e-06 0
4.900851930444885e-06 1.713084575591222e-06 0
4.902021995849832e-06 1.693118831253777e-06 0
4.884146121345693e-06 1.702088397057691e-06 0
4.885316186750692e-06 1.682122652720243e-06 0
4.882976055940719e-06 1.722054141395167e-06 0
4.866270246841501e-06 1.711057962861679e-06 0
4.865100181436563e-06 1.731023707199119e-06 0
4.848394372337399e-06 1.720027528665573e-06 0
4.847224306932409e-06 1.739993273003059e-06 0
4.83051849783317e-06 1.728997094469567e-06 0
4.831688563238266e-06 1.709031350132032e-06 0
4.829348432428227e-06 1.748962838807014e-06 0
4.812642623328994e-06 1.737966660273488e-06 0
4.81147255792407e-06 1.757932404610952e-06 0
4.794766748824829e-06 1.746936226077434e-06 0
4.793596683419907e-06 1.766901970414897e-06 0
4.776890874320698e-06 1.755905791881408e-06 0
4.778060939725688e-06 1.735940047543894e-06 0
4.775720808915754e-06 1.775871536218868e-06 0
4.846054241527466e-06 1.759959017340497e-06 0
4.792426618014984e-06 1.786867714752345e-06 0
4.774550743510836e-06 1.795837280556323e-06 0
4.794896257137677e-06 2.928968367445347e-06 0
4.726253168476539e-06 2.323916199133365e-06 0
4.434909127931179e-06 1.966259030829846e-06 0
4.256475276318308e-06 2.346471288127139e-06 0
4.497701889566451e-06 2.671139920829438e-06 0
4.480996080467258e-06 2.660143742295907e-06 0
4.552824471914056e-06 2.914782078337833e-06 0
5.82935684756988e-06 2.448665039492502e-06 0
5.205196198758654e-06 3.033150697550488e-06 0
5.06621967748607e-06 2.444011048116226e-06 0
5.049513868386919e-06 2.433014869582744e-06 0
4.10378286361542e-06 2.287437170000057e-06 0
4.068031114607072e-06 2.305376301607767e-06 0
4.696026853063834e-06 1.951510009796177e-06 0
4.810952279377937e-06 2.358931347463948e-06 0
4.692321271732562e-06 2.902922784918977e-06 0
5.316157027114627e-06 2.02792052760404e-06 0
4.483856489823648e-06 2.019213310768002e-06 0
5.19284575784962e-06 2.651774942409266e-06 0
5.191675692444569e-06 2.671740686746711e-06 0
5.174969883345401e-06 2.66074450821316e-06 0
5.173799817940379e-06 2.680710252550588e-06 0
5.157094008841186e-06 2.669714074017089e-06 0
5.15592394343619e-06 2.689679818354538e-06 0
5.172629752535414e-06 2.700675996888028e-06 0
5.154753878031228e-06 2.709645562691977e-06 0
5.158264074246206e-06 2.649748329679627e-06 0
5.140388199741994e-06 2.658717895483569e-06 0
4.362235564509102e-06 2.022103038383007e-06 0
4.991530876683552e-06 2.830303143602222e-06 0
4.972809830203601e-06 3.149755053001847e-06 0
4.569205387583164e-06 2.635261657613764e-06 0
5.163269229295539e-06 2.860401951587675e-06 0
5.494395493610547e-06 2.539223812417878e-06 0
5.4932254282056e-06 2.559189556755318e-06 0
4.919182206691006e-06 3.176663750413528e-06 0
4.452785002435378e-06 1.957289465025992e-06 0
4.783066094774778e-06 1.946593669451479e-06 0
5.067910021436784e-06 1.823046360926431e-06 0
4.905336806947695e-06 2.524737140351806e-06 0
4.92204261604691e-06 2.535733318885307e-06 0
4.92321268145187e-06 2.515767574547873e-06 0
4.643049016409878e-06 2.559451905723194e-06 0
4.456424706963014e-06 3.079424373381825e-06 0
5.766043807387856e-06 2.344783092346294e-06 0
5.783919681892025e-06 2.335813526542359e-06 0
5.785089747297021e-06 2.315847782204994e-06 0
5.801795556396189e-06 2.326843960738397e-06 0
5.80296562180118e-06 2.306878216401027e-06 0
5.819671430900362e-06 2.317874394934467e-06 0
5.820841496305326e-06 2.297908650597042e-06 0
5.837547305404526e-06 2.30890482913055e-06 0
5.838717370809485e-06 2.288939084793098e-06 0
5.855423179908703e-06 2.299935263326604e-06 0
5.856593245313663e-06 2.279969518989162e-06 0
5.873299054412941e-06 2.290965697522658e-06 0
5.882984471082403e-06 2.421756342080723e-06 0
5.839887436214419e-06 2.268973340455663e-06 0
5.872128989007922e-06 2.310931441860066e-06 0
5.890004863512107e-06 2.301961876056109e-06 0
5.800625490991254e-06 2.346809705075832e-06 0
5.866278661983169e-06 2.410760163547221e-06 0
5.884154536487275e-06 2.401790597743199e-06 0
5.867448727388131e-06 2.390794419209764e-06 0
5.885324601892314e-06 2.381824853405772e-06 0
5.849572852883889e-06 2.399763985013662e-06 0
4.60645209542662e-06 2.88787338092615e-06 0
4.58974628632743e-06 2.876877202392604e-06 0
4.156890208581926e-06 2.861527415441088e-06 0
4.139014334077461e-06 2.870496981245154e-06 0
5.068559808296081e-06 2.404079559441358e-06 0
5.086435682800277e-06 2.395109993637464e-06 0
5.409696382709673e-06 2.504208664087541e-06 0
4.613992766402109e-06 2.16707997204861e-06 0
4.612822700997144e-06 2.187045716386038e-06 0
4.630698575501299e-06 2.178076150582124e-06 0
4.479501121632809e-06 2.389592887375953e-06 0
5.354053521816821e-06 2.861565449432103e-06 0
5.011746881997682e-06 2.781402089123389e-06 0
5.263179190461565e-06 2.635862423531112e-06 0
5.029493248189128e-06 1.590400381951402e-06 0
5.554523231007023e-06 2.993519591833803e-06 0
5.674974090916571e-06 3.010595608556293e-06 0
4.929712795336743e-06 2.996972051376358e-06 0
4.262650496772725e-06 2.537159165697573e-06 0
4.280526371276909e-06 2.528189599893658e-06 0
4.263820562177701e-06 2.517193421360132e-06 0
4.281696436681883e-06 2.508223855556208e-06 0
4.298402245781092e-06 2.519220034089718e-06 0
4.29957231118606e-06 2.499254289752275e-06 0
4.316278120285263e-06 2.510250468285795e-06 0
4.317448185690239e-06 2.490284723948323e-06 0
4.334153994789434e-06 2.501280902481844e-06 0
4.335324060194425e-06 2.481315158144395e-06 0
4.352029869293613e-06 2.492311336677929e-06 0
4.264990627582694e-06 2.497227677022697e-06 0
4.353199934698608e-06 2.472345592340501e-06 0
4.369905743797783e-06 2.483341770874021e-06 0
4.735093413171148e-06 2.765189187286914e-06 0
4.878750196062643e-06 3.274465859371056e-06 0
4.881805990535781e-06 1.742019885732598e-06 0
4.247114753078509e-06 2.506197242826615e-06 0
5.80413568720625e-06 2.286912472063591e-06 0
4.966829994865872e-06 2.067551633320285e-06 0
4.594621933063763e-06 1.905498682932516e-06 0
5.212541484618115e-06 3.203872830783853e-06 0
5.22924729371732e-06 3.214869009317343e-06 0
5.674649197486921e-06 2.720079009298709e-06 0
5.692525071991182e-06 2.711109443494845e-06 0
5.085785895940957e-06 1.814076795122546e-06 0
5.086955961345901e-06 1.794111050785118e-06 0
4.539824244146142e-06 1.952373124681567e-06 0
5.498425968371318e-06 1.878327636552313e-06 0
5.516301842875483e-06 1.869358070748367e-06 0
5.533007651974707e-06 1.880354249281793e-06 0
5.534177717379647e-06 1.8603885049444e-06 0
4.662419849749386e-06 2.821033194839775e-06 0
4.22891398514486e-06 2.224650209372853e-06 0
5.517471908280399e-06 1.849392326410884e-06 0
5.535347782784547e-06 1.840422760606936e-06 0
5.552053591883794e-06 1.8514189391404e-06 0
5.553223657288705e-06 1.831453194802974e-06 0
4.801591756137678e-06 2.518657302163039e-06 0
5.36191908622203e-06 2.431288639812005e-06 0
4.966309716319974e-06 2.668550576173072e-06 0
4.34799939453241e-06 3.153207512543186e-06 0
5.626547007569489e-06 2.356642385765503e-06 0
4.759014999816596e-06 1.764875357685392e-06 0
5.485880142346039e-06 2.388467423522184e-06 0
5.075255307295988e-06 1.993768494159413e-06 0
4.63037368207216e-06 1.887559551324809e-06 0
4.589096499467806e-06 2.295844003877341e-06 0
5.764028570007829e-06 2.675231180278943e-06 0
5.78073437910698e-06 2.686227358812521e-06 0
5.762858504602786e-06 2.695196924616422e-06 0
5.779564313701977e-06 2.706193103149974e-06 0
5.797440188206182e-06 2.69722353734602e-06 0
5.79627012280121e-06 2.717189281683463e-06 0
5.814145997305392e-06 2.708219715879516e-06 0
5.812975931900411e-06 2.728185460216968e-06 0
5.778394248297048e-06 2.726158847487443e-06 0
5.830851806404564e-06 2.719215894413081e-06 0
5.829681740999574e-06 2.739181638750515e-06 0
5.847557615503751e-06 2.730212072946627e-06 0
5.846387550098754e-06 2.750177817284055e-06 0
5.828511675594561e-06 2.759147383087954e-06 0
5.845217484693736e-06 2.770143561621506e-06 0
5.82734161018956e-06 2.779113127425397e-06 0
5.844047419288718e-06 2.790109305958956e-06 0
5.864263424602947e-06 2.741208251480162e-06 0
5.865433490007933e-06 2.721242507142723e-06 0
5.882139299107136e-06 2.732238685676257e-06 0
5.883309364512114e-06 2.712272941338812e-06 0
5.900015173611283e-06 2.723269119872347e-06 0
5.901185239016322e-06 2.703303375534888e-06 0
5.917891048115473e-06 2.714299554068442e-06 0
5.919061113520549e-06 2.694333809730986e-06 0
5.935663653728243e-06 2.705323936331021e-06 0
5.936919776542814e-06 2.685363235271512e-06 0
5.953471912029592e-06 2.696258456725626e-06 0
5.9548047020152e-06 2.676390210610055e-06 0
5.971716153226495e-06 2.686826547144815e-06 0
5.8619232937929e-06 2.781139740155085e-06 0
5.860753228387845e-06 2.801105484492535e-06 0
5.842877353883657e-06 2.810075050296378e-06 0
5.859583162982788e-06 2.821071228829965e-06 0
5.898845108206223e-06 2.743234864209806e-06 0
5.87862910289201e-06 2.792135918688648e-06 0
5.934482458038463e-06 2.725285620654554e-06 0
5.140908478287623e-06 2.057718952630567e-06 0
5.720606641710541e-06 2.23193157939621e-06 0
5.738482516214718e-06 2.222962013592316e-06 0
5.691355006586081e-06 2.731075187832283e-06 0
5.073760348461773e-06 1.723217639239249e-06 0
5.074930413866817e-06 1.703251894901799e-06 0
5.696555546751593e-06 2.050213267629767e-06 0
5.714431421255787e-06 2.041243701825952e-06 0
5.74433284323943e-06 2.12313329190501e-06 0
5.761038652338704e-06 2.134129470438425e-06 0
5.762208717743567e-06 2.114163726101035e-06 0
5.778914526842847e-06 2.125159904634449e-06 0
5.780084592247762e-06 2.105194160296988e-06 0
5.79679040134697e-06 2.11619033883045e-06 0
5.857763310718575e-06 2.260003774651697e-06 0
5.797960466751904e-06 2.096224594493e-06 0
5.814666275851053e-06 2.107220773026493e-06 0
5.815836341256066e-06 2.087255028689056e-06 0
5.832542150355228e-06 2.098251207222529e-06 0
5.833712215760223e-06 2.078285462885043e-06 0
5.85041802485945e-06 2.089281641418514e-06 0
5.851588090264371e-06 2.069315897081066e-06 0
5.86829389936361e-06 2.080312075614561e-06 0
5.834882281165123e-06 2.058319718547611e-06 0
5.849247959454342e-06 2.109247385756041e-06 0
5.795620335942079e-06 2.136156083167906e-06 0
5.841057501619328e-06 2.249007596118207e-06 0
5.85893337612349e-06 2.240038030314249e-06 0
5.842227567024257e-06 2.229041851780741e-06 0
5.860103441528427e-06 2.220072285976791e-06 0
5.715601486660895e-06 2.021277957488517e-06 0
5.732307295760012e-06 2.032274136022162e-06 0
5.733477361165124e-06 2.01230839168468e-06 0
5.750183170264246e-06 2.023304570218355e-06 0
5.75135323566936e-06 2.003338825880909e-06 0
5.734647426570234e-06 1.992342647347239e-06 0
5.752523301074496e-06 1.983373081543461e-06 0
5.735817491975377e-06 1.972376903009588e-06 0
5.769229110173606e-06 1.994369260077139e-06 0
5.770399175578775e-06 1.974403515739693e-06 0
5.787104984677783e-06 1.985399694273269e-06 0
5.78827505008308e-06 1.965433949935929e-06 0
5.804980860048642e-06 1.976430128520157e-06 0
5.80615092473179e-06 1.956464384140625e-06 0
5.822857738906541e-06 1.967462564014557e-06 0
5.823991132720657e-06 1.947549592148365e-06 0
5.841577874457217e-06 1.95855426078585e-06 0
5.843336846883942e-06 1.929848929384993e-06 0
5.852758155669281e-06 2.049350152743643e-06 0
5.771569240984106e-06 1.954437771401929e-06 0
5.807277980615863e-06 1.936564079319437e-06 0
5.759868586933735e-06 2.154095214775921e-06 0
5.67867967224753e-06 2.059182833433611e-06 0
5.843397632429216e-06 2.209076107443292e-06 0
5.861273506933378e-06 2.200106541639362e-06 0
5.484710076941011e-06 2.408433167859585e-06 0
4.68400130558479e-06 1.860650853913249e-06 0
4.782870709658707e-06 2.83810921156239e-06 0
4.800746584162823e-06 2.829139645758494e-06 0
4.764994835154497e-06 2.847078777366266e-06 0
5.715926380090391e-06 2.311794556745733e-06 0
4.842023766766641e-06 2.420855193205762e-06 0
5.536517848189464e-06 1.820457016269494e-06 0
5.554393722693637e-06 1.811487450465539e-06 0
5.825521757925071e-06 2.21804567324722e-06 0
5.51175108956919e-06 3.131253189466468e-06 0
5.537687913594425e-06 1.800491271932054e-06 0
5.555563788098592e-06 1.791521706128104e-06 0
5.572269597197806e-06 1.802517884661588e-06 0
5.573439662602731e-06 1.782552140324134e-06 0
5.556733853503536e-06 1.771555961790662e-06 0
5.574609728007658e-06 1.762586395986687e-06 0
5.557903918908465e-06 1.751590217453219e-06 0
5.590145471701946e-06 1.793548318857601e-06 0
5.588975406297036e-06 1.81351406319506e-06 0
4.687316116682418e-06 2.692269163010979e-06 0
4.840008529385139e-06 2.751303281138016e-06 0
5.701364638488417e-06 3.152381080036423e-06 0
4.701877180089008e-06 1.851681288109394e-06 0
5.161969642865374e-06 1.698335556107885e-06 0
5.282420515486849e-06 1.715411571278653e-06 0
5.167823523395622e-06 1.598513416604464e-06 0
4.463315591080403e-06 1.777597765989082e-06 0
4.481191465584606e-06 1.768628200185212e-06 0
4.654099883601622e-06 1.77876126383377e-06 0
4.497897274683788e-06 1.779624378718776e-06 0
4.499067340088806e-06 1.759658634381336e-06 0
4.515773149187985e-06 1.77065481291489e-06 0
4.516943214593004e-06 1.750689068577451e-06 0
4.533649023692173e-06 1.761685247111007e-06 0
4.534819089097199e-06 1.741719502773569e-06 0
4.500237405493825e-06 1.739692890043897e-06 0
4.464485656485433e-06 1.757632021651648e-06 0
4.446609781981227e-06 1.766601587455513e-06 0
5.606851280801191e-06 1.804544497391051e-06 0
5.605681215396251e-06 1.824510241728524e-06 0
5.608021346206086e-06 1.784578753053555e-06 0
4.698821385615528e-06 3.38412726174726e-06 0
4.802566436425655e-06 3.39020709993638e-06 0
4.631998149218372e-06 3.340142547613352e-06 0
5.081950806296654e-06 1.583457428877059e-06 0
5.065244997197453e-06 1.572461250343521e-06 0
5.423087380710556e-06 1.683586533522709e-06 0
5.060369350460597e-06 2.543839769803501e-06 0
5.575779793412635e-06 1.742620651649273e-06 0
5.389675762512302e-06 1.661594176455523e-06 0
4.767984752822234e-06 3.388180487206727e-06 0
4.614122274714149e-06 3.349112113417192e-06 0
5.474374873413066e-06 1.69660932478598e-06 0
5.491080682512189e-06 1.707605503319469e-06 0
5.55907398431346e-06 1.731624473115754e-06 0
5.623557089900427e-06 1.815540675924523e-06 0
5.622387024495481e-06 1.835506420261999e-06 0
4.905141421831018e-06 3.416252682462829e-06 0
4.921847230930217e-06 3.427248860996345e-06 0
4.888435612731819e-06 3.405256503929305e-06 0
4.939723105434395e-06 3.418279295192413e-06 0
4.346829329127465e-06 3.173173256880637e-06 0
5.089750493897888e-06 3.226728302736689e-06 0
5.088580428492846e-06 3.246694047074128e-06 0
4.365550375608126e-06 2.853721347481212e-06 0
4.393111666781111e-06 2.975542426235353e-06 0
4.226248960905853e-06 1.974065098789414e-06 0
5.301595963709303e-06 2.868508402506664e-06 0
5.283720089205161e-06 2.877477968310688e-06 0
4.943753580195278e-06 2.757383119326848e-06 0
5.879474274867884e-06 2.481653575093108e-06 0
4.651044089127689e-06 3.311207237472023e-06 0
4.906831765781964e-06 2.795287995272103e-06 0
4.888955891277787e-06 2.804257561076026e-06 0
4.389276577136461e-06 2.744923059990373e-06 0
5.825846651355256e-06 2.508562272505108e-06 0
4.082396792896117e-06 2.356303968816213e-06 0
4.815632540997505e-06 2.279068370113944e-06 0
4.869260164510071e-06 2.252159672702103e-06 0
4.771170055608971e-06 3.037766654936742e-06 0
5.559723771172626e-06 2.31265767163152e-06 0
5.071549725964697e-06 2.945181269282138e-06 0
5.054843916865513e-06 2.934185090748622e-06 0
4.922887788022558e-06 2.225250975290225e-06 0
4.815437155880995e-06 3.170583912224548e-06 0
4.798731346781872e-06 3.159587733690967e-06 0
4.458960222889175e-06 2.147977342596789e-06 0
4.136024416408828e-06 2.329395271404686e-06 0
4.85352903569984e-06 3.112713291941615e-06 0
4.474495966583408e-06 2.178939265467725e-06 0
4.716372366691103e-06 3.084641096685594e-06 0
4.699666557591857e-06 3.07364491815213e-06 0
4.553149365342894e-06 3.205298677595563e-06 0
5.841707288478546e-06 2.830040794633794e-06 0
5.858413097577721e-06 2.841036973167391e-06 0
5.876288972081927e-06 2.832067407363505e-06 0
5.875118906676906e-06 2.852033151700953e-06 0
5.825001479379481e-06 2.819044616100179e-06 0
5.314662068280321e-06 1.757369672683231e-06 0
5.29678619377613e-06 1.766339238487134e-06 0
5.191025905585137e-06 2.09070748823116e-06 0
5.18985584018016e-06 2.110673232568617e-06 0
5.314791576593858e-06 2.939401814052502e-06 0
4.189652039921433e-06 2.302486573992988e-06 0
4.820442310929858e-06 3.381237534132531e-06 0
4.520907812549541e-06 3.163340576190975e-06 0
5.230417359122288e-06 3.194903264979919e-06 0
4.956104021104418e-06 3.138758874468274e-06 0
4.973979895608622e-06 3.129789308664388e-06 0
5.171459687130457e-06 2.720641741225461e-06 0
5.153583812626274e-06 2.729611307029401e-06 0
4.578241017393764e-06 2.185019103656432e-06 0
5.136878003527051e-06 2.718615128495938e-06 0
5.13570793812213e-06 2.738580872833363e-06 0
5.543017962073355e-06 2.301661493098047e-06 0
5.525142087569147e-06 2.31063105890194e-06 0
4.37140070263226e-06 2.753892625794268e-06 0
5.482045052701799e-06 2.157848057276678e-06 0
5.520136932520146e-06 2.099977436993907e-06 0
5.717421338925166e-06 2.582345411666105e-06 0
4.606972373972004e-06 2.286874438073458e-06 0
4.60580230856703e-06 2.306840182410883e-06 0
4.355019786962322e-06 3.033413046518552e-06 0
4.883950736228583e-06 2.593603939168032e-06 0
4.900656545327735e-06 2.604600117701601e-06 0
5.694540309371145e-06 2.380661355561983e-06 0
5.063034374700405e-06 2.794424880386553e-06 0
4.629528510096319e-06 2.198041894919564e-06 0
4.21870828992947e-06 2.694858507667474e-06 0
4.599302194683938e-06 1.825635705582762e-06 0
4.600472260089016e-06 1.805669961245335e-06 0
5.06972987370107e-06 2.38411381510392e-06 0
5.087605748205263e-06 2.375144249300015e-06 0
5.051853999196612e-06 2.393083380907919e-06 0
4.497052102707804e-06 2.09010672231382e-06 0
5.565574098197772e-06 2.21282894994431e-06 0
5.194860995230075e-06 2.321326854476804e-06 0
5.176985120725965e-06 2.330296420280777e-06 0
5.212736869734234e-06 2.312357288672653e-06 0
4.420868343070825e-06 2.205847962879511e-06 0
4.650719195699122e-06 3.020690638214118e-06 0
4.635183452004988e-06 2.989728715342973e-06 0
4.815957434426773e-06 2.569584969371347e-06 0
4.854894486220717e-06 2.201232005493483e-06 0
4.412677885235932e-06 2.345608173241725e-06 0
5.578249432536255e-06 2.884721304342855e-06 0
5.46150415395807e-06 1.916232512497683e-06 0
4.292551918756201e-06 2.619048755776902e-06 0
5.620696680544663e-06 2.456471107452733e-06 0
4.72540799650082e-06 2.634398542728241e-06 0
5.656773322982732e-06 2.729048575102545e-06 0
4.890646235229124e-06 2.18329287388561e-06 0
4.300742376591058e-06 2.479288545414814e-06 0
5.564728926222296e-06 2.523311293539552e-06 0
5.673999410627831e-06 2.139045810783399e-06 0
4.33649412559941e-06 2.461349413806951e-06 0
4.354370000103581e-06 2.452379848003045e-06 0
5.884479429917088e-06 2.692307197001371e-06 0
4.215198093714524e-06 2.754755740679762e-06 0
4.944273858741602e-06 2.156384176473877e-06 0
4.656244629294041e-06 2.630345317269014e-06 0
5.938102824763798e-06 2.665397586894886e-06 0
4.942583514790324e-06 2.777348863664255e-06 0
5.507915999924594e-06 2.900633823221166e-06 0
4.165080666416966e-06 2.721767205079184e-06 0
4.179446344706097e-06 2.772694872287539e-06 0
4.161570470201909e-06 2.781664438091383e-06 0
5.540352937834227e-06 2.051076382515012e-06 0
5.557058746933481e-06 2.062072561048492e-06 0
5.555888681528628e-06 2.082038305385931e-06 0
5.573764556032731e-06 2.073068739581891e-06 0
5.033653231262499e-06 2.111536347454289e-06 0
5.084615830535966e-06 1.834042539459966e-06 0
5.066739956031769e-06 1.843012105263862e-06 0
5.102491705040147e-06 1.825072973656105e-06 0
4.46949081153451e-06 1.968285643559601e-06 0
4.470660876939592e-06 1.948319899222143e-06 0
4.453955067840421e-06 1.937323720688563e-06 0
5.480029815321317e-06 2.48829614520951e-06 0
4.980025607749954e-06 2.138445044866052e-06 0
5.74413745812338e-06 3.014648834015564e-06 0
5.727431649024177e-06 3.003652655482055e-06 0
5.291585653610522e-06 2.447201158690157e-06 0
5.290415588205554e-06 2.467166903027597e-06 0
5.292755719015493e-06 2.427235414352722e-06 0
5.527807111808937e-06 2.561216169484923e-06 0
5.540028044404323e-06 1.760559783257204e-06 0
4.710197146236764e-06 2.893953219115085e-06 0
4.726902955335935e-06 2.90494939764863e-06 0
5.737312450809746e-06 2.242927757929735e-06 0
5.069404980270868e-06 2.093597215846448e-06 0
4.791256552610043e-06 1.806833459089813e-06 0
4.7733806781059e-06 1.815803024893768e-06 0
5.56654877848643e-06 3.084378747716957e-06 0
5.549842969387121e-06 3.073382569183559e-06 0
5.583254587585719e-06 3.095374926250368e-06 0
5.531967094883023e-06 3.082352134987628e-06 0
5.755188325313926e-06 2.23395819212581e-06 0
4.781700644253688e-06 2.858074955899842e-06 0
5.533137160287784e-06 3.062386390650176e-06 0
5.844567697834178e-06 2.189110363105852e-06 0
5.862443572338344e-06 2.180140797301949e-06 0
5.879149381437513e-06 2.191136975835458e-06 0
5.876809250627676e-06 2.231068464510273e-06 0
5.799130532156903e-06 2.076258850155666e-06 0
5.688169703800774e-06 3.081489020102143e-06 0
4.632518427765951e-06 2.739143604760366e-06 0
4.65390449848404e-06 2.670276805943884e-06 0
4.637198689384846e-06 2.65928062741042e-06 0
5.091636222965939e-06 1.71424807343539e-06 0
5.092806288371026e-06 1.694282329097955e-06 0
5.785934919272657e-06 2.005365438610365e-06 0
5.839701056950681e-06 1.978474996155269e-06 0
5.64026289899965e-06 1.826536854458033e-06 0
5.639092833594732e-06 1.846502598795486e-06 0
5.64143296440462e-06 1.806571110120558e-06 0
5.621216959090562e-06 1.855472164599447e-06 0
5.637922768189775e-06 1.866468343132978e-06 0
5.65579864269396e-06 1.857498777328963e-06 0
5.654628577289023e-06 1.87746452166646e-06 0
5.672504451793186e-06 1.868494955862435e-06 0
5.671334386388311e-06 1.88846070019984e-06 0
5.689210260892435e-06 1.879491134395875e-06 0
5.688040195487599e-06 1.899456878733289e-06 0
5.705916069991699e-06 1.890487312929307e-06 0
5.673674517198106e-06 1.848529211524977e-06 0
5.707086135396564e-06 1.870521568591867e-06 0
5.723791944495815e-06 1.881517747125295e-06 0
5.722621879090963e-06 1.901483491462741e-06 0
5.740497753595062e-06 1.892513925658689e-06 0
5.653458511884202e-06 1.897430266003917e-06 0
5.372969953413148e-06 1.650597997921928e-06 0
4.939918490551078e-06 2.526763753081381e-06 0
4.941088555956036e-06 2.50679800874394e-06 0
4.924382746856855e-06 2.495801830210422e-06 0
4.942258621361018e-06 2.486832264406505e-06 0
4.925552812261844e-06 2.475836085872978e-06 0
4.943428686766028e-06 2.466866520069089e-06 0
4.926722877666828e-06 2.45587034153555e-06 0
4.944598752171007e-06 2.446900775731639e-06 0
5.390845827917351e-06 1.641628432118087e-06 0
4.704021925781605e-06 2.703265341544505e-06 0
4.790736274063993e-06 2.407832401942858e-06 0
4.789566208659122e-06 2.42779814628031e-06 0
4.363210244797943e-06 2.893652836156167e-06 0
4.568035322178178e-06 2.655227401951202e-06 0
4.916517182452163e-06 2.926078639830291e-06 0
4.446934675410241e-06 2.05711818671323e-06 0
4.965139650914993e-06 2.6885163205105e-06 0
4.948433841815787e-06 2.677520141977009e-06 0
5.098461230279373e-06 2.485969149520769e-06 0
5.115167039378543e-06 2.496965328054338e-06 0
4.958639537030933e-06 2.207311843682391e-06 0
4.970989977939683e-06 2.588687598823357e-06 0
5.351583882693765e-06 1.719464796738082e-06 0
5.158588967675695e-06 2.940264928937329e-06 0
5.213257147975076e-06 1.711358345860415e-06 0
5.620046893685571e-06 1.875437908936934e-06 0
4.321803553880577e-06 2.119905147340921e-06 0
4.322973619285566e-06 2.099939403003463e-06 0
4.306267810186345e-06 2.088943224469965e-06 0
4.324143684690523e-06 2.079973658666002e-06 0
4.30743787559132e-06 2.068977480132472e-06 0
4.225403788929837e-06 2.284547442385201e-06 0
5.550363247932878e-06 2.472383626331219e-06 0
5.489065445131642e-06 2.038053591251855e-06 0
5.730292058379477e-06 2.362722223954127e-06 0
4.388626790277439e-06 2.163889861475009e-06 0
4.64740438460049e-06 2.189072329115666e-06 0
4.467800467583021e-06 2.589250330750059e-06 0
4.254460038937861e-06 2.676919376059623e-06 0
4.819142737212379e-06 2.219171137101366e-06 0
4.756674869006682e-06 1.804806846360272e-06 0
4.248284818483493e-06 2.486231498489168e-06 0
4.230408943979319e-06 2.495201064293094e-06 0
4.674120503798222e-06 2.621375751465069e-06 0
5.476519619106389e-06 2.548193378221764e-06 0
5.475349553701396e-06 2.568159122559231e-06 0
5.492055362800608e-06 2.579155301092785e-06 0
4.607622160831621e-06 2.867907636588705e-06 0
4.590916351732426e-06 2.856911458055147e-06 0
4.573040477228238e-06 2.865881023859047e-06 0
4.57421054263325e-06 2.845915279521622e-06 0
5.836377239999512e-06 2.328870573467943e-06 0
4.556334668129059e-06 2.854884845325495e-06 0
5.727627034140174e-06 2.112137113371595e-06 0
4.568555600724564e-06 2.054228459098264e-06 0
5.28255002380025e-06 2.897443712648144e-06 0
5.265844214701017e-06 2.886447534114672e-06 0
5.776806818220851e-06 3.036038106937074e-06 0
5.19252086442027e-06 2.361258343151733e-06 0
5.416716775139415e-06 2.384414198062799e-06 0
5.474179488296438e-06 2.588124866896697e-06 0
4.693491337137608e-06 2.882957040581517e-06 0
4.838838463980136e-06 2.77126902547548e-06 0
5.348203194792313e-06 2.961394171119381e-06 0
5.366079069296436e-06 2.952424605315393e-06 0
5.330327320288175e-06 2.970363736923361e-06 0
5.662298756577795e-06 2.338703254157499e-06 0
5.763378783148367e-06 2.094197981763768e-06 0
4.927892943071792e-06 2.435904597198085e-06 0
4.945768817575966e-06 2.426935031394151e-06 0
4.962474626675179e-06 2.437931209927712e-06 0
4.963644692080154e-06 2.41796546559025e-06 0
4.910017068567626e-06 2.444874163002029e-06 0
4.980350501179348e-06 2.428961644123774e-06 0
4.981520566584329e-06 2.408995899786322e-06 0
4.806272017758363e-06 2.438794324813745e-06 0
4.78839614325423e-06 2.447763890617746e-06 0
5.098656615395895e-06 1.59445360741062e-06 0
5.097486549991052e-06 1.614419351748155e-06 0
5.627556772534803e-06 3.228155344783859e-06 0
5.64452614139301e-06 3.239018426612252e-06 0
5.04834380298192e-06 2.45298061392015e-06 0
4.715527194714682e-06 3.39512344028099e-06 0
4.819272245524868e-06 3.401203278469974e-06 0
4.801396371020618e-06 3.410172844273824e-06 0
5.024617601452219e-06 2.561778901411373e-06 0
5.846552339499711e-06 3.022749515769036e-06 0
5.09982668080081e-06 1.574487863073126e-06 0
5.106456302997057e-06 3.237724481270254e-06 0
5.105286237592027e-06 3.257690225607695e-06 0
5.090920559302889e-06 3.20676255839924e-06 0
5.074214750203707e-06 3.195766379865704e-06 0
4.439394004434957e-06 2.777911595590655e-06 0
4.388106511731421e-06 2.764888804327774e-06 0
5.053673851460547e-06 2.9541508350861e-06 0
5.036968042361382e-06 2.943154656552579e-06 0
5.121667153262469e-06 2.978169804882734e-06 0
5.572594490627855e-06 2.093034483919451e-06 0
5.59047036513198e-06 2.084064918115251e-06 0
5.560893836577661e-06 2.292691927294115e-06 0
4.392136986492442e-06 2.103992628462682e-06 0
4.812122344782815e-06 2.338965603126514e-06 0
4.794246470278702e-06 2.347935168930509e-06 0
5.138372962361713e-06 2.989165983416197e-06 0
5.613351394685494e-06 2.285748974219697e-06 0
5.875964078652982e-06 2.54155080810584e-06 0
5.893839953157124e-06 2.532581242301951e-06 0
4.528123590096152e-06 2.152030568055836e-06 0
5.141558265147e-06 2.638752151146106e-06 0
5.146238526767032e-06 2.55888917379635e-06 0
5.284890154610027e-06 2.85751222397324e-06 0
5.302766029114167e-06 2.848542658169193e-06 0
5.526312152974261e-06 2.290665314564458e-06 0
5.508436278470032e-06 2.299634880368354e-06 0
4.75550480360172e-06 1.824772590697705e-06 0
4.660599997484725e-06 2.259965740661617e-06 0
4.574535436062306e-06 3.13643187877934e-06 0
5.425557019833413e-06 2.825687186216194e-06 0
5.7092308810903e-06 2.722105622028443e-06 0
5.70806081568523e-06 2.74207136636587e-06 0
5.123682390642766e-06 2.647721716950005e-06 0
5.247123168221508e-06 3.205899443513416e-06 0
5.24595310281652e-06 3.225865187850866e-06 0
5.756358390718792e-06 2.213992447788344e-06 0
4.526953524691128e-06 2.171996312393268e-06 0
5.448113155957522e-06 2.736854643062496e-06 0
4.482815932731059e-06 3.221211196473623e-06 0
4.481645867326028e-06 3.241176940811071e-06 0
4.46494005822686e-06 3.230180762277479e-06 0
4.463769992821796e-06 3.250146506614908e-06 0
4.447064183722658e-06 3.239150328081312e-06 0
4.38141101273087e-06 3.175199869610244e-06 0
4.480475801920937e-06 3.261142685148512e-06 0
4.445894118317565e-06 3.259116072418737e-06 0
4.429188309218433e-06 3.248119893885134e-06 0
4.428018243813344e-06 3.268085638222563e-06 0
4.411312434714195e-06 3.25708945968894e-06 0
4.412482500119243e-06 3.237123715351627e-06 0
4.561014929749227e-06 2.775021867975897e-06 0
4.874069934442615e-06 3.354328836720919e-06 0
5.481199880726224e-06 2.468330400872077e-06 0
5.272539713701386e-06 2.476136468831542e-06 0
5.289245522800594e-06 2.487132647365048e-06 0
5.271369648296423e-06 2.496102213168984e-06 0
5.288075457395617e-06 2.507098391702488e-06 0
5.270199582891452e-06 2.516067957506424e-06 0
5.286905391990652e-06 2.527064136039925e-06 0
5.313492002875296e-06 1.777335417020679e-06 0
5.295616128371102e-06 1.786304982824569e-06 0
5.529302070643481e-06 2.8317670244048e-06 0
5.725611796759688e-06 2.442585201303927e-06 0
4.310752686689737e-06 2.90059578923071e-06 0
5.576429580271959e-06 2.323653850165021e-06 0
5.697205333611073e-06 2.631246466144931e-06 0
5.346708235957121e-06 2.690843316198574e-06 0
5.181469997229651e-06 3.141948985041947e-06 0
4.31829335766569e-06 2.17980238035321e-06 0
4.371920981178232e-06 2.152893682941486e-06 0
4.501536979211564e-06 2.901759287074657e-06 0
4.317773079119667e-06 2.780801323206009e-06 0
5.122512325237835e-06 2.667687461287458e-06 0
4.269670889202564e-06 2.41736469967296e-06 0
5.268509238940649e-06 3.137032644697167e-06 0
5.451948245602062e-06 2.967474009307878e-06 0
5.453118311007003e-06 2.947508264970441e-06 0
5.435242436502829e-06 2.956477830774376e-06 0
4.995365966328441e-06 3.060922509848007e-06 0
5.145068461362007e-06 2.578854918133761e-06 0
4.582596385584779e-06 1.814639527049171e-06 0
4.583766450989848e-06 1.794673782711747e-06 0
4.556530053245341e-06 1.963369303215119e-06 0
5.038333492882616e-06 2.031673370104713e-06 0
5.119002129022874e-06 2.727584694299921e-06 0
5.117832063617985e-06 2.747550438637361e-06 0
4.557829626963125e-06 3.125435700245782e-06 0
4.282216715228435e-06 1.90722491270286e-06 0
4.585066024707412e-06 2.956740179742373e-06 0
5.221772499544291e-06 1.86211473471559e-06 0
4.313613096045797e-06 2.259665357703076e-06 0
4.44075945495613e-06 1.866430309142703e-06 0
4.42736845695471e-06 2.687052439707574e-06 0
4.540474031004773e-06 2.533406323197027e-06 0
4.780855472277559e-06 3.168557299494839e-06 0
4.782025537682604e-06 3.148591555157379e-06 0
5.325842443784137e-06 2.158711172162171e-06 0
4.682115576516374e-06 3.373131083213694e-06 0
4.532478958287183e-06 1.781650991448442e-06 0
5.101451147948526e-06 3.027070859361839e-06 0
4.406307279665235e-06 3.046435837781594e-06 0
5.27520473794061e-06 2.726721579414363e-06 0
5.114646760832634e-06 3.097964270908024e-06 0
5.666979018198023e-06 2.258840276807925e-06 0
5.058354113080426e-06 2.87428785773624e-06 0
4.989386130990007e-06 1.978719090166637e-06 0
4.990556196394996e-06 1.958753345829221e-06 0
4.972680321890823e-06 1.967722911633139e-06 0
4.973850387295781e-06 1.947757167295706e-06 0
4.955974512791616e-06 1.956726733099661e-06 0
4.991726261799929e-06 1.93878760149177e-06 0
4.957144578196573e-06 1.936760988762208e-06 0
4.939268703692399e-06 1.94573055456615e-06 0
4.265315521012104e-06 2.787744276280297e-06 0
4.414172844070517e-06 2.616159028161779e-06 0
5.070379660559795e-06 2.965147013619683e-06 0
5.171979965675999e-06 2.119642798372535e-06 0
5.188685774775198e-06 2.13063897690606e-06 0
5.170809900271037e-06 2.139608542709978e-06 0
4.277536453608415e-06 1.987087890052597e-06 0
4.259660579104232e-06 1.996057455856503e-06 0
4.276366388203427e-06 2.007053634390037e-06 0
4.70220207351808e-06 2.142197887366615e-06 0
5.422242208734656e-06 1.99406887711795e-06 0
5.158459459224101e-06 1.758232787586246e-06 0
5.257653756866322e-06 3.026207744476491e-06 0
5.17048500684174e-06 1.849091943452649e-06 0
5.46416917819763e-06 2.166817623080587e-06 0
5.465339243602559e-06 2.146851878743145e-06 0
5.447463369098392e-06 2.155821444547125e-06 0
5.448633434503347e-06 2.135855700209663e-06 0
5.430757559999173e-06 2.144825266013654e-06 0
5.431927625404142e-06 2.124859521676151e-06 0
5.414051750899982e-06 2.133829087480143e-06 0
5.415221816304916e-06 2.113863343142705e-06 0
5.397345941800743e-06 2.122832908946669e-06 0
5.398516007205664e-06 2.102867164609228e-06 0
5.380640132701505e-06 2.111836730413191e-06 0
5.381810198106391e-06 2.091870986075771e-06 0
5.250503856122879e-06 1.963970069132464e-06 0
4.607817545947895e-06 1.976392094478245e-06 0
4.951423759484541e-06 3.218621851817958e-06 0
5.079935568915916e-06 1.913905516809667e-06 0
5.675169476032707e-06 2.119080066445966e-06 0
5.515261285783798e-06 3.071355956454375e-06 0
4.794051085161661e-06 3.239450711040758e-06 0
4.968845232246689e-06 1.737103545387808e-06 0
4.200182628566286e-06 2.12279487495615e-06 0
4.199012563161327e-06 2.142760619293605e-06 0
4.215718372260551e-06 2.153756797827082e-06 0
4.197842497756375e-06 2.162726363631032e-06 0
4.181136688657151e-06 2.151730185097535e-06 0
4.17996662325219e-06 2.171695929434967e-06 0
4.163260814152974e-06 2.160699750901444e-06 0
4.162090748748007e-06 2.180665495238882e-06 0
4.145384939648804e-06 2.169669316705361e-06 0
4.14421487424383e-06 2.189635061042799e-06 0
5.312321937470256e-06 1.797301161358129e-06 0
5.294446062966065e-06 1.806270727161988e-06 0
5.311151872065232e-06 1.817266905695554e-06 0
5.293275997561047e-06 1.826236471499421e-06 0
5.309981806660219e-06 1.837232650032973e-06 0
5.292105932156054e-06 1.846202215836878e-06 0
5.151568575246207e-06 3.060059394962332e-06 0
4.617502962617096e-06 2.107182739036354e-06 0
5.519616653974221e-06 2.700976379846732e-06 0
4.601642325494093e-06 1.785704216907912e-06 0
4.584936516394946e-06 1.774708038374298e-06 0
4.60281239089918e-06 1.765738472570472e-06 0
4.586106581800028e-06 1.754742294036865e-06 0
4.603982456304244e-06 1.745772728233024e-06 0
4.587276647205108e-06 1.734776549699427e-06 0
4.605152521709338e-06 1.72580698389561e-06 0
5.858088204148785e-06 2.550520373909768e-06 0
4.369255956939391e-06 1.902308572358228e-06 0
5.002906637303943e-06 2.340129100970229e-06 0
4.430878653169727e-06 2.627155206695292e-06 0
4.479826015062269e-06 2.680109486633305e-06 0
4.809132427114209e-06 1.797863893285833e-06 0
5.666458739652105e-06 2.859839219660698e-06 0
5.090466157560863e-06 1.734213817772784e-06 0
4.168590862631883e-06 2.661869972066869e-06 0
4.186466737136073e-06 2.65290040626297e-06 0
4.15071498812771e-06 2.670839537870798e-06 0
4.943233301649312e-06 3.358382062180085e-06 0
4.959939110748515e-06 3.369378240713596e-06 0
4.961109176153499e-06 3.349412496376137e-06 0
4.977814985252717e-06 3.360408674909639e-06 0
4.976644919847719e-06 3.380374419247101e-06 0
4.994520794351891e-06 3.371404853443169e-06 0
4.995690859756903e-06 3.351439109105701e-06 0
5.012396668856071e-06 3.362435287639262e-06 0
5.011226603451075e-06 3.382401031976698e-06 0
5.029102477955259e-06 3.373431466172805e-06 0
5.027932412550248e-06 3.393397210510231e-06 0
5.030272543360266e-06 3.353465721835371e-06 0
5.046978352459445e-06 3.364461900368907e-06 0
5.048148417864477e-06 3.344496156031488e-06 0
5.064854226963642e-06 3.355492334565038e-06 0
5.066024292368679e-06 3.335526590227609e-06 0
5.082730101467852e-06 3.346522768761174e-06 0
5.081560036062808e-06 3.366488513098592e-06 0
5.010056538046066e-06 3.40236677631414e-06 0
5.02676234714525e-06 3.413362954847681e-06 0
5.008886472641066e-06 3.422332520651586e-06 0
5.025592281740273e-06 3.433328699185155e-06 0
5.043468156244437e-06 3.424359133381217e-06 0
5.04229809083945e-06 3.444324877718659e-06 0
5.031442608765293e-06 3.333499977497931e-06 0
5.083900166872873e-06 3.326557024423713e-06 0
5.100605975972053e-06 3.337553202957265e-06 0
5.832021871809596e-06 2.699250150075607e-06 0
4.894806218302694e-06 2.70442883938884e-06 0
4.895976283707672e-06 2.684463095051402e-06 0
5.782229337941541e-06 2.956778213732945e-06 0
5.371084224345811e-06 3.163078227223166e-06 0
5.388960098849958e-06 3.154108661419192e-06 0
5.189335561634629e-06 2.711672175421508e-06 0
5.188165496229695e-06 2.731637919758941e-06 0
4.53865417874114e-06 1.972338869018996e-06 0
4.146555005053765e-06 2.149703572367921e-06 0
4.701161516425615e-06 3.344195773072384e-06 0
5.159759033080613e-06 2.920299184599897e-06 0
5.810635801090293e-06 2.768116948892069e-06 0
4.940438769097337e-06 1.92576481022872e-06 0
4.92256289459317e-06 1.934734376032653e-06 0
4.921392829188212e-06 1.954700120370076e-06 0
4.904687020089009e-06 1.943703941836558e-06 0
4.903516954684016e-06 1.963669686173991e-06 0
4.886811145584827e-06 1.952673507640454e-06 0
4.885641080179841e-06 1.972639251977934e-06 0
4.868935271080647e-06 1.961643073444386e-06 0
4.867765205675665e-06 1.981608817781859e-06 0
4.851059396576467e-06 1.970612639248336e-06 0
4.849889331171491e-06 1.990578383585763e-06 0
4.833183522072292e-06 1.979582205052256e-06 0
4.832013456667304e-06 1.999547949389674e-06 0
4.815307647568118e-06 1.988551770856152e-06 0
4.814137582163112e-06 2.008517515193592e-06 0
4.79743177306394e-06 1.997521336660038e-06 0
4.796261707658914e-06 2.017487080997477e-06 0
4.86659514027066e-06 2.0015745621193e-06 0
4.958314643601504e-06 1.916795244424752e-06 0
5.101776041377056e-06 3.317587458619834e-06 0
5.118481850476238e-06 3.328583637153379e-06 0
5.117311785071231e-06 3.348549381490817e-06 0
5.119651915881232e-06 3.308617892815963e-06 0
5.136357724980423e-06 3.319614071349478e-06 0
5.137527790385431e-06 3.299648327012057e-06 0
5.15423359948461e-06 3.310644505545557e-06 0
5.153063534079626e-06 3.330610249883028e-06 0
4.410662647855482e-06 2.676056261174074e-06 0
4.621858330808461e-06 1.736803162429208e-06 0
5.134537872717232e-06 2.758546617170795e-06 0
4.524288500452005e-06 1.921411201810563e-06 0
4.401627018044999e-06 3.126298815131456e-06 0
4.55535998784032e-06 1.983335047552509e-06 0
4.700707114683993e-06 1.871647032446832e-06 0
4.682831240179721e-06 1.880616598250698e-06 0
5.412881685495012e-06 2.153794831817604e-06 0
5.511946474685292e-06 2.239737647356022e-06 0
5.543863134049054e-06 1.991179149502624e-06 0
5.657293601528593e-06 2.128049632249966e-06 0
5.658463666933475e-06 2.108083887912531e-06 0
5.436412501907805e-06 2.936512086436917e-06 0
5.454288376411955e-06 2.927542520633008e-06 0
5.116661998213125e-06 2.767516182974796e-06 0
4.905661700376978e-06 2.815253739609562e-06 0
4.8877858258728e-06 2.824223305413461e-06 0
4.871080016773571e-06 2.813227126879958e-06 0
4.869909951368628e-06 2.83319287121738e-06 0
5.719436576305578e-06 2.251897323733644e-06 0
5.463324006222087e-06 2.477299966676048e-06 0
5.462153940817205e-06 2.497265711013513e-06 0
4.564525125964089e-06 2.715124634963867e-06 0
5.591640430536783e-06 2.064099173777761e-06 0
5.519812039090234e-06 1.809460837735992e-06 0
5.206041370733866e-06 2.722668353954981e-06 0
5.464494071626988e-06 2.457334222338604e-06 0
5.665808952793023e-06 2.278806021145333e-06 0
4.807962361709279e-06 1.817829637623296e-06 0
4.825838236213423e-06 1.808860071819321e-06 0
5.277740253866891e-06 1.795274548628416e-06 0
5.070899939106057e-06 2.364148070766464e-06 0
5.088775813610267e-06 2.35517850496259e-06 0
5.105481622709433e-06 2.366174683496087e-06 0
5.106651688114444e-06 2.346208939158684e-06 0
5.123357497213611e-06 2.357205117692163e-06 0
5.124527562618538e-06 2.337239373354722e-06 0
5.823831413974233e-06 2.839010360437567e-06 0
5.807125604875049e-06 2.828014181904148e-06 0
5.754018259908976e-06 2.253923936463232e-06 0
5.77189413441314e-06 2.244954370659265e-06 0
5.845737763239114e-06 2.169144618768418e-06 0
5.827861888734963e-06 2.178114184572546e-06 0
5.8636136377433e-06 2.160175052964538e-06 0
5.489910617107162e-06 1.727571247656864e-06 0
5.640587792429432e-06 2.117053453716545e-06 0
4.859899641270778e-06 2.411885627401754e-06 0
4.822132654881001e-06 2.760272846941874e-06 0
4.946938882980947e-06 2.406969287056701e-06 0
4.718582989188235e-06 1.862677466642949e-06 0
5.641757857834356e-06 2.097087709379093e-06 0
5.704875512899899e-06 3.09248519863574e-06 0
4.686146051277423e-06 2.712234907348416e-06 0
4.858729575865896e-06 2.431851371739206e-06 0
5.836052346570029e-06 2.038353974210151e-06 0
4.887265547326818e-06 3.42522224826675e-06 0
4.1286791305496e-06 2.158673138171846e-06 0
4.129849195954563e-06 2.138707393834427e-06 0
4.938553040029415e-06 3.438245039529846e-06 0
5.576949858817647e-06 1.722654907311863e-06 0
5.593655667916749e-06 1.733651085845416e-06 0
5.221671845891159e-06 1.571937996696283e-06 0
4.920677165525186e-06 3.447214605333839e-06 0
5.49225074791725e-06 1.687639758982054e-06 0
5.475544938818055e-06 1.676643580448559e-06 0
5.508956557016403e-06 1.698635937515337e-06 0
5.560244049718496e-06 1.711658728778319e-06 0
4.44777984738626e-06 1.746635843118074e-06 0
4.429903972882056e-06 1.755605408921946e-06 0
4.330123520028247e-06 3.162177078347067e-06 0
4.328953454623235e-06 3.182142822684502e-06 0
5.493420813322238e-06 1.667674014644603e-06 0
4.680945511111366e-06 3.393096827551136e-06 0
4.630828083813384e-06 3.360108291950771e-06 0
4.61295220930905e-06 3.369077857754616e-06 0
4.596246400209912e-06 3.358081679220997e-06 0
4.111953804634927e-06 2.147706610320399e-06 0
4.110929789129909e-06 2.16768604612084e-06 0
4.113140134052772e-06 2.127716157081245e-06 0
5.007716407236123e-06 3.4422982649891e-06 0
5.476715004223005e-06 1.656677836111111e-06 0
5.491015703826312e-06 1.649502183467964e-06 0
4.979165398623836e-06 2.448897420208375e-06 0
4.444724052912492e-06 3.279081816756165e-06 0
5.739327688190236e-06 1.912479669996136e-06 0
5.757203562694346e-06 1.903510104192076e-06 0
5.721451813686138e-06 1.921449235800201e-06 0
5.123162112096226e-06 3.248720659803786e-06 0
4.772860399559898e-06 2.416801967746865e-06 0
4.774030464964751e-06 2.396836223409423e-06 0
5.092090624707891e-06 3.1867968140618e-06 0
5.075384815608692e-06 3.175800635528236e-06 0
4.258490513699244e-06 2.016023200193961e-06 0
4.532283573169823e-06 2.673166533559021e-06 0
4.325313750095441e-06 2.060007914328571e-06 0
4.342019559194747e-06 2.071004092862076e-06 0
4.496531824161474e-06 2.691105665166865e-06 0
4.478655949657299e-06 2.7000752309708e-06 0
4.795416535683497e-06 2.327969424592955e-06 0
4.948758735245948e-06 2.968036741235038e-06 0
4.96663460975012e-06 2.959067175431134e-06 0
4.98334041884929e-06 2.970063353964691e-06 0
4.984510484254271e-06 2.950097609627241e-06 0
4.998226375683529e-06 2.419992078319837e-06 0
4.9993964410885e-06 2.400026333982409e-06 0
4.960459389294479e-06 2.768379297860322e-06 0
4.96162945469944e-06 2.748413553522914e-06 0
4.77754066117937e-06 2.336938990396965e-06 0
4.702851860376824e-06 2.723231085882008e-06 0
5.30881174125525e-06 1.857198394370408e-06 0
5.155403664889621e-06 3.290678761208138e-06 0
5.172109473988777e-06 3.301674939741693e-06 0
5.589300299727126e-06 2.104030662452889e-06 0
5.20773171468432e-06 2.101703666764691e-06 0
5.208901780089317e-06 2.081737922427235e-06 0
4.959289323889542e-06 2.788345042197762e-06 0
4.835653161195644e-06 3.121682857745471e-06 0
4.410012860996644e-06 2.095023062658782e-06 0
4.426718670095833e-06 2.10601924119233e-06 0
4.479176228203544e-06 2.099076288117775e-06 0
5.176464842179828e-06 2.931295363133351e-06 0
5.177634907584759e-06 2.911329618795923e-06 0
5.175294776774957e-06 2.951261107470982e-06 0
5.280080384676947e-06 1.755343059953587e-06 0
4.768829924798649e-06 3.077698143611275e-06 0
5.290935866751096e-06 1.866167960174326e-06 0
5.035797976956441e-06 2.963120400890139e-06 0
4.87055973822764e-06 3.4142260697332e-06 0
4.973005215320415e-06 2.258239510890902e-06 0
4.990881089824597e-06 2.249269945086969e-06 0
4.955129340816261e-06 2.26720907669485e-06 0
5.710400946495393e-06 2.702139877691029e-06 0
4.403967148855239e-06 3.086367326456472e-06 0
4.947263776410815e-06 2.697485886314413e-06 0
4.767659859393617e-06 3.097663887948706e-06 0
4.749783984889465e-06 3.106633453752628e-06 0
4.611652635592141e-06 2.207011460723472e-06 0
4.918532419831944e-06 2.595630551897706e-06 0
4.91736235442689e-06 2.615596296235173e-06 0
5.551013034791872e-06 3.053416824846086e-06 0
5.53430722569253e-06 3.042420646312723e-06 0
4.938748425146136e-06 2.54672949741883e-06 0
4.956624299650296e-06 2.53775993161487e-06 0
4.852358970294807e-06 3.132679036279037e-06 0
5.263828977320726e-06 3.216895622046954e-06 0
5.262658911915732e-06 3.236861366384364e-06 0
4.698496492186951e-06 3.093610662489576e-06 0
4.681790683087698e-06 3.082614483956118e-06 0
5.105806516138543e-06 2.656691282753841e-06 0
4.68296074849259e-06 3.062648739618675e-06 0
4.66508487398842e-06 3.071618305422639e-06 0
5.269029517486491e-06 2.536033701843869e-06 0
5.285735326585701e-06 2.547029880377376e-06 0
5.402871375396298e-06 1.732487588001385e-06 0
5.097291164874329e-06 2.50593489385818e-06 0
5.080585355775191e-06 2.494938715324629e-06 0
5.11399697397349e-06 2.516931072391767e-06 0
5.073564963345011e-06 2.614733181349391e-06 0
4.623678183071202e-06 2.29787061660696e-06 0
4.622508117666248e-06 2.317836360944384e-06 0
4.60463224316211e-06 2.326805926748345e-06 0
4.621338052261343e-06 2.337802105281812e-06 0
4.603462177757224e-06 2.346771671085812e-06 0
4.620167986856471e-06 2.357767849619257e-06 0
4.60229211235233e-06 2.36673741542326e-06 0
4.585586303253087e-06 2.355741236889815e-06 0
4.584416237848198e-06 2.375706981227248e-06 0
4.601122046947439e-06 2.386703159760704e-06 0
4.567710428748958e-06 2.364710802693797e-06 0
4.583246172443312e-06 2.395672725564702e-06 0
4.599951981542554e-06 2.406668904098149e-06 0
4.582076107038433e-06 2.415638469902162e-06 0
4.59878191613767e-06 2.426634648435599e-06 0
4.580906041633548e-06 2.435604214239599e-06 0
4.597611850732784e-06 2.446600392773034e-06 0
4.579735976228631e-06 2.455569958577019e-06 0
4.565370297939252e-06 2.404642291368719e-06 0
5.676989328296985e-06 2.680147520623825e-06 0
5.166454532081215e-06 2.509988119317597e-06 0
5.606655895685216e-06 2.696060039502069e-06 0
5.605485830280209e-06 2.716025783839488e-06 0
4.370230637227272e-06 2.773858370131661e-06 0
4.38693644632681e-06 2.784854548665029e-06 0
4.339679428384774e-06 2.110935581536991e-06 0
4.919897870354003e-06 1.684149265449824e-06 0
5.725936690189466e-06 2.733101800562013e-06 0
5.724766624784387e-06 2.753067544899457e-06 0
4.88278067082354e-06 2.613569683505461e-06 0
4.866074861724381e-06 2.602573504971869e-06 0
5.274230057651885e-06 1.855171781640779e-06 0
5.48321511810673e-06 2.137882312939189e-06 0
5.695385481346546e-06 2.070179011967185e-06 0
4.981845460014062e-06 2.699512499044042e-06 0
4.62835844469133e-06 2.218007639257024e-06 0
5.56524920476821e-06 1.922312350686302e-06 0
5.583125079272363e-06 1.913342784882401e-06 0
5.599830888371608e-06 1.924338963415827e-06 0
4.719882562905972e-06 3.024743863673205e-06 0
5.703055660635789e-06 2.531417744457722e-06 0
5.72678186216464e-06 2.4226194569665e-06 0
5.708905987660456e-06 2.431589022770429e-06 0
5.076100479271867e-06 1.683286150564359e-06 0
5.093976353776096e-06 1.674316584760528e-06 0
4.957274086509453e-06 3.118793130130834e-06 0
4.939398212005245e-06 3.127762695934694e-06 0
4.975149961013753e-06 3.109823564326948e-06 0
4.991855770112847e-06 3.120819742860507e-06 0
4.239769467219123e-06 2.335475109593612e-06 0
4.257645341723299e-06 2.326505543789703e-06 0
4.221893592714937e-06 2.344444675397527e-06 0
5.331367877379493e-06 1.768365851216793e-06 0
5.248293233626431e-06 3.18593369917595e-06 0
5.231587424527259e-06 3.174937520642539e-06 0
5.499075755230444e-06 2.459360835068118e-06 0
5.178155186130865e-06 2.310330675943321e-06 0
4.370750915773242e-06 2.172859427278916e-06 0
4.846508643269257e-06 3.232507757966517e-06 0
4.275196322798461e-06 2.027019378727497e-06 0
4.738798994502517e-06 1.813776412164178e-06 0
4.644543975245248e-06 2.830002760643663e-06 0
4.823302720285924e-06 2.740307102604489e-06 0
4.805426845781899e-06 2.749276668408362e-06 0
4.495882037302651e-06 2.110072466651356e-06 0
4.428733907477027e-06 1.775571153259388e-06 0
4.412028098377857e-06 1.764574974725824e-06 0
4.332983929384474e-06 2.521246646819295e-06 0
5.86861879279301e-06 2.370828674872196e-06 0
4.764149663178428e-06 3.157561120961246e-06 0
5.60334108458637e-06 1.864441730403401e-06 0
4.25498031748382e-06 2.075920433206783e-06 0
4.399286887235068e-06 3.16623030380623e-06 0
5.038138107766349e-06 2.923188912215087e-06 0
5.778069354867274e-06 2.435642248229486e-06 0
5.779239420272163e-06 2.415676503892042e-06 0
4.500042020376419e-06 2.631208432154569e-06 0
5.47469976684238e-06 1.987125924043472e-06 0
4.320113209929667e-06 2.740869834531131e-06 0
5.458643744602212e-06 2.557162944025668e-06 0
5.372254289750747e-06 3.143112482885713e-06 0
5.390130164254898e-06 3.134142917081764e-06 0
5.52598725954489e-06 2.00014871530652e-06 0
4.368735678392811e-06 2.503307515211455e-06 0
4.386611552896992e-06 2.494337949407543e-06 0
4.38778161830196e-06 2.474372205070115e-06 0
4.404487427401177e-06 2.485368383603614e-06 0
4.403317361996228e-06 2.505334127941057e-06 0
4.421193236500412e-06 2.496364562137104e-06 0
4.76317498288986e-06 2.286011323187962e-06 0
5.762533611172908e-06 2.404680325358594e-06 0
4.631868640906275e-06 2.15811040624469e-06 0
4.405657492806156e-06 2.465402639266185e-06 0
4.272335913441994e-06 2.667949810255661e-06 0
4.255630104342795e-06 2.656953631722186e-06 0
4.779555898559743e-06 2.006490902463912e-06 0
4.778385833154714e-06 2.026456646801362e-06 0
4.767855244509863e-06 2.206148345838203e-06 0
4.795091642253894e-06 2.037452825334925e-06 0
4.777215767749701e-06 2.046422391138786e-06 0
4.760509958650518e-06 2.035426212605253e-06 0
4.231579009384279e-06 2.475235319955651e-06 0
4.213703134880096e-06 2.484204885759589e-06 0
4.212533069475173e-06 2.504170630097038e-06 0
4.195827260375921e-06 2.493174451563543e-06 0
4.19465719497101e-06 2.513140195901008e-06 0
4.920222763783242e-06 1.974665864707517e-06 0
4.53176329462349e-06 3.274165476411711e-06 0
4.530593229218381e-06 3.29413122074915e-06 0
4.605477415137912e-06 2.0163235831531e-06 0
4.425028326144833e-06 2.726983928382439e-06 0
5.780409485677014e-06 2.395710759554616e-06 0
5.797115294776292e-06 2.406706938087967e-06 0
5.08507023227788e-06 3.306591280086283e-06 0
4.763824769749444e-06 2.867044521703681e-06 0
5.019612446403129e-06 2.351125279503687e-06 0
4.471830942344664e-06 1.928354154884709e-06 0
4.455125133245494e-06 1.917357976351127e-06 0
4.437249258741275e-06 1.926327542155e-06 0
5.081105634320906e-06 1.89393977247222e-06 0
5.063229759816702e-06 1.90290933827615e-06 0
4.337664191004401e-06 2.441383669469536e-06 0
4.249454883888472e-06 2.466265754151741e-06 0
4.286376698301803e-06 2.428360878206489e-06 0
4.214548306855615e-06 2.173722542164511e-06 0
4.178276279301064e-06 2.792660616624979e-06 0
4.160400404796825e-06 2.801630182428804e-06 0
4.830843391262309e-06 2.019513693727116e-06 0
4.355540065508578e-06 2.432414103665625e-06 0
5.558228812338326e-06 2.042106816711061e-06 0
4.657414694699017e-06 2.610379572931587e-06 0
4.639538820194848e-06 2.619349138735481e-06 0
4.67529056920317e-06 2.601410007127647e-06 0
4.585911196682376e-06 2.646257836147304e-06 0
4.584741131277372e-06 2.666223580484771e-06 0
4.587081262087337e-06 2.626292091809838e-06 0
4.956428914533603e-06 3.429275473725939e-06 0
4.955258849128605e-06 3.449241218063382e-06 0
5.584424652990521e-06 3.075409181912892e-06 0
5.601130462089819e-06 3.086405360446345e-06 0
5.59996039668496e-06 3.106371104783822e-06 0
5.6178362711891e-06 3.097401538979832e-06 0
4.592086417137454e-06 2.836945713717737e-06 0
4.5575047335341e-06 2.83491910098809e-06 0
4.539628859029891e-06 2.843888666791944e-06 0
4.538458793624856e-06 2.863854411129372e-06 0
4.16092068334303e-06 2.200631239576325e-06 0
4.143044808838846e-06 2.20960080538023e-06 0
5.79809756250631e-06 2.98723594461306e-06 0
5.101321639635151e-06 1.845038717993525e-06 0
4.759339893245534e-06 2.055391956942662e-06 0
4.742634084146329e-06 2.044395778409142e-06 0
5.690184941181005e-06 2.751040932169727e-06 0
5.308291462709738e-06 2.458197337223672e-06 0
4.521948369641967e-06 1.961342690485481e-06 0
4.520778304236964e-06 1.981308434822899e-06 0
5.172304859106235e-06 2.410159397630377e-06 0
5.364909003891528e-06 2.972390349652843e-06 0
5.119197514139335e-06 1.836069152189646e-06 0
5.120367579544282e-06 1.816103407852191e-06 0
5.74530752352832e-06 2.994683089678099e-06 0
5.7286017144291e-06 2.9836869111446e-06 0
5.637077596214499e-06 2.176950686728598e-06 0
5.363934323602286e-06 2.100840551879762e-06 0
5.365104389007161e-06 2.080874807542326e-06 0
5.382980263511295e-06 2.071905241738339e-06 0
5.366274454412063e-06 2.060909063204881e-06 0
4.711367211641824e-06 2.87398747477764e-06 0
5.305951331899793e-06 2.498128825898565e-06 0
4.694661402542667e-06 2.862991296244092e-06 0
4.676785528038447e-06 2.871960862047978e-06 0
5.468004267841828e-06 2.397436989326038e-06 0
5.469174333246921e-06 2.377471244988617e-06 0
5.73113723035485e-06 2.052239880359617e-06 0
5.303611201089865e-06 2.538060314573436e-06 0
5.302441135684911e-06 2.558026058910879e-06 0
5.284565261180727e-06 2.566995624714835e-06 0
5.301271070279941e-06 2.577991803248317e-06 0
5.283395195775779e-06 2.586961369052284e-06 0
5.300101004875007e-06 2.597957547585746e-06 0
4.61782785604669e-06 2.397699338294144e-06 0
5.362764258197376e-06 2.120806296217148e-06 0
5.490885297395673e-06 2.599121045430208e-06 0
5.473009422891529e-06 2.608090611234139e-06 0
5.456303613792304e-06 2.597094432700702e-06 0
5.857243032172684e-06 2.86100271750482e-06 0
5.873948841271904e-06 2.871998896038388e-06 0
5.891824715776091e-06 2.863029330234494e-06 0
5.890654650371097e-06 2.882995074571935e-06 0
5.908530524875282e-06 2.874025508768023e-06 0
5.909700590280262e-06 2.854059764430581e-06 0
5.907360459470266e-06 2.893991253105477e-06 0
5.889484584966066e-06 2.902960818909358e-06 0
5.902849232245367e-06 2.911757761736215e-06 0
5.928084113388401e-06 2.916810508590434e-06 0
5.141753650169975e-06 1.747236609047237e-06 0
5.140583584819636e-06 1.767202353378009e-06 0
5.037163427477579e-06 2.051639114442134e-06 0
5.019287552973383e-06 2.060608680246019e-06 0
5.05503930198178e-06 2.042669548638276e-06 0
5.418536627403634e-06 2.945481652240828e-06 0
5.264674149296077e-06 2.906413278452074e-06 0
5.247968340196841e-06 2.895417099918585e-06 0
5.249138405601786e-06 2.875451355581185e-06 0
5.231262531097645e-06 2.884420921385145e-06 0
4.699537049278931e-06 1.891612776784267e-06 0
4.681661174774652e-06 1.900582342588132e-06 0
4.911187133972614e-06 2.424908418664579e-06 0
4.780530578848623e-06 2.878040700237271e-06 0
4.798406453352799e-06 2.869071134433441e-06 0
5.630057203784643e-06 2.296745152753207e-06 0
4.615487725236914e-06 2.437630826969037e-06 0
4.614317659832053e-06 2.457596571306467e-06 0
4.982690631989363e-06 2.389030155448893e-06 0
4.772210612700915e-06 1.835768769231225e-06 0
4.820962589476258e-06 2.780238591279469e-06 0
4.398116821830085e-06 3.186196048143734e-06 0
4.380240947325929e-06 3.19516561394769e-06 0
5.686999638395739e-06 3.101454764439568e-06 0
4.636028623979844e-06 2.679246371747766e-06 0
4.853204142269505e-06 2.822196692684036e-06 0
4.852034076864543e-06 2.842162437021463e-06 0
5.110682162875243e-06 1.685312763294137e-06 0
5.111852228280329e-06 1.665347018956704e-06 0
4.805101952353469e-06 2.458760069151185e-06 0
4.787226077849316e-06 2.467729634955173e-06 0
4.770520268750085e-06 2.456733456421691e-06 0
4.769350203345145e-06 2.47669920075912e-06 0
5.116532489900069e-06 1.585484041606676e-06 0
5.117702555304996e-06 1.565518297269193e-06 0
5.100996746205747e-06 1.554522118735701e-06 0
5.626407243972543e-06 3.248123465506638e-06 0
5.642567803888617e-06 3.259953603282666e-06 0
5.660933306057511e-06 3.250184540605016e-06 0
5.661738446216599e-06 3.270574775312524e-06 0
5.686126707146714e-06 3.257918768744057e-06 0
5.60966093105393e-06 3.237149865821538e-06 0
4.095244200599386e-06 2.136716197197274e-06 0
4.426848178408282e-06 3.288051382560003e-06 0
5.758373628099162e-06 1.883544359854638e-06 0
5.775079437198429e-06 1.89454053838801e-06 0
4.595076334804772e-06 3.378047423558438e-06 0
5.776249502603259e-06 1.874574794050557e-06 0
5.789793433894071e-06 1.887157505934297e-06 0
5.791325955525465e-06 1.857643043388834e-06 0
5.374140018818189e-06 1.630632253584494e-06 0
5.392015893322395e-06 1.621662687780633e-06 0
5.409216974385134e-06 1.631906430470313e-06 0
5.887338408407455e-06 2.921724478992981e-06 0
4.81810218011985e-06 3.421169022807396e-06 0
4.800226305615598e-06 3.43013858861127e-06 0
4.312247645524058e-06 3.171146644150939e-06 0
4.313417710929064e-06 3.151180899813513e-06 0
4.311077580119021e-06 3.191112388488372e-06 0
4.327724624014515e-06 3.20219784533557e-06 0
4.309907514713964e-06 3.211078132825803e-06 0
5.608487537819549e-06 3.257119769364629e-06 0
5.591769938850755e-06 3.246131315146032e-06 0
5.590601838424054e-06 3.266095772097653e-06 0
5.573894391842974e-06 3.25510066638567e-06 0
5.572724381020707e-06 3.275066374962392e-06 0
5.417691455428741e-06 3.255963995835925e-06 0
5.399815580924557e-06 3.264933561639877e-06 0
5.556018250180475e-06 3.264070407222466e-06 0
5.554848198173606e-06 3.284036142781911e-06 0
5.538142331299446e-06 3.273040002100522e-06 0
5.536972264882781e-06 3.293005747100765e-06 0
5.539312393459774e-06 3.253074259888902e-06 0
5.521436509653052e-06 3.262043831787478e-06 0
5.435567329932906e-06 3.246994430031933e-06 0
5.434397264527981e-06 3.266960174369399e-06 0
5.452273139032166e-06 3.257990608565386e-06 0
5.45110307362722e-06 3.277956352902838e-06 0
5.433227199123088e-06 3.286925918706865e-06 0
5.383109771825355e-06 3.253937383106365e-06 0
5.381939706420387e-06 3.273903127443779e-06 0
5.365233897321193e-06 3.262906948910272e-06 0
5.364063831916206e-06 3.282872693247701e-06 0
5.347358022817013e-06 3.271876514714163e-06 0
5.346187957412038e-06 3.291842259051608e-06 0
5.362893766511266e-06 3.302838437585169e-06 0
5.329482148312832e-06 3.280846080518079e-06 0
5.328312082907863e-06 3.300811824855519e-06 0
5.31160627380863e-06 3.289815646322039e-06 0
5.310436208403672e-06 3.309781390659451e-06 0
5.293730399304445e-06 3.298785212125974e-06 0
5.292560333899491e-06 3.318750956463362e-06 0
5.309266142998723e-06 3.329747134996856e-06 0
5.27585452480029e-06 3.307754777929867e-06 0
5.274684459395314e-06 3.327720522267281e-06 0
5.257978650296117e-06 3.316724343733784e-06 0
5.256808584891153e-06 3.336690088071267e-06 0
5.273514393990398e-06 3.347686266604748e-06 0
5.240102775791904e-06 3.325693909537807e-06 0
5.238932710386977e-06 3.345659653875199e-06 0
5.24127284119665e-06 3.305728165200503e-06 0
5.222226901287727e-06 3.334663475341757e-06 0
5.221056835882809e-06 3.354629219679106e-06 0
5.312776339213551e-06 3.26984990198466e-06 0
5.204351026783318e-06 3.343633041145661e-06 0
5.203180961378409e-06 3.363598785483032e-06 0
5.468978948131381e-06 3.268986787098849e-06 0
5.467808882726436e-06 3.288952531436299e-06 0
5.522606574332448e-06 3.242078087925441e-06 0
5.540482446148175e-06 3.233108523882844e-06 0
5.277024590205267e-06 3.287789033592422e-06 0
4.295541836424888e-06 3.160150465617386e-06 0
4.296711901829897e-06 3.140184721279943e-06 0
4.278836027325712e-06 3.149154287083843e-06 0
4.280006092730733e-06 3.129188542746384e-06 0
4.262130218226534e-06 3.138158108550276e-06 0
4.263300283631579e-06 3.118192364212803e-06 0
4.24542440912737e-06 3.127161930016681e-06 0
4.281176158135757e-06 3.109222798408937e-06 0
4.246594474532429e-06 3.107196185679223e-06 0
4.228718600028206e-06 3.116165751483094e-06 0
4.229888665433256e-06 3.096200007145651e-06 0
4.2115355877196e-06 3.105141607101779e-06 0
4.247764539937495e-06 3.087230441341785e-06 0
4.209379263550469e-06 3.122833722141676e-06 0
4.188908334067857e-06 3.111966890077244e-06 0
4.199216177148402e-06 3.149041608710418e-06 0
4.148113833687496e-06 3.131210044697898e-06 0
4.413198163782885e-06 1.744609230388364e-06 0
4.395322289278683e-06 1.753578796192258e-06 0
4.394152223873654e-06 1.77354454052969e-06 0
4.377446414774477e-06 1.762548361996113e-06 0
4.376276349369441e-06 1.782514106333539e-06 0
4.359570540270263e-06 1.771517927799942e-06 0
4.360740605675336e-06 1.751552183462548e-06 0
4.342616445484664e-06 1.760507198819954e-06 0
4.358400474865217e-06 1.791483672137377e-06 0
5.553678073813329e-06 3.304001925744769e-06 0
5.535802189483292e-06 3.312971497986207e-06 0
5.51909637542903e-06 3.301975322699109e-06 0
5.517926310849876e-06 3.321941066495571e-06 0
5.57803599500537e-06 1.702521896443512e-06 0
4.183346413036147e-06 3.061417558384331e-06 0
4.869389672822604e-06 3.434191814070609e-06 0
5.409871279930538e-06 1.612454597275103e-06 0
5.902143512171049e-06 2.934599335053974e-06 0
5.134408357463823e-06 1.576514461970878e-06 0
5.773909371793876e-06 1.914506282725713e-06 0
4.752644394245911e-06 2.465703022225574e-06 0
5.205521092187765e-06 3.323667296808478e-06 0
5.1243321775013e-06 3.228754915466237e-06 0
4.495361758756508e-06 2.71107140950427e-06 0
5.093260690112812e-06 3.166831069724332e-06 0
5.076554881013718e-06 3.155834891190807e-06 0
5.058679006509512e-06 3.164804456994633e-06 0
5.059849071914557e-06 3.144838712657235e-06 0
5.077724946418744e-06 3.135869146853376e-06 0
5.061019137319577e-06 3.124872968319812e-06 0
5.043143262815383e-06 3.133842534123692e-06 0
5.738157622785398e-06 1.932445414333586e-06 0
5.720281748281253e-06 1.941414980137846e-06 0
5.186475152279065e-06 3.35260260694963e-06 0
5.286060220014911e-06 2.837546479635811e-06 0
5.194340716684038e-06 2.922325797329517e-06 0
5.608346239635928e-06 2.075095352311312e-06 0
4.978335263798663e-06 2.759409732056347e-06 0
5.232432596502495e-06 2.86445517704754e-06 0
5.214556721998232e-06 2.873424742851133e-06 0
4.799901412186911e-06 3.139621989353518e-06 0
5.554718616123567e-06 2.102004049723662e-06 0
4.813292410187682e-06 2.318999858789056e-06 0
5.384150328916226e-06 2.051939497400902e-06 0
5.367444519816984e-06 2.04094331886743e-06 0
5.385320394321189e-06 2.031973753063465e-06 0
5.368614585221899e-06 2.020977574529988e-06 0
5.386490459726098e-06 2.012008008726025e-06 0
5.369784650626803e-06 2.001011830192534e-06 0
5.859258269553795e-06 2.530554629572308e-06 0
5.841382395049616e-06 2.539524195376253e-06 0
4.393307051897428e-06 2.084026884125188e-06 0
4.684975985872465e-06 2.732200651685861e-06 0
5.303936094518985e-06 2.828576913831716e-06 0
5.612181329280519e-06 2.305714718557143e-06 0
5.016102250187837e-06 2.411022512515903e-06 0
5.014932184783021e-06 2.430988256853278e-06 0
5.596645585586299e-06 2.274752795686199e-06 0
5.597815650991244e-06 2.254787051348773e-06 0
5.044313328220394e-06 3.113876789786305e-06 0
4.510247715591956e-06 2.161000133859732e-06 0
5.128362652262833e-06 2.567858739600234e-06 0
5.127192586857804e-06 2.587824483937641e-06 0
5.504730697866313e-06 3.25104765501471e-06 0
5.54568298631314e-06 2.552246603680987e-06 0
5.544512920908148e-06 2.572212348018431e-06 0
5.56238879541234e-06 2.563242782214523e-06 0
5.466834202436851e-06 2.417402733663536e-06 0
5.742642499288604e-06 2.744097979095595e-06 0
5.741472433883534e-06 2.764063723433048e-06 0
5.723596559379315e-06 2.773033289236904e-06 0
5.740302368478467e-06 2.78402946777048e-06 0
5.758178242982686e-06 2.775059901966663e-06 0
5.757008177577582e-06 2.795025646304092e-06 0
5.774884052081782e-06 2.786056080500317e-06 0
5.84690782864403e-06 2.149178874430994e-06 0
4.940568277410308e-06 3.107796951597259e-06 0
5.398645515519566e-06 3.284899305977321e-06 0
5.280534786419898e-06 3.227891800580487e-06 0
4.94992880065092e-06 2.948070996897586e-06 0
4.932052926146754e-06 2.957040562701516e-06 0
4.754334738196741e-06 1.844738335035133e-06 0
4.624848248476225e-06 2.277904872269497e-06 0
5.187515709370256e-06 2.150604721243499e-06 0
5.169639834866081e-06 2.159574287047433e-06 0
5.205391583874418e-06 2.141635155439559e-06 0
5.446618197122877e-06 2.466303788142546e-06 0
5.433097690809098e-06 2.10489377733877e-06 0
5.078895011823812e-06 3.115903402515959e-06 0
5.095600820922943e-06 3.126899581049567e-06 0
4.935238228931115e-06 2.60662673043129e-06 0
4.934068163526058e-06 2.626592474768731e-06 0
4.916192289021838e-06 2.635562040572602e-06 0
5.387660525130967e-06 1.992042264388579e-06 0
5.370954716031751e-06 1.981046085855079e-06 0
4.556659561558057e-06 3.145401444583208e-06 0
4.936408294336151e-06 2.586660986093832e-06 0
4.664239702012182e-06 3.382100649017633e-06 0
4.665409767417142e-06 3.36213490468026e-06 0
4.956299406221154e-06 2.247243332357421e-06 0
4.938423531716962e-06 2.256212898161345e-06 0
5.579939776487066e-06 2.263756617152738e-06 0
4.177951385871772e-06 2.502144017367513e-06 0
4.176781320466859e-06 2.522109761704961e-06 0
4.160075511367615e-06 2.51111358317148e-06 0
4.126663893169108e-06 2.489121226104324e-06 0
4.109958084069909e-06 2.478125047570756e-06 0
4.108788018664907e-06 2.498090791908187e-06 0
4.092082209565719e-06 2.487094613374622e-06 0
4.090912144160731e-06 2.507060357712083e-06 0
4.074206335061515e-06 2.496064179178545e-06 0
4.064520918391719e-06 2.365273534619968e-06 0
4.107617953259985e-06 2.51805653624566e-06 0
4.081226727491028e-06 2.376269713153629e-06 0
4.099102601995273e-06 2.367300147349811e-06 0
4.158905445962715e-06 2.531079327508926e-06 0
4.097932536590186e-06 2.387265891687273e-06 0
4.080056662085946e-06 2.396235457491055e-06 0
4.115808411094409e-06 2.378296325883445e-06 0
4.405982386235806e-06 2.755919238523746e-06 0
5.507266213064952e-06 2.319600624705746e-06 0
5.490560403965829e-06 2.308604446172167e-06 0
5.491730469370899e-06 2.288638701834789e-06 0
5.473854594866641e-06 2.297608267638642e-06 0
5.472684529461792e-06 2.317574011976075e-06 0
5.120172194427827e-06 2.707618949962482e-06 0
5.102296319923636e-06 2.716588515766443e-06 0
5.785414640726943e-06 2.606364381462624e-06 0
5.528652283784483e-06 2.250733825889524e-06 0
4.539953752458865e-06 3.134405266049658e-06 0
5.233277768478016e-06 2.553972833451742e-06 0
4.886095481921798e-06 3.445187992604201e-06 0
4.375106283964426e-06 1.802479850670974e-06 0
4.357230409460175e-06 1.811449416474839e-06 0
4.340524600361004e-06 1.800453237941238e-06 0
4.339354534955949e-06 1.820418982278699e-06 0
4.837148120029124e-06 3.39223371266615e-06 0
5.133367807312376e-06 2.778512361508231e-06 0
5.104636450733599e-06 2.676657027091326e-06 0
4.691996378302396e-06 2.612406185661101e-06 0
5.320641903618286e-06 2.839573092365105e-06 0
5.321811969023067e-06 2.819607348027637e-06 0
5.338517778122376e-06 2.830603526561025e-06 0
5.339687843527176e-06 2.810637782223573e-06 0
5.356393652626479e-06 2.82163396075697e-06 0
5.357563718031291e-06 2.801668216419511e-06 0
5.374269527130655e-06 2.812664394952918e-06 0
5.375439592535481e-06 2.792698650615464e-06 0
5.358733783436132e-06 2.781702472082064e-06 0
5.376609657940233e-06 2.772732906278017e-06 0
5.393315467039512e-06 2.783729084811392e-06 0
5.394485532444314e-06 2.76376334047394e-06 0
5.377779723344999e-06 2.752767161940592e-06 0
5.395655597849115e-06 2.743797596136486e-06 0
5.378949788749774e-06 2.732801417603147e-06 0
5.41236140694841e-06 2.754793774669851e-06 0
4.411182926401674e-06 2.07505731832122e-06 0
4.94160883450225e-06 1.905799065891297e-06 0
5.703575939182038e-06 1.93041880160429e-06 0
5.702405873777152e-06 1.950384545941991e-06 0
5.685700064677928e-06 1.939388367408327e-06 0
5.684529999272995e-06 1.959354111745926e-06 0
5.66782419017371e-06 1.948357933212352e-06 0
4.375431177393263e-06 2.092996449929175e-06 0
4.376601242798229e-06 2.07303070559166e-06 0
5.56940918784199e-06 2.443448316189792e-06 0
4.828632768765071e-06 3.241477323770419e-06 0
4.641554057575452e-06 2.288901050803008e-06 0
4.509077650186945e-06 2.180965878197151e-06 0
4.525783459286119e-06 2.191962056730697e-06 0
4.507907584781927e-06 2.200931622534617e-06 0
4.524613393881115e-06 2.211927801068173e-06 0
5.133042913882764e-06 2.487995762250483e-06 0
4.806596911186727e-06 2.729310924070979e-06 0
4.788721036682662e-06 2.738280489874935e-06 0
4.789891102087513e-06 2.718314745537496e-06 0
4.772015227583409e-06 2.727284311341367e-06 0
5.108796433807085e-06 3.197792992595328e-06 0
5.71794161747111e-06 1.98134646881362e-06 0
4.625693420452023e-06 1.96742252867427e-06 0
4.608987611352857e-06 1.956426350140801e-06 0
4.626863485856981e-06 1.947456784336857e-06 0
4.519087960285598e-06 2.602273122013172e-06 0
5.252323708387249e-06 2.525037523310365e-06 0
5.173279539393812e-06 3.281709195404261e-06 0
4.547299038317499e-06 3.305127399282767e-06 0
4.529423163813255e-06 3.314096965086566e-06 0
4.546128972912404e-06 3.325093143620193e-06 0
4.528253098408197e-06 3.334062709424029e-06 0
4.512717354714101e-06 3.303100786552999e-06 0
4.544958907507361e-06 3.345058887957619e-06 0
4.526480341446371e-06 3.354944085502349e-06 0
4.417033253426947e-06 1.975228596633743e-06 0
5.588780021181036e-06 2.70502960530595e-06 0
5.587609955776019e-06 2.724995349643372e-06 0
5.604315764875225e-06 2.735991528176948e-06 0
5.586439890370988e-06 2.744961093980821e-06 0
5.569734081271823e-06 2.733964915447251e-06 0
5.568564015866822e-06 2.753930659784705e-06 0
5.585269824965995e-06 2.764926838318307e-06 0
5.56739395046179e-06 2.773896404122132e-06 0
5.551858206767654e-06 2.742934481251178e-06 0
4.783520496516406e-06 3.419142410077727e-06 0
4.78235043111144e-06 3.43910815441518e-06 0
4.765644622012208e-06 3.428111975881704e-06 0
5.225607589188511e-06 2.092734100960769e-06 0
5.226777654593512e-06 2.072768356623323e-06 0
5.210071845494332e-06 2.061772178089781e-06 0
5.227947719998545e-06 2.052802612285902e-06 0
5.211241910899385e-06 2.04180643375233e-06 0
5.229117785403611e-06 2.032836867948478e-06 0
5.212411976304448e-06 2.021840689414891e-06 0
5.194536101800234e-06 2.030810255218738e-06 0
5.195706167205306e-06 2.010844510881284e-06 0
5.17783029270109e-06 2.019814076685131e-06 0
5.179000358106163e-06 1.999848332347671e-06 0
5.161124483601965e-06 2.008817898151595e-06 0
5.21358204170952e-06 2.001874945077439e-06 0
5.162294549007014e-06 1.988852153814075e-06 0
5.180170423511229e-06 1.979882588010219e-06 0
4.565890576485628e-06 1.803643348515588e-06 0
4.977490091824229e-06 3.069892075651885e-06 0
4.994195900923327e-06 3.080888254185512e-06 0
5.616666205784171e-06 3.117367283317289e-06 0
5.634542080288328e-06 3.108397717513329e-06 0
5.124852456047748e-06 2.627755972612569e-06 0
5.437582567312769e-06 2.916546342099485e-06 0
5.600155781801119e-06 2.214855562673914e-06 0
4.838318185434184e-06 3.372267968328697e-06 0
4.573365370657286e-06 3.156397623116794e-06 0
4.555489496152986e-06 3.165367188920646e-06 0
4.572195305252237e-06 3.176363367454227e-06 0
5.161774270461187e-06 2.589851096667314e-06 0
5.663793715412659e-06 2.609254109077912e-06 0
5.533332545404434e-06 2.170870848539705e-06 0
4.62432796993081e-06 2.878903815122256e-06 0
5.095146419181178e-06 1.654350840423096e-06 0
5.113022293685413e-06 1.645381274619272e-06 0
4.705516884616731e-06 2.973816196464828e-06 0
4.339484043268172e-06 3.00245112364756e-06 0
5.254663839197202e-06 2.485106034635473e-06 0
4.661770062889724e-06 2.239999996324168e-06 0
4.679645937393893e-06 2.231030430520254e-06 0
4.643894188385531e-06 2.248969562128045e-06 0
5.632201949478584e-06 3.148329206188264e-06 0
5.07857011839459e-06 2.825386803257493e-06 0
4.941413449385382e-06 2.797314608001702e-06 0
5.252973495246329e-06 3.10607072182623e-06 0
4.33850936297979e-06 2.130901325874442e-06 0
4.669440242178308e-06 2.701238728814871e-06 0
4.864904796319311e-06 2.622539249309301e-06 0
4.848198987220167e-06 2.611543070775678e-06 0
4.703047245494067e-06 1.831715543771971e-06 0
4.716892645236933e-06 2.483642153832891e-06 0
4.872899869037604e-06 3.374294581058312e-06 0
4.849369052625209e-06 2.591577326438296e-06 0
4.462470419104426e-06 2.088080109584173e-06 0
4.46130035369943e-06 2.108045853921613e-06 0
4.19615215380528e-06 2.783691050821068e-06 0
4.63804386136059e-06 2.348798283815283e-06 0
4.960967623818322e-06 2.477711211942229e-06 0
5.417366561998644e-06 2.965447396578282e-06 0
5.636232424238912e-06 2.487433030323699e-06 0
4.564720511080558e-06 1.823609092852986e-06 0
4.185296671731068e-06 2.672866150600407e-06 0
4.840853701361765e-06 2.440820937543216e-06 0
4.857559510461006e-06 2.451817116076655e-06 0
5.007586898923798e-06 2.260266123620477e-06 0
5.00875696432878e-06 2.240300379283041e-06 0
4.99205115522955e-06 2.229304200749525e-06 0
5.009927029733755e-06 2.220334634945595e-06 0
5.038983279741623e-06 2.612706568619878e-06 0
5.566419270173239e-06 1.902346606348903e-06 0
4.796911494517582e-06 2.598520279512725e-06 0
4.907676937757741e-06 2.484805651676899e-06 0
5.850767364572528e-06 2.960783761049517e-06 0
4.241784704600054e-06 2.005027021660398e-06 0
4.240614639195041e-06 2.02499276599787e-06 0
4.223908830095854e-06 2.013996587464333e-06 0
4.627838166146052e-06 2.819006582110149e-06 0
5.561218730007333e-06 2.583208526551973e-06 0
4.345854648839204e-06 2.301623459107538e-06 0
4.162415642177458e-06 2.471182094496497e-06 0
5.818176472065919e-06 2.047323540014134e-06 0
4.397142141541627e-06 2.314646250370693e-06 0
4.780725963964755e-06 1.986525158126467e-06 0
4.762654704344384e-06 2.887010266041036e-06 0
4.418203318831979e-06 1.955262852296291e-06 0
4.20317254623525e-06 2.66389658479652e-06 0
4.816477712973116e-06 1.968586026518713e-06 0
4.400977231186246e-06 2.545265616615936e-06 0
4.308087662450417e-06 2.650010678647825e-06 0
5.569929466387937e-06 1.842449373336462e-06 0
5.568759400983083e-06 1.862415117673907e-06 0
5.520982104495231e-06 1.789495093398571e-06 0
5.281379958395339e-06 2.917409456985617e-06 0
5.553873444147834e-06 2.412486393318759e-06 0
5.151243681816511e-06 2.769542795704225e-06 0
4.689006460633875e-06 2.071304475820761e-06 0
4.401822403161665e-06 2.234783273020872e-06 0
5.392665680180882e-06 2.202695886296217e-06 0
4.387456724872441e-06 2.18385560581245e-06 0
4.542489268385297e-06 2.202958235264223e-06 0
4.708181908855708e-06 3.224401307047749e-06 0
5.406835973354112e-06 3.145139095615239e-06 0
5.408006038759059e-06 3.125173351277821e-06 0
4.312767924070317e-06 2.570147701298125e-06 0
5.025983051974191e-06 1.650297614963718e-06 0
5.156248836865885e-06 2.980196417612277e-06 0
5.155078771460994e-06 3.000162161949714e-06 0
4.686470944707513e-06 3.002751506606208e-06 0
4.685300879302463e-06 3.022717250943725e-06 0
5.273189500560479e-06 3.057169667347395e-06 0
4.529293655501147e-06 2.132064823718421e-06 0
4.531633786311177e-06 2.092133335043483e-06 0
4.588771606038721e-06 2.005327404619585e-06 0
4.379591160467126e-06 2.614132415432159e-06 0
5.204871305328944e-06 2.742634098292413e-06 0
5.222747179833093e-06 2.733664532488449e-06 0
4.845338577864261e-06 3.252473502303943e-06 0
4.82746270336007e-06 3.261443068107862e-06 0
4.223063658119915e-06 2.324478931060095e-06 0
4.205187783615715e-06 2.333448496864011e-06 0
4.773185292988297e-06 2.707318567003992e-06 0
4.755309418484189e-06 2.716288132807739e-06 0
5.773389093247499e-06 2.515505225579264e-06 0
5.790094902346748e-06 2.526501404112766e-06 0
5.772219027842591e-06 2.535470969916738e-06 0
5.788924836941772e-06 2.546467148450237e-06 0
5.771048962437638e-06 2.555436714254163e-06 0
5.787754771536842e-06 2.566432892787671e-06 0
5.754343153338418e-06 2.544440535720734e-06 0
5.753173087933503e-06 2.564406280058141e-06 0
5.736467278834242e-06 2.553410101524765e-06 0
5.064399825221692e-06 1.88294359393871e-06 0
5.046523950717493e-06 1.891913159742656e-06 0
5.047694016122458e-06 1.871947415405212e-06 0
5.029818141618283e-06 1.880916981209143e-06 0
5.02864807621332e-06 1.900882725546591e-06 0
5.011942267114104e-06 1.88988654701307e-06 0
4.692516656848855e-06 2.011407242808425e-06 0
4.214873200285063e-06 2.464239141422148e-06 0
5.026632838832929e-06 2.231330813479137e-06 0
5.027802904237938e-06 2.211365069141702e-06 0
5.356264144313977e-06 1.639601819388364e-06 0
5.357392460158001e-06 1.619699502558446e-06 0
5.339551376954634e-06 1.628616212106022e-06 0
5.340678533088636e-06 1.608715657151333e-06 0
5.322843055150407e-06 1.617623850968746e-06 0
5.324012701771284e-06 1.597658742864013e-06 0
5.306143490230717e-06 1.606618186042248e-06 0
5.304974535319572e-06 1.626582243275414e-06 0
5.288269951999344e-06 1.615584202492276e-06 0
5.287100275973061e-06 1.635549355270729e-06 0
5.307314596332341e-06 1.586650860639334e-06 0
5.270478368934773e-06 1.624719443691142e-06 0
5.269238719235068e-06 1.644546124672319e-06 0
5.271541416065516e-06 1.605109324816385e-06 0
5.303806149968643e-06 1.646545435211192e-06 0
5.152934025766867e-06 2.14857810851391e-06 0
5.151763960361925e-06 2.168543852851416e-06 0
4.465655721890476e-06 1.737666277314205e-06 0
4.448949912791303e-06 1.726670098780625e-06 0
4.466825787295521e-06 1.717700532976764e-06 0
4.450119978196364e-06 1.706704354443189e-06 0
4.467995852700564e-06 1.697734788639336e-06 0
4.432244103692145e-06 1.715673920247012e-06 0
4.84416851245927e-06 3.272439246641365e-06 0
4.8262926379551e-06 3.281408812445307e-06 0
5.426922470354718e-06 1.9142058997681e-06 0
4.744453936410015e-06 2.605463232586945e-06 0
4.850018839484394e-06 3.172610524954186e-06 0
4.870234844799007e-06 3.1237094704752e-06 0
4.869064779393886e-06 3.143675214812653e-06 0
4.886940653898165e-06 3.134705649008781e-06 0
5.159434139651213e-06 2.629782585342189e-06 0
5.480550093867138e-06 1.887297202356277e-06 0
5.481720159272112e-06 1.867331458018837e-06 0
5.463844284767936e-06 1.876301023822796e-06 0
5.46501435017289e-06 1.856335279485358e-06 0
4.809586828855902e-06 3.270412633911798e-06 0
4.808416763450972e-06 3.290378378249288e-06 0
4.825122572550203e-06 3.301374556782737e-06 0
4.542293883268953e-06 3.094473777374817e-06 0
4.612627315880778e-06 3.078561258496725e-06 0
4.613797381285791e-06 3.058595514159287e-06 0
4.597091572186626e-06 3.047599335625697e-06 0
5.482890224677072e-06 1.847365713681362e-06 0
4.274351150822488e-06 2.33750172232322e-06 0
4.275521216227477e-06 2.317535977985783e-06 0
4.258815407128262e-06 2.306539799452263e-06 0
4.276691281632471e-06 2.297570233648346e-06 0
5.037488320907326e-06 2.34215571369959e-06 0
4.448234249127733e-06 3.219184583743902e-06 0
4.354045106674049e-06 2.161863248745391e-06 0
4.352875041269045e-06 2.181828993082812e-06 0
5.391300229659813e-06 3.114177172744317e-06 0
4.493346521376478e-06 3.041519497436678e-06 0
4.475470646872248e-06 3.050489063240517e-06 0
4.476640712277324e-06 3.030523318903098e-06 0
4.458764837773088e-06 3.039492884706935e-06 0
4.459934903178174e-06 3.019527140369502e-06 0
4.442059028673947e-06 3.028496706173347e-06 0
4.443229094079024e-06 3.008530961835887e-06 0
4.461104968583262e-06 2.99956139603208e-06 0
4.444399159484119e-06 2.988565217498446e-06 0
4.440888963268909e-06 3.048462450510832e-06 0
4.293072197302555e-06 2.018049812923682e-06 0
4.250949842722925e-06 2.736816609071946e-06 0
4.916387674139147e-06 1.744046498462143e-06 0
4.933093483238371e-06 1.755042676995658e-06 0
4.915217608734196e-06 1.764012242799584e-06 0
4.463120205963089e-06 2.66911330809975e-06 0
4.464290271368086e-06 2.649147563762342e-06 0
4.446414396863902e-06 2.658117129566229e-06 0
4.372245874607754e-06 2.44341028219915e-06 0
5.098981508825115e-06 1.884970206668338e-06 0
4.304252572805975e-06 2.41939131240255e-06 0
4.293397090731668e-06 2.308566412181872e-06 0
4.513237633260667e-06 2.702101843700339e-06 0
5.710725839924862e-06 2.992656476948533e-06 0
5.711895905329814e-06 2.972690732611131e-06 0
5.729771779834002e-06 2.963721166807138e-06 0
5.713065970734761e-06 2.952724988273682e-06 0
5.695190096230576e-06 2.961694554077642e-06 0
5.696360161635536e-06 2.941728809740188e-06 0
5.67848428713136e-06 2.950698375544141e-06 0
5.679654352536314e-06 2.930732631206742e-06 0
5.66177847803217e-06 2.939702197010682e-06 0
5.662948543437111e-06 2.91973645267328e-06 0
5.64507266893293e-06 2.928706018477209e-06 0
5.646242734337911e-06 2.908740274139804e-06 0
5.62836685983373e-06 2.917709839943736e-06 0
5.664118608842117e-06 2.899770708335898e-06 0
5.697530227040461e-06 2.921763065402791e-06 0
5.647412799742949e-06 2.888774529802346e-06 0
4.303082507401027e-06 2.439357056739957e-06 0
5.186995430824789e-06 2.751603664096361e-06 0
5.559203492627075e-06 2.913656614484206e-06 0
4.852229461981433e-06 1.950646894910888e-06 0
5.002256850445051e-06 1.759095902454829e-06 0
4.881610605418461e-06 2.633535427842911e-06 0
5.805630646041041e-06 2.55746332698383e-06 0
5.156573730294619e-06 3.270713016870695e-06 0
4.742438699030091e-06 2.935911320519572e-06 0
4.9921806635419e-06 3.411336342118052e-06 0
5.186150258849517e-06 3.062086007691936e-06 0
5.575064184334342e-06 3.235135100851823e-06 0
4.126338999739652e-06 2.198604626846696e-06 0
4.125168934334665e-06 2.218570371184131e-06 0
4.108463125235473e-06 2.207574192650581e-06 0
4.107293059830468e-06 2.227539936988021e-06 0
4.09058725073128e-06 2.216543758454452e-06 0
4.089417185326254e-06 2.236509502791905e-06 0
4.072711376227077e-06 2.225513324258338e-06 0
4.071541310822047e-06 2.245479068595797e-06 0
4.054835501722875e-06 2.234482890062239e-06 0
4.053665436317848e-06 2.254448634399669e-06 0
4.603137284327946e-06 2.056255071827932e-06 0
4.353524828128065e-06 2.762862191598155e-06 0
4.413002778665524e-06 2.636124772499199e-06 0
5.492380256230381e-06 2.869671900350215e-06 0
4.093252274970402e-06 2.467128869037215e-06 0
4.166771010367905e-06 2.100802517889164e-06 0
5.135058151262715e-06 2.15754767431788e-06 0
5.133888085857766e-06 2.177513418655377e-06 0
5.117182276758549e-06 2.166517240121851e-06 0
5.116012211353615e-06 2.186482984459304e-06 0
5.099306402254389e-06 2.175486805925844e-06 0
5.098136336849495e-06 2.195452550263307e-06 0
5.081430527750253e-06 2.184456371729855e-06 0
5.08026046234538e-06 2.204422116067301e-06 0
5.546528158288631e-06 2.241764260085687e-06 0
5.526637046403973e-06 2.581181913822379e-06 0
4.979505329203602e-06 2.739443987718956e-06 0
4.159750617938041e-06 2.220596983913748e-06 0
4.373415940012742e-06 2.423444537861724e-06 0
5.244783037411604e-06 3.245830932188237e-06 0
5.424711847858261e-06 3.136169529811339e-06 0
5.425881913263278e-06 3.116203785473927e-06 0
5.160929098485561e-06 2.900333440262473e-06 0
4.776370595774566e-06 2.356904734734519e-06 0
4.575575993154496e-06 1.934433993073761e-06 0
4.887981210989852e-06 1.932707763302996e-06 0
4.562834782011569e-06 3.336089322153771e-06 0
5.470149013536358e-06 3.249021042761352e-06 0
4.548014701981404e-06 1.81261291431936e-06 0
4.910666855427535e-06 3.025907361517707e-06 0
5.722426493974286e-06 2.792999033574297e-06 0
4.614967446690809e-06 3.038629769821843e-06 0
4.631673255789963e-06 3.049625948355463e-06 0
4.5982616375917e-06 3.027633591288261e-06 0
4.352354762722969e-06 2.782827935935571e-06 0
4.747118960650276e-06 2.856048343170056e-06 0
4.314587776334054e-06 3.13121515547611e-06 0
5.224437523783514e-06 2.112699845298214e-06 0
4.566865256773151e-06 2.675193146288626e-06 0
4.603787071186546e-06 2.637288270343347e-06 0
4.604957136591497e-06 2.617322526005888e-06 0
5.683684827297223e-06 2.269836455341425e-06 0
4.438419324146296e-06 1.906361797817523e-06 0
4.420543449642117e-06 1.915331363621395e-06 0
5.693045350536895e-06 2.110110500642048e-06 0
5.519941547403684e-06 2.991492979104222e-06 0
4.356710130913527e-06 2.412448359328187e-06 0
4.477485884252342e-06 2.720040975308162e-06 0
5.584099759560897e-06 2.784892582655743e-06 0
5.566223885056689e-06 2.793862148459554e-06 0
5.549518075957563e-06 2.782865969925955e-06 0
5.60197563406512e-06 2.775923016851942e-06 0
4.194982088400282e-06 2.803656795158495e-06 0
4.21285796290446e-06 2.794687229354591e-06 0
5.823181627115268e-06 2.257977161922192e-06 0
4.954804447386655e-06 1.976692477437069e-06 0
4.739969059907498e-06 1.793810667826747e-06 0
5.208056608114509e-06 2.392220266022625e-06 0
4.448754527673874e-06 2.618185640891369e-06 0
5.485684757230609e-06 3.279982965632236e-06 0
5.020262233262148e-06 2.932158478018943e-06 0
5.74615269550364e-06 2.684200746082941e-06 0
4.640708885599863e-06 2.599383394398076e-06 0
5.523647128734984e-06 2.040080203981515e-06 0
4.390121749111942e-06 2.434440716395272e-06 0
5.250308471006683e-06 2.855485611243728e-06 0
5.450128393337664e-06 2.406406555129965e-06 0
5.147408592172017e-06 2.538923429458938e-06 0
5.55302827217263e-06 2.722968736913731e-06 0
5.087410363087831e-06 3.266659791411533e-06 0
4.376080964252177e-06 2.674029648444506e-06 0
5.763703676577796e-06 2.384714581021164e-06 0
4.193487129566075e-06 2.533105940238412e-06 0
4.807246698046089e-06 3.310344122586761e-06 0
4.823952507145317e-06 3.321340301120192e-06 0
5.455458441817001e-06 2.907576776295601e-06 0
5.47216425091614e-06 2.91857295482913e-06 0
4.092089882532712e-06 2.1966788652387e-06 0
5.677314221726379e-06 2.970664119881547e-06 0
5.030988207023274e-06 1.860951236871697e-06 0
4.931923417833394e-06 1.775008421333093e-06 0
4.949799292337535e-06 1.766038855529193e-06 0
4.914047543329206e-06 1.783977987137034e-06 0
4.897341734230028e-06 1.772981808603521e-06 0
5.044508713337095e-06 2.222361247675209e-06 0
5.484514691825646e-06 3.299948709969724e-06 0
5.466638817321474e-06 3.308918275773722e-06 0
5.483344626420665e-06 3.319914454307217e-06 0
5.465468751916528e-06 3.328884020111152e-06 0
5.442587722362439e-06 3.127199964007419e-06 0
5.443757787767517e-06 3.107234219670068e-06 0
5.427051978668327e-06 3.096238041136484e-06 0
5.444927853172643e-06 3.087268475332689e-06 0
5.461633662271745e-06 3.098264653866359e-06 0
5.46280372767697e-06 3.078298909528974e-06 0
5.479509536775931e-06 3.089295088062739e-06 0
5.59931060982565e-06 2.525337906269044e-06 0
5.035993362072573e-06 2.071604858779553e-06 0
4.488536751443809e-06 1.939350333418307e-06 0
4.518438173427024e-06 2.021239923497661e-06 0
4.79392157684888e-06 2.057418569672326e-06 0
5.74582780207365e-06 2.393684146825179e-06 0
5.535152397668437e-06 2.731938302717681e-06 0
5.327857681164381e-06 1.828263084229151e-06 0
5.348528088222e-06 3.251910770376751e-06 0
5.609516305040828e-06 2.05512960797371e-06 0
4.884600523087743e-06 3.174637137683872e-06 0
4.958119258484612e-06 2.808310786535179e-06 0
4.940243383980397e-06 2.817280352339142e-06 0
4.975995132988977e-06 2.799341220731272e-06 0
5.458839129718811e-06 1.665647401915072e-06 0
5.063554653246115e-06 2.193425937533736e-06 0
4.285206632896852e-06 2.448326622543901e-06 0
5.62719679442875e-06 2.937675584281135e-06 0
5.208381501543744e-06 2.682736865280201e-06 0
5.448762942817336e-06 3.317887841577683e-06 0
5.447592877412372e-06 3.337853585915081e-06 0
5.430887068313184e-06 3.326857407381621e-06 0
4.715202301286189e-06 3.104606841023017e-06 0
4.697326426782068e-06 3.113576406827045e-06 0
4.714032235881288e-06 3.124572585360478e-06 0
5.459813810007238e-06 2.537197199688272e-06 0
4.456295198650444e-06 1.897392232013679e-06 0
5.87144602526972e-06 2.91173003733759e-06 0
5.01811748756835e-06 2.080574424583427e-06 0
5.773713986676617e-06 2.806021824837722e-06 0
5.017272315592759e-06 2.391056768178488e-06 0
4.868739885963792e-06 2.853158615554815e-06 0
4.850864011459661e-06 2.862128181358785e-06 0
5.123877775737095e-06 1.756206174842439e-06 0
5.122707710343964e-06 1.776171919178431e-06 0
5.139413519445215e-06 1.787168097711741e-06 0
4.231058730838251e-06 3.076234262808265e-06 0
4.248934605342559e-06 3.06726469700438e-06 0
4.265640414441711e-06 3.078260875537945e-06 0
4.266810479846796e-06 3.05829513120053e-06 0
4.283516288945928e-06 3.069291309734143e-06 0
4.284686354351027e-06 3.049325565396722e-06 0
4.301392163450143e-06 3.060321743930328e-06 0
4.302562228855272e-06 3.040355999592922e-06 0
4.300222098045018e-06 3.080287488267714e-06 0
4.753814459650904e-06 2.445737277888168e-06 0
4.759664786675308e-06 2.345908556201107e-06 0
4.760834852080011e-06 2.325942811863206e-06 0
4.758494721270268e-06 2.365874300538489e-06 0
5.137073388643522e-06 1.827099586385744e-06 0
5.135903323238492e-06 1.847065330723142e-06 0
5.798285360181159e-06 2.386741193750606e-06 0
4.636873795955671e-06 2.368764028152726e-06 0
4.811797451353068e-06 2.048449003868456e-06 0
5.533982332263524e-06 2.751904047055068e-06 0
4.904491634972036e-06 2.835219483947008e-06 0
5.761668814797083e-06 3.005659078210762e-06 0
4.177626492442285e-06 2.211627418109829e-06 0
4.663914808583519e-06 3.091584049760071e-06 0
5.448958327932671e-06 2.426372299467434e-06 0
4.896171668825065e-06 1.792947552940962e-06 0
4.879465859725874e-06 1.781951374407464e-06 0
4.878295794320872e-06 1.801917118744918e-06 0
4.861589985221696e-06 1.790920940211407e-06 0
4.86041991981673e-06 1.810886684548845e-06 0
5.228792891959966e-06 1.74232026869274e-06 0
4.462275033988338e-06 2.979595651694672e-06 0
4.478980843087477e-06 2.990591830228306e-06 0
4.445569224889148e-06 2.968599473160988e-06 0
4.959484709006455e-06 1.896829500087282e-06 0
4.976190518105663e-06 1.907825678620779e-06 0
4.977360583510726e-06 1.887859934283369e-06 0
4.106122994425486e-06 2.247505681325419e-06 0
5.106001901249614e-06 1.765175740644361e-06 0
5.639417727024428e-06 2.137019198054004e-06 0
5.809465735685365e-06 2.78808269322941e-06 0
5.31914694478408e-06 2.569022237444389e-06 0
5.125047841144892e-06 1.73624043050474e-06 0
5.337543097833719e-06 1.959053728787805e-06 0
5.17880497298969e-06 2.891363874458526e-06 0
4.070371245417036e-06 2.265444812933185e-06 0
4.052495370912899e-06 2.274414378737064e-06 0
5.503106229991081e-06 1.798464659202453e-06 0
5.504276295396154e-06 1.778498914865042e-06 0
5.128882930808509e-06 1.966859796747606e-06 0
5.127712865403532e-06 1.986825541085005e-06 0
5.109836990899351e-06 1.995795106889005e-06 0
5.126542799998554e-06 2.00679128542255e-06 0
5.108666925494351e-06 2.015760851226492e-06 0
5.776054117486928e-06 2.766090336162846e-06 0
5.552183100196609e-06 3.033451080508622e-06 0
5.347228514503015e-06 2.089844373346332e-06 0
5.705720684875167e-06 2.782002855040774e-06 0
4.922692402906145e-06 3.11676651740109e-06 0
5.10782175351928e-06 2.326243194821326e-06 0
5.125697628023291e-06 2.317273629017375e-06 0
5.115491932808192e-06 2.787481927312251e-06 0
5.098786123708978e-06 2.77648574877881e-06 0
5.505900763113959e-06 3.231081910780289e-06 0
5.67029382929667e-06 3.09045858590592e-06 0
5.628887138379607e-06 2.316710897090716e-06 0
5.646763012883781e-06 2.307741331286673e-06 0
4.489706816848853e-06 1.919384589080874e-06 0
4.31926803795432e-06 3.051352178126468e-06 0
4.797236387947769e-06 2.889036878770786e-06 0
5.230092465692658e-06 2.904386665722444e-06 0
4.824668170808501e-06 1.828825816156719e-06 0
4.806792296304272e-06 1.837795381960732e-06 0
5.8560729667678e-06 2.880968461842313e-06 0
5.839367157668365e-06 2.86997228330873e-06 0
5.14123337171773e-06 2.348235551888259e-06 0
5.140063306312807e-06 2.368201296225667e-06 0
5.072070004510941e-06 2.344182326429069e-06 0
5.27936472101492e-06 3.247857544917897e-06 0
5.611011263875457e-06 2.325680462894613e-06 0
5.34956864531287e-06 2.049912884671345e-06 0
5.610490985329562e-06 2.926679405747579e-06 0
5.611661050734568e-06 2.906713661410161e-06 0
4.698366983873815e-06 1.911578521121619e-06 0
4.68049110936962e-06 1.920548086925481e-06 0
4.663785300270433e-06 1.909551908392017e-06 0
4.662615234865408e-06 1.929517652729331e-06 0
5.864783703148365e-06 2.140209308627132e-06 0
4.839683635956757e-06 2.460786681880668e-06 0
5.682514761892208e-06 2.289802199678813e-06 0
5.700390636396453e-06 2.280832633874935e-06 0
4.771040547295877e-06 1.855734513568659e-06 0
5.80595553946987e-06 2.847979926241404e-06 0
5.297240595519086e-06 3.23888797911399e-06 0
5.770724069008194e-06 2.264920114996659e-06 0
5.752848194504015e-06 2.273889680800642e-06 0
4.753164672791708e-06 1.864704079372519e-06 0
4.645909425766253e-06 1.918521474195927e-06 0
5.351908776122675e-06 2.009981395996358e-06 0
5.41353147235324e-06 2.734828030332422e-06 0
5.619006336593992e-06 3.077435794642469e-06 0
5.669123763891657e-06 3.110424330243185e-06 0
5.568888909295931e-06 3.044447259042031e-06 0
5.12855803737939e-06 1.676343197490321e-06 0
4.92152233750109e-06 3.13673226173853e-06 0
5.592810495941575e-06 2.044133429440352e-06 0
5.622711917925435e-06 2.126023019520277e-06 0
5.189985348493037e-06 3.292705373937796e-06 0
5.819346537470951e-06 2.027357795676638e-06 0
5.542368175214365e-06 1.720628294582198e-06 0
5.54353824061956e-06 1.700662550244793e-06 0
5.755838112172467e-06 2.814991390641447e-06 0
5.772543921271613e-06 2.825987569174859e-06 0
4.834158202360627e-06 2.851132002825525e-06 0
4.81511226245191e-06 2.880067312966918e-06 0
5.703705447494989e-06 3.112450942973029e-06 0
5.721581321999085e-06 3.10348137716925e-06 0
5.47833947137068e-06 3.109260832399977e-06 0
5.514091220379082e-06 3.09132170079199e-06 0
4.770845162178894e-06 2.747250055678924e-06 0
4.803931886948384e-06 2.478725813488566e-06 0
5.720411256594217e-06 3.123447121506462e-06 0
5.718070732294386e-06 3.163377825975496e-06 0
5.738287131098267e-06 3.114477555702626e-06 0
5.127387971974281e-06 1.696308941827748e-06 0
5.626222114140189e-06 2.066125786507712e-06 0
5.801470662966835e-06 2.036327361480894e-06 0
5.480679602181056e-06 3.069329343725085e-06 0
5.252618939024874e-06 1.633721175378546e-06 0
5.251367971791792e-06 1.653525585389756e-06 0
5.268057622939804e-06 1.664489501416476e-06 0
5.250182584272302e-06 1.6734607127409e-06 0
5.133238204302909e-06 1.596480198928063e-06 0
5.837221796557391e-06 2.018389164838418e-06 0
5.923065237559625e-06 2.8628567072574e-06 0
4.561812223133749e-06 3.355830969012509e-06 0
5.72496200990066e-06 1.861552002787856e-06 0
5.708256200801475e-06 1.850555824254413e-06 0
5.755968518603057e-06 1.865372528678098e-06 0
5.456434020222876e-06 1.647475570738473e-06 0
5.441537458136164e-06 1.654950208908427e-06 0
4.443553987507436e-06 3.299047561093597e-06 0
4.461429862011646e-06 3.290077995289756e-06 0
4.460259796606585e-06 3.310043739627189e-06 0
4.629508985993665e-06 3.379777022497148e-06 0
4.663507152622991e-06 3.402092033388561e-06 0
4.679848365042302e-06 3.413066845227499e-06 0
4.662674549306261e-06 3.421681843837641e-06 0
5.927019604481071e-06 2.844723659342181e-06 0
5.910777845634694e-06 2.83403293021237e-06 0
5.9287465301894e-06 2.825124454289209e-06 0
5.912025252748505e-06 2.814118094108891e-06 0
5.929914017537464e-06 2.805157013010668e-06 0
5.913207778762156e-06 2.794160551653607e-06 0
5.931085730034408e-06 2.785192352830036e-06 0
4.396492354683679e-06 1.733613051854827e-06 0
5.230485035016779e-06 1.529615949601694e-06 0
5.510700825342908e-06 1.659003434367421e-06 0
5.505196724450115e-06 1.617689791500722e-06 0
5.135353519151075e-06 1.556890420155899e-06 0
4.765095648077994e-06 3.448114118443575e-06 0
4.780855441862989e-06 3.458027323974012e-06 0
5.141037986600439e-06 3.239751093999829e-06 0
4.42769335038497e-06 2.977569038964807e-06 0
4.428863415789967e-06 2.957603294627354e-06 0
4.421518129930553e-06 2.786881161394541e-06 0
4.420348064525812e-06 2.806846905731893e-06 0
4.718387604071776e-06 2.754193008753187e-06 0
4.25615038288897e-06 2.055954688869152e-06 0
5.191155413898079e-06 3.272739629600447e-06 0
5.207861222997286e-06 3.283735808133959e-06 0
5.666654124768577e-06 1.968323677550003e-06 0
4.756154590460651e-06 2.405805789213285e-06 0
4.77988079198903e-06 2.297007501721506e-06 0
4.583571065872471e-06 2.686189324822211e-06 0
4.343189624599625e-06 2.051038348524616e-06 0
4.326483815500437e-06 2.04004216999115e-06 0
4.563030167129413e-06 2.444573780043563e-06 0
4.561860101724464e-06 2.464539524381018e-06 0
4.57856591082371e-06 2.47553570291446e-06 0
4.560690036319542e-06 2.484505268718477e-06 0
4.912682092806989e-06 2.695459273584868e-06 0
4.913852158212048e-06 2.675493529247452e-06 0
4.834483095790495e-06 3.141648602083092e-06 0
5.307641675850308e-06 1.877164138707869e-06 0
5.289765801346107e-06 1.886133704511789e-06 0
5.325517550354479e-06 1.868194572903925e-06 0
4.096762471185067e-06 2.407231636024732e-06 0
4.078886596680816e-06 2.416201201828487e-06 0
4.438548832458862e-06 3.088393939185711e-06 0
4.437378767053712e-06 3.108359683523069e-06 0
5.159954418196936e-06 2.028783642489025e-06 0
5.204221518469489e-06 2.161600899777085e-06 0
5.137202896956799e-06 3.009131727753713e-06 0
5.15390870605604e-06 3.020127906287144e-06 0
5.171784580560177e-06 3.011158340483222e-06 0
5.1706145151553e-06 3.031124084820538e-06 0
5.079415290370081e-06 2.514904459662075e-06 0
5.062709481270871e-06 2.503908281128532e-06 0
5.74381256469366e-06 2.724132234758167e-06 0
4.494191693351681e-06 2.731037153841706e-06 0
4.569400772700808e-06 1.743746115503286e-06 0
4.570570838105917e-06 1.723780371165847e-06 0
4.785535733897794e-06 3.088694322144863e-06 0
4.78670579930283e-06 3.068728577807472e-06 0
4.568880494153839e-06 2.344745058356363e-06 0
4.5510046196497e-06 2.353714624160368e-06 0
4.549834554244863e-06 2.373680368497741e-06 0
4.533128745145611e-06 2.362684189964322e-06 0
4.534298810550414e-06 2.342718445626946e-06 0
4.516422936046308e-06 2.351688011430984e-06 0
4.515252870641473e-06 2.371653755768297e-06 0
4.498547061542068e-06 2.360657577234952e-06 0
4.499717126946995e-06 2.340691832897577e-06 0
4.481841252442683e-06 2.349661398701479e-06 0
4.483011317847672e-06 2.329695654364171e-06 0
4.465135443343538e-06 2.338665220168061e-06 0
4.4663055087484e-06 2.318699475830794e-06 0
4.448429634244299e-06 2.327669041634647e-06 0
4.449599699649153e-06 2.307703297297406e-06 0
4.852683863723441e-06 3.423195635537025e-06 0
4.696156361377077e-06 3.133542151164501e-06 0
5.400856138015466e-06 2.062935675934381e-06 0
5.282225130370865e-06 2.606927113389713e-06 0
5.265519321271571e-06 2.595930934856246e-06 0
5.298930939470046e-06 2.617923291923201e-06 0
5.316806813974128e-06 2.608953726119244e-06 0
4.610482570187117e-06 2.2269772050609e-06 0
4.593776761087979e-06 2.215981026527322e-06 0
4.291902131897438e-06 2.038015557261271e-06 0
4.666254939393315e-06 3.051652561085221e-06 0
5.245823594502845e-06 2.043833046482108e-06 0
4.267980545251894e-06 3.038329386863094e-06 0
4.550354832791412e-06 1.77268142564458e-06 0
5.28170485182493e-06 3.207926056243078e-06 0
5.814991169280446e-06 2.397737372284024e-06 0
5.816161234685408e-06 2.377771627946639e-06 0
4.647208999484286e-06 3.080587871226592e-06 0
4.955454234245355e-06 2.557725675952359e-06 0
4.973330108749533e-06 2.548756110148325e-06 0
4.974500174154432e-06 2.528790365810887e-06 0
4.991205983253668e-06 2.539786544344336e-06 0
4.142199636863473e-06 2.52008314897546e-06 0
4.141029571458543e-06 2.540048893312841e-06 0
4.157735380557731e-06 2.551045071846355e-06 0
4.139859506053562e-06 2.560014637650295e-06 0
4.123153696954374e-06 2.54901845911677e-06 0
4.121983631549411e-06 2.56898420345417e-06 0
5.249983577577249e-06 2.564969011985277e-06 0
5.813821103875573e-06 2.417703116621493e-06 0
4.433868570838581e-06 3.16825691653553e-06 0
4.435038636243634e-06 3.148291172198012e-06 0
4.432698505433577e-06 3.188222660872981e-06 0
5.245498701068511e-06 1.753316447225132e-06 0
5.246668766476722e-06 1.733350702887138e-06 0
5.244328635665104e-06 1.773282191562398e-06 0
5.510776409280307e-06 2.259703391693432e-06 0
5.483540011535997e-06 2.428398912197031e-06 0
5.090270772444221e-06 2.625729359882856e-06 0
5.602171019181431e-06 1.884407474740935e-06 0
5.618876828280635e-06 1.895403653274451e-06 0
5.001736571898828e-06 2.360094845307582e-06 0
4.783195603087638e-06 3.128625810819932e-06 0
4.80107147759188e-06 3.119656245016016e-06 0
4.373936218559409e-06 1.822445595008441e-06 0
4.541319202980323e-06 2.222923979601652e-06 0
5.087930641634393e-06 2.665660848557743e-06 0
5.266885160964298e-06 1.684450428303931e-06 0
5.249009565752167e-06 1.69342055133888e-06 0
5.322982034427919e-06 2.799641603690153e-06 0
5.20987646037838e-06 2.95328772020084e-06 0
5.542693068644081e-06 2.011144893840141e-06 0
5.203701239923989e-06 2.762599842629887e-06 0
4.662940128294705e-06 2.220034251986717e-06 0
4.680816002798897e-06 2.211064686182818e-06 0
5.072394897940065e-06 2.634698925686839e-06 0
5.104961344163212e-06 2.967173626349251e-06 0
5.10379127875832e-06 2.98713937068673e-06 0
5.473334316321205e-06 2.898607210491669e-06 0
4.657739588129189e-06 2.900896172189348e-06 0
4.932898098120997e-06 2.646558219106173e-06 0
4.505372068855441e-06 3.132378653319986e-06 0
4.116978476499491e-06 2.358330581545991e-06 0
4.133684285598623e-06 2.369326760079606e-06 0
4.356385237483979e-06 2.121931760070529e-06 0
5.668994255578681e-06 1.928392188874792e-06 0
5.651118381074432e-06 1.937361754678904e-06 0
5.26733917353568e-06 3.156998389034633e-06 0
5.250633364436428e-06 3.14600221050118e-06 0
5.097616058303972e-06 2.796451493116241e-06 0
5.879799168297057e-06 2.772170174351178e-06 0
5.57909460451155e-06 2.574238960748033e-06 0
5.580264669916572e-06 2.554273216410587e-06 0
4.580385763087462e-06 3.03660315709215e-06 0
5.50226105801595e-06 2.108947002797763e-06 0
5.518966867115015e-06 2.119943181331361e-06 0
5.710076053065426e-06 2.411623278432988e-06 0
5.692200178561282e-06 2.420592844236899e-06 0
5.691030113156296e-06 2.440558588574388e-06 0
5.674324304057103e-06 2.429562410040837e-06 0
5.673154238652151e-06 2.449528154378319e-06 0
5.656448429552943e-06 2.438531975844758e-06 0
4.8244727856909e-06 2.720341358267043e-06 0
5.684009720726805e-06 2.560353054599159e-06 0
4.897146349112681e-06 2.664497350713951e-06 0
5.056209367386822e-06 2.02270380430084e-06 0
5.072915176485965e-06 2.033699982834441e-06 0
5.071745111080896e-06 2.05366572717187e-06 0
5.089620985585106e-06 2.044696161367945e-06 0
4.400327444327758e-06 1.964232418100188e-06 0
4.40149750973281e-06 1.944266673762729e-06 0
4.831493178120924e-06 2.600546892242231e-06 0
4.580256254774651e-06 1.854571015724083e-06 0
5.644747775503491e-06 2.638189419219335e-06 0
5.66145358460265e-06 2.649185597752852e-06 0
4.743804149551348e-06 2.0244300340717e-06 0
4.725928275047153e-06 2.033399599875595e-06 0
4.724758209642141e-06 2.053365344213017e-06 0
4.837668398575357e-06 2.791234769813044e-06 0
4.559195077484554e-06 2.213954413797705e-06 0
4.197072909718108e-06 3.073908664551846e-06 0
5.012071775427555e-06 3.0719186883816e-06 0
5.010901710022261e-06 3.09188443271918e-06 0
5.589950086586007e-06 2.685063860968542e-06 0
5.494070600181106e-06 2.248707213159952e-06 0
5.594110069660542e-06 3.206199826471137e-06 0
5.655278364147988e-06 2.458497720182223e-06 0
5.659633732338473e-06 2.088118143575046e-06 0
4.420023171095412e-06 2.516330306474545e-06 0
4.437899045599607e-06 2.507360740670634e-06 0
4.439069111004572e-06 2.487394996333198e-06 0
5.581109841891968e-06 2.243790872815362e-06 0
5.598790331280023e-06 3.126336849121266e-06 0
5.548543395668953e-06 1.911316172152776e-06 0
4.745103723269233e-06 3.18649643110254e-06 0
4.289562001087208e-06 2.077947045936283e-06 0
4.616137512095828e-06 3.018664025484387e-06 0
4.599431702996746e-06 3.00766784695082e-06 0
4.697521811898089e-06 2.222060864716347e-06 0
4.204017718210739e-06 2.35341424120145e-06 0
4.187311909111462e-06 2.342418062667975e-06 0
5.50193616458609e-06 1.818430403539867e-06 0
4.957598979938563e-06 3.409309729388492e-06 0
5.150073616411618e-06 2.789508540041689e-06 0
4.384271422087054e-06 2.534269438082431e-06 0
4.3663955475829e-06 2.543239003886349e-06 0
4.863214452368444e-06 3.243503936500039e-06 0
4.23775422983863e-06 2.665923197526131e-06 0
4.2389242952436e-06 2.645957453188671e-06 0
4.256800169747782e-06 2.636987887384767e-06 0
4.294567156136674e-06 2.288600667844449e-06 0
4.722093185403302e-06 1.80278023363064e-06 0
4.723263250808321e-06 1.782814489293171e-06 0
4.671975758105834e-06 1.769791698029885e-06 0
4.655269949006667e-06 1.75879551949634e-06 0
4.673145823510853e-06 1.749825953692458e-06 0
4.623028396213587e-06 1.716837418091797e-06 0
4.689851632610024e-06 1.760822132225974e-06 0
4.691021698015016e-06 1.740856387888543e-06 0
4.674315888915867e-06 1.729860209355039e-06 0
4.692191763420008e-06 1.720890643551106e-06 0
4.675485954320849e-06 1.709894465017586e-06 0
4.693361828824995e-06 1.700924899213669e-06 0
4.71006763792419e-06 1.711921077747193e-06 0
4.707727507114215e-06 1.751852566422078e-06 0
5.02643745371621e-06 3.1228463555902e-06 0
4.444074266053931e-06 2.69804861824105e-06 0
4.204342611640263e-06 2.643930840459069e-06 0
4.998876162543446e-06 3.00102527683569e-06 0
5.016752037047561e-06 2.992055711031737e-06 0
5.025267388311176e-06 3.142812099927563e-06 0
4.573235862344548e-06 1.974365481748657e-06 0
5.021432298667154e-06 2.912192733681518e-06 0
5.003556424163033e-06 2.921162299485456e-06 0
4.648249556576339e-06 1.878589985520975e-06 0
5.062059694411743e-06 1.922875082613574e-06 0
5.600805568660177e-06 2.795888761189283e-06 0
5.840212329644603e-06 2.559489939713636e-06 0
4.937253466312097e-06 2.276178642498814e-06 0
4.920547657212779e-06 2.265182463965318e-06 0
5.44629330369347e-06 2.175787188884543e-06 0
4.911512027401965e-06 2.715425017922315e-06 0
4.71624285837811e-06 1.902608955317668e-06 0
4.319463423070648e-06 2.159836636015781e-06 0
4.827008301618354e-06 1.78889432748188e-06 0
4.147725070458738e-06 2.129737828030502e-06 0
5.560568943148279e-06 2.002175328036168e-06 0
4.431723825144915e-06 2.316672863100941e-06 0
4.98503076279975e-06 2.349098666774145e-06 0
5.441937935503073e-06 2.546166765492093e-06 0
5.440767870098053e-06 2.566132509829664e-06 0
5.443108000908064e-06 2.526201021154717e-06 0
4.762850089460572e-06 1.995494723930321e-06 0
4.588251327492327e-06 2.606326347472372e-06 0
4.311272965235847e-06 2.299596846377962e-06 0
4.636224009097419e-06 1.787730829637625e-06 0
4.751474328840962e-06 2.485668766562965e-06 0
4.768180137940096e-06 2.496664945096535e-06 0
4.23242418135977e-06 2.164752976360533e-06 0
4.231254115954805e-06 2.184718720697988e-06 0
4.213378241450694e-06 2.193688286501947e-06 0
5.03930817317129e-06 2.903223167877617e-06 0
4.720727734881049e-06 2.714261520078009e-06 0
4.478135671110785e-06 3.301074173823339e-06 0
4.476965605705701e-06 3.321039918160773e-06 0
5.684854892702146e-06 2.249870711003951e-06 0
5.06504961208107e-06 2.463976792453653e-06 0
5.047173737576872e-06 2.472946358257553e-06 0
5.030467928477584e-06 2.461950179724044e-06 0
5.029744685654689e-06 2.481780572383872e-06 0
5.013787393668042e-06 2.471146432240378e-06 0
5.010772201709109e-06 1.909852291350481e-06 0
4.693166443707388e-06 2.592440441323678e-06 0
4.676460634608157e-06 2.581444262790196e-06 0
4.709872252806675e-06 2.603436619857208e-06 0
5.354378415246604e-06 3.152082048689663e-06 0
5.355548480651541e-06 3.132116304352208e-06 0
4.601446940376825e-06 2.677219759018341e-06 0
5.447138475668719e-06 1.865304845289337e-06 0
5.448308541073696e-06 1.845339100951911e-06 0
5.548348010552487e-06 2.802831714263345e-06 0
4.625498035335804e-06 2.858938070784786e-06 0
4.642203844435049e-06 2.869934249318384e-06 0
5.445968410263804e-06 1.885270589626807e-06 0
5.509281450445719e-06 1.989152536773005e-06 0
5.508111385040765e-06 2.009118281110492e-06 0
4.521752984525701e-06 2.852858232595815e-06 0
4.522923049930726e-06 2.832892488258399e-06 0
4.520582919120686e-06 2.872823976933246e-06 0
4.537288728219871e-06 2.883820155466813e-06 0
5.001411678469187e-06 2.069578246049904e-06 0
5.000241613064148e-06 2.0895439903873e-06 0
5.027478010808334e-06 1.920848469883993e-06 0
5.914380195450592e-06 2.774196354989297e-06 0
5.932256461835312e-06 2.765227047130896e-06 0
5.948962336247904e-06 2.776223268655371e-06 0
5.950258985226121e-06 2.756071666750783e-06 0
5.963992892378098e-06 2.764819001117456e-06 0
5.964109954860568e-06 2.748347997339584e-06 0
4.587601540633733e-06 2.025293148956996e-06 0
4.570895731534534e-06 2.014296970423453e-06 0
4.944403367054336e-06 3.338416317842594e-06 0
4.962279241558525e-06 3.329446752038632e-06 0
5.730941845238918e-06 2.943755422469702e-06 0
5.747647654338213e-06 2.954751601003241e-06 0
5.869197263103081e-06 2.930789788532928e-06 0
4.923862468311313e-06 3.096800773063597e-06 0
4.973134723632782e-06 3.440271652259484e-06 0
4.971964658227769e-06 3.460237396596938e-06 0
4.954088783723568e-06 3.4692069624008e-06 0
4.920470737512745e-06 3.520652804512793e-06 0
4.708052400542996e-06 2.042369165679461e-06 0
4.930753352428402e-06 1.794974165670529e-06 0
5.593785176230395e-06 2.915683227213923e-06 0
5.104116172187021e-06 3.277655969945087e-06 0
4.504072495137795e-06 1.970312256289393e-06 0
4.320438103359327e-06 3.031386433788963e-06 0
5.157939180816982e-06 2.359231730421933e-06 0
5.156769115412003e-06 2.379197474759251e-06 0
5.475024660271769e-06 2.27764252330124e-06 0
5.457148785767502e-06 2.286612089105076e-06 0
5.545358092883623e-06 2.26173000442312e-06 0
4.536314047931162e-06 2.012270357693776e-06 0
4.712537277046908e-06 2.85402173044026e-06 0
4.695831467947729e-06 2.843025551906755e-06 0
5.263504083891112e-06 2.926379022789441e-06 0
5.280209892990446e-06 2.937375201323017e-06 0
5.036318255502342e-06 2.362121458037011e-06 0
5.763125978394024e-06 2.985710158874046e-06 0
5.489715231990738e-06 2.619086789767588e-06 0
5.471839357486585e-06 2.628056355571487e-06 0
5.507591106494883e-06 2.610117223963695e-06 0
4.841828381649407e-06 3.312370735316241e-06 0
4.840658316244494e-06 3.332336479653719e-06 0
4.610157676757842e-06 1.936460605803388e-06 0
5.53164220145344e-06 2.791835535729754e-06 0
4.50290242973281e-06 1.990278000626789e-06 0
4.877125728915871e-06 1.821882863082349e-06 0
4.962799520104435e-06 2.72844780918543e-06 0
5.223917245238013e-06 2.713698788151073e-06 0
5.240623054337245e-06 2.72469496668458e-06 0
5.160279311626709e-06 2.319300241747127e-06 0
5.161449377031594e-06 2.299334497409869e-06 0
5.17932525153579e-06 2.290364931605727e-06 0
4.463445099393243e-06 2.959629907357211e-06 0
5.432252518833583e-06 2.415376120933928e-06 0
4.639734205312648e-06 1.727833596625386e-06 0
4.640904270717721e-06 1.707867852287965e-06 0
4.624198461618603e-06 1.696871673754374e-06 0
5.48523035548699e-06 1.807434225006409e-06 0
4.801916649567752e-06 2.809173901421101e-06 0
4.661249784344359e-06 2.840998939177149e-06 0
5.125372734593564e-06 2.026757029759866e-06 0
5.610686370445841e-06 2.035163863636466e-06 0
5.400660752899507e-06 2.954451218044805e-06 0
5.399490687494509e-06 2.97441696238225e-06 0
5.401830818304499e-06 2.93448547370738e-06 0
5.704550619470289e-06 2.801968599378139e-06 0
5.769554003603077e-06 2.284885859334089e-06 0
5.535477291097426e-06 3.022454901975203e-06 0
5.517601416593223e-06 3.031424467779371e-06 0
4.823498105403348e-06 1.84879156049408e-06 0
5.163464614411935e-06 1.968886409476868e-06 0
5.18134048891615e-06 1.959916843672945e-06 0
5.19804629801539e-06 1.970913022206427e-06 0
5.001216293353416e-06 2.961093788160767e-06 0
4.632193534336084e-06 2.448627005502492e-06 0
4.631023468931271e-06 2.4685927498399e-06 0
4.633363599740958e-06 2.428661261165111e-06 0
4.613147594427067e-06 2.477562315643937e-06 0
4.577395845418645e-06 2.495501447251925e-06 0
4.55951997091433e-06 2.504471013055823e-06 0
5.788599943512246e-06 2.255950549192687e-06 0
5.789770008917263e-06 2.235984804855249e-06 0
4.396946756425128e-06 3.206161792481156e-06 0
4.379070881920966e-06 3.215131358285099e-06 0
4.394606625615159e-06 3.246093281155497e-06 0
4.393506221147549e-06 3.265953193969666e-06 0
4.362365072821759e-06 3.204135179751646e-06 0
4.361233610919476e-06 3.224497007810644e-06 0
4.769870481890787e-06 1.87570025790597e-06 0
4.736263478575792e-06 2.745223442949212e-06 0
5.754668046767786e-06 2.834957134978759e-06 0
4.856389445055777e-06 2.471782860413992e-06 0
4.874265319560002e-06 2.462813294609947e-06 0
4.876605450370032e-06 2.422881805935203e-06 0
4.877775515774865e-06 2.402916061597754e-06 0
5.361073914245676e-06 2.741770983407302e-06 0
5.362243979650822e-06 2.72180523906974e-06 0
5.380119854154566e-06 2.712835673265687e-06 0
4.818622458666654e-06 2.820170079954617e-06 0
5.820515885755349e-06 2.007393142183528e-06 0
5.234663017431981e-06 1.642531090295347e-06 0
5.152010976565245e-06 1.567962439623687e-06 0
4.868352976509e-06 3.453025331207401e-06 0
4.425912126084225e-06 3.304023978029945e-06 0
4.408972303904067e-06 3.297020948363823e-06 0
4.401814826917749e-06 3.327910410638e-06 0
5.685557595538886e-06 3.230402577534976e-06 0
4.433414169097229e-06 1.695708175909573e-06 0
4.817124323349031e-06 3.439855579374225e-06 0
5.39359845436427e-06 1.602486076726475e-06 0
5.340937448527599e-06 1.588699421819867e-06 0
4.746115172384739e-06 3.439813483940976e-06 0
4.748663217059079e-06 3.417571121057478e-06 0
4.731062938408778e-06 3.426085363152274e-06 0
4.056160503930646e-06 2.214825926651604e-06 0
4.041400333001575e-06 2.225680887805403e-06 0
4.970794592822725e-06 3.480203140934369e-06 0
4.988670467326947e-06 3.471233575130482e-06 0
4.244445585892902e-06 3.147031714895923e-06 0
5.72613207530559e-06 1.841586258450429e-06 0
5.709426266206391e-06 1.830590079916955e-06 0
4.952894219089054e-06 3.489209926891451e-06 0
4.936208826014523e-06 3.478182731563545e-06 0
5.609043491760526e-06 3.276619762012878e-06 0
5.635662795158436e-06 3.289526959270766e-06 0
5.946268076040247e-06 2.859427863878907e-06 0
6.462783693064418e-06 1.999239097342144e-06 0
4.678746696541393e-06 3.432970646139979e-06 0
4.696516960734857e-06 3.424049850964396e-06 0
4.695340693095383e-06 3.444013399835618e-06 0
4.950162256283027e-06 3.559355002689096e-06 0
4.296776880515692e-06 3.198288041131443e-06 0
4.285090090830917e-06 3.222666401046245e-06 0
4.27766596192074e-06 3.169120031421261e-06 0
5.443167853858095e-06 1.632351265263151e-06 0
4.179302316895949e-06 3.087481974189816e-06 0
4.883667638996149e-06 3.466892254221008e-06 0
5.410052990505173e-06 1.597006672400296e-06 0
5.396317383274937e-06 1.582416874681032e-06 0
5.471436557921824e-06 1.622530322748061e-06 0
4.414972278373947e-06 1.703817012114755e-06 0
5.42606196408397e-06 1.621166035728558e-06 0
4.993661096557478e-06 2.520262281103477e-06 0
5.009081857757816e-06 2.530816978540358e-06 0
4.976449389489926e-06 2.508815954987915e-06 0
4.980354999436675e-06 2.488681401585164e-06 0
4.791622525674795e-06 3.484207922010539e-06 0
5.663643980829433e-06 3.229445765717832e-06 0
4.987500401921917e-06 3.491199319467927e-06 0
5.005376276426124e-06 3.482229753664006e-06 0
5.723726965809697e-06 1.823414427273775e-06 0
5.710000469127797e-06 1.810923321106275e-06 0
5.692621146693256e-06 1.819643732304657e-06 0
5.693630674639837e-06 1.799361796037573e-06 0
5.741725575460211e-06 1.831320602176348e-06 0
5.658138773503815e-06 1.817567288654086e-06 0
5.659319527719867e-06 1.797585305471798e-06 0
5.642616391947854e-06 1.786625738976748e-06 0
5.660718860546157e-06 1.778724913977466e-06 0
5.223931831992459e-06 1.55155480929117e-06 0
5.240058799479841e-06 1.563638233457464e-06 0
5.237558052572217e-06 1.583573485780508e-06 0
5.255926652150311e-06 1.575465233247925e-06 0
5.83050621097337e-06 3.009529480947249e-06 0
5.827929198853279e-06 3.028994077527655e-06 0
5.842913822043594e-06 3.042425059298654e-06 0
5.81230269566334e-06 3.016956184420718e-06 0
5.811022017288355e-06 3.036648280323649e-06 0
5.794403148864795e-06 3.025765883951662e-06 0
5.254174147334939e-06 1.594909023968551e-06 0
5.950709521671994e-06 2.73624991176673e-06 0
5.968581589893342e-06 2.726631514760752e-06 0
5.73698755738043e-06 1.952411158671691e-06 0
4.410987541285745e-06 2.966572860431235e-06 0
4.412157606690912e-06 2.946607116093752e-06 0
4.394281732186572e-06 2.955576681897534e-06 0
4.395451797591854e-06 2.935610937560095e-06 0
4.413327672095933e-06 2.926641371756345e-06 0
4.396621862996895e-06 2.915645193222738e-06 0
4.378745988492633e-06 2.924614759026577e-06 0
4.37640585768202e-06 2.964546247701208e-06 0
4.432893890549923e-06 2.296707118763465e-06 0
4.701681794972202e-06 2.743196830219513e-06 0
4.735938585146504e-06 2.454706843691854e-06 0
4.737108650551761e-06 2.434741099354495e-06 0
5.754863431884734e-06 1.943441592867303e-06 0
5.14220805200569e-06 3.219785349662241e-06 0
4.222738764690768e-06 2.033962331801828e-06 0
4.206032955591334e-06 2.022966153268243e-06 0
4.207203020996422e-06 2.003000408930735e-06 0
4.188157081086808e-06 2.031935719072462e-06 0
4.171451271987254e-06 2.02093954053917e-06 0
4.153575397483249e-06 2.029909106343509e-06 0
4.154745462887779e-06 2.009943362006062e-06 0
4.136869588383854e-06 2.018912927810359e-06 0
4.137258008241312e-06 1.991413189097626e-06 0
4.096553291369463e-06 2.116961197873102e-06 0
4.133359392169436e-06 2.078810160822208e-06 0
4.078561703252007e-06 2.125684602571265e-06 0
4.077190230998882e-06 2.146443571410878e-06 0
4.172621337392387e-06 2.000973796201509e-06 0
4.209543151806661e-06 1.963068920255857e-06 0
4.134529457574405e-06 2.058844416484888e-06 0
4.116653583070198e-06 2.067813982288751e-06 0
4.062275136770706e-06 2.136883897318659e-06 0
4.1321893267645e-06 2.098775905159608e-06 0
4.057848301904392e-06 2.157017212166478e-06 0
4.076310597779884e-06 2.166978389033923e-06 0
4.056982933249506e-06 2.179915322453166e-06 0
4.037997358039919e-06 2.2001162489735e-06 0
4.094167220408038e-06 2.156973120576454e-06 0
4.424183154169724e-06 3.037466271977253e-06 0
4.742958977575961e-06 2.334912377667411e-06 0
4.484181383252602e-06 2.309729910026558e-06 0
5.188815283088075e-06 3.312671118275086e-06 0
4.762004917484845e-06 2.305977067525423e-06 0
4.745299108385645e-06 2.294980888991798e-06 0
5.033978124692278e-06 2.402052946711921e-06 0
4.274026257393524e-06 2.046985123064946e-06 0
4.542814161815118e-06 2.493474834522332e-06 0
5.233602661907434e-06 2.844489432710166e-06 0
5.251478536411657e-06 2.835519866906226e-06 0
4.344359690004712e-06 2.031072604187062e-06 0
4.450769765054181e-06 2.287737552959415e-06 0
4.09559240577999e-06 2.427197380362155e-06 0
4.077716531275751e-06 2.436166946166172e-06 0
5.252648601816657e-06 2.815554122568534e-06 0
5.096770886328195e-06 3.106933836712039e-06 0
5.113476695427491e-06 3.11793001524553e-06 0
4.545154292625111e-06 2.453543345847428e-06 0
5.683359933867792e-06 1.979319856083718e-06 0
4.933222991551566e-06 2.93707481836396e-06 0
4.91534711704738e-06 2.946044384167883e-06 0
4.914177051642559e-06 2.966010128505422e-06 0
4.897471242543201e-06 2.955013949971815e-06 0
4.896301177138376e-06 2.974979694309347e-06 0
4.879595368039025e-06 2.963983515775771e-06 0
4.878425302634243e-06 2.983949260113317e-06 0
4.861719493534858e-06 2.972953081579724e-06 0
4.860549428130145e-06 2.992918825917338e-06 0
4.877255237229311e-06 3.00391500445077e-06 0
4.859379362725257e-06 3.012884570254782e-06 0
4.842673553626058e-06 3.001888391721356e-06 0
4.841503488221123e-06 3.02185413605877e-06 0
4.824797679121907e-06 3.010857957525349e-06 0
4.823627613717005e-06 3.030823701862807e-06 0
4.806921804617754e-06 3.019827523329372e-06 0
4.805751739212481e-06 3.039793267666605e-06 0
4.808091870022502e-06 2.999861778991723e-06 0
4.790215995518491e-06 3.008831344795942e-06 0
4.409817475880484e-06 2.986538604768864e-06 0
5.158913861104771e-06 3.230781528195884e-06 0
4.546324358030211e-06 2.433577601510005e-06 0
4.529618548930768e-06 2.422581422976327e-06 0
4.53078861433581e-06 2.402615678639012e-06 0
5.287230285419809e-06 2.817580735298105e-06 0
4.303732294260272e-06 3.020390255255461e-06 0
5.152738640651147e-06 3.040093650624641e-06 0
4.996211138303013e-06 2.750440166252397e-06 0
4.997381203707964e-06 2.730474421914964e-06 0
5.015257078212419e-06 2.721504856110986e-06 0
4.379916053897816e-06 2.904649014689069e-06 0
4.397791928401975e-06 2.895679448885318e-06 0
4.381086119302751e-06 2.884683270351851e-06 0
4.398961993807068e-06 2.875713704547868e-06 0
4.38225618470782e-06 2.864717526014434e-06 0
4.400132059212166e-06 2.855747960210475e-06 0
4.416837868311106e-06 2.866744138744103e-06 0
4.383426250112822e-06 2.844751781677025e-06 0
4.40130212461709e-06 2.835782215873084e-06 0
4.384596315517467e-06 2.824786037339604e-06 0
4.366720441012879e-06 2.833755603143746e-06 0
4.367890506417696e-06 2.81378985880636e-06 0
4.361065499103862e-06 2.042068782720572e-06 0
5.404366334230362e-06 2.003038442922019e-06 0
4.995041072898164e-06 2.770405910589849e-06 0
5.791589861180953e-06 2.797052259033634e-06 0
4.750304263435676e-06 2.505634510900264e-06 0
4.767010072534635e-06 2.516630689433713e-06 0
5.324347484949536e-06 1.888160317241398e-06 0
5.342223359453761e-06 1.879190751437535e-06 0
5.446097918577779e-06 3.067302730995246e-06 0
4.950773972625398e-06 2.637588653302241e-06 0
4.422688195335299e-06 2.766915417057171e-06 0
4.440564069839697e-06 2.757945851253328e-06 0
5.64292792323946e-06 2.07712196504151e-06 0
5.57005897470091e-06 3.024481514704691e-06 0
4.403642255426472e-06 2.795850727198399e-06 0
4.32765388090547e-06 2.020076425653577e-06 0
5.842552460454584e-06 2.519558451038787e-06 0
5.860428334958785e-06 2.510588885234681e-06 0
5.824676585950308e-06 2.52852801684258e-06 0
4.97482506758417e-06 2.819306965068688e-06 0
5.211046525783421e-06 2.933321975863507e-06 0
4.796586601088382e-06 2.308003680255426e-06 0
5.209031288402308e-06 3.263770063796599e-06 0
5.225737097502021e-06 3.274766242329787e-06 0
5.224567032096772e-06 3.294731986667373e-06 0
4.416188081450774e-06 2.28571094022951e-06 0
4.81446247559259e-06 2.299034114451625e-06 0
4.831168284691835e-06 2.310030292985091e-06 0
4.832338350096732e-06 2.290064548647553e-06 0
4.849044159195976e-06 2.301060727181119e-06 0
4.850214224600898e-06 2.281094982843613e-06 0
4.866920033700134e-06 2.292091161377179e-06 0
5.242313398287705e-06 2.103730279494346e-06 0
5.241143332882683e-06 2.123696023831817e-06 0
5.257849141981978e-06 2.1346922023655e-06 0
5.43023728145266e-06 2.745824208865905e-06 0
5.431407346857882e-06 2.725858464528699e-06 0
5.42906721604792e-06 2.76578995320342e-06 0
4.929387901906129e-06 2.706455452118311e-06 0
5.222097392973594e-06 2.15263133397311e-06 0
5.405536399635369e-06 1.98307269858447e-06 0
5.01109709513871e-06 2.200368890608142e-06 0
5.028972969642925e-06 2.191399324804221e-06 0
5.744982630098605e-06 2.704166490420573e-06 0
5.112306630022284e-06 3.137895759582919e-06 0
4.417162761739432e-06 3.157260738001924e-06 0
5.281055064965886e-06 2.626892857727154e-06 0
5.297760874065015e-06 2.637889036260728e-06 0
5.578769711082065e-06 2.283722361490149e-06 0
4.868090099105094e-06 2.272125417039728e-06 0
4.884795908204302e-06 2.283121595573262e-06 0
4.88362584279937e-06 2.303087339910701e-06 0
4.88596597360936e-06 2.263155851235799e-06 0
4.887136039014498e-06 2.243190106898355e-06 0
4.42301308876478e-06 3.057432016314936e-06 0
5.168469769461212e-06 2.179540031385012e-06 0
4.412352991806755e-06 2.055091573983641e-06 0
5.262204510171247e-06 1.764312625758055e-06 0
5.188490389659359e-06 3.02215451901681e-06 0
5.143378117410987e-06 3.199819605324615e-06 0
5.12667230831161e-06 3.18882342679107e-06 0
5.48802488819487e-06 3.240051476856136e-06 0
4.822782441740388e-06 3.341306045457636e-06 0
5.536842741619288e-06 2.11097361552756e-06 0
5.535672676214125e-06 2.130939359864965e-06 0
5.517796801710081e-06 2.139908925668757e-06 0
5.553548550718362e-06 2.121969794061216e-06 0
5.571424425222813e-06 2.113000228257048e-06 0
5.588130234322002e-06 2.123996406790511e-06 0
5.822661348569011e-06 2.858976104775018e-06 0
5.804785474064703e-06 2.867945670578785e-06 0
4.790540888946819e-06 3.299347944053378e-06 0
4.789370823541772e-06 3.319313688390596e-06 0
5.421072143329741e-06 2.014034621455419e-06 0
4.939593597121812e-06 2.236247153823818e-06 0
4.95109886605572e-06 2.928105252559999e-06 0
4.444594544600238e-06 2.097049675388096e-06 0
4.646363827507985e-06 3.391070214821513e-06 0
5.719111682876248e-06 1.961380724475926e-06 0
4.830323112715916e-06 2.620512636579648e-06 0
5.565053819651733e-06 2.813827892796953e-06 0
4.679450552277728e-06 3.122545972630987e-06 0
4.214452232152851e-06 3.065188253353619e-06 0
5.132718020452874e-06 2.197479162992889e-06 0
4.851384290005852e-06 2.261129238506083e-06 0
5.83286704378464e-06 2.388767806480121e-06 0
5.834037109189584e-06 2.368802062142731e-06 0
5.23945298893228e-06 2.74466071102203e-06 0
5.388830590535945e-06 1.972076520051052e-06 0
5.372124781436744e-06 1.961080341517602e-06 0
5.594305454776318e-06 2.314684284361104e-06 0
5.593135389371257e-06 2.334650028698522e-06 0
5.169444449750302e-06 3.051089829158274e-06 0
5.355223587221671e-06 2.841599705094521e-06 0
5.080065077229059e-06 3.095937658178449e-06 0
5.110486777758616e-06 2.576828305404086e-06 0
5.111656843163613e-06 2.556862561066643e-06 0
4.552694963601681e-06 1.732749936969722e-06 0
4.553865029006733e-06 1.712784192632292e-06 0
4.571740903510932e-06 1.703814626828392e-06 0
4.555035094411721e-06 1.692818448294842e-06 0
4.572910968915927e-06 1.683848882490936e-06 0
4.556205159816646e-06 1.672852703957347e-06 0
4.537159219907487e-06 1.701788014098715e-06 0
4.589616778015147e-06 1.694845061024512e-06 0
4.59078684342012e-06 1.674879316687033e-06 0
4.607492652519301e-06 1.685875495220548e-06 0
4.608662717924277e-06 1.665909750883197e-06 0
4.719557669476299e-06 2.73422726441549e-06 0
5.575259514867025e-06 2.343619594502479e-06 0
5.591965323966277e-06 2.354615773035957e-06 0
5.625052048735255e-06 2.086091530845258e-06 0
5.644097988644465e-06 2.057156220703848e-06 0
4.492371841087763e-06 2.169969699663611e-06 0
4.493541906492747e-06 2.150003955326197e-06 0
4.592606695682871e-06 2.235946770864753e-06 0
4.414822630929308e-06 3.197192226677063e-06 0
5.821491283164291e-06 2.878941849112738e-06 0
5.174449604798937e-06 3.261743451066889e-06 0
5.341053294048775e-06 1.899156495775157e-06 0
5.306471610445262e-06 1.897129883045377e-06 0
5.288595735941061e-06 1.906099448849425e-06 0
5.804460580636057e-06 2.577429071321215e-06 0
5.265714832296554e-06 1.704415644771668e-06 0
5.24783896427859e-06 1.713385223408078e-06 0
5.231133156212943e-06 1.702389047024122e-06 0
5.264544640982376e-06 1.724381137082479e-06 0
4.834574501025619e-06 3.431422830025686e-06 0
4.953114103435418e-06 2.597657164627355e-06 0
5.466184415577873e-06 1.836369535147886e-06 0
4.344427072830272e-06 3.213274917541672e-06 0
4.344021332647523e-06 3.232963700017485e-06 0
5.305301545040306e-06 1.91709562738305e-06 0
5.103466385328611e-06 2.6966227714289e-06 0
4.885770588492943e-06 3.15467139334631e-06 0
5.108146646948497e-06 2.616759794078978e-06 0
5.220927327568687e-06 2.172597078310621e-06 0
4.558025012079562e-06 2.233920158135149e-06 0
5.665288674247196e-06 2.879804963998436e-06 0
5.087085469659051e-06 2.976143192153206e-06 0
5.085915404254169e-06 2.996108936490688e-06 0
5.069209595154906e-06 2.985112757957186e-06 0
5.102621213353417e-06 3.007105115024226e-06 0
5.084745338849291e-06 3.016074680828255e-06 0
5.248813512172246e-06 2.584934756322734e-06 0
5.538012807024346e-06 2.09100787118999e-06 0
4.957469471626056e-06 2.227277588019925e-06 0
4.902671782708598e-06 2.274152029769322e-06 0
5.530472136048418e-06 2.811801280067247e-06 0
5.447788262527826e-06 2.446338043805045e-06 0
5.052503786055636e-06 2.974116579423723e-06 0
5.271889926841971e-06 1.895103270315873e-06 0
4.523443328476128e-06 2.231893545405582e-06 0
4.839488250839527e-06 3.352302223991148e-06 0
5.007911792352929e-06 2.550782722877821e-06 0
5.025787666857072e-06 2.541813157073858e-06 0
5.027167132504816e-06 2.522264736444552e-06 0
5.006741726948069e-06 2.57074846721531e-06 0
4.683805920467913e-06 2.752166396023329e-06 0
4.667100111368384e-06 2.741170217489763e-06 0
5.434072371097875e-06 2.976443575111847e-06 0
4.81777728669128e-06 3.130652423549548e-06 0
4.818947352096279e-06 3.110686679212015e-06 0
4.358725368294008e-06 2.082000271395612e-06 0
4.976320026418957e-06 3.089857819989469e-06 0
5.850742918288799e-06 2.379798240676188e-06 0
5.851912983693745e-06 2.359832496338775e-06 0
5.869788858197951e-06 2.350862930534742e-06 0
5.40917610416407e-06 3.105207606940389e-06 0
4.803411608402016e-06 3.079724756341044e-06 0
5.043698441401811e-06 2.532913145221273e-06 0
5.044874323480366e-06 2.512958993209048e-06 0
4.855023994533365e-06 3.383264146862307e-06 0
4.954284168840404e-06 2.577691420289844e-06 0
5.848077894049135e-06 2.129213130093558e-06 0
5.8302020195449e-06 2.138182695897507e-06 0
5.760518373792829e-06 2.735128413291635e-06 0
4.734768519741553e-06 2.474672588029309e-06 0
5.051333720650785e-06 2.994082323761158e-06 0
4.736458863692537e-06 1.853707900839012e-06 0
4.735288798287474e-06 1.873673645176411e-06 0
5.667303911627536e-06 2.549356876065611e-06 0
5.080910249204842e-06 2.785455314582833e-06 0
5.08208031460964e-06 2.765489570245283e-06 0
4.659429932079689e-06 2.279931484999076e-06 0
5.90235530442133e-06 2.683337631197438e-06 0
5.885649495322114e-06 2.672341452663932e-06 0
5.903525369826328e-06 2.663371886860025e-06 0
5.867773620817944e-06 2.681311018467792e-06 0
5.868943686222948e-06 2.661345274130379e-06 0
5.851067811718819e-06 2.670314839934297e-06 0
4.64870395831781e-06 3.351138726146816e-06 0
5.707735922255563e-06 2.451554767107916e-06 0
4.609312504781984e-06 2.246942949398361e-06 0
5.061552018658092e-06 2.523899142170684e-06 0
5.786584706131855e-06 2.586398637125113e-06 0
4.143369702268381e-06 2.500117404638015e-06 0
4.791061167492455e-06 2.698349001200052e-06 0
4.774355358393224e-06 2.68735282266656e-06 0
5.185825365419829e-06 2.771569408433795e-06 0
5.082275699725919e-06 1.873974028134813e-06 0
5.541198109809289e-06 1.740594038919685e-06 0
5.523322235305177e-06 1.749563604723681e-06 0
5.524492300710311e-06 1.729597860386177e-06 0
5.243483463692729e-06 2.083764535156939e-06 0
4.587926434062811e-06 2.315809748214797e-06 0
5.0122671605437e-06 2.180403146270701e-06 0
4.969824241577412e-06 3.496227844619002e-06 0
4.957772135011385e-06 3.515315804550305e-06 0
4.425353219574689e-06 3.017500527639908e-06 0
5.085590510824402e-06 2.705592337232824e-06 0
5.084420445419417e-06 2.72555808157032e-06 0
5.552378485313381e-06 2.141935538398512e-06 0
5.503560632424882e-06 3.271013399376083e-06 0
5.157289393926677e-06 1.778198531910552e-06 0
5.727106755594442e-06 2.713136056224605e-06 0
4.941738342815594e-06 3.087831207259709e-06 0
4.359895433698926e-06 2.062034527058082e-06 0
4.377771308203125e-06 2.053064961253981e-06 0
4.394477117302439e-06 2.064061139787561e-06 0
4.429058800905915e-06 2.066087752517469e-06 0
5.445448131717973e-06 2.486269532479974e-06 0
5.428742322618763e-06 2.475273353946456e-06 0
4.855544273079321e-06 2.782265204009103e-06 0
5.082600593155156e-06 2.164490627392339e-06 0
4.53761362164873e-06 3.174336754724528e-06 0
4.86373473091428e-06 2.642504993646776e-06 0
5.496215345874878e-06 3.100291266596039e-06 0
5.523972022164177e-06 2.330596803239343e-06 0
4.206357849020663e-06 2.313482752526565e-06 0
4.993221220634491e-06 2.209338456412087e-06 0
5.107496860089324e-06 2.035726595563891e-06 0
4.975345346130332e-06 2.218308022216068e-06 0
5.096316484586271e-06 1.634385096085654e-06 0
5.114192359090463e-06 1.625415530281824e-06 0
5.130898167942836e-06 1.636411709095018e-06 0
5.132068131110846e-06 1.616445955910469e-06 0
5.078440610081994e-06 1.643354661889496e-06 0
5.264999042725806e-06 3.196929877709478e-06 0
4.6841308138975e-06 3.042682995281217e-06 0
5.074085241890987e-06 2.013734238496924e-06 0
5.057379432791838e-06 2.00273805996336e-06 0
4.421713515047042e-06 1.89536561928398e-06 0
4.712862170476337e-06 3.144538329697952e-06 0
4.730738044980531e-06 3.135568763893974e-06 0
4.729567979575605e-06 3.155534508231412e-06 0
4.177106213896025e-06 2.812626360962392e-06 0
4.159230339391727e-06 2.821595926766232e-06 0
4.175936148490897e-06 2.832592105299877e-06 0
5.118446814623858e-06 1.546199452918004e-06 0
5.101707522953307e-06 1.535254142933754e-06 0
5.084214388996982e-06 1.543642234958051e-06 0
5.085371696383717e-06 1.523695873079945e-06 0
5.067557485634466e-06 1.53257175699714e-06 0
5.068497790631202e-06 1.516592700707424e-06 0
5.085177900520071e-06 1.501995317953759e-06 0
5.050848302537991e-06 1.522212996027735e-06 0
5.049699477046027e-06 1.541619562176081e-06 0
5.033003444404e-06 1.530503148939076e-06 0
5.031831749589526e-06 1.550488932393772e-06 0
5.015122796042297e-06 1.539482894643589e-06 0
5.013957504494905e-06 1.559438459080478e-06 0
4.997250899752768e-06 1.548443977197089e-06 0
4.996081497383618e-06 1.568408307659445e-06 0
4.979375666183196e-06 1.557412176255144e-06 0
4.978205731055056e-06 1.577377642787006e-06 0
4.961499916530771e-06 1.566381475822167e-06 0
4.960329874519561e-06 1.586347170274048e-06 0
4.998416330261265e-06 1.528485355682322e-06 0
5.054217270192717e-06 1.498634389543402e-06 0
5.135332961799421e-06 1.535147753380655e-06 0
5.065887835385938e-06 1.458300808419497e-06 0
5.01761109933012e-06 1.499635614602186e-06 0
5.14272833055198e-06 2.61878640680865e-06 0
5.416521390023832e-06 3.275929740173394e-06 0
5.415351324618897e-06 3.295895484510823e-06 0
5.397475450114656e-06 3.304865050314773e-06 0
4.937578359741158e-06 2.566695241756302e-06 0
4.567060641890635e-06 1.783677604178173e-06 0
4.34084949378976e-06 2.090969837199542e-06 0
5.119327022452663e-06 3.018101293557736e-06 0
5.048864081527453e-06 1.851981671067784e-06 0
5.032158272428306e-06 1.840985492534248e-06 0
4.511547289309045e-06 3.323066530890475e-06 0
5.275400123056854e-06 1.83520603730332e-06 0
5.25752424855268e-06 1.844175603107265e-06 0
5.258694313957676e-06 1.824209858769921e-06 0
5.256354183147759e-06 1.864141347444765e-06 0
5.2396483740485e-06 1.853145168911479e-06 0
4.390642027658629e-06 1.83344177354204e-06 0
5.518771481998213e-06 3.011458723441831e-06 0
4.630503190384942e-06 3.069591692692954e-06 0
5.515781564329657e-06 2.470357013601673e-06 0
5.516951629734693e-06 2.450391269264236e-06 0
5.500245820635471e-06 2.439395090730625e-06 0
5.518121695139592e-06 2.430425524926725e-06 0
5.534827504238792e-06 2.441421703460349e-06 0
5.266689386676517e-06 2.575965190518789e-06 0
5.247643446767435e-06 2.604900500660252e-06 0
5.267859452081522e-06 2.555999446181347e-06 0
5.396825663253874e-06 2.72383185179905e-06 0
5.397995728658491e-06 2.703866107461444e-06 0
5.381289919559431e-06 2.692869928928205e-06 0
5.062189202724614e-06 3.104907223982372e-06 0
5.045483393625563e-06 3.093911045448863e-06 0
4.602617005781658e-06 2.657254014680948e-06 0
4.788916421799995e-06 1.846764947764712e-06 0
5.121537644946178e-06 1.796137663515097e-06 0
5.635712145693344e-06 3.088431973176034e-06 0
5.410346169569119e-06 3.085241862602911e-06 0
5.451298458742712e-06 2.386440810792472e-06 0
5.452468524147842e-06 2.366475066454957e-06 0
5.470344398652071e-06 2.357505500651275e-06 0
5.453638589553042e-06 2.346509322117472e-06 0
5.471514464057049e-06 2.33753975631371e-06 0
4.972160043344601e-06 2.56872185448581e-06 0
4.922367509476165e-06 2.826249918143113e-06 0
4.921197444071302e-06 2.846215662480556e-06 0
4.766768754774864e-06 3.40822211882911e-06 0
4.75005529023532e-06 3.397238588176373e-06 0
5.643902603527954e-06 2.948671762814596e-06 0
5.626026729023783e-06 2.957641328618507e-06 0
5.447267983982418e-06 3.047336986657692e-06 0
4.9906857047078e-06 3.140785487197943e-06 0
4.643569294956237e-06 1.958452962870427e-06 0
5.598660822966674e-06 1.944304707753323e-06 0
5.616536697470899e-06 1.935335141949367e-06 0
4.134854351003741e-06 2.34936101574215e-06 0
4.151560160102885e-06 2.360357194275771e-06 0
4.150390094697873e-06 2.380322938613216e-06 0
4.168265969202007e-06 2.371353372809402e-06 0
4.169436034607193e-06 2.351387628471895e-06 0
4.152730225508028e-06 2.34039144993832e-06 0
4.153900290913035e-06 2.320425705600806e-06 0
5.121342259832792e-06 2.687653205624969e-06 0
5.69805050558615e-06 2.320764122549582e-06 0
5.506096147660001e-06 2.339566369043279e-06 0
5.843722525859477e-06 2.49959270670115e-06 0
5.694020030825589e-06 2.981660298414998e-06 0
5.251803429841367e-06 3.126036466163741e-06 0
5.233927555337215e-06 3.135006031967802e-06 0
5.096966271444618e-06 2.215418294600803e-06 0
5.079090396940508e-06 2.224387860404783e-06 0
5.753693366479653e-06 1.963407337205611e-06 0
5.772739306389281e-06 1.934472027063885e-06 0
5.086760576229376e-06 2.685626592895324e-06 0
4.595271719922747e-06 2.486531881447982e-06 0
4.847874093791092e-06 2.321026471518559e-06 0
5.416391881709806e-06 2.093897598805274e-06 0
5.43426775621399e-06 2.084928033001293e-06 0
5.450973565313269e-06 2.095924211534728e-06 0
5.452143630718308e-06 2.07595846719727e-06 0
5.467679374412528e-06 2.10692039006821e-06 0
4.351184697318099e-06 2.802793680273021e-06 0
4.170606100012221e-06 2.331421884134384e-06 0
5.749013104859121e-06 2.043270314555808e-06 0
5.766888979363361e-06 2.034300748751923e-06 0
5.765718913958377e-06 2.05426649308927e-06 0
5.747843039454023e-06 2.063236058893162e-06 0
5.729967164949811e-06 2.072205624697096e-06 0
5.78359478846261e-06 2.045296927285232e-06 0
4.642724122980491e-06 2.26893530646553e-06 0
4.626018313881252e-06 2.257939127931995e-06 0
5.739456848494224e-06 3.094512340073793e-06 0
5.567718843891191e-06 3.064413003379486e-06 0
5.585594718395283e-06 3.055443437575449e-06 0
5.602300527494629e-06 3.066439616108956e-06 0
5.603470592899576e-06 3.046473871771643e-06 0
5.606006108826231e-06 2.115026840986656e-06 0
4.391812093063717e-06 1.813476029204563e-06 0
4.409687967567854e-06 1.804506463400725e-06 0
4.939073318575594e-06 2.837246096676568e-06 0
4.980544822814699e-06 1.537447909684647e-06 0
4.981714869364559e-06 1.517482128866675e-06 0
4.963839719560858e-06 1.526450519956924e-06 0
5.321680200977824e-06 1.637578639729823e-06 0
5.680174631082025e-06 2.329733688353522e-06 0
4.792231232897429e-06 2.678383256862606e-06 0
5.493875215064889e-06 3.140222755270456e-06 0
5.262334018486222e-06 2.946344767126869e-06 0
5.27903982758554e-06 2.957340945660433e-06 0
4.552174685054583e-06 2.333748879822902e-06 0
4.535468875955332e-06 2.322752701289398e-06 0
5.138893240907793e-06 2.388167040563125e-06 0
5.26369946900715e-06 2.034863480678328e-06 0
4.694336509112433e-06 2.572474696986286e-06 0
4.677630700013143e-06 2.561478518452733e-06 0
5.603145699470198e-06 2.755957272514446e-06 0
5.621021573974428e-06 2.746987706710495e-06 0
5.619851508569386e-06 2.766953451047998e-06 0
5.637727383073617e-06 2.757983885244051e-06 0
5.138243454047136e-06 1.807133842048416e-06 0
5.510027312007526e-06 1.678720024099086e-06 0
5.527886634775989e-06 1.669758763448647e-06 0
4.517593001451175e-06 2.331722267093521e-06 0
5.057508941104489e-06 3.184770201332089e-06 0
5.0408031320053e-06 3.173774022798506e-06 0
5.681994483346262e-06 2.890801142531946e-06 0
5.279884999560728e-06 2.646858602064685e-06 0
5.093780968659295e-06 2.565832126870529e-06 0
5.094951034064176e-06 2.545866382533087e-06 0
4.82596774452662e-06 2.990892213187686e-06 0
4.161245576772529e-06 2.491147838833998e-06 0
4.65825986667463e-06 2.299897229336567e-06 0
5.74667297404908e-06 2.083201803230488e-06 0
4.646038934079299e-06 3.100553615563958e-06 0
4.442904200649011e-06 2.718014362578565e-06 0
5.724116837925414e-06 2.172034346383811e-06 0
5.741992712429583e-06 2.163064780579832e-06 0
5.75869852152871e-06 2.174060959113364e-06 0
5.776574396032932e-06 2.165091393309556e-06 0
5.775404330627837e-06 2.185057137646984e-06 0
5.793280205131948e-06 2.176087571843243e-06 0
5.792110139726957e-06 2.19605331618067e-06 0
5.794450270537043e-06 2.1561218275057e-06 0
5.757528456123756e-06 2.194026703450848e-06 0
5.490040125420369e-06 2.909603389025252e-06 0
5.488870060015375e-06 2.929569133362603e-06 0
5.330197811974464e-06 1.788331595554237e-06 0
5.348073686478694e-06 1.779362029750392e-06 0
5.349243751883689e-06 1.759396285412886e-06 0
5.365949560982892e-06 1.770392463946559e-06 0
5.367119626387902e-06 1.750426719609018e-06 0
5.383825435487073e-06 1.761422898142692e-06 0
5.400531244586251e-06 1.772419076676388e-06 0
5.346903621073655e-06 1.799327774087856e-06 0
5.489194953566008e-06 3.220085732540839e-06 0
4.562509888583217e-06 3.04557272289605e-06 0
4.92821783650107e-06 2.726421196455819e-06 0
5.028900177082118e-06 2.502224160147359e-06 0
4.188481974516451e-06 2.322452318330457e-06 0
5.402026203420474e-06 2.042969931596936e-06 0
4.708702187401654e-06 2.623402364194637e-06 0
4.902591661434181e-06 3.45647392401768e-06 0
4.90163122561588e-06 3.476149915475241e-06 0
4.257320448294194e-06 2.03598894453146e-06 0
5.319471838213458e-06 2.859538836702602e-06 0
5.058224604767652e-06 1.692255716368204e-06 0
5.059394670172695e-06 1.672289972030799e-06 0
5.041518795668458e-06 1.681259537834697e-06 0
5.042688861073458e-06 1.66129379349727e-06 0
4.094422340375067e-06 2.447163124699724e-06 0
5.811480973065726e-06 2.457634605296456e-06 0
5.812651038470683e-06 2.437668860958983e-06 0
5.830526912974831e-06 2.428699295155056e-06 0
5.824351692520179e-06 2.238011417584702e-06 0
4.208373086401629e-06 1.983034664593305e-06 0
4.191667277302469e-06 1.972038486059723e-06 0
5.455978720362449e-06 2.306577833442514e-06 0
5.006546341831145e-06 3.462264009326596e-06 0
5.023252150930302e-06 3.473260187860184e-06 0
5.02215200408134e-06 3.493365276215027e-06 0
5.039969613122164e-06 3.484279590396572e-06 0
4.700836622996774e-06 3.053679173814671e-06 0
5.589719834086256e-06 3.28598363486851e-06 0
4.72709834045221e-06 2.013433855538111e-06 0
4.588446712610159e-06 1.714810805361991e-06 0
5.443432894337593e-06 2.816717620412245e-06 0
5.426727085238359e-06 2.805721441878765e-06 0
5.408851210734209e-06 2.814691007682575e-06 0
5.410021276139146e-06 2.79472526334504e-06 0
5.39214540163489e-06 2.803694829148931e-06 0
5.39097533622997e-06 2.823660573486505e-06 0
5.737637344239183e-06 2.533444357187274e-06 0
5.636752702784887e-06 1.886434087470474e-06 0
5.635582637380051e-06 1.906399831807917e-06 0
5.623036811354548e-06 2.416539618777888e-06 0
5.640912685858715e-06 2.407570052973861e-06 0
5.347033129387393e-06 2.981359915456841e-06 0
5.329157254883258e-06 2.990329481260832e-06 0
5.312451445784039e-06 2.979333302727379e-06 0
5.311281380379124e-06 2.99929904706483e-06 0
5.345863063982409e-06 3.001325659794271e-06 0
5.294575571279887e-06 2.988302868531382e-06 0
5.293405505874988e-06 3.008268612868833e-06 0
5.310111314974128e-06 3.019264791402275e-06 0
5.292235440469935e-06 3.02823435720625e-06 0
5.276699696775691e-06 2.997272434335291e-06 0
5.275529631370765e-06 3.017238178672811e-06 0
4.802241542996998e-06 3.099690500678482e-06 0
4.82128748290643e-06 3.070755190537184e-06 0
5.401701309991337e-06 1.752453332338915e-06 0
5.693695137396317e-06 2.691143699157368e-06 0
5.694865202801264e-06 2.671177954819971e-06 0
5.711571011900378e-06 2.682174133353539e-06 0
4.690826312897466e-06 2.632371929998568e-06 0
4.17912145127667e-06 2.482178273030037e-06 0
4.369580850368232e-06 2.192825171616348e-06 0
4.386286659467432e-06 2.203821350149898e-06 0
5.854253114503733e-06 2.31990100766402e-06 0
4.942778899907194e-06 1.885833321553839e-06 0
4.924903025403118e-06 1.894802887357706e-06 0
5.429262601164589e-06 1.874274411093282e-06 0
4.428538522359672e-06 2.66708669537013e-06 0
5.407634182343763e-06 1.652499204677815e-06 0
5.664638887387978e-06 2.298771765482654e-06 0
4.554319430747969e-06 3.185332933258082e-06 0
4.571025239847138e-06 3.196329111791686e-06 0
4.588901114351422e-06 3.187359545987806e-06 0
4.587731048946316e-06 3.207325290325253e-06 0
4.605606923450562e-06 3.198355724521356e-06 0
4.604436858045495e-06 3.218321468858793e-06 0
4.622312732549708e-06 3.209351903054916e-06 0
4.621142667144669e-06 3.229317647392349e-06 0
4.639018541648874e-06 3.220348081588445e-06 0
4.637848476243869e-06 3.240313825925895e-06 0
4.65572435074807e-06 3.231344260121987e-06 0
4.65455428534303e-06 3.251310004459512e-06 0
4.672430159847255e-06 3.242340438655556e-06 0
4.671260094442179e-06 3.262306182993077e-06 0
4.689135968946419e-06 3.253336617189123e-06 0
4.687965903541369e-06 3.273302361526594e-06 0
4.67009002903714e-06 3.28227192733047e-06 0
4.686795838136325e-06 3.293268105864018e-06 0
4.668919963632108e-06 3.302237671667885e-06 0
4.685625772731354e-06 3.313233850201435e-06 0
4.636678410838824e-06 3.260279570263429e-06 0
4.603266792640438e-06 3.238287213196227e-06 0
4.62348279795478e-06 3.189386158717447e-06 0
4.619972601739592e-06 3.249283391729822e-06 0
4.656894416153101e-06 3.211378515784539e-06 0
4.703501647235549e-06 3.304264284397574e-06 0
4.569855174442052e-06 3.216294856129175e-06 0
5.782749616486998e-06 2.355779270879795e-06 0
5.633372014883399e-06 3.128363461850773e-06 0
4.118148541904563e-06 2.338364837208531e-06 0
4.66774989822714e-06 3.32220341600532e-06 0
4.70584177804559e-06 3.264332795722732e-06 0
4.688681567205014e-06 1.780787876563429e-06 0
4.629853403526097e-06 2.488558494177487e-06 0
4.647729278030321e-06 2.479588928373485e-06 0
4.250104670747655e-06 3.047298952666889e-06 0
4.851645387663969e-06 3.441691114650179e-06 0
5.132197741907414e-06 2.798478105845705e-06 0
5.515456670900253e-06 2.179840414343599e-06 0
4.233073968218728e-06 2.74578617487586e-06 0
4.231903902813701e-06 2.765751919213265e-06 0
4.24977977731793e-06 2.756782353409361e-06 0
4.810756894260876e-06 3.25044688957433e-06 0
4.792881019756688e-06 3.259416455378231e-06 0
4.268500823797624e-06 2.437330444010394e-06 0
4.251795014698415e-06 2.426334265476853e-06 0
5.429912388023671e-06 2.455307609608918e-06 0
5.449283221362426e-06 2.716888898724915e-06 0
5.10112625451871e-06 2.736554260103848e-06 0
4.196672432351449e-06 2.182692107968474e-06 0
4.195502366946536e-06 2.2026578523059e-06 0
4.841178594790109e-06 2.731337536800575e-06 0
4.884471014774848e-06 1.992604996315417e-06 0
4.883300949369806e-06 2.012570740652853e-06 0
4.865425074865603e-06 2.02154030645671e-06 0
4.901176823874033e-06 2.003601174848969e-06 0
4.882130883964835e-06 2.032536484990216e-06 0
5.803290515231119e-06 2.59739481565872e-06 0
4.903936418161535e-06 3.436266718946941e-06 0
4.473001007749757e-06 1.908388410547258e-06 0
5.106976581543467e-06 2.636725538416399e-06 0
5.487375101180805e-06 2.659018278442291e-06 0
4.196997325780873e-06 2.473208707226079e-06 0
5.170289621725545e-06 2.740607485562862e-06 0
4.591241245161506e-06 3.14742805731292e-06 0
5.736142385404802e-06 2.262893502267161e-06 0
5.734972319999768e-06 2.282859246604517e-06 0
5.05419413000663e-06 2.35315189223298e-06 0
5.055364195411591e-06 2.333186147895629e-06 0
5.616861590900334e-06 2.225851741207424e-06 0
5.309136634684928e-06 2.147714993628654e-06 0
5.327012509189117e-06 2.138745427824751e-06 0
5.343718318288299e-06 2.149741606358308e-06 0
5.644422882073585e-06 2.347672819961528e-06 0
5.543992642362688e-06 3.173211290870774e-06 0
5.560698451461935e-06 3.184207469404238e-06 0
5.542822576957712e-06 3.193177035208207e-06 0
5.559528386056933e-06 3.20417321374171e-06 0
4.297232180376106e-06 2.539185778427194e-06 0
5.594955241635417e-06 2.895717482876461e-06 0
5.612831116139612e-06 2.886747917072683e-06 0
4.277861347037466e-06 2.277604489310909e-06 0
4.68445570732642e-06 3.333199594538853e-06 0
4.500887192351903e-06 2.320726088559946e-06 0
5.822336455140252e-06 2.568459505517397e-06 0
4.454084576152846e-06 3.119355862056695e-06 0
4.436208701648674e-06 3.128325427860538e-06 0
4.419502892549467e-06 3.117329249326914e-06 0
4.543984227220241e-06 2.473509090185052e-06 0
4.524938287310685e-06 2.502444400326116e-06 0
5.260514166222018e-06 2.385277312948194e-06 0
5.278390040726183e-06 2.37630774714425e-06 0
5.27956010613109e-06 2.356342002806801e-06 0
5.296265915230358e-06 2.367338181340293e-06 0
5.297435980635276e-06 2.347372437002835e-06 0
5.31414178973452e-06 2.358368615536334e-06 0
5.315311855139444e-06 2.338402871198879e-06 0
5.298606046040205e-06 2.327406692665371e-06 0
5.316481920544388e-06 2.318437126861444e-06 0
5.29977611144517e-06 2.307440948327929e-06 0
5.317651985949334e-06 2.298471382524024e-06 0
5.30094617685014e-06 2.287475203990487e-06 0
5.28307030234596e-06 2.296444769794404e-06 0
5.284240367750964e-06 2.276479025456946e-06 0
5.266364493246761e-06 2.285448591260844e-06 0
5.312971724329581e-06 2.37833435987377e-06 0
5.318822051354307e-06 2.278505638186631e-06 0
5.267534558651803e-06 2.265482846923389e-06 0
5.249658684147588e-06 2.274452412727286e-06 0
5.285410433156003e-06 2.256513281119514e-06 0
5.248488618742529e-06 2.294418157064705e-06 0
5.23178280964338e-06 2.283421978531112e-06 0
5.330847598833719e-06 2.369364794069833e-06 0
5.334357795048521e-06 2.309467561057544e-06 0
5.250828749552616e-06 2.254486668389953e-06 0
5.329677533428756e-06 2.389330538407265e-06 0
5.311801658924611e-06 2.398300104211214e-06 0
5.32850746802379e-06 2.409296282744806e-06 0
5.27721997532124e-06 2.396273491481707e-06 0
5.230612744238322e-06 2.303387722868539e-06 0
5.213906935139171e-06 2.292391544334871e-06 0
5.215077000544202e-06 2.272425799997572e-06 0
5.197201126040012e-06 2.281395365801649e-06 0
5.247318553337514e-06 2.314383901402185e-06 0
5.281900236940986e-06 2.316410514131849e-06 0
5.280730171536045e-06 2.336376258469328e-06 0
5.265194427841778e-06 2.305414335598287e-06 0
4.383621635228596e-06 1.953236239566612e-06 0
4.384791700633628e-06 1.933270495229177e-06 0
4.366915826129417e-06 1.942240061033045e-06 0
4.349039951625209e-06 1.951209626836901e-06 0
4.350210017030213e-06 1.931243882499498e-06 0
4.382451569823545e-06 1.973201983904079e-06 0
4.402667575137844e-06 1.9243009294253e-06 0
4.385961766038634e-06 1.913304750891775e-06 0
4.486001235517396e-06 2.870797364203618e-06 0
4.243279663434023e-06 2.275577876581282e-06 0
4.242109598029058e-06 2.295543620918739e-06 0
5.245628209386795e-06 2.935348588593187e-06 0
5.671984173247226e-06 2.469493898715774e-06 0
4.719753054593292e-06 1.842711722305499e-06 0
5.008432070899158e-06 1.949783780025323e-06 0
5.284761175449227e-06 1.675481145477523e-06 0
5.733281976048839e-06 2.90382393379487e-06 0
5.469499226676619e-06 2.667987844246205e-06 0
5.452793417577419e-06 2.656991665712728e-06 0
5.572074212081828e-06 2.694033426772408e-06 0
5.296915702089684e-06 2.948371379856528e-06 0
4.664110193699687e-06 2.200068507649264e-06 0
4.681986068203898e-06 2.191098941845376e-06 0
4.732178139824413e-06 3.406210261960468e-06 0
5.475674447131135e-06 2.858675721816707e-06 0
5.474504381726207e-06 2.878641466154183e-06 0
5.363738938486493e-06 2.99235609399033e-06 0
5.485555248916704e-06 2.097950824264206e-06 0
5.665484059363445e-06 1.98828942188764e-06 0
5.700065742966938e-06 1.990316034617409e-06 0
5.716771552066015e-06 2.001312213151056e-06 0
4.26616069298768e-06 2.477261932685278e-06 0
5.25115364298226e-06 2.545003267647819e-06 0
5.767538766222778e-06 2.615333947266617e-06 0
5.126022521452774e-06 2.607790228275094e-06 0
5.258823822271274e-06 3.006242000139011e-06 0
5.563558860817338e-06 2.543277037877061e-06 0
5.581434735321499e-06 2.534307472073091e-06 0
5.598140544420754e-06 2.545303650606615e-06 0
5.616016418924904e-06 2.536334084802596e-06 0
4.345639115273997e-06 3.193182242934702e-06 0
4.967804675155094e-06 2.939101431093623e-06 0
4.968974740559887e-06 2.919135686756083e-06 0
4.97014480596473e-06 2.899169942418534e-06 0
5.615496140379272e-06 3.137333027654774e-06 0
5.650077574120655e-06 3.139359142422396e-06 0
4.313092817499706e-06 2.860664300555814e-06 0
5.678159393701963e-06 2.660181776286378e-06 0
4.690306034351445e-06 3.233370872851652e-06 0
4.875239999847664e-06 3.334363092383408e-06 0
4.847028921815118e-06 2.631508815113221e-06 0
4.812447238211723e-06 2.629482202383697e-06 0
4.436728980194617e-06 2.527326485008072e-06 0
4.454604854698796e-06 2.518356919204186e-06 0
5.367574028131068e-06 3.222975460235469e-06 0
5.131872848477744e-06 2.507961506587926e-06 0
5.130702783072648e-06 2.527927250925377e-06 0
5.149748722981939e-06 2.498991940784074e-06 0
5.150918788386999e-06 2.479026196446607e-06 0
4.786056012444095e-06 2.487695379292586e-06 0
4.475666031988373e-06 2.158973521130301e-06 0
4.476836097393349e-06 2.139007776792816e-06 0
4.460130288294174e-06 2.128011598259359e-06 0
4.579565175531965e-06 3.347048151107602e-06 0
4.315108054880304e-06 2.530216212623244e-06 0
4.331813863979515e-06 2.541212391156751e-06 0
5.691679900015761e-06 3.021591787089767e-06 0
5.874469119817905e-06 2.270999953185199e-06 0
5.875639185222785e-06 2.251034208847713e-06 0
5.518641973685302e-06 1.829426582073441e-06 0
5.056338875699476e-06 3.204735945669559e-06 0
5.549713461073971e-06 1.89135042781532e-06 0
5.567589335578221e-06 1.882380862011431e-06 0
5.453443204437114e-06 3.238024864227944e-06 0
4.997053804086825e-06 2.439952827948429e-06 0
4.996741553797649e-06 2.460310149703076e-06 0
5.723921452809152e-06 3.063549888494369e-06 0
5.698895677561789e-06 2.010281778954872e-06 0
4.821612376334959e-06 3.361271789795038e-06 0
4.574730821178712e-06 2.244916336668769e-06 0
4.568230707295689e-06 1.763711859840723e-06 0
4.351704975864049e-06 2.201794737420278e-06 0
5.69603526820612e-06 2.65121221048246e-06 0
5.193366036395164e-06 2.050775999556218e-06 0
5.866603555412924e-06 2.701276762805276e-06 0
4.113468280284428e-06 2.418227814558373e-06 0
4.114638345689384e-06 2.398262070220981e-06 0
5.178480079560399e-06 2.60084727520087e-06 0
4.438149243967076e-06 3.320991436207077e-06 0
4.459089731201495e-06 3.330009483964641e-06 0
4.475795540300675e-06 3.341005662498202e-06 0
5.353078841527699e-06 1.990015651658907e-06 0
5.41873201251975e-06 2.053966110130355e-06 0
5.134212979287815e-06 2.46803001791303e-06 0
4.363531780151943e-06 3.184176642366942e-06 0
4.317123292260695e-06 2.19976812469069e-06 0
4.164430879557948e-06 2.140734006564029e-06 0
5.558033427222146e-06 2.933622358821675e-06 0
5.307121397304773e-06 2.478163081561123e-06 0
5.323827206403942e-06 2.489159260094666e-06 0
5.322657140998998e-06 2.50912500443209e-06 0
5.324997271808905e-06 2.46919351575723e-06 0
5.326167337213867e-06 2.449227771419772e-06 0
5.309461528114707e-06 2.438231592886237e-06 0
5.327337402618838e-06 2.429262027082333e-06 0
5.340857908932056e-06 2.790672037886101e-06 0
5.342027974336896e-06 2.770706293548625e-06 0
4.540149137575299e-06 2.242889723939111e-06 0
5.103141491899488e-06 2.406106172171027e-06 0
5.104311557304445e-06 2.38614042783355e-06 0
4.872770360724915e-06 2.192262439689535e-06 0
4.856064551625688e-06 2.181266261156027e-06 0
4.838188677121504e-06 2.190235826959973e-06 0
4.839358742526461e-06 2.170270082622538e-06 0
4.821482868022312e-06 2.179239648426472e-06 0
4.857234617030681e-06 2.161300516818595e-06 0
4.822652933427302e-06 2.159273904089011e-06 0
4.87394042612992e-06 2.172296695352093e-06 0
4.891816300634139e-06 2.163327129548206e-06 0
4.875110491534957e-06 2.152330951014669e-06 0
4.892986366039165e-06 2.143361385210775e-06 0
4.909692175138325e-06 2.154357563744273e-06 0
4.91086224054329e-06 2.134391819406817e-06 0
5.704746004586879e-06 1.910453057266779e-06 0
5.327662296048044e-06 2.719778626340123e-06 0
4.870105336485632e-06 1.941677329106914e-06 0
4.853399527386464e-06 1.930681150573393e-06 0
4.407152451640682e-06 2.735953494186363e-06 0
4.772665014442512e-06 3.308317509856987e-06 0
5.454808654957707e-06 2.326543577780029e-06 0
5.008561579212013e-06 3.131815921394031e-06 0
4.088247119921222e-06 2.256475247129312e-06 0
5.79594522937142e-06 2.426672682425493e-06 0
5.097940951733434e-06 3.086968092374456e-06 0
5.944450566623216e-06 2.793989420265093e-06 0
5.949748341035512e-06 2.812940405523588e-06 0
5.106131409568119e-06 2.947207882011758e-06 0
4.581426320179721e-06 1.834605271386601e-06 0
4.211687897499525e-06 2.814652973692018e-06 0
5.761688439197791e-06 2.715162668954015e-06 0
5.777224182892204e-06 2.746124591824946e-06 0
4.523118435047006e-06 1.941376946148032e-06 0
5.276049909916267e-06 2.416239235819184e-06 0
5.29392578442048e-06 2.407269670015276e-06 0
4.615162831807093e-06 2.147114227711179e-06 0
4.633038706311276e-06 2.138144661907266e-06 0
4.649744515410461e-06 2.149140840440805e-06 0
5.425232126403902e-06 2.535170586958457e-06 0
5.426402191808883e-06 2.515204842621115e-06 0
5.83702702685888e-06 2.909903771983748e-06 0
5.653783405313741e-06 2.187946865262108e-06 0
5.654953470718668e-06 2.167981120924653e-06 0
5.255833904602175e-06 2.465140290298027e-06 0
5.237958030097974e-06 2.474109856101962e-06 0
5.236787964692972e-06 2.494075600439372e-06 0
4.997901482254152e-06 2.129475479062121e-06 0
4.981195673154956e-06 2.118479300528601e-06 0
4.963319798650764e-06 2.127448866332487e-06 0
4.964489864055799e-06 2.107483121995073e-06 0
4.946613989551592e-06 2.116452687798931e-06 0
4.945443924146601e-06 2.136418432136389e-06 0
5.11536241594064e-06 1.605449784652319e-06 0
5.319667223329578e-06 1.968023294591674e-06 0
5.208706394973416e-06 2.973253464538381e-06 0
5.190830520469261e-06 2.982223030342219e-06 0
5.192000585874202e-06 2.962257286004673e-06 0
5.054714408552596e-06 1.752152949380605e-06 0
4.289041722541236e-06 2.678945988789167e-06 0
5.055689088840854e-06 2.623702747153363e-06 0
5.054519023435899e-06 2.643668491490827e-06 0
5.037813214336681e-06 2.632672312957322e-06 0
5.457473679197236e-06 2.577128688363211e-06 0
5.439597804693017e-06 2.586098254167308e-06 0
5.438427739288243e-06 2.606063998504731e-06 0
5.421721930188979e-06 2.595067819971134e-06 0
5.420551864784084e-06 2.615033564308493e-06 0
4.396296969566325e-06 2.625128593965678e-06 0
4.395126904161329e-06 2.645094338303117e-06 0
5.162619442436524e-06 2.279368753072369e-06 0
5.144743567932372e-06 2.288338318876246e-06 0
5.362439364767808e-06 1.830289696959017e-06 0
5.344563490263604e-06 1.839259262762752e-06 0
4.680620617682787e-06 3.102580228293547e-06 0
5.310631593519668e-06 2.418265848548782e-06 0
4.759144508129307e-06 2.946907499053124e-06 0
4.7603145735343e-06 2.926941754715738e-06 0
5.320317010189075e-06 2.549056493106949e-06 0
5.013241840832625e-06 3.051952944044139e-06 0
4.309257727855396e-06 2.630044934310421e-06 0
4.202002480830253e-06 2.683862329133942e-06 0
4.18412660632609e-06 2.692831894937837e-06 0
4.811926959665871e-06 3.230481145236863e-06 0
5.332017664238652e-06 2.34939904973238e-06 0
5.348723473337791e-06 2.360395228265941e-06 0
5.118027448734306e-06 1.856034896527081e-06 0
5.107626368402138e-06 3.217758736932672e-06 0
4.764020154865565e-06 1.975528979592841e-06 0
4.781896029369742e-06 1.966559413788978e-06 0
4.627188379286317e-06 2.237973383594466e-06 0
4.771494949037433e-06 3.328283254194407e-06 0
5.013566734261089e-06 3.34246954330181e-06 0
5.014736799666125e-06 3.322503798964353e-06 0
5.032612674170336e-06 3.313534233160487e-06 0
5.015906865071188e-06 3.30253805462691e-06 0
4.998030990566976e-06 3.311507620430757e-06 0
4.999201055972079e-06 3.291541876093283e-06 0
4.981325181467839e-06 3.300511441897094e-06 0
4.982495246872945e-06 3.280545697559654e-06 0
4.96461937236872e-06 3.289515263363404e-06 0
4.965789437773863e-06 3.269549519026011e-06 0
5.033782739575374e-06 3.29356848882308e-06 0
5.050488548674539e-06 3.304564667356594e-06 0
4.983665312277999e-06 3.260579953222266e-06 0
4.96695950317888e-06 3.249583774688662e-06 0
4.949083628674623e-06 3.258553340492647e-06 0
4.963449306963579e-06 3.309481007700869e-06 0
4.946743497864466e-06 3.298484829167448e-06 0
4.99686092516194e-06 3.331473364768234e-06 0
4.980155116062777e-06 3.320477186234613e-06 0
4.978985050657751e-06 3.340442930572141e-06 0
5.039503558287619e-06 2.011707625767262e-06 0
5.867123833958699e-06 2.100277819952121e-06 0
5.884999708462885e-06 2.091308254148184e-06 0
5.873048065803236e-06 1.948327129936817e-06 0
5.865953768553566e-06 2.120243564289748e-06 0
4.514603083782964e-06 1.790620557252338e-06 0
5.022602364072112e-06 2.892226989344095e-06 0
5.296070530114146e-06 3.25885372345139e-06 0
4.260960152821513e-06 3.158123852887807e-06 0
4.938098638287445e-06 1.965696298903591e-06 0
4.936928572882429e-06 1.985662043241003e-06 0
4.919052698378223e-06 1.99463160904494e-06 0
5.719761469735013e-06 2.542413922991233e-06 0
5.90937569685137e-06 2.563543165172947e-06 0
5.926081505950543e-06 2.574539343706536e-06 0
5.927251571355616e-06 2.554573599369111e-06 0
5.94395738045477e-06 2.565569777902694e-06 0
5.94405549699495e-06 2.545541213453913e-06 0
5.96195002376833e-06 2.554462516777325e-06 0
5.95598292793386e-06 2.656428933785741e-06 0
5.942787315049656e-06 2.585535522240072e-06 0
5.939276414056983e-06 2.645432603136453e-06 0
5.957152875875836e-06 2.636463164095672e-06 0
5.928242978616437e-06 2.534597385013049e-06 0
5.94044704719945e-06 2.625466981336784e-06 0
5.922571169432491e-06 2.634436546436432e-06 0
5.923741328916566e-06 2.614470822404578e-06 0
5.910515985898983e-06 2.543575675832393e-06 0
5.911681088577782e-06 2.523609640661018e-06 0
5.929556135961159e-06 2.514640026384772e-06 0
5.91287417551854e-06 2.503645245469253e-06 0
5.89500227579033e-06 2.512615044209621e-06 0
5.896176840580652e-06 2.492649563552467e-06 0
5.914053464982466e-06 2.483680041694963e-06 0
5.897349193226101e-06 2.47268395325537e-06 0
5.915225448936909e-06 2.463714409791178e-06 0
5.9163959934573e-06 2.443748693531463e-06 0
5.933101786586515e-06 2.454744871128759e-06 0
5.934271954776879e-06 2.434779132814599e-06 0
5.950977752750675e-06 2.445775310695589e-06 0
5.902030410991395e-06 2.392821031939173e-06 0
5.903200476396525e-06 2.372855287601848e-06 0
5.91756613721335e-06 2.423782953785551e-06 0
5.931931302938897e-06 2.47471059095601e-06 0
5.930753383024384e-06 2.494675874991124e-06 0
5.948636156311424e-06 2.485706713480894e-06 0
5.947658483860548e-06 2.505525607544148e-06 0
5.886494667297248e-06 2.361859109068295e-06 0
5.888834798107077e-06 2.321927620393509e-06 0
5.906710672611284e-06 2.312958054589676e-06 0
5.907880738016344e-06 2.29299231025225e-06 0
5.924586547115483e-06 2.303988488785769e-06 0
5.925756612520519e-06 2.28402274444837e-06 0
5.942462421619676e-06 2.295018922981883e-06 0
5.893515059726894e-06 2.24206464304369e-06 0
5.923416481710577e-06 2.323954233123137e-06 0
5.894685125131709e-06 2.222098898706289e-06 0
5.909050803421366e-06 2.273026565914738e-06 0
5.904370541801663e-06 2.352889543264476e-06 0
5.921076350900824e-06 2.363885721798118e-06 0
5.935442024775963e-06 2.414813388746975e-06 0
5.892344994322147e-06 2.262030387381152e-06 0
5.910220868826155e-06 2.253060821577176e-06 0
4.22156869928561e-06 2.05392807613944e-06 0
5.282874917229934e-06 3.187960311905646e-06 0
4.799576518757718e-06 2.84910539009597e-06 0
4.410858032972833e-06 1.784540719063278e-06 0
4.538979072170273e-06 2.262855468276633e-06 0
5.24699365990791e-06 2.023867302144667e-06 0
5.24816372531298e-06 2.003901557807221e-06 0
5.230287850808694e-06 2.012871123611042e-06 0
5.231457916213735e-06 1.992905379273643e-06 0
4.494711971897545e-06 2.130038210988791e-06 0
4.563679953988186e-06 3.02560697855866e-06 0
5.237308243238631e-06 1.893076657586505e-06 0
4.357555302888988e-06 2.101966015733074e-06 0
4.374261111988193e-06 2.112962194266603e-06 0
5.848727680908752e-06 2.710246328609176e-06 0
4.510897502451758e-06 2.742033332375088e-06 0
4.545674571171292e-06 1.852544402994331e-06 0
4.229563772003655e-06 2.805683407888104e-06 0
4.246269581102886e-06 2.816679586421592e-06 0
4.247439646507789e-06 2.796713842084143e-06 0
5.662623650007656e-06 2.629219853415376e-06 0
4.888110719303173e-06 3.11473990467134e-06 0
4.312443030640841e-06 2.27963110204054e-06 0
5.648778250264239e-06 1.977293243354058e-06 0
4.259140300557741e-06 2.597056398709892e-06 0
4.275846109656966e-06 2.608052577243412e-06 0
4.274676044252002e-06 2.628018321580834e-06 0
5.226452761158051e-06 1.7822517573667e-06 0
5.243158570261826e-06 1.793247935899553e-06 0
5.225282695757871e-06 1.802217501703492e-06 0
5.417886840544455e-06 2.364448453725288e-06 0
5.933329887797913e-06 2.745221764575357e-06 0
4.527278418120757e-06 2.462512911651258e-06 0
4.563550445675535e-06 1.84357483719044e-06 0
5.735297213429356e-06 2.573375845862149e-06 0
5.752003022528513e-06 2.584372024395587e-06 0
4.938228146600212e-06 3.147728440272134e-06 0
4.920352272096069e-06 3.15669800607605e-06 0
5.013112332519098e-06 1.869920802675615e-06 0
4.995236458014918e-06 1.878890368479515e-06 0
4.996406523419947e-06 1.858924624142066e-06 0
4.652734433079133e-06 2.690242550281326e-06 0
4.634858558575233e-06 2.699212116085353e-06 0
5.25966899424634e-06 2.695759656543459e-06 0
5.570579253247008e-06 2.423482571852284e-06 0
5.040348730263416e-06 1.701225282172119e-06 0
4.649874023722793e-06 3.331172981809364e-06 0
5.32051194597706e-06 1.657541633632691e-06 0
5.615366632065878e-06 1.955300886286876e-06 0
5.63324250657012e-06 1.946331320482855e-06 0
5.649948315669353e-06 1.957327499016446e-06 0
5.807970776850984e-06 2.517531838308869e-06 0
4.728397914170159e-06 3.175500252568931e-06 0
5.628041966404288e-06 2.627193240685801e-06 0
5.075059922179601e-06 2.885284036269768e-06 0
5.192195970990135e-06 2.070741743893696e-06 0
4.571870411823241e-06 2.885846768196498e-06 0
4.074327114657351e-06 2.206068993357232e-06 0
5.330652213717803e-06 3.260880336180655e-06 0
5.331822279122781e-06 3.240914591843261e-06 0
5.313946404618502e-06 3.249884157647291e-06 0
5.624729382328399e-06 1.795578327119324e-06 0
5.62591139957355e-06 1.775636228371713e-06 0
5.609193774754812e-06 1.76461751556988e-06 0
5.626831184830236e-06 1.755619028314034e-06 0
4.498351676425177e-06 3.252173119344657e-06 0
4.497181611020099e-06 3.272138863682052e-06 0
4.516227550929405e-06 3.243203553540741e-06 0
5.010576816592791e-06 2.801367833460848e-06 0
4.993871007493324e-06 2.790371654927328e-06 0
4.415863188021912e-06 1.995194340971193e-06 0
5.0199373398325e-06 2.64164187876129e-06 0
5.036643148931712e-06 2.652638057294791e-06 0
4.923537574881169e-06 2.806284173805628e-06 0
5.095275927493794e-06 2.836382981791014e-06 0
4.190497211897064e-06 1.992004230397216e-06 0
4.451939830459252e-06 2.267771808621599e-06 0
4.468645639558404e-06 2.278767987155296e-06 0
5.371279609461808e-06 2.27156268511247e-06 0
5.353403734957654e-06 2.28053225091635e-06 0
5.501415886040294e-06 2.41942934639314e-06 0
5.716576166949648e-06 2.892827755261384e-06 0
5.079610675486801e-06 1.623388917552017e-06 0
4.566020084798235e-06 2.985675489883729e-06 0
4.582725893897483e-06 2.996671668417275e-06 0
5.386165566297123e-06 1.721491409467802e-06 0
4.583895959302443e-06 2.976705924079817e-06 0
5.438752632717814e-06 2.896580597762074e-06 0
5.420876758213623e-06 2.90555016356597e-06 0
5.6318770560488e-06 2.857812606931181e-06 0
5.648582865148021e-06 2.868808785464809e-06 0
5.630706990643767e-06 2.877778351268595e-06 0
4.872445467295713e-06 1.901745840431976e-06 0
4.889151276394839e-06 1.912742018965535e-06 0
4.574405927749574e-06 1.954399737411255e-06 0
4.319138529641783e-06 1.869320036757565e-06 0
4.302432720542593e-06 1.858323858224051e-06 0
4.284556846038411e-06 1.867293424027987e-06 0
4.285726911443394e-06 1.84732767969054e-06 0
4.267851036939204e-06 1.856297245494483e-06 0
4.269021102344168e-06 1.836331501157034e-06 0
4.322648725856816e-06 1.80942280374511e-06 0
4.286896976848418e-06 1.827361935353047e-06 0
4.270191167749151e-06 1.816365756819577e-06 0
4.323818791261848e-06 1.78945705940768e-06 0
4.305917817167543e-06 1.798425154284076e-06 0
4.266691871198316e-06 1.876263628591966e-06 0
4.32147866045179e-06 1.829388548082601e-06 0
4.338184469550879e-06 1.840384726616136e-06 0
4.356060344055148e-06 1.831415160812312e-06 0
4.303602785947616e-06 1.838358113886543e-06 0
4.337014404145956e-06 1.860350470953587e-06 0
4.26466573415317e-06 2.206711077765027e-06 0
4.426523284979805e-06 2.99753478330235e-06 0
4.606322587114356e-06 1.705841239558138e-06 0
4.76902530991485e-06 2.186182601500757e-06 0
4.785731119014044e-06 2.197178780034308e-06 0
4.784561053609067e-06 2.217144524371748e-06 0
4.296907286946589e-06 2.248669179169548e-06 0
5.168794662891203e-06 2.470056630642715e-06 0
5.574739236321322e-06 2.944618537355218e-06 0
5.411191341543741e-06 2.77475951900739e-06 0
4.141874743433876e-06 2.229566549717649e-06 0
4.158580552533056e-06 2.240562728251121e-06 0
4.123998868929719e-06 2.238536115521511e-06 0
5.472034742603061e-06 1.736540813460897e-06 0
5.488740551702226e-06 1.747536991994246e-06 0
5.482369946131181e-06 2.4483646565346e-06 0
4.353849721557433e-06 3.053378790856042e-06 0
5.073889856774576e-06 2.905249780607191e-06 0
4.209022873260216e-06 2.564067863109288e-06 0
5.759348308387797e-06 2.755094157629122e-06 0
5.424062060998887e-06 2.555136331295978e-06 0
4.884275629658431e-06 2.884120538425694e-06 0
4.885445695063132e-06 2.864154794088309e-06 0
4.901501717303605e-06 2.294117774106748e-06 0
4.488861644872678e-06 2.229866932676167e-06 0
4.485676342087198e-06 2.580280764946156e-06 0
4.484506276682207e-06 2.600246509283595e-06 0
4.31861825109524e-06 2.470318979610868e-06 0
4.264145455607104e-06 2.807710020617765e-06 0
4.41885310569043e-06 2.536296050811998e-06 0
4.419373384237032e-06 1.935297107958823e-06 0
4.635378837121293e-06 2.098213173232464e-06 0
5.328832361453059e-06 2.699812882002567e-06 0
5.299255832899514e-06 2.908439891181641e-06 0
4.851709183435203e-06 2.551645837763564e-06 0
4.833833308930993e-06 2.560615403567434e-06 0
4.567190150203233e-06 2.965709745546271e-06 0
4.601771833806615e-06 2.9677363582759e-06 0
4.600601768401683e-06 2.987702102613347e-06 0
5.543342855503185e-06 2.592178092355869e-06 0
5.560048664602437e-06 2.603174270889367e-06 0
4.777020382633503e-06 2.937937933249264e-06 0
5.793605098561549e-06 2.466604171100424e-06 0
4.399157378922733e-06 1.984198162437639e-06 0
4.311922752094695e-06 2.880630044893253e-06 0
4.294046877590515e-06 2.889599610697168e-06 0
4.292876812185588e-06 2.90956535503464e-06 0
4.276171003086355e-06 2.898569176501116e-06 0
4.27500093768144e-06 2.918534920838597e-06 0
4.258295128582204e-06 2.907538742305116e-06 0
4.257125063177259e-06 2.927504486642582e-06 0
4.240419254078025e-06 2.916508308109069e-06 0
4.239249188673085e-06 2.936474052446575e-06 0
4.222543379573866e-06 2.925477873913025e-06 0
4.221373314168958e-06 2.9454436182505e-06 0
4.204667505069734e-06 2.934447439717037e-06 0
4.203497439664781e-06 2.954413184054491e-06 0
4.18679163056557e-06 2.943417005521026e-06 0
4.15009081852737e-06 3.001235585350096e-06 0
4.154550077771947e-06 2.901458904116386e-06 0
4.185621565160567e-06 2.963382749858358e-06 0
4.168915756061373e-06 2.95238657132494e-06 0
4.170085821466336e-06 2.932420826987562e-06 0
4.152209946962141e-06 2.941390392791514e-06 0
4.151039881557222e-06 2.961356137128894e-06 0
4.241589319482954e-06 2.896542563771591e-06 0
4.291706746780636e-06 2.929531099372088e-06 0
4.166906780295286e-06 2.992259555669432e-06 0
4.238079123268134e-06 2.956439796783978e-06 0
4.153380012367077e-06 2.921424648454011e-06 0
4.171255886871253e-06 2.912455082649994e-06 0
4.205837570474626e-06 2.914481695379436e-06 0
4.242759384887908e-06 2.876576819433999e-06 0
4.189131761375406e-06 2.903485516845863e-06 0
4.259465193987138e-06 2.887572997967578e-06 0
4.29521694299551e-06 2.869633866359697e-06 0
5.235097620742107e-06 3.11504028763031e-06 0
5.21722174623797e-06 3.124009853434244e-06 0
5.216051680832987e-06 3.143975597771643e-06 0
5.200515937138786e-06 3.113013674900686e-06 0
5.683164548751301e-06 2.870835398194358e-06 0
4.873420147583547e-06 2.773295638205085e-06 0
5.1016465330643e-06 2.135555317250894e-06 0
5.100476467659323e-06 2.155521061588355e-06 0
5.444602959742545e-06 2.796751876074695e-06 0
4.618802536334491e-06 3.269249136067359e-06 0
5.135187659575429e-06 3.33957981568692e-06 0
5.134017594170419e-06 3.359545560024366e-06 0
5.060173965343629e-06 3.435355311914742e-06 0
5.061344030748609e-06 3.415389567577294e-06 0
5.07804983984783e-06 3.426385746110814e-06 0
5.076879774442841e-06 3.446351490448261e-06 0
5.116141719666231e-06 3.368515125828274e-06 0
5.132847528765403e-06 3.379511304361814e-06 0
5.114971654261261e-06 3.388480870165718e-06 0
5.13167746336043e-06 3.399477048699249e-06 0
5.1507234032696e-06 3.370541738557929e-06 0
5.079219905252809e-06 3.406420001773414e-06 0
5.095925714351991e-06 3.417416180306925e-06 0
5.062514096153579e-06 3.395423823239863e-06 0
5.059003899938657e-06 3.455321056252232e-06 0
5.075709709037853e-06 3.466317234785708e-06 0
5.151893468674636e-06 3.350575994220497e-06 0
5.168599277773806e-06 3.361572172754077e-06 0
5.167429212369102e-06 3.381537917091255e-06 0
5.169769343178928e-06 3.34160642841645e-06 0
5.098265845162035e-06 3.377484691632141e-06 0
4.546844636576307e-06 1.832578658656865e-06 0
4.530138827477077e-06 1.82158248012331e-06 0
4.867894713988563e-06 3.163640959150282e-06 0
4.67561546263339e-06 2.891926606385391e-06 0
5.869463964768542e-06 2.060346331277126e-06 0
5.37192939632094e-06 2.852595883628051e-06 0
5.220602434139391e-06 1.882080479053099e-06 0
5.238478308643571e-06 1.873110913249167e-06 0
5.375746035961e-06 1.61170091761996e-06 0
4.773705571534826e-06 2.106319624150966e-06 0
4.774875636939785e-06 2.08635387981356e-06 0
4.756999762435639e-06 2.095323445617469e-06 0
4.316603013714641e-06 2.800767067543524e-06 0
4.895326496849123e-06 2.103429896535939e-06 0
5.693370243966261e-06 2.400627099899442e-06 0
5.711246118470414e-06 2.391657534095531e-06 0
5.712416183875329e-06 2.371691789758066e-06 0
4.414273893151391e-06 1.724500031117798e-06 0
4.397229473604286e-06 1.712988934415731e-06 0
4.379714387837122e-06 1.722507144471102e-06 0
4.344034796576187e-06 1.740556004928902e-06 0
4.329067389421168e-06 1.750888848533326e-06 0
4.316197153836218e-06 1.721182393884147e-06 0
4.310541798935628e-06 1.780902780043986e-06 0
4.407477345070256e-06 3.02647009344401e-06 0
5.408526317304687e-06 2.524174408424943e-06 0
4.335648953623822e-06 2.771831757402075e-06 0
4.339159149838826e-06 2.711934524389795e-06 0
4.990035917848781e-06 2.55975228868182e-06 0
5.922246416305751e-06 2.34391997746057e-06 0
4.578890804253444e-06 2.76605230217204e-06 0
4.577720738848378e-06 2.786018046509483e-06 0
4.559844864344177e-06 2.794987612313283e-06 0
4.576550673443309e-06 2.805983790846877e-06 0
4.59442654794754e-06 2.797014225043014e-06 0
4.595596613352615e-06 2.777048480705592e-06 0
4.611132357046766e-06 2.808010403576533e-06 0
5.781254657652679e-06 2.085228415959668e-06 0
4.703176753806719e-06 3.01374768513973e-06 0
4.704346819211737e-06 2.993781940802323e-06 0
4.72222269371589e-06 2.98481237499835e-06 0
4.718712497500962e-06 3.04470960801071e-06 0
5.348398579907927e-06 2.06987862900881e-06 0
5.330522705403763e-06 2.078848194812684e-06 0
5.563233967387828e-06 2.252760438619277e-06 0
4.936603679453236e-06 1.695145443983321e-06 0
4.937773744858193e-06 1.675179699645879e-06 0
4.921067935758979e-06 1.664183521112403e-06 0
4.940113875668188e-06 1.635248210971013e-06 0
4.943624065830003e-06 1.575350990867069e-06 0
4.941283941073163e-06 1.615282466633618e-06 0
4.92340806656899e-06 1.624252032437501e-06 0
4.924578131973979e-06 1.604286288100104e-06 0
4.906702257469795e-06 1.613255853903975e-06 0
4.907872322874768e-06 1.593290109566543e-06 0
4.905532192064797e-06 1.633221598241436e-06 0
4.888826382965611e-06 1.622225419707892e-06 0
4.711237703329157e-06 1.691955333409744e-06 0
4.694531894229944e-06 1.680959154876233e-06 0
4.712407768734105e-06 1.671989589072288e-06 0
4.695701959634881e-06 1.660993410538789e-06 0
4.729113577833324e-06 1.682985767605802e-06 0
4.730283643238273e-06 1.663020023268346e-06 0
4.746989452337479e-06 1.674016201801837e-06 0
4.748159517742459e-06 1.654050457464405e-06 0
4.731453708643264e-06 1.643054278930873e-06 0
4.764865326841651e-06 1.665046635997906e-06 0
4.766035392246632e-06 1.645080891660487e-06 0
4.782741201345813e-06 1.656077070193991e-06 0
4.783911266750806e-06 1.636111325856562e-06 0
4.800617075849994e-06 1.647107504390057e-06 0
4.80178714125497e-06 1.627141760052624e-06 0
4.785081332155775e-06 1.616145581519118e-06 0
4.818492950354165e-06 1.638137938586144e-06 0
4.819663015759102e-06 1.618172194248709e-06 0
4.78157113594085e-06 1.676042814531448e-06 0
4.67782608513072e-06 1.669962976342749e-06 0
4.678996150535662e-06 1.649997232005306e-06 0
4.817322884949204e-06 1.658103682923557e-06 0
4.835198759453348e-06 1.649134117119644e-06 0
4.745819386932551e-06 1.693981946139281e-06 0
4.661120276031549e-06 1.658966797809239e-06 0
4.662290341436586e-06 1.639001053471701e-06 0
4.834028694048453e-06 1.669099861457066e-06 0
4.887656317560646e-06 1.642191164045331e-06 0
4.696872025039875e-06 1.641027666201307e-06 0
4.816152819544132e-06 1.678069427261067e-06 0
4.870950508461475e-06 1.631194985511771e-06 0
4.872120573866427e-06 1.611229241174366e-06 0
4.851904568552512e-06 1.660130295653134e-06 0
4.850734503147559e-06 1.680096039990573e-06 0
4.854244699362267e-06 1.620198806978301e-06 0
4.855414764767279e-06 1.600233062640929e-06 0
4.659950210626648e-06 1.678932542146667e-06 0
4.643244401527558e-06 1.667936363613102e-06 0
4.955649619362407e-06 1.666210133841938e-06 0
4.749329583147438e-06 1.634084713126959e-06 0
4.732623774048261e-06 1.623088534593398e-06 0
4.714747899544092e-06 1.632058100397323e-06 0
4.715917964949175e-06 1.612092356059778e-06 0
4.832858628643338e-06 1.689065605794536e-06 0
4.922238001163976e-06 1.644217776774965e-06 0
5.047369122693295e-06 1.581430816147469e-06 0
4.812967516758102e-06 2.028483259531025e-06 0
4.829673325857276e-06 2.039479438064526e-06 0
5.945241498005797e-06 2.525391923597279e-06 0
5.54152300323914e-06 2.031110638177597e-06 0
5.420226971354365e-06 2.324516965050385e-06 0
5.220082155593762e-06 2.483079421905885e-06 0
5.235617899288008e-06 2.51404134477685e-06 0
5.22125222099877e-06 2.463113677568445e-06 0
4.263170775319235e-06 1.936160222844183e-06 0
5.498230583255171e-06 2.769843178662943e-06 0
4.531308892882165e-06 1.801616735785897e-06 0
4.100272667400327e-06 2.34733440301238e-06 0
5.216571959378805e-06 2.542976654918212e-06 0
5.234447833883019e-06 2.534007089114298e-06 0
5.760317620070253e-06 3.02552094352384e-06 0
4.714877407856943e-06 2.814090241765561e-06 0
5.340012736957278e-06 3.101154381481277e-06 0
4.555164602724056e-06 2.874850589662946e-06 0
5.774039163165518e-06 3.0965333661046e-06 0
5.791351530483448e-06 3.107560401676337e-06 0
5.756162749292405e-06 3.105507828347504e-06 0
5.754992897478873e-06 3.125473707310799e-06 0
4.50355221659138e-06 2.571311199142229e-06 0
4.933547884980325e-06 3.227591417621886e-06 0
4.561535208294505e-06 2.174022925122907e-06 0
4.453434789293803e-06 2.538322663541631e-06 0
4.312118137211717e-06 1.989114502782246e-06 0
5.59898571639612e-06 2.234821307011366e-06 0
5.155599050006999e-06 2.39916321909675e-06 0
5.173474924511193e-06 2.390193653292958e-06 0
4.272856191988173e-06 2.066950867402594e-06 0
4.49555714387373e-06 1.819555867393644e-06 0
4.74146401874139e-06 2.064361522746546e-06 0
4.246789859649005e-06 2.215680643568954e-06 0
4.93055796731146e-06 2.686489707780921e-06 0
4.683285641921405e-06 3.353165338876293e-06 0
5.281250450081827e-06 1.73537731561621e-06 0
4.359050261723449e-06 2.372516870653377e-06 0
4.598586531020069e-06 3.318150190546195e-06 0
4.598132129278876e-06 1.845601449920205e-06 0
4.906506872352681e-06 2.504771396014347e-06 0
4.951944038030448e-06 2.617622908964783e-06 0
4.898641307947991e-06 2.935048205634224e-06 0
4.718062710642012e-06 2.463676409495515e-06 0
4.937058081195196e-06 3.167694184609621e-06 0
4.514732592095704e-06 2.972652698620539e-06 0
5.501740779470012e-06 2.709945945650643e-06 0
5.449803499908325e-06 2.115889955872132e-06 0
5.466509309007442e-06 2.126886134405665e-06 0
4.667425004798291e-06 3.031686816747722e-06 0
5.518446588569208e-06 2.720942124184177e-06 0
5.536322463073436e-06 2.711972558380242e-06 0
4.696351746493091e-06 2.242026609053792e-06 0
4.791906339468893e-06 2.3878666576054e-06 0
4.362040179392709e-06 2.913618580493651e-06 0
5.113151801998014e-06 2.827413415987132e-06 0
4.983210910535855e-06 1.788031212596192e-06 0
4.810627385948074e-06 2.06841474820583e-06 0
5.239128095502955e-06 2.454144111764512e-06 0
5.033328337833368e-06 1.821019748196806e-06 0
4.707532121996628e-06 2.643368108532149e-06 0
4.670285414153995e-06 2.390756385219801e-06 0
4.652409539649901e-06 2.399725951023725e-06 0
5.09228600982481e-06 2.295281271950569e-06 0
5.091115944419945e-06 2.315247016287941e-06 0
4.497376996137254e-06 2.380623321572377e-06 0
4.910341961996889e-06 2.735390762259781e-06 0
5.715406101544621e-06 2.912793499598797e-06 0
4.714227620997281e-06 2.233057043249898e-06 0
4.18230675406213e-06 2.131764440760087e-06 0
4.132514220193707e-06 2.389292504417101e-06 0
5.404495842544296e-06 3.185070584290101e-06 0
4.472155835773446e-06 2.218870754142642e-06 0
4.490031710277686e-06 2.209901188338678e-06 0
4.575055714608157e-06 2.535432935926538e-06 0
5.373294846841955e-06 1.941114597180107e-06 0
4.791710954351733e-06 3.279382199715774e-06 0
4.277341068491324e-06 2.878603432163626e-06 0
4.246464966220058e-06 1.925164044310688e-06 0
4.22975915712089e-06 1.914167865777124e-06 0
4.255010651158217e-06 1.826975632001941e-06 0
4.233264715086328e-06 1.800036521988036e-06 0
4.211883282616684e-06 1.923137431580965e-06 0
4.213352083254448e-06 1.902683042135122e-06 0
4.198578382383894e-06 1.914242759732425e-06 0
4.194472066093095e-06 1.894746839867899e-06 0
4.214578329707178e-06 1.880968785587741e-06 0
4.191654511409576e-06 1.86870783899728e-06 0
4.152804735629397e-06 1.892567569488722e-06 0
4.194574226256929e-06 1.932457248499015e-06 0
4.249975162435042e-06 1.86526681129843e-06 0
4.247648169712529e-06 1.905160742758667e-06 0
4.219643906446837e-06 1.857714382067305e-06 0
4.285628900298143e-06 1.788772463302309e-06 0
4.256806336762476e-06 1.743452720298528e-06 0
4.231311217854176e-06 1.893766068721698e-06 0
4.192931812398253e-06 1.952131116907975e-06 0
4.174977213151779e-06 1.961052036723726e-06 0
4.173794026955845e-06 1.981009673396776e-06 0
4.156579250102743e-06 1.971477009460725e-06 0
4.161034712322481e-06 1.952513146325557e-06 0
4.179331111413559e-06 1.917528560905371e-06 0
4.975865624676582e-06 1.617309079363185e-06 0
4.779360513443552e-06 2.898006444574617e-06 0
5.654108298743051e-06 2.47846346451972e-06 0
5.670814107842287e-06 2.489459643053233e-06 0
4.739123887931442e-06 2.104293011421354e-06 0
5.283590644317089e-06 1.695445954176191e-06 0
4.507387306236591e-06 2.801930565387449e-06 0
4.820312802617343e-06 2.199205392763914e-06 0
4.837018611716544e-06 2.210201571297427e-06 0
5.351388497577256e-06 2.610980338848922e-06 0
5.226257376047987e-06 2.673767299476337e-06 0
4.372766153154408e-06 1.842411339345925e-06 0
4.51791789488061e-06 2.622238866350631e-06 0
4.913202371353294e-06 2.094460330732007e-06 0
5.472359636032432e-06 2.027057412718306e-06 0
5.475869832247316e-06 1.967160179706071e-06 0
5.493745706751472e-06 1.958190613902194e-06 0
5.167299704056353e-06 2.19950577572256e-06 0
5.143898395956989e-06 2.598820662471202e-06 0
4.475341138559525e-06 1.868456921872406e-06 0
4.333504207930989e-06 1.920247703965993e-06 0
4.934588442072491e-06 2.02559353191579e-06 0
4.748289026055331e-06 2.836082598832674e-06 0
4.355864958938044e-06 2.722930702923322e-06 0
4.608792226236722e-06 2.847941892251289e-06 0
4.525458565857036e-06 1.901445457473084e-06 0
5.171655072246531e-06 1.829126199115256e-06 0
4.813812688733972e-06 1.718000915936019e-06 0
4.814982754139045e-06 1.698035171598559e-06 0
4.797106879634856e-06 1.707004737402504e-06 0
4.919702485236954e-06 2.575664807560231e-06 0
5.053024064601593e-06 2.373117636570482e-06 0
4.483985998136105e-06 3.201245452136168e-06 0
5.410216661255477e-06 1.90320972123458e-06 0
5.645917840908468e-06 2.618223674881851e-06 0
5.358408890007152e-06 2.491185872824329e-06 0
4.471310663797977e-06 2.529353097737732e-06 0
5.713911142710297e-06 2.642242644678496e-06 0
5.617511377759495e-06 2.806884939722785e-06 0
5.624433774519934e-06 3.266268711887515e-06 0
4.778710726584108e-06 2.316973246059148e-06 0
5.355094078908915e-06 1.65956756372576e-06 0
5.368419200106218e-06 2.912493116640541e-06 0
5.17613994875043e-06 2.640778763875728e-06 0
4.743283871004962e-06 2.625428976924374e-06 0
5.236267686147127e-06 3.095074543292719e-06 0
5.024292708023005e-06 2.271262302153991e-06 0
5.04216858252715e-06 2.26229273635006e-06 0
4.625173141905718e-06 2.568421471527133e-06 0
4.641033779030005e-06 2.889899993655808e-06 0
4.642399229551265e-06 1.978418707207824e-06 0
4.351509590747368e-06 3.09331027953093e-06 0
4.333633716243223e-06 3.102279845334833e-06 0
4.33480378164822e-06 3.082314100997369e-06 0
4.232749074789271e-06 2.455269575618231e-06 0
4.472480729202981e-06 2.509387353400288e-06 0
4.455774920103823e-06 2.498391174866743e-06 0
5.849897746313761e-06 2.69028058427174e-06 0
5.833191937214674e-06 2.679284405738171e-06 0
5.815316062710457e-06 2.688253971541903e-06 0
5.816486128115459e-06 2.668288227204624e-06 0
5.856918138743788e-06 2.570486118247196e-06 0
4.211363004070193e-06 2.524136374434486e-06 0
4.773510186419012e-06 2.997835166262145e-06 0
5.176660227296012e-06 2.03977982102264e-06 0
5.158784352791854e-06 2.048749386826551e-06 0
4.578546714057625e-06 3.366783573036373e-06 0
4.576421482833891e-06 3.386628043736158e-06 0
4.593776439821818e-06 3.397948343624885e-06 0
4.572203800648388e-06 3.405184893350452e-06 0
4.61158663449043e-06 3.388686281957375e-06 0
4.61077185501491e-06 3.408909362264552e-06 0
5.672829345222939e-06 2.159011555120808e-06 0
4.525588074169773e-06 3.083477598841258e-06 0
4.524418008764775e-06 3.103443343178726e-06 0
4.889996448370605e-06 1.60225967537045e-06 0
4.891166513775697e-06 1.582293931032982e-06 0
5.350218432172268e-06 2.630946083186435e-06 0
4.994066392609864e-06 1.898856112816924e-06 0
5.077920331535567e-06 2.24435360474223e-06 0
5.183680619726048e-06 1.9199853549984e-06 0
4.198167391185848e-06 2.453242962888629e-06 0
4.538783687053795e-06 3.154371010387087e-06 0
5.167624597486187e-06 2.490022374980155e-06 0
4.958769045343531e-06 3.389343985051046e-06 0
4.457594772368039e-06 3.059458629044396e-06 0
4.474300581467207e-06 3.070454807577962e-06 0
5.050034146932544e-06 1.832015926730338e-06 0
4.640383992170412e-06 2.308866795140461e-06 0
4.65708980126965e-06 2.319862973673974e-06 0
4.67379561036893e-06 2.330859152207508e-06 0
4.308932834425871e-06 2.339528335052814e-06 0
5.327142017502899e-06 3.320777569192948e-06 0
5.325971952097974e-06 3.34074331353036e-06 0
5.343847826602107e-06 3.331773747726468e-06 0
5.342677761197133e-06 3.351739492063887e-06 0
4.490876882253831e-06 1.899418844743413e-06 0
4.845013684435492e-06 2.961956903046077e-06 0
4.862889558939642e-06 2.952987337242105e-06 0
5.871283817032935e-06 2.621413785455568e-06 0
5.8879896261321e-06 2.632409963989139e-06 0
5.200386428825263e-06 1.930981533531888e-06 0
5.23529300585832e-06 2.223524745519161e-06 0
5.756033497289644e-06 1.923475848529783e-06 0
5.790608012663741e-06 1.925513367847159e-06 0
4.670610307583258e-06 2.681272984477429e-06 0
4.210517832094584e-06 2.834618718029444e-06 0
5.048537287120463e-06 1.561488450780133e-06 0
4.425873498120279e-06 2.416501584787464e-06 0
4.424703432715301e-06 2.436467329124873e-06 0
4.441409241814482e-06 2.447463507658399e-06 0
4.459285116318671e-06 2.438493941854509e-06 0
4.458115050913665e-06 2.458459686191961e-06 0
4.666579832822118e-06 3.342169160342817e-06 0
5.724441731354804e-06 2.46255094564139e-06 0
5.365429282436964e-06 2.37139140679955e-06 0
4.623157904525811e-06 2.8988695594597e-06 0
4.733403069218845e-06 3.386153874476952e-06 0
5.748167932883657e-06 2.353752658150189e-06 0
4.902346889279031e-06 1.983635430511466e-06 0
5.325030474703086e-06 1.577685242931209e-06 0
5.308486847826567e-06 1.566681795112745e-06 0
5.290700404620708e-06 1.575657176800388e-06 0
5.292122204695586e-06 1.554279470798149e-06 0
5.274205027240596e-06 1.565480478881086e-06 0
4.86204438696346e-06 3.263469680837485e-06 0
5.202531174518961e-06 2.782565586967443e-06 0
4.322778234168946e-06 2.991454945113997e-06 0
4.444269651171193e-06 1.806533076130393e-06 0
4.34968973848369e-06 2.53224282535282e-06 0
4.915022223616967e-06 2.655527784910039e-06 0
4.96214973324578e-06 2.147414610669945e-06 0
5.57408944946208e-06 2.363585338839912e-06 0
4.336169232169862e-06 2.170832814549287e-06 0
4.708897572519207e-06 1.731886822084624e-06 0
4.726773447023443e-06 1.722917256280707e-06 0
4.727943512428387e-06 1.702951511943244e-06 0
4.744649321527587e-06 1.713947690476737e-06 0
4.743479256122579e-06 1.733913434814256e-06 0
4.76252519603168e-06 1.704978124672815e-06 0
4.725603381618375e-06 1.7428830006182e-06 0
4.724433316213329e-06 1.762848744955695e-06 0
4.842348660195073e-06 2.71137179246314e-06 0
4.290211787946221e-06 2.658980244451735e-06 0
4.658064481558198e-06 3.191412771447096e-06 0
4.467150680724444e-06 2.008217132234439e-06 0
4.786901184419019e-06 2.177213035696863e-06 0
5.615691525495402e-06 2.245817485544858e-06 0
5.049318483269508e-06 3.324530411694036e-06 0
5.043858926478409e-06 1.641328049159818e-06 0
4.422363301905357e-06 2.476398817799671e-06 0
5.546853051718153e-06 2.532280859343535e-06 0
5.77689928946233e-06 2.455607992566936e-06 0
4.948954120361685e-06 2.07652119912419e-06 0
5.428222044073354e-06 3.076272296799069e-06 0
4.383946528657492e-06 2.243752838824807e-06 0
4.385116594062451e-06 2.223787094487344e-06 0
4.857039231915045e-06 3.052816058929337e-06 0
4.999721334518322e-06 2.690542933240053e-06 0
5.179650144965392e-06 2.580881530863435e-06 0
5.587805340892084e-06 1.833479807532498e-06 0
5.571099531792867e-06 1.82248362899902e-06 0
4.417683040285445e-06 2.556261795149465e-06 0
5.477364791081879e-06 2.237711034626387e-06 0
5.262529403602084e-06 2.054829225015694e-06 0
4.437053873624988e-06 2.817843084265518e-06 0
4.799447010444931e-06 1.667073248727462e-06 0
4.137519375243471e-06 2.599946126324937e-06 0
4.119643500739281e-06 2.608915692128864e-06 0
4.11847343533427e-06 2.628881436466284e-06 0
4.101767626235112e-06 2.61788525793279e-06 0
4.100597560830088e-06 2.637851002270215e-06 0
4.083891751730972e-06 2.626854823736725e-06 0
4.134009179028505e-06 2.65984335933729e-06 0
4.132839113623536e-06 2.679809103674745e-06 0
4.116133304524301e-06 2.668812925141221e-06 0
4.114963239119322e-06 2.688778669478647e-06 0
4.131669048218541e-06 2.699774848012194e-06 0
4.102937691640202e-06 2.597919513595449e-06 0
4.089742078755841e-06 2.527026102049655e-06 0
4.105277822450254e-06 2.557988024920721e-06 0
4.106447887855118e-06 2.538022280583208e-06 0
4.088572013351008e-06 2.546991846387269e-06 0
4.087401947946121e-06 2.566957590724732e-06 0
4.117303369929293e-06 2.648847180803748e-06 0
4.099427495425077e-06 2.657816746607638e-06 0
4.149544922722728e-06 2.690805282208254e-06 0
4.13517924443348e-06 2.63987761499982e-06 0
4.557179840103951e-06 2.544402501730509e-06 0
5.163789507841487e-06 2.259403008734925e-06 0
5.186345643965376e-06 2.170570465581071e-06 0
4.75582969703064e-06 2.115289189954889e-06 0
5.839042264239606e-06 2.579455684051066e-06 0
4.713577834139082e-06 1.652023844734821e-06 0
4.178796557847248e-06 2.191661673772396e-06 0
4.822977826857622e-06 2.449790503347174e-06 0
5.561739008553288e-06 1.982209583698717e-06 0
4.88980106325375e-06 2.493775217480767e-06 0
4.585390918136173e-06 3.247256779000149e-06 0
4.242954770005053e-06 1.985061277322956e-06 0
4.547169530005345e-06 2.123095257914487e-06 0
4.530463720906165e-06 2.112099079380943e-06 0
4.442254413790019e-06 2.136981164063224e-06 0
4.795936814229851e-06 1.726970481739939e-06 0
4.667945283344083e-06 2.430687873894714e-06 0
4.501212085781423e-06 2.61124268781712e-06 0
4.720402841452388e-06 2.423744920820642e-06 0
4.430228866311026e-06 2.046122008179721e-06 0
4.761680024055543e-06 2.015460468267814e-06 0
4.903192061254803e-06 1.673153086916343e-06 0
4.88648625215568e-06 1.662156908382796e-06 0
4.816607221286134e-06 3.150618167887099e-06 0
5.180299931824678e-06 3.161914729379381e-06 0
5.197005740923876e-06 3.172910907912943e-06 0
4.722547587144791e-06 3.275328974256264e-06 0
5.523126850189096e-06 2.641079146834449e-06 0
4.51258784640191e-06 2.121068645184873e-06 0
4.8218077614525e-06 2.469756247684571e-06 0
4.959614217319847e-06 3.078861641455849e-06 0
4.789045930113434e-06 3.028797089133183e-06 0
4.297881967234883e-06 3.120218976942519e-06 0
4.770195375319838e-06 2.166216857163309e-06 0
5.458123466056713e-06 3.158161886878241e-06 0
4.784365668492727e-06 3.108660066482399e-06 0
5.120497087857565e-06 2.998135549220229e-06 0
4.486196620633623e-06 1.979281822093261e-06 0
4.085906989111239e-06 2.296406735803956e-06 0
5.006937112065008e-06 1.679232925105052e-06 0
4.751270012375976e-06 3.377199064534075e-06 0
5.734127148024331e-06 2.593341590199545e-06 0
5.89117492891718e-06 2.281996131718697e-06 0
4.67230065153468e-06 2.060308297287223e-06 0
5.127517480287206e-06 2.878341083195521e-06 0
5.056859154245778e-06 2.603737002815903e-06 0
5.181145103799736e-06 2.851432385783752e-06 0
5.197850912898868e-06 2.862428564317282e-06 0
5.268704624056869e-06 2.245517102586008e-06 0
5.286580498561051e-06 2.236547536782134e-06 0
5.303286307660187e-06 2.247543715315697e-06 0
5.26987468946188e-06 2.225551358248633e-06 0
5.287750563966039e-06 2.216581792444754e-06 0
4.146506995060432e-06 3.055285986628476e-06 0
4.871729803632641e-06 3.394260325395793e-06 0
4.404162533971635e-06 2.194851784345997e-06 0
4.422038408475824e-06 2.185882218542083e-06 0
4.405332599376628e-06 2.174886040008548e-06 0
5.49556555901547e-06 2.519258068080466e-06 0
5.00973164461708e-06 3.111850177056689e-06 0
4.341653284818313e-06 1.780485068529379e-06 0
4.344684583434224e-06 2.321589203444978e-06 0
4.920872550641942e-06 2.555699063222764e-06 0
5.195510782088961e-06 2.902360052992052e-06 0
5.596125307040438e-06 2.875751738539044e-06 0
4.718907882617274e-06 2.153194065900123e-06 0
4.701032008113085e-06 2.16216363170403e-06 0
4.684326199013885e-06 2.1511674531705e-06 0
4.934393056956351e-06 2.917109074026374e-06 0
5.088255535063959e-06 2.956177447815711e-06 0
4.629008231551009e-06 2.799040837772686e-06 0
4.685496264418889e-06 2.131201708833062e-06 0
4.66762038991467e-06 2.140171274636926e-06 0
4.666450324509643e-06 2.160137018974359e-06 0
5.339038056668401e-06 2.229604583708026e-06 0
5.337867991263463e-06 2.249570328045429e-06 0
4.365225482177933e-06 2.563204748223805e-06 0
4.69147609975654e-06 3.213405128514213e-06 0
5.325647058668068e-06 3.050226714272956e-06 0
4.356189852367362e-06 3.013447302181106e-06 0
5.361398807676431e-06 3.032287582665078e-06 0
4.43105831561434e-06 1.735615755428969e-06 0
5.196876232610367e-06 1.99087876654383e-06 0
4.688811075517542e-06 2.962820017931289e-06 0
5.025137879998387e-06 1.960779958558839e-06 0
4.392982158468654e-06 1.79351028486714e-06 0
5.652938233338123e-06 2.498429208857199e-06 0
5.064204440105306e-06 2.774459136049065e-06 0
5.495240665586082e-06 2.22874146882248e-06 0
5.022927257501116e-06 3.182743588602443e-06 0
5.065894784055945e-06 2.153494448858833e-06 0
5.064724718651008e-06 2.173460193196219e-06 0
5.260189272792016e-06 2.09476071369058e-06 0
5.619526615139701e-06 2.476436851790203e-06 0
4.71741292378318e-06 1.882643210980323e-06 0
4.558999692368142e-06 3.105469955908354e-06 0
5.314986961709656e-06 2.047886271941532e-06 0
4.240939532624091e-06 2.31550936525618e-06 0
4.756479483889108e-06 2.696322388470395e-06 0
5.4793800284622e-06 1.907262946693728e-06 0
5.02110740523745e-06 2.621676134423829e-06 0
4.809261935427106e-06 2.979896034653904e-06 0
4.863930116031628e-06 1.750989451536541e-06 0
4.610807463616582e-06 2.517493804318831e-06 0
4.565695191368474e-06 2.695158890626248e-06 0
5.131352569931956e-06 3.108960449441458e-06 0
5.145393354791379e-06 2.869371517391604e-06 0
5.495890452445172e-06 2.809774667337803e-06 0
4.989840532731942e-06 3.451267830793007e-06 0
5.746468018993521e-06 2.974716784507332e-06 0
4.402992468566638e-06 2.214817528683415e-06 0
4.868414992534418e-06 2.562642016297075e-06 0
5.397150556684776e-06 3.014348451057277e-06 0
5.398320622089653e-06 2.994382706719799e-06 0
4.954479553957427e-06 1.68617587817939e-06 0
5.826691823330052e-06 2.19807992890991e-06 0
4.570700346418243e-06 2.905812512533949e-06 0
4.694986295971646e-06 3.153507895501953e-06 0
5.456628507222004e-06 2.887611031958126e-06 0
4.449404314532784e-06 3.199218839406451e-06 0
5.276374803345585e-06 2.706755835076955e-06 0
4.5065421342605e-06 3.112412908982563e-06 0
5.396175876395837e-06 2.142798653284062e-06 0
5.395005810990842e-06 2.162764397621449e-06 0
5.378300001891648e-06 2.15176821908794e-06 0
5.411711620090058e-06 2.173760576154997e-06 0
4.744974214956384e-06 2.00446428973421e-06 0
4.71539768640229e-06 2.213091298912468e-06 0
4.674640782344667e-06 2.020376808612324e-06 0
4.989515639302779e-06 3.160751231535372e-06 0
5.880319446842496e-06 2.171171231498105e-06 0
5.882659577652882e-06 2.131239742823288e-06 0
5.883829643058026e-06 2.111273998485649e-06 0
5.901705517562253e-06 2.102304432681441e-06 0
5.363089151627025e-06 2.411322895474499e-06 0
4.163585707582433e-06 2.451216350159028e-06 0
4.266485586417129e-06 2.76777853194288e-06 0
4.248609711912901e-06 2.776748097746763e-06 0
4.785210840468645e-06 2.798177722887568e-06 0
4.786380905873431e-06 2.778211978549981e-06 0
4.76967509677425e-06 2.767215800016514e-06 0
5.130052996213513e-06 1.946894052410165e-06 0
5.320966797048172e-06 3.130089691622672e-06 0
5.26616910813065e-06 3.176964133372074e-06 0
4.713902727568e-06 1.942540443992301e-06 0
5.007391513806971e-06 3.151781665731448e-06 0
5.16580474522186e-06 1.928954920802247e-06 0
5.093131181800162e-06 1.984798928355502e-06 0
4.624652863359814e-06 3.169420414379984e-06 0
5.001086785040039e-06 1.779061646792274e-06 0
4.98438097594087e-06 1.768065468258769e-06 0
4.240094360648576e-06 2.625991708851242e-06 0
4.502057257756858e-06 2.300760344222292e-06 0
4.536443556243703e-06 3.19430249906199e-06 0
4.202847652805745e-06 2.373379985538891e-06 0
4.220723527309939e-06 2.364410419734963e-06 0
4.779685406872525e-06 3.188523043832272e-06 0
4.686341436394866e-06 1.820719365238382e-06 0
5.13869785579042e-06 3.279682582674668e-06 0
4.410153979465385e-06 3.277037565439209e-06 0
4.391289824928043e-06 3.285874877223012e-06 0
4.940763662526751e-06 2.216281409486325e-06 0
4.921717722617477e-06 2.245216719627637e-06 0
5.066869464345226e-06 3.02504424663236e-06 0
4.835523652882287e-06 1.939650716377329e-06 0
4.797756666493344e-06 2.288037935917875e-06 0
5.067714636320199e-06 2.71456190303677e-06 0
5.274034672535623e-06 2.746687323751791e-06 0
5.256158798031449e-06 2.755656889555656e-06 0
5.522801956759306e-06 2.350562547576831e-06 0
4.290536681375619e-06 2.949496843709528e-06 0
4.678150978559598e-06 1.960479575600087e-06 0
5.233798047023694e-06 1.952973890598916e-06 0
4.986200828204741e-06 2.329132922436717e-06 0
5.614846353520002e-06 2.556299829140041e-06 0
5.024812986569218e-06 1.670263359301144e-06 0
4.548339595410359e-06 2.103129513577037e-06 0
4.121658738119675e-06 2.278467604196206e-06 0
4.201352693971249e-06 2.102829130618692e-06 0
4.845858856410114e-06 2.651474559450734e-06 0
4.500562298922805e-06 2.030209489301536e-06 0
4.518113279998058e-06 1.730723324240013e-06 0
4.484701661799726e-06 1.708730967172885e-06 0
4.48587172720476e-06 1.68876522283546e-06 0
4.468835547409354e-06 1.677110632820745e-06 0
4.486944854329968e-06 1.668753363604793e-06 0
4.468158179127692e-06 1.649089705519934e-06 0
4.50373144532899e-06 1.679787971216046e-06 0
4.504615642105682e-06 1.659725737003056e-06 0
4.521570445981786e-06 1.67080744764325e-06 0
4.522493066343665e-06 1.650681047751068e-06 0
4.520441879706323e-06 1.690787447331808e-06 0
4.539440433133057e-06 1.661823534969835e-06 0
4.540675810473251e-06 1.641987518282018e-06 0
4.591956908825101e-06 1.654913572349601e-06 0
4.609832783329268e-06 1.645944006545688e-06 0
4.593126974230077e-06 1.634947828012137e-06 0
4.611002848734257e-06 1.625978262208222e-06 0
4.594297039635054e-06 1.614982083674678e-06 0
4.575251099725832e-06 1.643917393816005e-06 0
4.627708657833433e-06 1.636974440741831e-06 0
4.628878723238435e-06 1.617008696404326e-06 0
4.538308705492836e-06 1.681812932715966e-06 0
4.55736647134937e-06 1.652897584076854e-06 0
4.574079575342166e-06 1.663884908896296e-06 0
4.502572921723681e-06 1.699759389027538e-06 0
4.397467034971299e-06 2.605162849628238e-06 0
4.673600225252295e-06 3.2223746943181e-06 0
4.650914580815461e-06 2.129175096103345e-06 0
4.285856419756058e-06 3.029359821059282e-06 0
5.246473381362267e-06 2.624866244997624e-06 0
4.463640484509443e-06 2.068114365246721e-06 0
5.131547955048025e-06 2.217444907330402e-06 0
5.150593894957051e-06 2.188509597188999e-06 0
5.586635275487171e-06 1.853445551869922e-06 0
5.806800711446071e-06 2.537497582646402e-06 0
4.331293585433203e-06 3.142211334009681e-06 0
4.783390988204059e-06 2.237110268709192e-06 0
5.13486276614696e-06 3.049063216428877e-06 0
5.155274156576799e-06 2.108646619839015e-06 0
5.154104091171824e-06 2.128612364176467e-06 0
5.095796206039714e-06 2.235384038938285e-06 0
4.798081559922587e-06 2.578554535175255e-06 0
5.276570188461859e-06 1.815240292965839e-06 0
4.378941373608362e-06 2.033099216916536e-06 0
5.652288446479362e-06 1.917396010341346e-06 0
5.337347712717561e-06 2.850569270898547e-06 0
4.654749670459818e-06 2.359794462348835e-06 0
4.615812618666795e-06 2.728147426226936e-06 0
4.633688493170788e-06 2.719177860422912e-06 0
5.373099461725797e-06 2.832630139290503e-06 0
5.686024958107141e-06 2.229904966666529e-06 0
4.926527492550119e-06 3.34738588364655e-06 0
5.109316712353532e-06 2.596794049741535e-06 0
5.350738710717794e-06 2.029947140333818e-06 0
5.160604205056185e-06 2.609816841004754e-06 0
4.540798924434927e-06 2.823922922454517e-06 0
4.823822998832374e-06 2.139308159751525e-06 0
4.976515411535177e-06 2.198342277878497e-06 0
5.353728628387228e-06 2.571048850174038e-06 0
5.302636478370985e-06 1.666510803497418e-06 0
5.571602349643516e-06 3.295019123413094e-06 0
5.567052392489219e-06 3.31279622707645e-06 0
5.53463211912327e-06 3.332937245570061e-06 0
5.464298686511588e-06 3.348849764448579e-06 0
5.516714673893149e-06 3.341823962731701e-06 0
5.538418435347815e-06 3.360164319376461e-06 0
5.587119972987192e-06 3.306691937292775e-06 0
5.605723077245642e-06 3.296018759017826e-06 0
4.986721106750864e-06 1.728133979583874e-06 0
5.216896852808122e-06 2.833493254176056e-06 0
5.423541782453324e-06 3.156135274148728e-06 0
4.6029418992116e-06 2.947770613938472e-06 0
4.364380310203054e-06 2.873687091818791e-06 0
5.423737167569358e-06 2.264619732038075e-06 0
5.422567102164345e-06 2.284585476375493e-06 0
5.520266443811468e-06 3.282009576410948e-06 0
4.565174912821735e-06 3.29615783347894e-06 0
5.867648885482619e-06 2.969303075884389e-06 0
5.88415913532571e-06 2.95391335446672e-06 0
5.269679304345577e-06 3.117066900359698e-06 0
5.702730767206375e-06 2.240901145200108e-06 0
4.964814757485139e-06 2.397999721252816e-06 0
4.948108948385944e-06 2.387003542719284e-06 0
4.930233073881759e-06 2.395973108523187e-06 0
4.931403139286861e-06 2.376007364185878e-06 0
4.626538592428448e-06 1.656940185079209e-06 0
4.700511729567464e-06 2.763162574557018e-06 0
5.041648303981241e-06 2.863291679202744e-06 0
4.845209069551503e-06 2.070441360935406e-06 0
4.898316414517676e-06 2.644531606376501e-06 0
5.264349255866629e-06 2.615896679193677e-06 0
4.765190220270579e-06 1.955563235255384e-06 0
4.799771903873959e-06 1.957589847985126e-06 0
5.570904146676837e-06 2.713999171109829e-06 0
5.099435910567045e-06 3.357518947294699e-06 0
5.199541256849918e-06 2.241463877126945e-06 0
4.570050559558698e-06 2.324779314018914e-06 0
4.635053943692385e-06 1.807696573975073e-06 0
4.705712269733049e-06 2.082300654354295e-06 0
5.36074902081709e-06 2.451254384149433e-06 0
4.482361530989642e-06 1.748662455847767e-06 0
4.702006688401731e-06 3.033713429477209e-06 0
4.728918192715864e-06 2.574501309715983e-06 0
4.582401000468272e-06 2.706155069159803e-06 0
4.547819316864434e-06 2.704128456430145e-06 0
5.317327092519531e-06 2.007954783266549e-06 0
4.395972076136719e-06 2.334611994708161e-06 0
4.649419621981416e-06 1.858624241183517e-06 0
4.534948597409875e-06 2.923751644141693e-06 0
4.599627088112902e-06 2.116152304840232e-06 0
5.56388375424693e-06 2.833793637134393e-06 0
4.859574747840777e-06 2.12136902814375e-06 0
4.687641010112512e-06 2.982785762268742e-06 0
4.125493827764127e-06 2.509086970441733e-06 0
4.637523582814977e-06 2.949797226668106e-06 0
4.596441785327831e-06 2.466566137110483e-06 0
5.289895309659665e-06 3.068165845880861e-06 0
4.585261409823749e-06 2.065224637631806e-06 0
5.259344100817063e-06 2.405243057285657e-06 0
4.3095826212848e-06 2.920561533568158e-06 0
5.834585633571933e-06 2.94982281591137e-06 0
4.929063008476752e-06 2.41593885286064e-06 0
4.912357199377628e-06 2.404942674327191e-06 0
5.463973793081824e-06 3.058333165191246e-06 0
5.481849667585812e-06 3.049363599387331e-06 0
4.618997921451558e-06 2.377733593956703e-06 0
4.491201775682725e-06 2.189935444001078e-06 0
4.259985472533252e-06 2.286574055114817e-06 0
4.809782213972989e-06 2.378897091801389e-06 0
4.977165198393858e-06 2.779375476393813e-06 0
4.54348859089905e-06 3.364174626156776e-06 0
4.523306614965612e-06 3.3768631248897e-06 0
5.411386726660355e-06 1.883243976897109e-06 0
4.924707640286142e-06 2.78631842946817e-06 0
4.566540363344085e-06 2.384676547031244e-06 0
4.32947373316953e-06 2.581143879831629e-06 0
4.330643798574528e-06 2.561178135494206e-06 0
4.392461879921879e-06 2.394509227720415e-06 0
4.872250082178526e-06 2.79326138254254e-06 0
4.373091046583206e-06 2.132927938604048e-06 0
4.420672957954546e-06 3.097363504989658e-06 0
5.129728102557063e-06 1.656377453482587e-06 0
5.146433911778885e-06 1.667373632274649e-06 0
5.229442678833413e-06 2.323353467206206e-06 0
5.000566506493685e-06 2.380060589644949e-06 0
5.267209665222088e-06 1.974966247665992e-06 0
4.963969585509674e-06 2.708482064847978e-06 0
5.597620265875178e-06 3.14630259345883e-06 0
4.710392531353053e-06 2.002437677004518e-06 0
5.009406751187826e-06 2.821333577798281e-06 0
5.121017366403628e-06 2.397136606367073e-06 0
5.766693594247331e-06 2.925816290861965e-06 0
4.173271124251801e-06 2.582006994717139e-06 0
4.270516061177983e-06 2.106882356077846e-06 0
4.253810252078798e-06 2.09588617754437e-06 0
4.271686126583014e-06 2.086916611740299e-06 0
4.722742972261486e-06 2.383813432145609e-06 0
4.739448781361119e-06 2.394809610679579e-06 0
4.766489793988562e-06 3.117629632286261e-06 0
4.765319728583562e-06 3.137595376623775e-06 0
4.683156133608891e-06 2.171133197507947e-06 0
4.699861942708099e-06 2.182129376041454e-06 0
5.375764485965611e-06 3.08321524987339e-06 0
4.724887717954878e-06 3.235397485581317e-06 0
4.496727209278752e-06 1.799590123056216e-06 0
5.586960168916877e-06 2.143962151128142e-06 0
4.211038110640697e-06 2.23361977517676e-06 0
5.432902305692944e-06 2.996409319449272e-06 0
4.221048420739427e-06 2.654927018992588e-06 0
4.219878355334448e-06 2.67489276333004e-06 0
4.371075809202771e-06 2.463376026536602e-06 0
4.388951683706947e-06 2.454406460732679e-06 0
5.333187729643576e-06 2.329433305394929e-06 0
5.351063604147709e-06 2.320463739591084e-06 0
4.832142964980152e-06 3.181580090758131e-06 0
5.256483691461299e-06 3.046173488813897e-06 0
4.621013158832129e-06 2.047285506024067e-06 0
4.848523880650132e-06 2.902059670033583e-06 0
5.230937637668045e-06 2.593904322126643e-06 0
4.187636802541056e-06 2.632934661925515e-06 0
4.589421392897336e-06 2.58636060313494e-06 0
4.571545518393143e-06 2.595330168938865e-06 0
4.622833011095674e-06 2.60835296020197e-06 0
5.35606875919718e-06 2.531117361499193e-06 0
4.320958381905213e-06 2.430387490936038e-06 0
5.259148715701053e-06 3.296758599396371e-06 0
5.260318781106002e-06 3.276792855058987e-06 0
5.24244290660166e-06 3.285762420863006e-06 0
5.684658746951691e-06 3.141384737209413e-06 0
5.799780319016176e-06 2.657292048671152e-06 0
5.409371489280108e-06 2.213692064829794e-06 0
5.38245998496537e-06 2.672904184590693e-06 0
4.720207456334799e-06 3.315260462931104e-06 0
5.304781266494829e-06 2.518094570236006e-06 0
5.071224832535105e-06 2.654664670024288e-06 0
4.305422638210943e-06 2.399425568065121e-06 0
5.573244277486774e-06 2.674067682435012e-06 0
4.975020452700731e-06 1.927791422958256e-06 0
4.80776697659165e-06 2.709345179733549e-06 0
4.183435937271686e-06 3.003254656890088e-06 0
4.345529755409931e-06 2.011106859849471e-06 0
4.551849791625376e-06 2.043232280564733e-06 0
5.024422216335309e-06 3.453294443522703e-06 0
5.041129967616603e-06 3.464294492723332e-06 0
4.551524898196405e-06 1.752715681307142e-06 0
5.706890750280177e-06 2.76203711070332e-06 0
5.68901487577605e-06 2.771006676507197e-06 0
5.672309066676797e-06 2.760010497973575e-06 0
4.812772131641862e-06 2.919998801641446e-06 0
4.244774622268531e-06 2.546128731501497e-06 0
4.245944687673522e-06 2.526162987164066e-06 0
5.50057071406506e-06 2.729911689988092e-06 0
4.279031412442375e-06 2.257638744973447e-06 0
4.647079491171192e-06 1.898555729858528e-06 0
4.629203616667084e-06 1.907525295662318e-06 0
4.519280654456167e-06 1.710756513140113e-06 0
4.80094196927898e-06 1.937624103647655e-06 0
5.128037758833157e-06 2.277342140342741e-06 0
4.445439716576205e-06 1.786567331792959e-06 0
4.427563842072028e-06 1.795536897596845e-06 0
4.514927977211994e-06 2.081137156509934e-06 0
4.513757911806951e-06 2.101102900847401e-06 0
4.452914510747841e-06 3.139321606394136e-06 0
4.892790980923389e-06 3.034876927321617e-06 0
4.766685179104859e-06 2.226114090175647e-06 0
5.078765503510934e-06 1.933871261147093e-06 0
5.060889629006767e-06 1.942840826951e-06 0
4.898836693064067e-06 2.043532663523713e-06 0
5.75668328414828e-06 2.504509047045783e-06 0
4.281046649823432e-06 1.927190657040287e-06 0
4.186141843706447e-06 2.362383807005406e-06 0
5.151439066932628e-06 1.87802725359401e-06 0
5.12303260378342e-06 2.066688518434642e-06 0
4.590071179756474e-06 3.167393801650349e-06 0
5.406706465040429e-06 1.963106954246971e-06 0
5.07727054467694e-06 1.663320406226938e-06 0
4.622183224237107e-06 2.027319761686623e-06 0
4.715722579831903e-06 2.503607898170297e-06 0
4.652084646220486e-06 2.10920935176594e-06 0
5.847232722074047e-06 2.439695473688587e-06 0
5.591120151990965e-06 2.66509811663111e-06 0
4.586756368657961e-06 2.335775492552341e-06 0
4.419698277665851e-06 2.225813707216951e-06 0
4.53598870601122e-06 1.721753580642404e-06 0
5.012916947402507e-06 2.761436344785933e-06 0
4.35937515515299e-06 2.663033469911001e-06 0
4.377251029657164e-06 2.654063904107051e-06 0
4.727423233881443e-06 2.303950454795765e-06 0
4.74412904298074e-06 2.314946633329494e-06 0
4.462795312533491e-06 2.378596708842394e-06 0
5.05152910576671e-06 2.102566781650368e-06 0
5.067194357773699e-06 3.315560845890152e-06 0
5.068364423178704e-06 3.295595101552757e-06 0
4.970340191080841e-06 2.007654400308044e-06 0
5.407681145329251e-06 2.834656752020105e-06 0
5.011617373684981e-06 1.599369947755353e-06 0
5.538857978999384e-06 1.780525527594652e-06 0
5.522152169900242e-06 1.769529349061142e-06 0
4.473325901178382e-06 2.198905009805164e-06 0
4.96182483981664e-06 1.856898011412382e-06 0
4.368410784963252e-06 2.212790915953817e-06 0
5.087280854775012e-06 2.084627650042568e-06 0
5.66028351919772e-06 2.669151342090292e-06 0
4.306917597045434e-06 2.669976422985283e-06 0
5.403196268825478e-06 2.02300418725948e-06 0
4.458635329460326e-06 1.857460743338846e-06 0
4.927697557955177e-06 3.327420139309032e-06 0
4.385441487492012e-06 2.514303693744978e-06 0
5.638052276503212e-06 3.048500484501427e-06 0
4.757649549294133e-06 2.676356644132897e-06 0
5.450778180197127e-06 2.987439753645307e-06 0
4.149220029293125e-06 2.400288682950692e-06 0
5.310306700089906e-06 2.127749249291202e-06 0
5.328182574594018e-06 2.118779683487428e-06 0
5.436737395337833e-06 3.227028685694472e-06 0
4.960784282725008e-06 3.058895897118355e-06 0
4.889605678136799e-06 3.385290759591853e-06 0
5.313621511188939e-06 2.959367558389951e-06 0
5.025462773427935e-06 2.251296557816552e-06 0
4.636353517409968e-06 2.969762971005526e-06 0
4.427888735500912e-06 2.086053496854798e-06 0
4.273181085417508e-06 2.357467466660657e-06 0
4.250624949293434e-06 2.446300009814299e-06 0
5.443628279453914e-06 1.925202078301609e-06 0
5.36945975719797e-06 1.710495230934228e-06 0
5.547373330263985e-06 1.931281916490257e-06 0
5.716900902385753e-06 3.183344039644661e-06 0
5.735489508502562e-06 3.174416405417272e-06 0
5.732477624323348e-06 3.198236990317847e-06 0
5.757788722956922e-06 3.181324472810851e-06 0
5.772160299575319e-06 3.232881149775042e-06 0
5.736065755487699e-06 3.154415888306685e-06 0
4.908847003162778e-06 2.464839907339483e-06 0
4.940893170839362e-06 3.398313550854968e-06 0
4.717737817212279e-06 2.17315981023756e-06 0
4.536118662814909e-06 2.903785899804249e-06 0
4.988216065585027e-06 1.998684834504076e-06 0
5.214752107114568e-06 1.981909200740028e-06 0
5.877459037486961e-06 2.812101663026097e-06 0
4.207527914425642e-06 2.293517008189096e-06 0
4.973655002179274e-06 2.83927270940611e-06 0
4.504202003450392e-06 3.152344397657417e-06 0
4.741788912170827e-06 2.354878122004672e-06 0
4.487366686038694e-06 1.959316077755777e-06 0
5.622191639379423e-06 2.727021962372945e-06 0
4.762979597773425e-06 3.177526865298697e-06 0
4.881090326872641e-06 3.234534370696181e-06 0
4.405137214260499e-06 3.066401582119072e-06 0
5.505575869114637e-06 2.940565311896057e-06 0
5.811805866495357e-06 2.748151204554525e-06 0
5.530667521164698e-06 1.920285737956753e-06 0
4.612497807567982e-06 1.89652911712866e-06 0
4.938943810263192e-06 1.655213955308451e-06 0
5.441613042073481e-06 2.255650166234168e-06 0
4.875435384965105e-06 2.442847550272635e-06 0
5.647087906313434e-06 2.598257930544414e-06 0
4.96832495370055e-06 2.33810248824064e-06 0
5.044638221649425e-06 3.404393389043763e-06 0
4.25030005586395e-06 2.155783410556593e-06 0
4.233594246764718e-06 2.144787232023124e-06 0
5.16931494143679e-06 1.869057687790074e-06 0
4.658909653534223e-06 2.880930427851909e-06 0
5.656968708098903e-06 1.837533032991516e-06 0
5.006416833518835e-06 2.280231867957906e-06 0
4.332334142525996e-06 1.940213448303421e-06 0
5.512596261544354e-06 2.820770845871247e-06 0
5.139218134336976e-06 2.678683639821054e-06 0
4.589941671443734e-06 1.985361660282179e-06 0
5.333708008189558e-06 1.728434362541929e-06 0
5.063684161558589e-06 3.37545807890243e-06 0
4.825642851095909e-06 2.700375613929583e-06 0
4.520258025690579e-06 2.582307377675747e-06 0
4.810302492519139e-06 1.777898148948394e-06 0
4.707011843450631e-06 3.244367051385203e-06 0
5.061864309295402e-06 2.814390624723975e-06 0
4.969299633988645e-06 3.209652286014093e-06 0
5.060564735577774e-06 1.652324227693357e-06 0
5.413726857470343e-06 1.843312488222296e-06 0
5.06556989062668e-06 1.862977849601279e-06 0
5.668149083602981e-06 2.238874532470475e-06 0
5.375959871081701e-06 2.191699707762695e-06 0
4.225078895500811e-06 1.994030843126856e-06 0
5.321487075593981e-06 2.529090748769537e-06 0
4.304902359664849e-06 3.000424510917905e-06 0
5.367249134701279e-06 2.932458860977974e-06 0
5.52481719413994e-06 2.020114459644049e-06 0
5.336177647312685e-06 2.870535015236097e-06 0
4.268825717227108e-06 2.727847043268026e-06 0
5.399686072610558e-06 2.082901420271805e-06 0
5.112826908568413e-06 2.536896816729199e-06 0
4.76180953236835e-06 3.197492609636146e-06 0
4.652214154532742e-06 3.291241493134644e-06 0
4.541123817863913e-06 3.114439521712243e-06 0
4.308412555879795e-06 2.940527277905631e-06 0
4.291056959921692e-06 2.348497900856735e-06 0
4.676135741178906e-06 2.290927663532628e-06 0
4.511222395880685e-06 3.032549931632826e-06 0
5.053544343147584e-06 1.772118693718028e-06 0
5.071420217651763e-06 1.763149127914139e-06 0
5.003426915850052e-06 1.739130158117401e-06 0
5.594825733321767e-06 1.713685341508038e-06 0
5.594442284193972e-06 1.693947657211723e-06 0
5.610078007908382e-06 1.725410859098765e-06 0
5.578786414323847e-06 1.681719819451169e-06 0
5.023772429477074e-06 2.872261245006662e-06 0
5.040478238576245e-06 2.883257423540157e-06 0
4.436079193336187e-06 1.946293286492416e-06 0
5.547698223693616e-06 2.221798515748249e-06 0
5.482174561015731e-06 3.339880198644646e-06 0
5.380769641015432e-06 3.293868871781246e-06 0
5.379599575610489e-06 3.313834616118722e-06 0
5.396305384709716e-06 3.32483079465218e-06 0
5.429717002908179e-06 3.346823151719106e-06 0
5.378429510205522e-06 3.333800360456175e-06 0
5.395135319304741e-06 3.344796538989637e-06 0
5.377259444800531e-06 3.353766104793627e-06 0
5.393965253899741e-06 3.364762283327156e-06 0
5.411841128403962e-06 3.355792717523129e-06 0
5.410671062998922e-06 3.37575846186065e-06 0
5.446422812007345e-06 3.357819330252667e-06 0
5.463362634187556e-06 3.364822359918659e-06 0
5.428546937503087e-06 3.366788896056687e-06 0
5.361723701106315e-06 3.322804181922634e-06 0
5.481004495610799e-06 3.359845942982077e-06 0
5.498981173190093e-06 3.350877995062693e-06 0
5.360553635701346e-06 3.342769926260089e-06 0
5.359383570296346e-06 3.362735670597535e-06 0
5.341507695792183e-06 3.371705236401315e-06 0
5.392795188494779e-06 3.384728027664613e-06 0
5.376089379395555e-06 3.373731849131125e-06 0
4.127530153992048e-06 2.178646106200119e-06 0
4.901306332186839e-06 3.185633316217469e-06 0
4.562380380270456e-06 1.86354058152795e-06 0
4.92958328702332e-06 1.81493991000797e-06 0
4.751799222270263e-06 2.776185365820481e-06 0
4.235089205599193e-06 2.415338086943333e-06 0
4.252965080103364e-06 2.406368521139434e-06 0
4.233919140194235e-06 2.435303831280805e-06 0
4.321283275334653e-06 2.72090409019371e-06 0
5.096445992898852e-06 2.816417237453637e-06 0
5.414896922875337e-06 1.823346743884883e-06 0
5.432772797379515e-06 1.814377178080994e-06 0
5.204026133353666e-06 3.053116441888015e-06 0
4.598457022707906e-06 2.136118049177664e-06 0
4.898511799634988e-06 1.753016064266074e-06 0
4.698691877303093e-06 2.202095120378911e-06 0
5.253493773792218e-06 2.505071778972911e-06 0
4.257970235152765e-06 2.617022143047327e-06 0
5.356718546056495e-06 3.11215056001477e-06 0
4.197322219210312e-06 2.763725306483651e-06 0
4.21402802830948e-06 2.774721485017161e-06 0
4.763695261436673e-06 1.685012380335392e-06 0
5.206561649279359e-06 2.12166941110212e-06 0
5.291390268494533e-06 3.338716700800704e-06 0
5.290220203089687e-06 3.358682445138182e-06 0
5.219886770477781e-06 3.374594964016549e-06 0
5.272344328585519e-06 3.367652010942222e-06 0
5.289050137684807e-06 3.378648189475622e-06 0
5.271174263180534e-06 3.387617755279663e-06 0
5.202010895973424e-06 3.383564529820459e-06 0
5.218716705072775e-06 3.394560708354008e-06 0
5.200840830568608e-06 3.403530274157906e-06 0
5.23659257957698e-06 3.385591142550109e-06 0
5.235422514172007e-06 3.405556886887599e-06 0
5.306926012188929e-06 3.369678623671653e-06 0
5.305755946783986e-06 3.389644368009121e-06 0
5.184135021468799e-06 3.392534095624541e-06 0
5.182964956063855e-06 3.412499839962057e-06 0
5.199670765163313e-06 3.423496018495464e-06 0
5.253298388676213e-06 3.396587321083679e-06 0
5.252128323271325e-06 3.416553065421183e-06 0
5.254468454081193e-06 3.376621576746259e-06 0
5.237762644981996e-06 3.365625398212686e-06 0
5.255638519486204e-06 3.356655832408731e-06 0
5.517276523164309e-06 2.740907868521618e-06 0
5.530797029478333e-06 3.102317879325128e-06 0
5.228077228312341e-06 3.234834753654793e-06 0
4.877580130657643e-06 3.294431603708507e-06 0
4.860874321558472e-06 3.283435425174917e-06 0
5.070704553988658e-06 3.255663612877971e-06 0
4.20118305934152e-06 2.994334742455264e-06 0
4.296387008400522e-06 2.849668122022267e-06 0
4.908197216304027e-06 1.88380670882412e-06 0
5.185305086873666e-06 3.372568351287081e-06 0
4.579215697682405e-06 3.056568901429583e-06 0
4.894156431444143e-06 2.123395640873345e-06 0
4.215539538879503e-06 3.045264034783816e-06 0
4.429383694335207e-06 2.356604351775382e-06 0
5.4397931898097e-06 1.69458271205629e-06 0
4.899681865039936e-06 1.733050319928652e-06 0
5.755513218743377e-06 2.524474791383272e-06 0
4.932377819575205e-06 3.247557161959378e-06 0
4.89948647992269e-06 2.624565862039041e-06 0
4.361715285962948e-06 2.6231019812361e-06 0
4.378421095062144e-06 2.63409815976961e-06 0
5.091961116395161e-06 2.00476467269292e-06 0
4.74562400181502e-06 2.585497488249537e-06 0
4.727748127310811e-06 2.594467054053394e-06 0
5.675494369462064e-06 2.409596665703375e-06 0
4.241264426053567e-06 2.606025964513795e-06 0
4.769999990203668e-06 3.057732399273982e-06 0
5.338386658589512e-06 1.648573833018715e-06 0
4.680295724253548e-06 2.812063629035859e-06 0
4.858404682435736e-06 2.141334772481187e-06 0
5.577924539106665e-06 2.59420470508539e-06 0
5.77774446143789e-06 2.145125648971992e-06 0
5.221577114428156e-06 2.753630276825925e-06 0
4.784682906481046e-06 3.399189313621094e-06 0
5.462999112792672e-06 2.186783367418012e-06 0
5.445123238288518e-06 2.195752933221954e-06 0
4.347024714244198e-06 2.281657714770087e-06 0
4.330318905144988e-06 2.27066153623661e-06 0
5.217742024783797e-06 2.523010910580759e-06 0
5.099956189113847e-06 2.756520004441312e-06 0
5.109966499212022e-06 3.177827248257777e-06 0
4.600276874972182e-06 2.697185503355908e-06 0
5.175165268347586e-06 1.769228966116768e-06 0
4.180291516681649e-06 2.462212528692561e-06 0
4.904362126659812e-06 1.653187342578879e-06 0
4.704217310899112e-06 1.811749799434506e-06 0
4.961425872586756e-06 2.457836743526749e-06 0
4.719037390929816e-06 3.335226207268519e-06 0
4.702331581830613e-06 3.324230028734978e-06 0
4.572065796939505e-06 1.994331226086051e-06 0
5.648906365639425e-06 3.159322608668525e-06 0
5.848402787478996e-06 2.419729729351131e-06 0
5.831696978379757e-06 2.408733550817587e-06 0
5.690380326297344e-06 1.85952539005841e-06 0
5.817006406661043e-06 2.06728928435168e-06 0
4.982170353444283e-06 2.990029098302146e-06 0
4.72092311999832e-06 1.822745977968068e-06 0
4.187961695970499e-06 2.923451261183514e-06 0
4.888630997848572e-06 2.513740961818263e-06 0
4.543139055245017e-06 2.783991433779692e-06 0
4.776175210657453e-06 3.248420276844612e-06 0
4.70538737630414e-06 1.791784055097023e-06 0
5.537492528478431e-06 2.692006814042847e-06 0
4.430358374623485e-06 3.228154149547788e-06 0
4.050155240102872e-06 2.31434586741167e-06 0
4.032279365598646e-06 2.323315433215443e-06 0
5.706565856850637e-06 2.471520511445365e-06 0
5.653263126767904e-06 2.788945808114972e-06 0
5.16827438434536e-06 3.071055573495949e-06 0
4.267655651822118e-06 2.747812787605457e-06 0
4.721052628310963e-06 3.004778119335765e-06 0
5.379470067296594e-06 2.131802474750541e-06 0
5.783399403346539e-06 2.936812469395524e-06 0
4.982365738559993e-06 2.098513556191181e-06 0
5.082925486585245e-06 2.455007226649768e-06 0
5.194015823254619e-06 2.631809198071843e-06 0
5.045808287054425e-06 3.384427644706322e-06 0
4.26733075839267e-06 2.457296188347842e-06 0
5.083575273444399e-06 3.036040425165897e-06 0
4.608142439377017e-06 2.266908693735939e-06 0
4.320633488475618e-06 2.139870891678355e-06 0
4.337989084433857e-06 2.731900268727243e-06 0
4.354694893533063e-06 2.742896447260731e-06 0
4.666125431080558e-06 1.869620419717115e-06 0
5.537167635048635e-06 2.401490214785252e-06 0
4.355215172079016e-06 2.141897504407958e-06 0
4.985551041345871e-06 1.748099723921329e-06 0
5.840537223073427e-06 2.85000653897122e-06 0
5.337672606147388e-06 3.141085870156162e-06 0
5.740626855897747e-06 3.074546683854475e-06 0
5.270719861436958e-06 1.915069014653539e-06 0
4.611457250475779e-06 3.098527002834152e-06 0
4.72189780028581e-06 2.694295775740608e-06 0
5.712741077305366e-06 2.66220838901595e-06 0
5.660608412627184e-06 2.959667941348038e-06 0
4.616657790641765e-06 2.417665082631626e-06 0
4.402147296591197e-06 2.525299872278466e-06 0
4.991010598136928e-06 3.431302086455536e-06 0
5.119847300998653e-06 2.417102350704556e-06 0
4.462599927416719e-06 3.270112250952333e-06 0
4.48353159639471e-06 1.728696711510305e-06 0
5.327987189478253e-06 3.010295225598243e-06 0
4.864384517773448e-06 3.223538192162628e-06 0
4.34117438721928e-06 2.381486436457282e-06 0
4.340004321814341e-06 2.401452180794684e-06 0
5.295095849825397e-06 2.387303925677735e-06 0
4.236584164433668e-06 2.685888941863554e-06 0
4.171776165417228e-06 2.311456139796869e-06 0
4.871275401890666e-06 1.921711584769453e-06 0
4.333829101359889e-06 2.210764303224208e-06 0
4.905011913518465e-06 2.234220541094244e-06 0
5.720931535139952e-06 2.522448178653731e-06 0
5.852237877123788e-06 2.650349095596878e-06 0
4.35085980388865e-06 2.512277081015376e-06 0
5.137398282072606e-06 2.117616185642971e-06 0
4.502382151186397e-06 2.591276943479669e-06 0
5.595800413610864e-06 2.58523513928143e-06 0
5.143053223981413e-06 2.909303006066451e-06 0
5.342548252883326e-06 2.169707350695702e-06 0
5.209226673519451e-06 2.372254521685199e-06 0
4.846704028386224e-06 2.340992215855993e-06 0
4.513562526690728e-06 2.992618442957981e-06 0
4.14837485731777e-06 2.71077102654569e-06 0
4.130498982813598e-06 2.719740592349608e-06 0
4.668270176773389e-06 2.721204473152314e-06 0
5.557188331103058e-06 3.244104652718446e-06 0
5.671659279817928e-06 2.17897729945821e-06 0
4.475990925417896e-06 2.449490120388007e-06 0
5.206886542709538e-06 2.412186010360051e-06 0
5.457798572626971e-06 2.86764528762066e-06 0
4.638368754789855e-06 2.639314883072938e-06 0
4.523247943359682e-06 3.123409087516113e-06 0
4.775005145252389e-06 3.268386021182037e-06 0
4.674445397228374e-06 2.911892350722879e-06 0
5.015777356758315e-06 2.120505913258212e-06 0
4.819467630641992e-06 2.509687736359194e-06 0
5.592942532969306e-06 3.226163584261713e-06 0
4.790086487205061e-06 1.826799203427311e-06 0
5.284044982634886e-06 3.167994567568133e-06 0
4.152405332078506e-06 2.049874850680907e-06 0
4.1756112550619e-06 2.542075506042364e-06 0
5.61770676287575e-06 1.915369397611837e-06 0
4.570375452988151e-06 2.615295913276308e-06 0
4.928542729931709e-06 3.01693779571379e-06 0
4.911836920832571e-06 3.005941617180289e-06 0
5.332537942784525e-06 1.748400106879354e-06 0
5.173995203028995e-06 1.789194710443675e-06 0
4.571220624963613e-06 2.304813569681245e-06 0
4.576746058559505e-06 1.914468248736341e-06 0
4.828178367023296e-06 1.768928583144444e-06 0
5.620371787115326e-06 2.16595450819509e-06 0
5.492900534776035e-06 2.268672957497347e-06 0
4.288391935682184e-06 2.097912790273857e-06 0
5.877132853596027e-06 2.521584988142481e-06 0
4.950969357742518e-06 1.746073111191745e-06 0
5.068039529750056e-06 3.005078502294712e-06 0
4.993350728946894e-06 3.391370597780625e-06 0
4.2222184861444e-06 2.634961274655106e-06 0
4.581555828492471e-06 3.016637412754723e-06 0
5.484385183511736e-06 2.117916568601657e-06 0
4.882455777394576e-06 2.323053084248124e-06 0
4.367240719558284e-06 2.232756660291276e-06 0
5.509931237304786e-06 2.570185735288868e-06 0
4.501406253311027e-06 1.719726632522458e-06 0
5.531837586569726e-06 1.900319993619277e-06 0
5.345017892007082e-06 3.311808003389058e-06 0
4.479305736515857e-06 3.281108429485912e-06 0
4.302757613971443e-06 2.148840457482286e-06 0
4.986005443087856e-06 3.22064846454756e-06 0
5.050683933791777e-06 2.413049125245349e-06 0
5.066544570915253e-06 2.734527647374215e-06 0
5.611985000079495e-06 3.197228379154919e-06 0
5.083250380014529e-06 2.745523825907775e-06 0
5.157418902270818e-06 2.960230673274914e-06 0
4.550159447673988e-06 2.664196967755107e-06 0
4.327978774335031e-06 2.310593024911475e-06 0
5.195835675518911e-06 3.192876652250378e-06 0
4.725732889930916e-06 2.924915141986047e-06 0
5.595475520181303e-06 2.294718540023651e-06 0
4.144864661102777e-06 2.770668259557804e-06 0
4.142524530292599e-06 2.810599748232582e-06 0
4.1281588520036e-06 2.759672081024315e-06 0
4.141354464887462e-06 2.830565492570017e-06 0
4.124648655788372e-06 2.819569314036405e-06 0
4.116917660470817e-06 3.017682026774795e-06 0
4.123478590383204e-06 2.839535058373795e-06 0
4.10677278128416e-06 2.828538879840265e-06 0
4.125818721193525e-06 2.799603569698964e-06 0
3.533382055834231e-06 2.998547196752348e-06 0
4.140184399482338e-06 2.850531236907507e-06 0
4.122308524978331e-06 2.859500802711842e-06 0
4.135504137862907e-06 2.93039421425799e-06 0
4.13667420326778e-06 2.910428469920461e-06 0
4.137844268672603e-06 2.890462725582814e-06 0
5.516431351188526e-06 3.051390212116823e-06 0
4.814787369021728e-06 2.589550713708781e-06 0
5.67633954143768e-06 2.099114322108492e-06 0
5.576234625705829e-06 3.215169055223843e-06 0
5.070250152246742e-06 1.783114872251574e-06 0
5.628562244950089e-06 2.026194297832703e-06 0
5.315961641998782e-06 2.91943606971509e-06 0
5.576754473701686e-06 2.614170449422795e-06 0
4.925748196370151e-06 1.584320545914062e-06 0
5.457669064313849e-06 1.68561314625244e-06 0
5.126347414882259e-06 2.898306827532947e-06 0
4.618348134593223e-06 1.796700395441493e-06 0
4.729243086146069e-06 2.865017908973842e-06 0
4.728073020740995e-06 2.884983653311216e-06 0
4.744778829840161e-06 2.895979831844775e-06 0
5.476194725676858e-06 2.257676778963809e-06 0
4.861069706675628e-06 2.391919883064323e-06 0
4.878945581179685e-06 2.382950317260314e-06 0
5.709751159636107e-06 2.121106679175548e-06 0
5.277869762180583e-06 2.97730668999781e-06 0
4.645064253790516e-06 2.229003817790592e-06 0
5.446943090552551e-06 2.756820387399888e-06 0
5.07259028305673e-06 1.743183383576665e-06 0
5.002581743874187e-06 2.049612501712479e-06 0
4.292227025326679e-06 2.3285321565193e-06 0
5.679329459106899e-06 2.640216031948894e-06 0
5.226907162907172e-06 3.254800497992317e-06 0
4.182956540921122e-06 2.712797639275271e-06 0
5.863093359197922e-06 2.761173995817623e-06 0
5.880969233702096e-06 2.75220443001373e-06 0
5.473529701437415e-06 2.00709166838087e-06 0
4.278511133896324e-06 2.858637687826154e-06 0
5.353208349841665e-06 3.172047793027118e-06 0
5.262854297031892e-06 2.34534582427328e-06 0
4.604307349732901e-06 2.036289327490512e-06 0
4.967479781724856e-06 2.648584831835676e-06 0
4.223713444978763e-06 2.905512129575431e-06 0
4.775525423798309e-06 2.667387078329012e-06 0
4.514407698665661e-06 2.682136099362941e-06 0
4.531113507764895e-06 2.69313227789646e-06 0
5.115687317924278e-06 1.89596638520185e-06 0
4.184646884872044e-06 2.091832952085198e-06 0
4.183476819467096e-06 2.111798696422649e-06 0
4.474820860012913e-06 2.469455864725445e-06 0
5.196031060635091e-06 2.301361110139155e-06 0
5.02994764993172e-06 3.062949122577701e-06 0
4.447584462268906e-06 2.6381513852288e-06 0
4.465460336773068e-06 2.629181819424914e-06 0
4.676656019725837e-06 1.689928720680184e-06 0
4.824147892262503e-06 2.429824759009751e-06 0
4.871404910204029e-06 3.103743726137756e-06 0
5.537817421907956e-06 2.982523413300305e-06 0
5.06238458784126e-06 2.213391681871254e-06 0
5.061214522436288e-06 2.233357426208704e-06 0
5.008107177469998e-06 1.659267180767626e-06 0
5.415546709734443e-06 2.404379942400338e-06 0
5.189010668205381e-06 2.421155576163938e-06 0
5.568239122437043e-06 2.463414060527268e-06 0
5.12550224290651e-06 3.208789171128578e-06 0
5.638897448478595e-06 2.738018140906411e-06 0
4.834353587477281e-06 1.959616460714796e-06 0
5.046110808116535e-06 2.492936616740217e-06 0
5.234122940453273e-06 2.243490489856589e-06 0
4.165600944962954e-06 2.120768262226602e-06 0
4.648379064889123e-06 3.060622126889086e-06 0
5.372449674866766e-06 2.251596940775038e-06 0
4.337339297574834e-06 2.150867070211865e-06 0
4.313937989475324e-06 2.550181956960707e-06 0
5.558878599197482e-06 2.623140015226717e-06 0
5.030663313594108e-06 1.570434637613954e-06 0
5.16528446667625e-06 2.529953863655022e-06 0
4.67262554496397e-06 2.35082489654493e-06 0
5.76805904476844e-06 2.014335004414427e-06 0
5.360424127387524e-06 2.160737784891811e-06 0
4.543659333790266e-06 2.182992490926801e-06 0
5.035148190097148e-06 2.382087202374499e-06 0
5.680499524511863e-06 2.620250287611426e-06 0
4.443424479195152e-06 2.117015419725626e-06 0
4.646234319195494e-06 2.209038073453135e-06 0
5.045353885312512e-06 1.911878904080067e-06 0
4.992896327204889e-06 1.918821857154358e-06 0
5.336502540742451e-06 3.161051614493622e-06 0
4.640188607053945e-06 3.200382337250998e-06 0
5.121992046691207e-06 3.268686404141204e-06 0
5.583449972701943e-06 2.203859384140407e-06 0
4.283388597244104e-06 1.887259274825433e-06 0
4.265526114853708e-06 1.896223237596969e-06 0
4.29496763350337e-06 3.179817224427997e-06 0
5.703380554065437e-06 2.82193434371557e-06 0
5.066395751282823e-06 1.552545823299078e-06 0
5.499596033776246e-06 1.858361892214826e-06 0
4.981000288039271e-06 3.009994842639588e-06 0
4.847549200361474e-06 2.030509872260606e-06 0
4.505047175426551e-06 2.841862054062276e-06 0
4.503877110021541e-06 2.861827798399712e-06 0
4.488341366327385e-06 2.830865875528744e-06 0
4.928738115047428e-06 2.125422253602843e-06 0
4.575900886583773e-06 2.224950592331177e-06 0
4.833508415501643e-06 2.270098804309938e-06 0
4.407997623616117e-06 2.425471150591363e-06 0
4.406827558211137e-06 2.445436894928768e-06 0
5.416196496593737e-06 2.98541314091579e-06 0
5.818501365495387e-06 2.337840139271897e-06 0
5.658268281817342e-06 2.999599430022783e-06 0
4.294242262707547e-06 1.99808406858615e-06 0
4.880440540013482e-06 2.653501172180394e-06 0
5.081755421180245e-06 2.474972970987188e-06 0
4.111128149474663e-06 2.458159303233297e-06 0
4.992700942088439e-06 2.810337399264773e-06 0
4.425548604690837e-06 2.125984985529709e-06 0
4.728593299286435e-06 2.283984710458326e-06 0
4.974175280725366e-06 2.23827376655349e-06 0
5.152088853792006e-06 2.459060452109149e-06 0
4.482166145872261e-06 2.640177997958465e-06 0
4.205512677045224e-06 2.623965096121603e-06 0
5.638572555048787e-06 2.447501541648773e-06 0
4.664955365675459e-06 1.889586164054595e-06 0
4.893636152897705e-06 2.724394583726267e-06 0
4.743608764435133e-06 2.915945576182188e-06 0
5.82201156171034e-06 2.277942906259634e-06 0
4.665280259104668e-06 2.180102763311809e-06 0
4.553019857030368e-06 2.023266536227313e-06 0
4.879920261467659e-06 3.254500115033617e-06 0
4.621662945690677e-06 2.628318704539405e-06 0
4.862760050626665e-06 1.770955195873967e-06 0
5.525466980999005e-06 2.601147658159759e-06 0
5.674828030867392e-06 1.828571772341043e-06 0
5.118352342163505e-06 2.146551495784387e-06 0
4.801266862708275e-06 2.228140702905305e-06 0
4.322128447310195e-06 2.410421746598615e-06 0
4.33499916676487e-06 2.190798558886747e-06 0
5.322136862453129e-06 3.110123947285225e-06 0
5.526116767858526e-06 3.182180856674692e-06 0
5.524946702453651e-06 3.202146601012027e-06 0
4.936083400907138e-06 2.296144386836237e-06 0
5.136228216667662e-06 2.137581929980425e-06 0
5.577599645676988e-06 2.303688105827593e-06 0
4.489511431732407e-06 2.810900131191321e-06 0
4.704671712640564e-06 3.284298540060148e-06 0
4.905857085493978e-06 1.923738197499098e-06 0
5.768383938197891e-06 2.304851603671557e-06 0
5.149553337864579e-06 3.390507482895343e-06 0
5.14838327245958e-06 3.410473227232789e-06 0
5.13050739795539e-06 3.419442793036674e-06 0
5.147213207054572e-06 3.43043897157022e-06 0
5.165089081558914e-06 3.421469405766262e-06 0
5.163919016153813e-06 3.441435150103745e-06 0
5.166259146964137e-06 3.401503661428708e-06 0
4.158999617116013e-06 1.99096340603254e-06 0
4.318943144524669e-06 2.760835578868574e-06 0
5.714236036139667e-06 2.932759243936243e-06 0
5.732111910643892e-06 2.923789678132309e-06 0
4.44992459307884e-06 2.598219896553946e-06 0
4.98470586937003e-06 2.058582067516381e-06 0
5.429587494594259e-06 2.164791010351072e-06 0
5.491210190825367e-06 2.889637644687657e-06 0
5.671463894701716e-06 3.070492841568432e-06 0
5.056013982270456e-06 2.914219346411133e-06 0
4.965984822890188e-06 2.37803397691538e-06 0
5.63740248964385e-06 2.467467285986225e-06 0
4.264470349036632e-06 3.098226619875369e-06 0
4.8448841761225e-06 1.779924761677904e-06 0
4.418332827144491e-06 3.137294993664465e-06 0
5.109512097470097e-06 1.705278507631537e-06 0
4.224233723524867e-06 2.304513186722646e-06 0
5.419577184495462e-06 1.743483766535031e-06 0
5.449933008222274e-06 3.297922097240287e-06 0
4.445764610005256e-06 2.077083931050635e-06 0
5.122187431808619e-06 2.377170862029611e-06 0
5.604511149991319e-06 1.844475986065965e-06 0
4.969819912534733e-06 2.608653343160814e-06 0
4.594946826493046e-06 2.196015282189928e-06 0
5.722946772520474e-06 2.192000090721289e-06 0
5.142923715579306e-06 1.727270864709431e-06 0
5.423412274139702e-06 1.974103132780447e-06 0
5.454613269842008e-06 3.218059119890537e-06 0
4.51141778099697e-06 2.141034389522351e-06 0
5.508761171899821e-06 2.590151479626282e-06 0
5.136032831551815e-06 3.029097472091311e-06 0
4.200832415425296e-06 2.703828073471367e-06 0
5.560373558032004e-06 2.893690870146811e-06 0
4.349169459937409e-06 3.133241768205806e-06 0
5.177310014155415e-06 2.620813019538306e-06 0
5.747322760908704e-06 2.664235001745392e-06 0
5.516626736305151e-06 2.159874670006182e-06 0
5.32902774656939e-06 1.808297339891695e-06 0
4.620688265403324e-06 1.75676890676657e-06 0
4.199337456590781e-06 2.433277218551185e-06 0
5.419706692808654e-06 2.925515907903402e-06 0
4.167420797226903e-06 2.681835716404326e-06 0
4.564004847416654e-06 3.316123577816359e-06 0
5.657618494957911e-06 2.418566231507323e-06 0
5.639742620453737e-06 2.427535797311345e-06 0
5.892979312839333e-06 2.843053404250235e-06 0
4.548989382269127e-06 2.684162712092601e-06 0
5.373424355155688e-06 3.123146738548257e-06 0
5.417561947114763e-06 2.07393185446782e-06 0
4.795741429112543e-06 2.618486023850185e-06 0
4.295737221541624e-06 2.268634923506994e-06 0
4.953959275411305e-06 2.287174821032287e-06 0
4.798601838468937e-06 1.977555592322579e-06 0
4.73762892909752e-06 1.833742156501599e-06 0
4.767205457651623e-06 1.625115147323048e-06 0
4.768375523056575e-06 1.605149402985615e-06 0
4.786251397560742e-06 1.596179837181678e-06 0
4.802957206659936e-06 1.607176015715174e-06 0
4.820833081164078e-06 1.598206449911273e-06 0
4.750499648552389e-06 1.614118968789503e-06 0
4.751669713957438e-06 1.59415322445204e-06 0
4.124323762359241e-06 2.529052714779182e-06 0
4.484831170112367e-06 2.890763108541071e-06 0
5.580914456775973e-06 3.135306414925334e-06 0
4.919377591807855e-06 2.285148208302774e-06 0
5.562063901982868e-06 2.272726182956695e-06 0
5.038463001195308e-06 3.213705511473457e-06 0
4.641878951004897e-06 2.579417650060638e-06 0
4.282866502086872e-06 2.488258111218777e-06 0
4.450904611122456e-06 1.685970463377734e-06 0
4.434701459966334e-06 1.675008680059063e-06 0
4.418002396851358e-06 1.6835716092447e-06 0
4.494516586781542e-06 3.021553753099247e-06 0
4.466110123631919e-06 3.210215017940025e-06 0
4.548664488840052e-06 2.393646112835168e-06 0
5.31797687937907e-06 2.588987981781786e-06 0
4.746469173790682e-06 2.275015144654381e-06 0
5.267014280105914e-06 2.866481789777221e-06 0
5.080389970657833e-06 3.386454257436008e-06 0
4.229238878574337e-06 2.515166808630553e-06 0
5.000046227948383e-06 2.981059532498229e-06 0
4.829998219286948e-06 2.329996037322519e-06 0
5.798610253611208e-06 2.67725779300855e-06 0
4.709222465948019e-06 2.022403421342015e-06 0
4.586560983541245e-06 3.2272910346627e-06 0
4.930882860741755e-06 2.977006307038945e-06 0
5.649752930552942e-06 2.848843041127222e-06 0
5.366403962726142e-06 3.242941204572864e-06 0
5.384279837230288e-06 3.233971638768937e-06 0
4.58643147522875e-06 2.0452588932944e-06 0
4.865749968295241e-06 2.312056905714621e-06 0
4.269150610656318e-06 3.018363642525667e-06 0
4.549184767386405e-06 1.792647169982007e-06 0
5.673479132081858e-06 2.740044753636151e-06 0
4.193812022995276e-06 2.823622539495931e-06 0
4.348519673078711e-06 2.552208569690274e-06 0
5.302116242255122e-06 2.267509459653084e-06 0
5.350413817288745e-06 1.73943054107549e-06 0
5.546007879742745e-06 2.842763202938307e-06 0
4.109862524731036e-06 2.187642434155436e-06 0
4.880635925130829e-06 1.76198563007002e-06 0
5.406395329165971e-06 1.672569453993499e-06 0
4.653384219937859e-06 3.271275748797168e-06 0
5.685179786131706e-06 2.540387310261688e-06 0
4.957924223376982e-06 2.517792742863163e-06 0
5.676664434867014e-06 2.389630921365932e-06 0
4.063350852986564e-06 2.385239278957367e-06 0
5.601000953776521e-06 1.90437321907843e-06 0
4.616332897212086e-06 2.127148483373761e-06 0
5.877979316032554e-06 2.211102720172843e-06 0
4.224883510383719e-06 2.885546385237919e-06 0
4.310102899830856e-06 2.319562590715386e-06 0
4.908522109733324e-06 2.174323308081664e-06 0
4.776045702344733e-06 2.066388135476164e-06 0
5.872751661668255e-06 2.891931249146546e-06 0
4.429708587764695e-06 2.647120951032709e-06 0
5.041973197410356e-06 3.153808278461084e-06 0
4.553994537319062e-06 2.894816334000381e-06 0
5.591315930964159e-06 1.773583325662431e-06 0
5.490235510536611e-06 2.018087846914422e-06 0
5.491405575941618e-06 1.998122102576986e-06 0
4.493671414804855e-06 3.332036096694346e-06 0
4.492501349399862e-06 3.352001841031757e-06 0
4.474142133950736e-06 3.367973351522279e-06 0
4.50967408375442e-06 3.344100512258909e-06 0
5.130182504526909e-06 3.128926193778896e-06 0
5.026307945403366e-06 1.940814214221417e-06 0
4.619518199998277e-06 1.776734651104039e-06 0
4.63739407450247e-06 1.767765085300187e-06 0
4.29541232811258e-06 1.978118324248678e-06 0
4.36756561298786e-06 2.523273259548905e-06 0
5.500766099181143e-06 1.838396147877271e-06 0
4.691346591443841e-06 2.031372987145875e-06 0
5.509086065329569e-06 2.880668078883705e-06 0
4.338834256409375e-06 2.421417925132114e-06 0
4.879270474608492e-06 2.673466916517856e-06 0
5.070054767130147e-06 2.674630414361788e-06 0
4.518242788310704e-06 2.912755465608152e-06 0
4.519412853715712e-06 2.892789721270707e-06 0
4.746144280361399e-06 1.98449854539674e-06 0
5.354573800362657e-06 2.260566506578935e-06 0
4.645584532337584e-06 1.62800487493795e-06 0
4.646754597742617e-06 1.608039130600437e-06 0
4.630048788643442e-06 1.597042952066893e-06 0
4.663460406841805e-06 1.619035309133962e-06 0
4.664630472246801e-06 1.599069564796517e-06 0
4.68133628134588e-06 1.610065743330134e-06 0
4.682506346750941e-06 1.590099998992594e-06 0
4.665800537651757e-06 1.579103820459062e-06 0
5.427897150643196e-06 2.78575569754099e-06 0
5.655603257577739e-06 2.749014319440056e-06 0
5.039633066600304e-06 3.193739767135992e-06 0
5.701560701801406e-06 2.260866889537533e-06 0
5.727951927569519e-06 2.402653712629099e-06 0
5.063897402666797e-06 2.483946622481961e-06 0
5.295745636684779e-06 2.968337124193913e-06 0
4.99907154765913e-06 2.109509734724703e-06 0
4.75784493441164e-06 1.78484110202285e-06 0
5.552703378742863e-06 2.432452137656212e-06 0
5.042499292629794e-06 2.552820927932648e-06 0
5.289540621990999e-06 1.595712041937435e-06 0
5.12953271766776e-06 2.54789299526279e-06 0
4.158060273986662e-06 2.841561671103662e-06 0
5.083104895130078e-06 1.563519453214422e-06 0
4.374586005417696e-06 2.40347879352431e-06 0
4.836693718287315e-06 1.91968497203983e-06 0
4.522273263071102e-06 2.251859289743045e-06 0
5.680824417941278e-06 2.910766886869348e-06 0
5.044183819907551e-06 1.931844648417494e-06 0
4.843714110717553e-06 1.799890506015357e-06 0
5.829031954139945e-06 2.158148440235104e-06 0
4.532933360028557e-06 3.254199732074308e-06 0
5.374594420560633e-06 3.103180994210831e-06 0
5.2705244763207e-06 2.80658455676449e-06 0
5.152413747221412e-06 2.749577051366813e-06 0
4.477810777682409e-06 3.010557574565678e-06 0
4.189327146491878e-06 2.011969974734888e-06 0
4.400456952640045e-06 3.146264559468807e-06 0
4.726578061905877e-06 2.614432798390769e-06 0
4.265835799558172e-06 2.186745333427555e-06 0
5.19050562703959e-06 2.691706431084107e-06 0
5.578444817652447e-06 1.993205762232232e-06 0
4.296062114971113e-06 2.559151522764635e-06 0
4.524093115335762e-06 2.812926743920953e-06 0
4.460780075153074e-06 2.709044796774488e-06 0
4.403837640542869e-06 1.904335185087891e-06 0
5.718266510900608e-06 2.271863068071063e-06 0
4.620492880285689e-06 2.648284448876911e-06 0
4.329148839740018e-06 2.290627280574035e-06 0
5.40566590794921e-06 3.165104839952675e-06 0
4.176456427037292e-06 2.23159316244721e-06 0
5.506941319635782e-06 2.029084025447975e-06 0
4.251274736152135e-06 3.027333208329479e-06 0
4.402797083449989e-06 3.106333070793945e-06 0
4.917882632973246e-06 2.014597353382349e-06 0
4.935758507477413e-06 2.00562778757841e-06 0
5.746997867478631e-06 2.373718402487615e-06 0
4.945573432459479e-06 3.318450573504954e-06 0
5.435762715048623e-06 2.355478887921362e-06 0
5.87830216335952e-06 2.501619199521543e-06 0
5.582604800726435e-06 2.514341727735525e-06 0
5.338842671552332e-06 3.121120125818719e-06 0
5.64793307828881e-06 2.287775586949247e-06 0
5.554198337577629e-06 2.703002992576327e-06 0
5.182640062634634e-06 3.121983240704546e-06 0
5.769878897032674e-06 2.575402458591645e-06 0
5.148578657576968e-06 2.518957685121489e-06 0
4.387131831443604e-06 1.893339006554361e-06 0
4.580714753919367e-06 3.327113531420017e-06 0
4.513887420119232e-06 3.283135042215598e-06 0
5.516106457759398e-06 2.760873612859002e-06 0
5.305106159923863e-06 2.808611169494076e-06 0
5.470994185511201e-06 2.938538699166532e-06 0
4.415992696334342e-06 3.177226482339577e-06 0
4.74029395333645e-06 2.084327267083955e-06 0
4.50621724083157e-06 2.821896309724857e-06 0
4.648574450005472e-06 2.169106584778242e-06 0
4.564200232534372e-06 2.424608035706149e-06 0
5.249463299031454e-06 3.165967954838589e-06 0
4.634013386599966e-06 3.009694459680498e-06 0
5.60782596109017e-06 2.676094295164627e-06 0
5.709555774519901e-06 3.012622221285914e-06 0
4.803606993518187e-06 2.188209214230397e-06 0
5.670164320983498e-06 1.908426444537339e-06 0
5.384995500892113e-06 1.741457153805243e-06 0
5.319342247940646e-06 1.677506856889184e-06 0
5.138048068932011e-06 2.698649384158493e-06 0
4.467280189036955e-06 3.190249273602585e-06 0
4.733078175790299e-06 3.095637275219077e-06 0
5.444798344858868e-06 1.905236333964215e-06 0
4.937382294090222e-06 3.458211817760474e-06 0
4.21082343185087e-06 1.943171280301722e-06 0
4.320308595046781e-06 1.849354292420075e-06 0
4.697669424421418e-06 3.404092235065004e-06 0
5.700715529825953e-06 2.571349233132647e-06 0
4.835939139925247e-06 3.412075728450992e-06 0
5.506745934519621e-06 2.920599567558613e-06 0
4.757324655865538e-06 2.38584004487603e-06 0
4.392786773351362e-06 2.68502582697801e-06 0
4.131018719225767e-06 2.118742473127052e-06 0
4.426393776667019e-06 1.815502641934291e-06 0
5.256679076577304e-06 2.154657946702998e-06 0
5.795100057396201e-06 2.737155026021029e-06 0
4.30476866808761e-06 1.818392124394488e-06 0
4.290680706030173e-06 1.809863486830699e-06 0
4.953634381981645e-06 1.996658221774485e-06 0
5.02409732290612e-06 3.162777844264985e-06 0
4.854374207674493e-06 2.802230948346551e-06 0
4.618477642905817e-06 2.978732536809453e-06 0
4.619647708310794e-06 2.958766792472005e-06 0
5.012787416988768e-06 1.57940425054707e-06 0
4.886615760467823e-06 2.844189049750845e-06 0
4.45746526405534e-06 1.877426487676259e-06 0
5.21371155002312e-06 3.183907086446476e-06 0
5.582084522180835e-06 3.115340670587839e-06 0
4.464615164798187e-06 2.939664163019751e-06 0
4.466630402178051e-06 2.609216075087489e-06 0
4.91300698623757e-06 2.985975872842843e-06 0
5.053869236576715e-06 2.06263529297563e-06 0
5.610823565841832e-06 3.217185358436716e-06 0
4.597421245919115e-06 3.338108672465296e-06 0
5.083445765130966e-06 1.854008283797378e-06 0
5.100151574230123e-06 1.86500446233094e-06 0
4.114140013100576e-06 2.086895398547987e-06 0
5.392470295064843e-06 3.09421142840688e-06 0
4.529943442360063e-06 2.713098022233917e-06 0
4.592281802253678e-06 1.945430171607295e-06 0
4.319788316500228e-06 2.450353235273439e-06 0
4.301912441996044e-06 2.459322801077395e-06 0
5.550883526478903e-06 1.871384683477875e-06 0
4.230084050549867e-06 2.204684465035431e-06 0
5.45396348298248e-06 2.637025921375391e-06 0
5.031637993882469e-06 2.44198443538669e-06 0
5.826171544784569e-06 2.799078871762828e-06 0
4.900331651898716e-06 2.314083518444159e-06 0
4.975474854442727e-06 3.40034016358455e-06 0
5.411516234974043e-06 3.06527611826552e-06 0
5.004726489567991e-06 2.901196555148015e-06 0
5.090791050990138e-06 2.024730417030532e-06 0
4.445244331458916e-06 2.678082873903639e-06 0
4.959840568906493e-06 2.49777193075482e-06 0
5.306276225328922e-06 2.788645425156386e-06 0
5.28593340365613e-06 1.65552039425761e-06 0
4.699212155850068e-06 1.601096177526183e-06 0
4.700382221255125e-06 1.581130433188681e-06 0
4.717088030354261e-06 1.592126611722256e-06 0
4.71825809575927e-06 1.572160867384792e-06 0
5.680696001321595e-06 3.200486677754647e-06 0
5.695623056726445e-06 3.211344597896385e-06 0
5.486854822769096e-06 3.260017221207284e-06 0
5.223267458378518e-06 2.132665589635655e-06 0
5.422891995594023e-06 2.575102075633587e-06 0
4.804777058923172e-06 2.168243469892922e-06 0
4.802436928113237e-06 2.208174958567851e-06 0
5.794775163966497e-06 2.446638426762962e-06 0
4.606127201996503e-06 2.597356781668457e-06 0
4.876280556939956e-06 2.132365206677262e-06 0
4.926397984237471e-06 2.165353742277788e-06 0
4.284036567491862e-06 2.468292366881334e-06 0
4.617307577500873e-06 2.998698281146931e-06 0
5.113801588856256e-06 3.408446614503114e-06 0
5.112631523451192e-06 3.42841235884051e-06 0
5.129337332550359e-06 3.439408537374094e-06 0
5.111461458046189e-06 3.448378103177965e-06 0
5.12816726714541e-06 3.459374281711545e-06 0
5.094755648947004e-06 3.437381924644382e-06 0
5.894144222130427e-06 2.823084266030555e-06 0
5.139867921195435e-06 3.259716838337252e-06 0
5.268184345510816e-06 2.846516045439791e-06 0
4.393956838756344e-06 2.665060082640542e-06 0
4.411832713260487e-06 2.656090516836621e-06 0
4.264345565192899e-06 1.916187302875609e-06 0
4.239444573789862e-06 2.044958510335507e-06 0
4.148895045508088e-06 2.109772220964772e-06 0
5.50577125423084e-06 2.049049769785418e-06 0
4.483336211277237e-06 2.620212253621025e-06 0
5.114842145948741e-06 2.206448728796828e-06 0
4.967154888295378e-06 2.35806823257801e-06 0
5.694215415941756e-06 2.090144756304673e-06 0
5.710921225040932e-06 2.101140934838258e-06 0
4.842998447054332e-06 3.292404990978831e-06 0
5.287425670536144e-06 1.926065193187068e-06 0
4.848719265766489e-06 2.010544127923181e-06 0
5.905540607206383e-06 2.332923798927019e-06 0
5.422046823618612e-06 2.885584419228568e-06 0
5.559398877743251e-06 2.022141072373699e-06 0
5.577274752247403e-06 2.013171506569665e-06 0
5.465664137031919e-06 2.437368478001041e-06 0
5.413011193808936e-06 3.335826973185652e-06 0
5.677509606842623e-06 2.079148577771088e-06 0
5.739132303073421e-06 2.803995212107835e-06 0
5.093585583542025e-06 3.45734766898185e-06 0
5.092077695262461e-06 3.476640150037385e-06 0
4.725083103071555e-06 2.343881943470813e-06 0
5.592486062011957e-06 1.753617706515471e-06 0
4.558674798939131e-06 2.814953356650657e-06 0
5.217546639667788e-06 3.414526452691387e-06 0
5.216376574262909e-06 3.434492197028868e-06 0
5.582929694156043e-06 2.804858326993126e-06 0
5.263374575576272e-06 1.744346881420433e-06 0
4.840528807931489e-06 2.150304338285111e-06 0
4.842544045312598e-06 1.819856250352733e-06 0
4.706557441709173e-06 1.771818310759562e-06 0
5.009602136304106e-06 1.929818035687904e-06 0
4.867244927129414e-06 2.582607760634471e-06 0
4.958444151914575e-06 3.098827385793396e-06 0
4.84384361903075e-06 2.981922647383696e-06 0
5.377129936486675e-06 2.171733963425314e-06 0
4.249129990458946e-06 2.175749154894019e-06 0
4.966505101436692e-06 1.777035034062691e-06 0
5.015452463329172e-06 1.829989314000703e-06 0
4.690176526038847e-06 2.051338731483332e-06 0
4.923732959998126e-06 1.914768631695177e-06 0
4.39129181451691e-06 2.414474972057839e-06 0
5.561224325715276e-06 1.691492456121386e-06 0
5.014282397924131e-06 1.849955058338153e-06 0
4.769545588461575e-06 1.585183658648243e-06 0
4.787421462965697e-06 1.57621409284426e-06 0
4.75283977936247e-06 1.574187480114632e-06 0
4.944923645600246e-06 2.737417374989324e-06 0
4.979700714320834e-06 1.84792844560849e-06 0
5.729121992974518e-06 2.382687968291605e-06 0
5.198175806328807e-06 3.15294516357549e-06 0
4.806076632641104e-06 3.330309866924141e-06 0
4.50673751937688e-06 2.220897366872196e-06 0
4.680166215940745e-06 1.630031487667758e-06 0
4.817647778378126e-06 1.94862028218123e-06 0
4.638564139907557e-06 1.747799340962778e-06 0
4.273505978846979e-06 2.64798406591824e-06 0
5.773064199818024e-06 2.224988626321827e-06 0
4.967675166841697e-06 1.757069289725268e-06 0
5.744657736668784e-06 2.413649891162572e-06 0
5.193170651279092e-06 2.942291541667034e-06 0
5.905865469548482e-06 2.623440391475345e-06 0
5.529626964073483e-06 3.122283623662492e-06 0
5.190180733610363e-06 2.40118983182652e-06 0
4.512262952972896e-06 1.8305520459272e-06 0
5.713261355850762e-06 2.061209446163456e-06 0
4.624003076500696e-06 2.588387215864556e-06 0
4.919471367899235e-06 3.467229848026613e-06 0
4.918261960061198e-06 3.490352714924829e-06 0
4.896746759510192e-06 3.50175871742935e-06 0
5.170939408583788e-06 3.321640684079031e-06 0
4.357880196318494e-06 2.392482614990791e-06 0
5.213386656593417e-06 2.893390487188797e-06 0
4.230733837408617e-06 2.785717663550674e-06 0
4.775200530369644e-06 2.376870479071944e-06 0
4.733793839453308e-06 1.603122790255879e-06 0
5.510451515850682e-06 1.96918679243561e-06 0
4.216043265690049e-06 2.444273397084747e-06 0
5.244653529097794e-06 2.063798790819515e-06 0
4.653579605054851e-06 2.379760206686261e-06 0
4.805947124328192e-06 2.148277725555434e-06 0
4.513433018377914e-06 1.810586301589775e-06 0
5.741071956516408e-06 1.872847166848085e-06 0
4.247959925053993e-06 2.195714899231495e-06 0
4.867569820558906e-06 2.873124359892194e-06 0
4.793076404873807e-06 2.36790091326791e-06 0
5.144223289386365e-06 2.889337261728987e-06 0
4.994911534729153e-06 1.588373832888979e-06 0
4.947913563269508e-06 3.278519084830062e-06 0
5.640067513883585e-06 2.718052396569027e-06 0
4.422883580451982e-06 1.875399874946565e-06 0
4.467475574153391e-06 2.298733731493042e-06 0
4.282346223540823e-06 3.089257054071524e-06 0
5.675964499950581e-06 1.808544073375466e-06 0
5.033457846146696e-06 3.003051889565165e-06 0
4.678800765418241e-06 2.541512774115359e-06 0
5.043338647932124e-06 2.242326992012634e-06 0
4.983535803965018e-06 2.07854781185378e-06 0
4.210192938665238e-06 2.544102118771878e-06 0
5.15774379569972e-06 3.250747272533324e-06 0
4.175286361632244e-06 2.251558906784602e-06 0
4.515057485524336e-06 3.263169297878184e-06 0
5.484060290082011e-06 1.827399969343693e-06 0
4.695506574517424e-06 2.552508952648895e-06 0
5.449478606478672e-06 1.825373356614515e-06 0
5.550688141362656e-06 2.762900225588539e-06 0
4.771690334155017e-06 2.436767712084275e-06 0
4.457269878939033e-06 2.768942029786909e-06 0
4.741139125312472e-06 1.773844923489287e-06 0
4.569725666129553e-06 2.034262714760859e-06 0
5.870958923602918e-06 2.33089718619739e-06 0
4.634208771716266e-06 2.118178917569865e-06 0
5.582279907296913e-06 2.223825128477935e-06 0
4.799411238171767e-06 3.448607246589256e-06 0
4.291381853351219e-06 2.639014500114281e-06 0
4.351380082435181e-06 1.911278138162095e-06 0
5.34573355566861e-06 1.819293518425337e-06 0
5.359903848840974e-06 2.761736727744633e-06 0
5.410541554685034e-06 2.193726320492421e-06 0
5.68687013008279e-06 1.919422623070816e-06 0
4.974304789037752e-06 3.420305907921996e-06 0
4.336819019028853e-06 2.751866013064652e-06 0
4.988020680468841e-06 2.89020037661453e-06 0
4.522077877954618e-06 3.143374831853539e-06 0
5.00420621102113e-06 3.502195498001255e-06 0
5.025258670550372e-06 3.519612445348125e-06 0
5.013308878254314e-06 3.566303910264394e-06 0
5.07061948930223e-06 3.529584345433073e-06 0
5.088581073960768e-06 3.610877141192376e-06 0
5.459293531461651e-06 3.138196142540871e-06 0
5.502390566941063e-06 3.290979143765239e-06 0
5.368289691792951e-06 1.730460975271646e-06 0
4.213182856334055e-06 3.085203828612157e-06 0
4.114108187945676e-06 2.107640070703157e-06 0
4.095215583906311e-06 2.096563365720191e-06 0
4.70688233513801e-06 2.06233491001688e-06 0
4.541968989839968e-06 2.80395717811711e-06 0
4.368085891534416e-06 1.922274316695647e-06 0
5.430432666569532e-06 1.85430866675584e-06 0
5.431602731974516e-06 1.834342922418407e-06 0
4.505242560542868e-06 1.950346511951916e-06 0
4.496011545614963e-06 3.292104608019481e-06 0
5.266039599817109e-06 1.994931992003404e-06 0
5.886169773867727e-06 2.071342509810654e-06 0
5.781579551081997e-06 2.375745015217168e-06 0
5.764873741982822e-06 2.364748836683704e-06 0
5.134733257833473e-06 1.86703107506054e-06 0
4.948629226932534e-06 1.7860045998666e-06 0
5.057836100412826e-06 3.475291316367982e-06 0
4.927568049642452e-06 2.14538799794033e-06 0
4.167095903797395e-06 2.391319117146759e-06 0
5.406186186494725e-06 2.564105897099878e-06 0
5.772969952252876e-06 3.116507593862526e-06 0
5.788188983984823e-06 3.131045546001828e-06 0
5.814463280526603e-06 3.119206781723899e-06 0
5.810926701838639e-06 3.174456319113109e-06 0
5.335527860453491e-06 2.289501816720177e-06 0
4.84637913495644e-06 2.050475616597991e-06 0
5.722751261734175e-06 3.083515823754319e-06 0
4.875955663510826e-06 1.841848607419724e-06 0
5.691531081343994e-06 1.839569335066743e-06 0
5.455133548387459e-06 2.617060177038059e-06 0
4.758169827840588e-06 2.075357701280059e-06 0
4.900006758469037e-06 2.023566919186324e-06 0
5.167949490915674e-06 2.78053897423781e-06 0
5.896504366699023e-06 2.783165950908709e-06 0
5.088126026749963e-06 1.774145306447749e-06 0
5.478859749916356e-06 2.508261889547009e-06 0
4.537484113336153e-06 1.992304613356388e-06 0
4.519608238832007e-06 2.001274179160283e-06 0
4.501732364327811e-06 2.010243744964148e-06 0
4.316927907144109e-06 3.091283666801268e-06 0
4.423533367310328e-06 2.456433073462257e-06 0
4.502707044616544e-06 2.881793542737169e-06 0
5.629536925238755e-06 2.89774409560622e-06 0
5.47768968451138e-06 2.528227633884437e-06 0
4.461950140558089e-06 2.689079052437134e-06 0
4.949279013791093e-06 2.367037798381956e-06 0
5.462674219363002e-06 1.896266768160251e-06 0
4.456944985508733e-06 2.478425430529318e-06 0
5.577079367131234e-06 2.904687048680362e-06 0
5.470864677198129e-06 1.756506557798247e-06 0
5.336697925858451e-06 2.269536072382793e-06 0
4.554189922435339e-06 2.003300791889898e-06 0
5.433422584238553e-06 2.395410376596435e-06 0
5.034952804980376e-06 3.2736027444857e-06 0
5.273059992246985e-06 1.875137525978222e-06 0
4.560365142889553e-06 2.193988669460311e-06 0
5.458318851172617e-06 2.26664634476768e-06 0
5.634412571975103e-06 1.926365576145371e-06 0
5.169119556320626e-06 2.760573229900311e-06 0
5.428092535759634e-06 1.894240155430682e-06 0
4.174766083086121e-06 2.852557849637252e-06 0
5.553353165601865e-06 3.013485336171155e-06 0
5.422371717048442e-06 3.176101018486145e-06 0
4.629333124980094e-06 3.089557437030324e-06 0
5.086240297682845e-06 3.286625535748906e-06 0
5.102946106782049e-06 3.297621714282448e-06 0
5.298085767494597e-06 2.928405635519113e-06 0
5.034823296667521e-06 2.09157060311689e-06 0
4.698042090444972e-06 1.621061921863747e-06 0
4.232248106601456e-06 3.056258829125074e-06 0
5.016427143617492e-06 2.701539111773547e-06 0
4.143694595697715e-06 2.790634003895193e-06 0
4.639213926765499e-06 2.328832539477885e-06 0
4.895131111733415e-06 2.994945438646756e-06 0
5.921400398706093e-06 2.654402138540654e-06 0
5.016947422163326e-06 2.100540168920803e-06 0
5.920227464630151e-06 2.67436771474925e-06 0
5.532487373428817e-06 2.481353192135158e-06 0
4.971510256485832e-06 1.987688655970575e-06 0
5.051658614079519e-06 3.284598923019215e-06 0
5.500050435519838e-06 3.330910632840728e-06 0
5.393835745585864e-06 2.182730141958848e-06 0
4.635703730550747e-06 2.388729772490213e-06 0
5.689860047751393e-06 2.460524332911842e-06 0
5.212087082451685e-06 1.731324090209617e-06 0
5.26402436243684e-06 2.325380079935769e-06 0
5.402675990279837e-06 2.624003130112273e-06 0
5.094430755517813e-06 3.1468653253869e-06 0
4.947784054956656e-06 2.096486943461564e-06 0
5.404170949114485e-06 2.89455398503251e-06 0
5.166779425510598e-06 2.800504718575423e-06 0
5.32668761575937e-06 1.848228828566512e-06 0
5.299580726329095e-06 3.198956490439228e-06 0
5.298410660924177e-06 3.218922234776504e-06 0
4.495686652186577e-06 3.001588008761852e-06 0
4.378604453888293e-06 1.742564329517015e-06 0
4.299052032639895e-06 3.100253232605115e-06 0
5.2493337907179e-06 1.983935813469852e-06 0
5.232627981618719e-06 1.972939634936266e-06 0
5.162099163890529e-06 2.880367695925065e-06 0
4.632843321194844e-06 3.029660204018052e-06 0
4.575380608038256e-06 2.825949535184228e-06 0
4.809457320543139e-06 2.08838049254321e-06 0
5.146758805312676e-06 1.957890230943553e-06 0
4.591111736848714e-06 1.965395915944739e-06 0
5.54418802747855e-06 2.281695748760531e-06 0
5.116857383329286e-06 1.876000640864461e-06 0
5.196680847493844e-06 2.882394308654705e-06 0
5.501220501164352e-06 3.310944888346265e-06 0
4.104107757045266e-06 2.577953769258071e-06 0
5.191350799015334e-06 2.381224087489115e-06 0
5.057184047675432e-06 2.894253602073684e-06 0
5.853928221074085e-06 2.029384408406235e-06 0
5.855094134329892e-06 2.009421007596613e-06 0
5.870634590000549e-06 2.040380619464352e-06 0
4.912877477924116e-06 1.803943731474515e-06 0
4.273830872276425e-06 2.938500665176058e-06 0
4.798276945039898e-06 1.687038993065072e-06 0
5.434592649643586e-06 2.375444632258858e-06 0
4.147204791912815e-06 2.730736770883077e-06 0
4.468320746129447e-06 1.988251387897027e-06 0
4.662744743178526e-06 3.111549794097461e-06 0
5.03462791155157e-06 2.983086145227711e-06 0
5.924911432841476e-06 2.594505086381114e-06 0
5.941617217816608e-06 2.605501259707877e-06 0
4.965659929460837e-06 2.087517377657678e-06 0
4.228068813169364e-06 2.53513255296798e-06 0
4.956949193079848e-06 2.828276530872627e-06 0
4.947459161527545e-06 1.805970344204029e-06 0
5.069534488583674e-06 3.275629357215371e-06 0
5.278910319271633e-06 1.775308804291212e-06 0
5.790419795775676e-06 2.817018003371014e-06 0
4.738603609385042e-06 2.705291954274088e-06 0
4.679125658848555e-06 2.832029373373246e-06 0
5.074483717466974e-06 3.486171521205869e-06 0
5.093333373260208e-06 3.500373616031269e-06 0
5.056889380770848e-06 3.491242652432426e-06 0
5.048043122675807e-06 3.50405550554762e-06 0
4.64954913029411e-06 3.04065638255161e-06 0
4.660079718939274e-06 2.860964683514535e-06 0
5.418407119090432e-06 1.763449510872499e-06 0
5.895328293453181e-06 2.803127740736084e-06 0
4.474171073154644e-06 1.888422666209871e-06 0
4.659754825508998e-06 2.570448084256707e-06 0
4.660924890913998e-06 2.550482339919258e-06 0
4.813617303616704e-06 2.609516458046258e-06 0
4.931728032716514e-06 2.666523963443546e-06 0
5.324801886693042e-06 3.36070905786776e-06 0
4.850539118030185e-06 2.571611582100931e-06 0
5.174124711370106e-06 2.971226851808611e-06 0
4.946093711005279e-06 2.717451630651764e-06 0
5.487699994610433e-06 2.949534877700005e-06 0
5.045678778742022e-06 2.202395503337668e-06 0
4.129328917408617e-06 2.739706336686986e-06 0
4.112623108309395e-06 2.728710158153536e-06 0
4.113793173714371e-06 2.708744413816094e-06 0
5.552075715527069e-06 3.319534150935458e-06 0
5.120821981286227e-06 3.288652148478571e-06 0
5.12784237371622e-06 3.168857682453618e-06 0
5.257328863436447e-06 2.735691145218195e-06 0
5.199345871733805e-06 3.132979419238093e-06 0
4.828503260452277e-06 2.059445182401923e-06 0
4.711042318211636e-06 2.583470875519829e-06 0
4.851188904889567e-06 3.152644780616695e-06 0
4.920027378666834e-06 2.866181406817923e-06 0
5.017076930476225e-06 3.282572310289529e-06 0
5.895855190536628e-06 2.202133154368889e-06 0
5.768708831627722e-06 2.595368202929108e-06 0
4.85970425615352e-06 3.303401169512384e-06 0
4.43152844002851e-06 3.208188405210428e-06 0
5.220407049023135e-06 2.773596021163504e-06 0
5.097095779757075e-06 3.397450435969569e-06 0
5.308096077593846e-06 3.349712879334251e-06 0
4.523768221905614e-06 2.522410144663506e-06 0
4.493021627947468e-06 2.751002898179134e-06 0
4.31575784173907e-06 3.111249411138715e-06 0
5.897025255941565e-06 2.182167410031634e-06 0
5.898195321346665e-06 2.16220166569427e-06 0
5.881489512247592e-06 2.151205487160705e-06 0
4.65591973586475e-06 2.339828718011398e-06 0
5.345213277122915e-06 2.420292461278387e-06 0
5.203051453064658e-06 2.181566644114682e-06 0
5.030143035047696e-06 2.171433580466548e-06 0
5.079740183799671e-06 2.805421058920146e-06 0
4.658584760104011e-06 2.590413828594178e-06 0
4.837538890263192e-06 1.609202628444841e-06 0
4.506412625947911e-06 1.930380767614455e-06 0
4.859249854411715e-06 1.830852428886198e-06 0
5.753497981362988e-06 2.854922879316189e-06 0
5.907035551872024e-06 2.603474650789564e-06 0
4.643373909840214e-06 2.849968504981005e-06 0
5.7643422985077e-06 2.965747125231216e-06 0
5.349698153626932e-06 3.231945026039377e-06 0
4.849693946054915e-06 2.882093925696187e-06 0
5.364779495577855e-06 1.790358208284056e-06 0
5.441417656957493e-06 3.147165708344796e-06 0
5.781103255253617e-06 2.976659256187553e-06 0
4.308607940996408e-06 2.049011735794963e-06 0
4.853847443345243e-06 3.403209269774244e-06 0
5.207211436138779e-06 2.70270260961759e-06 0
5.225087310642981e-06 2.693733043813716e-06 0
4.73190811038538e-06 3.115603019556551e-06 0
4.593451867658686e-06 1.925464427269872e-06 0
5.919906285495552e-06 2.383851466135277e-06 0
5.937782159999799e-06 2.374881900331605e-06 0
4.194332301541514e-06 2.222623596643273e-06 0
4.792751511443933e-06 2.077384314009696e-06 0
4.723588144237216e-06 2.07333108855042e-06 0
5.916708148454544e-06 2.734262272147918e-06 0
5.915532474090961e-06 2.754223818600095e-06 0
5.368939478651864e-06 2.311494173787267e-06 0
5.717096445495522e-06 2.291828812408397e-06 0
5.315116470023441e-06 3.229918413309894e-06 0
5.332992344527697e-06 3.220948847505868e-06 0
5.229963001559163e-06 1.722354613013685e-06 0
4.760185065221596e-06 1.744909613347886e-06 0
4.157410487128039e-06 2.260528472588494e-06 0
4.496856717591592e-06 2.981622264424514e-06 0
5.535997569643702e-06 2.42145595912275e-06 0
4.978530648915799e-06 1.867894189945949e-06 0
5.83520717459454e-06 2.348836317805358e-06 0
5.412036513519626e-06 2.464277175412825e-06 0
4.925032533716503e-06 3.076835028726117e-06 0
4.512067567855907e-06 2.722067588037691e-06 0
5.659438347222252e-06 2.979633685685379e-06 0
5.06335926812989e-06 3.084941479644922e-06 0
5.621866745949589e-06 2.436505363115315e-06 0
4.849564437742507e-06 1.700061784328017e-06 0
4.855219379650195e-06 2.491748604751371e-06 0
4.272355156541856e-06 3.197846389093964e-06 0
4.25139723420277e-06 3.187954099983805e-06 0
4.678280486872591e-06 3.142511716968395e-06 0
5.870113751627936e-06 2.641379529793023e-06 0
5.853407942528767e-06 2.630383351259459e-06 0
5.052699171171727e-06 2.082601037312974e-06 0
5.817656193520418e-06 2.648322482867266e-06 0
4.926073090808236e-06 1.874837143020143e-06 0
5.823506520545389e-06 2.548493761180049e-06 0
5.336373032428641e-06 1.9790194731253e-06 0
5.436932780453606e-06 2.335513143583942e-06 0
5.438102845858479e-06 2.315547399246573e-06 0
5.742837884404704e-06 1.852582436983934e-06 0
4.656440014411736e-06 1.738829775158942e-06 0
5.288920629370913e-06 2.196616048107394e-06 0
5.148903551006472e-06 2.809474284379266e-06 0
5.333512623073128e-06 2.619949904652965e-06 0
5.153779197742585e-06 1.838095764919199e-06 0
5.214881615428039e-06 3.163941342109076e-06 0
5.002386358758313e-06 2.941128043823303e-06 0
4.912032305948269e-06 2.114426075069402e-06 0
4.606776988855646e-06 3.178389980183897e-06 0
4.880960818559848e-06 2.052502229327606e-06 0
4.577070951988823e-06 2.204984847993807e-06 0
4.822328039998191e-06 1.868757304831458e-06 0
4.644868868674206e-06 3.120519359901326e-06 0
5.861598059346378e-06 2.490623120912259e-06 0
5.527482218379412e-06 2.270699570226989e-06 0
5.344888383693242e-06 2.129775862021004e-06 0
5.103661770444569e-06 1.805107229318706e-06 0
4.35970004858224e-06 2.953550069168661e-06 0
4.441734135243927e-06 2.737980106915885e-06 0
4.459610009748261e-06 2.729010541112111e-06 0
4.893831538014971e-06 1.832879041615848e-06 0
4.439718897863923e-06 3.068428194848343e-06 0
4.212208176045693e-06 2.213654030839361e-06 0
5.428417429189275e-06 2.184756754688477e-06 0
5.487050207751097e-06 2.368501679184868e-06 0
5.897671757740991e-06 2.763199265512135e-06 0
5.599635503255331e-06 2.815854505526655e-06 0
4.949603907220587e-06 2.657554397639619e-06 0
5.089100707039298e-06 2.645695104220328e-06 0
5.739652581619661e-06 2.202996269254838e-06 0
4.677955593443521e-06 2.851995117710621e-06 0
4.697001533352748e-06 2.823059807569329e-06 0
4.713707342452001e-06 2.83405598610294e-06 0
5.15260913233765e-06 1.858061509256593e-06 0
4.895001603420002e-06 1.812913297278418e-06 0
4.398312206946611e-06 2.294680506033269e-06 0
4.761355130626665e-06 1.724943869010281e-06 0
5.76552166802076e-06 2.945781926148449e-06 0
4.985680549659172e-06 2.930131865289736e-06 0
4.166250731821929e-06 2.70180146074176e-06 0
5.506421041089908e-06 2.630082968300996e-06 0
5.488545166585815e-06 2.639052534104894e-06 0
4.198000400947114e-06 3.092740592906568e-06 0
5.032808059287383e-06 2.422018691049313e-06 0
4.440239176409522e-06 2.467429251995801e-06 0
5.656123536123713e-06 2.148015376587365e-06 0
5.792759926586004e-06 2.777086514696278e-06 0
5.590795258561224e-06 2.374581517373427e-06 0
5.853083049098732e-06 2.339866752001371e-06 0
5.701885595230831e-06 2.55138348879519e-06 0
4.73041315155112e-06 2.845052164636487e-06 0
5.564404032792787e-06 2.232794694281803e-06 0
5.366599347841929e-06 2.351425662462088e-06 0
5.23275748993223e-06 3.154971776305138e-06 0
5.541652511553e-06 3.213142779545554e-06 0
4.140704678028925e-06 2.249532294054991e-06 0
4.856194059938461e-06 3.363298402524869e-06 0
5.574934621437536e-06 2.053102995244422e-06 0
4.48502655522863e-06 1.999247566430611e-06 0
5.089296092154823e-06 1.754179562110331e-06 0
4.74230919071749e-06 1.753879179151786e-06 0
5.499920927205933e-06 2.148878491472692e-06 0
4.930037688765225e-06 3.287488650634097e-06 0
5.799455425586244e-06 2.366775449413237e-06 0
5.800300597561887e-06 2.056293105818303e-06 0
4.609962291641773e-06 2.827976147913909e-06 0
4.12698878659855e-06 2.779637825361717e-06 0
5.09612109946922e-06 2.525900638195665e-06 0
5.145588739907736e-06 1.977855975280898e-06 0
5.361594192792411e-06 2.140772040554488e-06 0
5.349893538742766e-06 2.340429483928514e-06 0
5.748817409606197e-06 2.934785838490684e-06 0
4.494841480209907e-06 3.312070352356902e-06 0
5.104831835846697e-06 1.785141484981577e-06 0
5.596970479015799e-06 2.565269394944025e-06 0
5.57590930172626e-06 2.924652793017776e-06 0
5.592615110825451e-06 2.935648971551347e-06 0
4.959159814500258e-06 1.60631290312667e-06 0
5.341703080908016e-06 2.480189694290756e-06 0
5.501090992610907e-06 2.128912747135236e-06 0
4.937903253170861e-06 2.857211841014001e-06 0
4.864255009460648e-06 2.041506050794102e-06 0
5.321162182164271e-06 2.238574149511882e-06 0
5.319992116759299e-06 2.258539893849252e-06 0
4.558349905508931e-06 2.524436757393188e-06 0
5.1799750383947e-06 2.871398130121167e-06 0
4.732948667477352e-06 1.913605133850924e-06 0
4.476315818847818e-06 2.740006719645671e-06 0
4.593256482542515e-06 2.816979969380383e-06 0
4.902476397591944e-06 3.165667571879925e-06 0
4.176131533608495e-06 1.941076563188783e-06 0
4.929908180452459e-06 2.10545650926548e-06 0
5.269354410915757e-06 2.826550301102159e-06 0
5.078247325430343e-06 2.534874390117007e-06 0
4.836368824858246e-06 1.629168372782214e-06 0
4.853074633957398e-06 1.64016455131569e-06 0
4.754984525055891e-06 2.425771533550768e-06 0
5.107171966657103e-06 1.745209996306648e-06 0
4.192317064161055e-06 2.553071684575831e-06 0
5.344043211717951e-06 2.44025820561587e-06 0
4.74594889524522e-06 2.876014087507434e-06 0
4.47800616279832e-06 2.119042032455405e-06 0
4.48015090849245e-06 2.97062608589085e-06 0
5.261034444766545e-06 1.78427837009538e-06 0
5.904695265728763e-06 2.643406105938066e-06 0
4.903841848113528e-06 2.254186285431779e-06 0
5.403000883709485e-06 2.914519729369984e-06 0
5.636557317668594e-06 2.777949629581495e-06 0
5.046848844146888e-06 2.182429759000094e-06 0
5.347553407932838e-06 2.380360972603398e-06 0
5.352233669552681e-06 2.300497995253716e-06 0
5.558358414150221e-06 3.224138887660703e-06 0
5.532812266858487e-06 2.771869791392443e-06 0
5.54217279009824e-06 2.612143836693177e-06 0
4.626668100741081e-06 2.838972326447491e-06 0
5.711848619365523e-06 3.201964313025743e-06 0
5.492575641346507e-06 1.978156358239592e-06 0
5.718591404330093e-06 2.562379667328681e-06 0
5.154949263147273e-06 1.818130020581772e-06 0
5.642732538122988e-06 2.968637507151906e-06 0
4.174441189656888e-06 2.562041250379833e-06 0
4.977035690081689e-06 1.597343335025749e-06 0
4.734963904858344e-06 1.583157045918364e-06 0
4.255954997772272e-06 2.947470230980011e-06 0
4.508752756757951e-06 1.890449278939481e-06 0
5.340533015503052e-06 2.500155438628228e-06 0
4.986850615063942e-06 2.910166120952059e-06 0
5.241793119742219e-06 2.704729222347222e-06 0
4.619322814880648e-06 2.668250193214518e-06 0
5.793929991991026e-06 2.757120770358775e-06 0
5.346383342527863e-06 2.400326716940862e-06 0
5.671139001271922e-06 2.779976242311069e-06 0
5.624856663618829e-06 2.977607072955851e-06 0
5.608150854519688e-06 2.966610894422309e-06 0
4.90715665921226e-06 3.08580459453e-06 0
5.360099233958008e-06 1.870221185634002e-06 0
4.960654774411534e-06 1.876863755749853e-06 0
5.609320919924625e-06 2.94664515008494e-06 0
5.338192884693066e-06 2.54008692730302e-06 0
5.339362950098068e-06 2.520121182965641e-06 0
5.156119328541071e-06 1.798164276245665e-06 0
5.314466683163966e-06 2.648885214794434e-06 0
5.291065375064758e-06 3.048200101543543e-06 0
5.431082453428707e-06 2.435341865271521e-06 0
5.21572678740312e-06 2.853458998513551e-06 0
5.547177945147584e-06 2.822797458600782e-06 0
5.509606343875157e-06 2.279669136030895e-06 0
4.104952929020472e-06 2.267471425662746e-06 0
5.335852753883138e-06 2.580018415977885e-06 0
5.779817450703343e-06 2.996486475666017e-06 0
4.658780145221749e-06 1.698898286484103e-06 0
4.236909057863051e-06 2.97640554112133e-06 0
5.608671133065408e-06 2.365611951569513e-06 0
5.342873146312989e-06 2.460223949953326e-06 0
5.414376644329497e-06 2.424345686737883e-06 0
5.791479166908943e-06 1.905815972484897e-06 0
5.810993690506248e-06 1.896645244560118e-06 0
5.823485017973498e-06 1.872352358985648e-06 0
5.809469049125036e-06 1.916955037859175e-06 0
5.831093441880063e-06 1.904940906142314e-06 0
5.875400755619777e-06 1.88374995543684e-06 0
5.258498928841407e-06 2.715725400880796e-06 0
5.790940074322134e-06 2.216019060517928e-06 0
5.271044754866745e-06 2.205585613911282e-06 0
4.858534190748566e-06 3.32336691384979e-06 0
4.788200758136567e-06 3.33927943272802e-06 0
4.869780443056562e-06 1.651160729849255e-06 0
4.507582691352931e-06 1.910415023276978e-06 0
4.634533665145839e-06 2.408695516827681e-06 0
5.432057133718102e-06 3.306891663044253e-06 0
5.114321867403118e-06 2.807447671649694e-06 0
5.304456373065175e-06 2.227577970978327e-06 0
5.69870029244545e-06 2.901797321065356e-06 0
5.46735448098282e-06 1.816403790810557e-06 0
4.778190448038491e-06 2.917972188911915e-06 0
4.761484638939355e-06 2.906976010378375e-06 0
5.774234265222865e-06 2.205022881984344e-06 0
4.377575923087432e-06 2.944580503363995e-06 0
4.657610079816761e-06 1.718864030821504e-06 0
5.6544331921728e-06 2.768980063777571e-06 0
4.120813566144359e-06 2.588949947791536e-06 0
5.39916579406444e-06 2.683900363124245e-06 0
5.174644989916198e-06 2.370227908955615e-06 0
4.481320973897417e-06 2.950660341553386e-06 0
5.676144156321497e-06 2.990629864218834e-06 0
5.33702281928811e-06 2.560052671640447e-06 0
5.585465210082291e-06 1.873411296207326e-06 0
5.346058449098202e-06 2.109810117683694e-06 0
5.440442976668453e-06 2.275615910571549e-06 0
5.437257673883284e-06 2.626029742841975e-06 0
5.403846055684766e-06 2.604037385774871e-06 0
5.444278066313069e-06 2.506235276817402e-06 0
5.410866448114656e-06 2.484242919750206e-06 0
5.240818439453441e-06 1.833179424574064e-06 0
4.893961046328427e-06 3.014911182984244e-06 0
5.108342032061344e-06 1.725244251969349e-06 0
4.254784932367258e-06 2.967435975317397e-06 0
5.414701537758154e-06 2.714862285995109e-06 0
4.779231005130761e-06 1.715974303206417e-06 0
5.383954943800398e-06 2.94345503951139e-06 0
5.584295144677344e-06 1.893377040545016e-06 0
5.144418674502783e-06 1.997821719618266e-06 0
4.832663243525969e-06 2.580581147904836e-06 0
4.647509054177027e-06 3.37105496818569e-06 0
4.138689440648536e-06 2.579980381987637e-06 0
5.070575045675856e-06 2.073631471509141e-06 0
4.332463650838223e-06 3.122245589672256e-06 0
5.296590808659839e-06 2.657854780598234e-06 0
5.947208159943651e-06 2.834449543488789e-06 0
5.108991818923969e-06 2.306277450483947e-06 0
5.323631821288099e-06 3.380674802205142e-06 0
5.322461755883105e-06 3.400640546542767e-06 0
4.907027150898994e-06 1.903772453161615e-06 0
5.180495316940496e-06 2.270399187268451e-06 0
5.460983875412218e-06 2.517231455350892e-06 0
5.788079664965946e-06 2.856949492045362e-06 0
4.439589389551205e-06 1.886396053480118e-06 0
5.21221659118853e-06 2.913356231526193e-06 0
4.993025835518037e-06 3.10085399852305e-06 0
5.251998814957589e-06 2.234520924052589e-06 0
4.069201180012121e-06 2.285410557270504e-06 0
4.94245400559128e-06 1.59531672418758e-06 0
4.926918261607148e-06 1.564354801935281e-06 0
5.385125009205373e-06 2.923489295173966e-06 0
5.533657438833763e-06 2.461387447797794e-06 0
5.514936392354346e-06 2.780839357196341e-06 0
5.48301973299061e-06 3.02939785504982e-06 0
5.80829567028031e-06 2.808048437566806e-06 0
5.471319078973999e-06 3.229055298402547e-06 0
4.156565315152694e-06 2.57101081618372e-06 0
4.541644096409909e-06 2.513440578859665e-06 0
5.239973267477691e-06 2.143661768169211e-06 0
4.318097972549187e-06 3.071317922463851e-06 0
4.2202032487639e-06 2.965409362587881e-06 0
5.027607519121335e-06 3.102880611252734e-06 0
4.651239474245017e-06 2.419691695361187e-06 0
4.42385826074004e-06 2.746949672719821e-06 0
5.729446886404466e-06 2.673204567549528e-06 0
5.014103476449265e-06 2.451055380309316e-06 0
5.000371121377073e-06 3.27157613175594e-06 0
4.051325305507878e-06 2.294380123074397e-06 0
4.034619496408725e-06 2.283383944540983e-06 0
4.039130723633533e-06 2.26561743591028e-06 0
5.325322165237983e-06 2.759710115014962e-06 0
5.551208419908501e-06 2.161901282735843e-06 0
5.222942564949255e-06 1.842148990378151e-06 0
5.089945879015119e-06 2.335212760625235e-06 0
5.638247661619449e-06 2.15698494239134e-06 0
4.714357129309773e-06 3.415089184618742e-06 0
5.12621790655049e-06 1.716274686167382e-06 0
5.692849965420696e-06 3.001626042752389e-06 0
5.206366264163511e-06 3.01318495321311e-06 0
5.618681443164412e-06 2.786919195385394e-06 0
5.854871268131096e-06 2.900895249745615e-06 0
5.381614812990556e-06 2.983386528186335e-06 0
5.47066929208162e-06 2.648022099908832e-06 0
4.712949445531454e-06 3.434556375702258e-06 0
4.712237176847877e-06 3.454748579426565e-06 0
4.692878444501475e-06 3.463976580671568e-06 0
4.713006796878781e-06 3.479290912943321e-06 0
5.12420266918852e-06 2.046722774097177e-06 0
5.838191820058329e-06 2.889931534907243e-06 0
4.310948071806616e-06 2.009080247119868e-06 0
5.261488846510842e-06 3.256827110721663e-06 0
5.733802254594627e-06 2.302824990941864e-06 0
4.611327742162834e-06 1.916494861465936e-06 0
5.305626438470138e-06 2.207612226640944e-06 0
4.838708955668189e-06 1.589236884107479e-06 0
4.822003146569036e-06 1.578240705573804e-06 0
4.839879021073367e-06 1.569271139770085e-06 0
4.804127272064877e-06 1.587210271377732e-06 0
4.805297337469759e-06 1.567244527040249e-06 0
4.788591528370541e-06 1.556248348506832e-06 0
4.770715653866553e-06 1.565217914310769e-06 0
4.7540098447675e-06 1.554221735777241e-06 0
5.294900464709315e-06 3.278819467788689e-06 0
5.228922400287605e-06 2.924352410059747e-06 0
5.524296915594067e-06 2.621113402497104e-06 0
5.126867693428173e-06 2.297307884680076e-06 0
5.652417954792527e-06 3.099428151709608e-06 0
5.17581505532108e-06 2.350262164618148e-06 0
4.087077054516251e-06 2.276440991466626e-06 0
5.073240069915811e-06 2.324216582091765e-06 0
5.51376632694935e-06 2.800805101533714e-06 0
4.122828803524693e-06 2.258501859858861e-06 0
5.028777584526536e-06 3.082914866915231e-06 0
5.35892916855296e-06 1.890186929971333e-06 0
5.609841198470393e-06 2.345646207232056e-06 0
5.46852454638788e-06 1.796438046472999e-06 0
5.261163953081336e-06 2.966310511464219e-06 0
5.355418972337822e-06 1.950084162983909e-06 0
5.324152099832953e-06 2.779675859352667e-06 0
5.414181259213914e-06 3.315861228848216e-06 0
5.460463596866594e-06 3.118230398203609e-06 0
4.876085171824331e-06 3.023880748788131e-06 0
5.886819532476698e-06 2.652375702229094e-06 0
5.187320324254426e-06 3.042120263354255e-06 0
5.2467982747918e-06 2.915382844255851e-06 0
5.106326794684244e-06 2.055692339901257e-06 0
5.215922172519522e-06 1.961943456402695e-06 0
5.610361477015731e-06 1.744647264379142e-06 0
5.143248609097816e-06 2.017787463955625e-06 0
5.232952875048386e-06 2.263456234193879e-06 0
5.621541852520331e-06 2.145988763857781e-06 0
4.661445169460358e-06 1.949483397066635e-06 0
5.440863944800778e-06 1.674666798640069e-06 0
4.335973847053339e-06 3.062348356659945e-06 0
5.255184117742873e-06 1.884107091782225e-06 0
5.571229040106254e-06 3.00451577036731e-06 0
5.576104686842429e-06 2.033137250907018e-06 0
5.331692770808782e-06 2.0588824504752e-06 0
4.365234996092462e-06 1.733760071433481e-06 0
4.356112270651602e-06 1.705629547146063e-06 0
4.334478888218781e-06 2.791797501739565e-06 0
4.369060571822607e-06 2.793824114468988e-06 0
4.415667802906046e-06 2.886709883081589e-06 0
5.315636748569068e-06 2.628919470456825e-06 0
5.424157634446323e-06 1.663654540765151e-06 0
5.486400420892131e-06 1.787468480668857e-06 0
5.274359565965637e-06 3.037203923010144e-06 0
5.751678129098851e-06 2.293855425138008e-06 0
5.7408226470246e-06 2.18303052491733e-06 0
5.36256887308151e-06 3.012321838327721e-06 0
5.142078543692769e-06 2.037753208293043e-06 0
4.868610377651602e-06 1.67112647418667e-06 0
4.748613919484521e-06 3.126599198090148e-06 0
5.243612972006549e-06 3.265796676525666e-06 0
5.645592947478729e-06 2.327707075624086e-06 0
5.08845092018005e-06 2.064661905705234e-06 0
4.780401070535799e-06 1.696008558868978e-06 0
5.334682688478158e-06 2.599984160315377e-06 0
5.544708306024686e-06 1.6806968059075e-06 0
4.679321043964624e-06 1.940513831262768e-06 0
4.404812320830897e-06 2.775884982861112e-06 0
4.796066322542692e-06 2.90900262310804e-06 0
5.382784878395425e-06 2.963420783848866e-06 0
5.721256428569388e-06 2.812964777911596e-06 0
4.903646462997053e-06 3.145701827542417e-06 0
4.905986593807166e-06 3.105770338867447e-06 0
4.904816528402132e-06 3.125736083204934e-06 0
5.851602441339194e-06 2.940634227343157e-06 0
5.439272911263434e-06 2.295581654909027e-06 0
5.651247847743948e-06 3.119393813053323e-06 0
5.68784481037111e-06 2.790972420844584e-06 0
4.841373979907573e-06 1.839821994690134e-06 0
4.867440312246592e-06 1.691092218524145e-06 0
5.586764783800335e-06 3.035477693238136e-06 0
4.697196918468774e-06 1.931544265458892e-06 0
5.427572257213836e-06 2.495239098283782e-06 0
5.312646830899684e-06 2.087817760616421e-06 0
4.338313977863299e-06 3.022416867984992e-06 0
5.523776637048925e-06 3.222112345349563e-06 0
5.911390934230827e-06 2.233095077239568e-06 0
4.968129568583809e-06 3.229618030351331e-06 0
5.653588020197535e-06 3.079462407372283e-06 0
5.699220570991312e-06 2.300798378212267e-06 0
5.142403437122608e-06 2.328269807550923e-06 0
4.333308822813865e-06 2.811763246077017e-06 0
4.751994607386593e-06 1.884669823709819e-06 0
5.278194655610105e-06 3.267823289255155e-06 0
4.983860697394532e-06 2.369064411111492e-06 0
5.143573502527464e-06 2.308304063213578e-06 0
5.887664732702206e-06 2.341893364730905e-06 0
5.817331300090402e-06 2.357805883609283e-06 0
5.570254359817679e-06 2.13296597259459e-06 0
5.789436752577975e-06 1.945480929951494e-06 0
4.644414466932575e-06 1.647970619275699e-06 0
5.627717072974542e-06 2.336676641428084e-06 0
5.505446360801242e-06 1.758533170527624e-06 0
5.335202967023562e-06 1.998985217462686e-06 0
5.81349621044599e-06 2.127186517363996e-06 0
5.805305752611295e-06 2.266946727726216e-06 0
5.332862836213706e-06 2.038916706137645e-06 0
4.857364125343581e-06 3.343332658187328e-06 0
5.831372084950083e-06 2.11821695156005e-06 0
4.768700416485726e-06 1.895666002243274e-06 0
5.686674744966223e-06 2.810938165181997e-06 0
5.038658386312331e-06 2.322189969362225e-06 0
4.446739290294078e-06 2.948633728823568e-06 0
5.056534260816547e-06 2.313220403558295e-06 0
4.628033551262229e-06 1.927491039999687e-06 0
4.43354367741007e-06 2.877740317277699e-06 0
5.192325479303356e-06 3.252773885262925e-06 0
5.604836043421181e-06 2.134992585324217e-06 0
4.202331666007538e-06 2.974377273346131e-06 0
4.642074336122639e-06 1.687902107950585e-06 0
5.018442380997992e-06 2.371091023841008e-06 0
4.715072792973043e-06 1.922574699654957e-06 0
5.00154118678207e-06 3.251610387418507e-06 0
5.636882211098224e-06 3.068466228838738e-06 0
4.430033481194936e-06 2.937637550289978e-06 0
5.159109246221862e-06 2.339265986084529e-06 0
5.432577412262974e-06 2.705892720191323e-06 0
4.625368527023443e-06 1.676905929417068e-06 0
5.199216363420308e-06 1.950947277869147e-06 0
5.241988504858464e-06 1.813213680236644e-06 0
4.746273788674474e-06 3.166530686765123e-06 0
4.321608168764123e-06 3.01142068945136e-06 0
4.547494423435077e-06 2.413611857172563e-06 0
4.664435087129237e-06 2.490585106907226e-06 0
5.701235808372038e-06 1.970350290279765e-06 0
5.80881594882603e-06 2.20704949471389e-06 0
5.425296011208908e-06 1.642754614302236e-06 0
5.728276820999487e-06 2.693170311887036e-06 0
5.019092167857357e-06 2.95212422235673e-06 0
5.354248906932729e-06 1.970049907321434e-06 0
4.733598454336356e-06 2.494638332366611e-06 0
5.806475818016244e-06 2.246980983388786e-06 0
4.833313030385288e-06 3.161614346420625e-06 0
4.184537449788825e-06 2.983326882313565e-06 0
5.344692998577341e-06 3.021291404131669e-06 0
4.786576290989945e-06 1.886696436439389e-06 0
4.813942197046883e-06 2.900033057304166e-06 0
4.135699522979213e-06 2.038878672147704e-06 0
4.118993713879923e-06 2.027882493614782e-06 0
4.117989154883629e-06 2.007828797667051e-06 0
4.091098716878665e-06 2.020591530370427e-06 0
4.105870575246328e-06 1.986156862403697e-06 0
4.054951757978492e-06 2.001662804104095e-06 0
4.060837979488914e-06 2.056133218394353e-06 0
4.055785404329725e-06 2.099132896131306e-06 0
4.099354053828525e-06 2.048624507040684e-06 0
4.137011813219381e-06 1.960149064294048e-06 0
5.761525395447058e-06 1.848586491473356e-06 0
4.83298813695581e-06 2.8710977471629e-06 0
5.334032901618649e-06 2.018950961800183e-06 0
4.950253694079563e-06 3.23858759615531e-06 0
5.681344696487122e-06 2.309767944016111e-06 0
4.787746356394937e-06 1.866730692102041e-06 0
5.786259812702127e-06 2.29588203786753e-06 0
5.663468821982904e-06 2.31873750982009e-06 0
4.65006940884009e-06 2.439657439698624e-06 0
4.840203914502504e-06 1.85978773902752e-06 0
4.644739360361244e-06 1.938487218533144e-06 0
5.787429878107197e-06 2.275916293530129e-06 0
5.182510554321069e-06 1.939951099335684e-06 0
5.343393424858682e-06 1.859225007100206e-06 0
5.551533313337888e-06 2.452417881993772e-06 0
5.620176401998928e-06 3.057470050305178e-06 0
5.490365018870386e-06 3.200119988269272e-06 0
4.93257320469201e-06 2.356041619848501e-06 0
4.914697330187859e-06 2.365011185652459e-06 0
4.377945853935873e-06 3.235559200297479e-06 0
5.25986437936221e-06 1.804244114432625e-06 0
5.326817124073186e-06 3.030260969935712e-06 0
4.805622230899123e-06 1.857761126298069e-06 0
4.998551269113139e-06 2.710508677577572e-06 0
5.685829446218581e-06 3.121420256126011e-06 0
5.812326145040919e-06 2.147152261701498e-06 0
4.858209297320194e-06 3.032850314592017e-06 0
5.604640658304683e-06 3.026508127434334e-06 0
5.834362002619626e-06 2.659318661400759e-06 0
4.765840007129412e-06 2.53659643377108e-06 0
4.984835377682939e-06 3.240614208884914e-06 0
4.337143912458339e-06 3.042382612322494e-06 0
5.611856435850804e-06 2.01519811929916e-06 0
5.164634679816889e-06 1.948920665139584e-06 0
5.111136564617006e-06 3.157861503920322e-06 0
4.804581673807081e-06 3.05975901200381e-06 0
4.413652565524232e-06 3.217157971014386e-06 0
5.216247065949178e-06 2.25246005566037e-06 0
4.611977529021745e-06 2.497528059981536e-06 0
4.431203546599974e-06 2.917671805952598e-06 0
5.380444747585633e-06 3.003352272523817e-06 0
4.648899343435242e-06 2.459623184036037e-06 0
4.414497737500975e-06 2.906675627418963e-06 0
5.017922102452453e-06 2.972089966694219e-06 0
4.980675394608812e-06 2.71947824338149e-06 0
5.786909599561275e-06 2.876915236383517e-06 0
4.734118732882365e-06 1.893639389513701e-06 0
4.895651390278703e-06 2.393946495793755e-06 0
4.413847950640746e-06 2.325642428904459e-06 0
5.807645883421176e-06 2.227015239051252e-06 0
4.816282327856741e-06 2.860101568629454e-06 0
5.506616426206289e-06 1.738567426190162e-06 0
4.903321569567326e-06 2.855185228284473e-06 0
4.167815208169259e-06 2.972338962960207e-06 0
5.17295464596516e-06 2.99119259614596e-06 0
5.512921154974019e-06 3.111287445129248e-06 0
4.749134198030131e-06 2.525600255237515e-06 0
5.809986014230881e-06 2.187083750376705e-06 0
5.329352639998875e-06 2.098813939150059e-06 0
4.290732066492345e-06 2.057981301598755e-06 0
4.856584830172405e-06 1.580267318303597e-06 0
4.857754895577473e-06 1.560301573966296e-06 0
4.806467402874588e-06 1.547278782702756e-06 0
4.823173211973879e-06 1.558274961236119e-06 0
4.873290639271483e-06 1.591263496836988e-06 0
4.874460704676626e-06 1.571297752499567e-06 0
4.875630770081834e-06 1.55133200816199e-06 0
4.858924960982639e-06 1.540335829628657e-06 0
4.841049086478238e-06 1.549305395432714e-06 0
5.489390338560965e-06 2.328570190509318e-06 0
4.74744385407955e-06 3.146564942427637e-06 0
5.712091290445816e-06 2.081175190500943e-06 0
5.308941249568986e-06 3.039230535739681e-06 0
5.667953252139381e-06 3.130389185033399e-06 0
4.913527264782752e-06 2.384976929989875e-06 0
5.593980561346572e-06 2.024167685103014e-06 0
5.419381799379091e-06 2.634999308645834e-06 0
4.831818071550995e-06 2.891063491500254e-06 0
5.160799585799672e-06 1.718301299427881e-06 0
4.646559212625087e-06 2.499554672711009e-06 0
5.899690261298871e-06 2.432752519507272e-06 0
5.73796223766855e-06 2.823960956445318e-06 0
5.526796569426627e-06 1.689684366210659e-06 0
4.84033342281602e-06 3.041819880395966e-06 0
5.488220273156006e-06 2.348535934847582e-06 0
5.187645217683268e-06 3.332636862612386e-06 0
5.784764853867686e-06 2.025331182947642e-06 0
4.594101654517618e-06 2.506497625785358e-06 0
5.343198039741905e-06 2.750740549211195e-06 0
5.487570486297213e-06 1.767502736331563e-06 0
5.507786491611192e-06 1.718601681852752e-06 0
5.74550290864411e-06 2.103167547567852e-06 0
4.395784197256766e-06 3.22620455309754e-06 0
4.531958679740706e-06 2.382649934301665e-06 0
5.525656389099743e-06 1.709635115131986e-06 0
4.894481324873759e-06 2.413912240131193e-06 0
4.415018016045766e-06 2.305676684567056e-06 0
5.502065672899537e-06 3.000462544908198e-06 0
4.421843023359724e-06 3.077397760652365e-06 0
5.853333497692665e-06 2.920637098544049e-06 0
4.49620693073211e-06 2.400589065909563e-06 0
5.189660455064322e-06 3.002188774679516e-06 0
5.764548848553497e-06 2.074232237426489e-06 0
5.719260805108022e-06 3.143413650529172e-06 0
4.150168439541816e-06 2.981301231885142e-06 0
4.944794131107177e-06 1.555385246802287e-06 0
4.928088326962958e-06 1.544389057702972e-06 0
4.910212453284585e-06 1.553358621745757e-06 0
4.911216337320887e-06 1.533061686116939e-06 0
4.893478947557848e-06 1.54230724409406e-06 0
4.895592199439804e-06 1.520504950209611e-06 0
4.962669743148345e-06 1.546416136300843e-06 0
4.909042387848904e-06 1.573324366148295e-06 0
4.892331962870915e-06 1.562318987280442e-06 0
4.945964097078637e-06 1.535419669410015e-06 0
4.946900162366986e-06 1.519447049134636e-06 0
4.929258393594407e-06 1.524423310750574e-06 0
4.935545119947584e-06 1.501545251250085e-06 0
4.576225780013516e-06 2.515467191589189e-06 0
5.702538390142653e-06 3.132416298063418e-06 0
4.893311259468815e-06 2.433877984468606e-06 0
4.665605152534339e-06 2.47061936256961e-06 0
5.145263844341587e-06 1.687339376381387e-06 0
5.661973863148618e-06 2.048186654900025e-06 0
4.787875864707963e-06 3.048762833470311e-06 0
5.477169405965659e-06 3.129226576737173e-06 0
5.498555476684806e-06 3.060359777921004e-06 0
5.607176174231207e-06 2.095061096649076e-06 0
5.737140120093115e-06 3.134444566988057e-06 0
5.206691157592448e-06 3.303701552471083e-06 0
4.434713742815069e-06 2.857774572940334e-06 0
4.80308671497246e-06 2.789208157083445e-06 0
5.507070827949501e-06 3.211116166815589e-06 0
4.822457548311631e-06 3.050789446199932e-06 0
5.534502610809278e-06 2.150905104202327e-06 0
4.892141194063902e-06 2.453843728806064e-06 0
5.198371191445171e-06 2.261429621464184e-06 0
4.514082805236429e-06 2.391619500105451e-06 0
4.804256780377196e-06 2.769242412745924e-06 0
5.660803797743528e-06 2.068152399237521e-06 0
5.728797099544898e-06 2.092171369034427e-06 0
4.418007933716107e-06 2.84677839440678e-06 0
4.819792524071526e-06 2.80020433561705e-06 0
4.480671187037773e-06 2.369627143038729e-06 0
5.736792172263731e-06 2.84392670078269e-06 0
4.651564367674534e-06 2.710208294618767e-06 0
4.817452393261586e-06 2.840135824291969e-06 0
5.223396966692211e-06 3.3146977310045e-06 0
4.45843994434365e-06 2.74897628544949e-06 0
4.649224236864751e-06 2.750139783293915e-06 0
4.665930045963855e-06 2.761135961827273e-06 0
5.802640608851654e-06 2.016361798950902e-06 0
5.627392179545168e-06 2.046160042170076e-06 0
4.787550971278055e-06 2.75824623421244e-06 0
5.803615408660303e-06 2.88791141491672e-06 0
4.121046066266453e-06 2.048408814315362e-06 0
4.09146393237893e-06 2.072189760088112e-06 0
4.385766380922337e-06 2.804820293002287e-06 0
5.782424723057658e-06 2.065262671622438e-06 0
4.838513570551473e-06 2.480752426217909e-06 0
4.463965377938614e-06 2.358630964505213e-06 0
4.618152749476212e-06 2.688215937551712e-06 0
4.890971128658983e-06 2.473809473143367e-06 0
5.345538170551984e-06 2.710809060536267e-06 0
4.309778006401488e-06 2.029045991457419e-06 0
5.497385411279896e-06 3.080325522258656e-06 0
4.650394302269632e-06 2.730174038956339e-06 0
5.144093777851784e-06 1.707305120770286e-06 0
5.81115607963595e-06 2.167118006039132e-06 0
5.536647356502694e-06 3.002489157637753e-06 0
4.738278715956394e-06 2.414775355016954e-06 0
5.500895607494462e-06 3.02042828924598e-06 0
4.752969287674973e-06 2.756219621482826e-06 0
4.937121575537781e-06 3.498742796488585e-06 0
4.835328267765599e-06 2.831166258488039e-06 0
4.740618846765963e-06 2.374843866342098e-06 0
4.836498333170522e-06 2.811200514150556e-06 0
4.419177999120963e-06 2.826812650069262e-06 0
4.616982684071478e-06 2.70818168188937e-06 0
5.344368105146905e-06 2.730774804873709e-06 0
4.754139353079496e-06 2.736253877144911e-06 0
4.54664925145985e-06 2.724094200767551e-06 0
4.873095254154693e-06 2.48277903894736e-06 0
4.772340121013985e-06 3.017800910599419e-06 0
4.402472190021688e-06 2.815816471535754e-06 0
4.447259568839325e-06 2.347634785971746e-06 0
4.73743354398031e-06 2.725257698611574e-06 0
5.789249730370918e-06 2.83698374770811e-06 0
4.820637696047231e-06 2.489721992021944e-06 0
5.623881983330318e-06 2.106057275182817e-06 0
4.78488594703892e-06 2.507661123629821e-06 0
4.430553759740071e-06 2.33663860743815e-06 0
4.802761821543007e-06 2.498691557825945e-06 0
5.499725542089693e-06 3.040394033583422e-06 0
4.783715881633786e-06 2.527626867967022e-06 0
4.377953323470547e-06 3.255457578666636e-06 0
5.900860339527253e-06 2.412786775921291e-06 0
5.495045280469885e-06 3.120257010933226e-06 0
5.36458411046109e-06 2.681873750394545e-06 0
5.363414045055834e-06 2.70183949473217e-06 0
5.803810655347822e-06 1.996396084974244e-06 0
5.771373855866898e-06 2.845953313512141e-06 0
5.821709163647213e-06 1.98743083519621e-06 0
5.936612093858912e-06 2.394847644625636e-06 0
5.918736215310403e-06 2.403817210192316e-06 0
5.753822874791616e-06 3.145439478572596e-06 0
5.233480192123043e-06 1.662471401124321e-06 0
5.163139656766658e-06 1.678369818681842e-06 0
5.214427199283664e-06 1.691392649599355e-06 0
5.232304973951869e-06 1.682426871938312e-06 0
5.148774042331118e-06 1.627442142990371e-06 0
5.216771141870415e-06 1.651470122613759e-06 0
5.164309411721852e-06 1.658404137573899e-06 0
5.147603789007759e-06 1.647407935511875e-06 0
5.151068491294067e-06 1.587582503034715e-06 0
5.217889990448474e-06 1.631502295039275e-06 0
5.235744772699521e-06 1.622629509717037e-06 0
5.16664862556373e-06 1.618474413665676e-06 0
5.149936836333047e-06 1.607489771855626e-06 0
5.83841543629775e-06 1.998429749714553e-06 0
5.168964265725965e-06 1.578673874257955e-06 0
5.852724287423682e-06 1.991255589113442e-06 0
5.872966120100835e-06 2.000442794923603e-06 0
5.862689997106333e-06 1.976614066255711e-06 0
5.341847700076782e-06 1.567412731020931e-06 0
5.325362918416807e-06 1.556013223748862e-06 0
5.310006042519148e-06 1.535206498631634e-06 0
5.331881703046162e-06 1.496256398991946e-06 0
5.103336877015777e-06 1.514590630060825e-06 0
4.249135268061539e-06 1.885176679473858e-06 0
5.17043989568684e-06 1.560123395754409e-06 0
4.326099121564295e-06 1.770326617613227e-06 0
4.999628381251165e-06 1.508507412932018e-06 0
4.982580830192517e-06 1.501274568346241e-06 0
4.978521157125395e-06 2.468917033232017e-06 0
5.016321904737675e-06 1.519532482822827e-06 0
5.034686513551578e-06 1.508030871290885e-06 0
4.037565761117814e-06 2.246349912130263e-06 0
4.587144494728856e-06 3.421317108429718e-06 0
4.61018799412098e-06 3.429577632151828e-06 0
4.632866732609537e-06 3.444329547015483e-06 0
5.663069514471309e-06 3.20984664528365e-06 0
5.359890838804961e-06 1.59781311136683e-06 0
5.070015462847406e-06 3.503417869653036e-06 0
5.27285066236628e-06 1.58517848591111e-06 0
5.219902964520061e-06 1.591709182897034e-06 0
5.951965716433822e-06 2.716216877052623e-06 0
5.966759673740055e-06 2.704863748210658e-06 0
5.982911246829305e-06 2.707115174734679e-06 0
4.022379613822823e-06 2.132066893040951e-06 0
5.529172562330344e-06 1.649734883036683e-06 0
5.546212365658542e-06 1.663992888016144e-06 0
5.793931220548817e-06 3.046931585846948e-06 0
5.81041876890326e-06 3.05747959211134e-06 0
5.809924921927345e-06 3.078531477765132e-06 0
5.830455662136394e-06 3.060951098357804e-06 0
5.837214376970517e-06 3.091438066896193e-06 0
5.808750473382266e-06 3.097940244443549e-06 0
4.093251850630344e-06 2.177015549890471e-06 0
4.996778388704914e-06 1.490061973749652e-06 0
4.962710018216926e-06 1.508619980655655e-06 0
4.961062820422208e-06 1.473498477400864e-06 0
4.945534169777036e-06 1.380064111009101e-06 0
4.98309199612166e-06 3.508532330148922e-06 0
5.236731434476404e-06 1.603149864368998e-06 0
5.253863008993679e-06 1.614292736915939e-06 0
5.962959403685222e-06 2.789398858503631e-06 0
5.81467106459902e-06 2.997899175172482e-06 0
4.231690838684619e-06 3.171283269154823e-06 0
4.075204160695283e-06 2.187229126882719e-06 0
4.232928776900954e-06 1.876578545429806e-06 0
4.076751102999055e-06 2.086234941465889e-06 0
4.559040986624898e-06 3.374870956770784e-06 0
5.559638557656867e-06 1.673196204256214e-06 0
5.036323562195314e-06 1.481238743766409e-06 0
5.260521409354617e-06 1.555624306341214e-06 0
5.246613907137731e-06 1.543662044312792e-06 0
4.629186322682029e-06 3.399897458851389e-06 0
5.730974544694591e-06 1.803100015842774e-06 0
5.872211021805848e-06 2.020435686807827e-06 0
5.776652034744198e-06 3.016554306740096e-06 0
5.79689829150628e-06 3.00632555042502e-06 0
4.22647914573866e-06 3.138919666067102e-06 0
4.060134414114541e-06 2.197631123663644e-06 0
4.249009862467052e-06 1.846130027055688e-06 0
5.153819258692876e-06 1.549103134521646e-06 0
4.763304491202424e-06 3.468043464556608e-06 0
4.997682515600145e-06 2.480523921499839e-06 0
4.646056276813729e-06 3.410534968316773e-06 0
5.011742972350807e-06 2.512475103403036e-06 0
4.55744339820428e-06 3.425398659603058e-06 0
4.522186245212904e-06 3.408131523404609e-06 0
4.463254165099604e-06 3.418354061819883e-06 0
4.496300519621804e-06 3.384629825220721e-06 0
4.364255451899536e-06 3.378238098578496e-06 0
4.356426698870511e-06 3.323386722074134e-06 0
5.768112341149395e-06 3.135003639660497e-06 0
5.771915464196063e-06 3.15544581835835e-06 0
4.460707833252191e-06 3.348903983420992e-06 0
5.112687931715953e-06 1.484668172939996e-06 0
5.927329816752242e-06 2.884705535693838e-06 0
5.708705140819968e-06 1.791836641662007e-06 0
5.69379524655064e-06 1.777984485944205e-06 0
5.677248846279324e-06 1.78853454544364e-06 0
5.252603644452327e-06 1.526727062660017e-06 0
5.279964284088451e-06 1.519231669044318e-06 0
5.013983190963536e-06 2.490407871976469e-06 0
4.727140346877294e-06 3.442825095452836e-06 0
4.834563203852277e-06 3.449062985928995e-06 0
4.67760134383079e-06 3.454345779764879e-06 0
4.659623122563734e-06 3.44513573228319e-06 0
4.750720410795052e-06 3.458174518636983e-06 0
4.743831947566098e-06 3.480324730006898e-06 0
4.152952573603842e-06 1.93245154082848e-06 0
5.86727893492606e-06 2.949671204903479e-06 0
5.423851393487204e-06 1.603577891352809e-06 0
5.428173615083625e-06 1.58108372686845e-06 0
5.751016465186974e-06 3.162208412693151e-06 0
5.642063842863037e-06 1.619474416475411e-06 0
5.648884284237589e-06 1.685655022138905e-06 0
5.688392542313378e-06 1.726899674971921e-06 0
5.714787474923066e-06 1.767985212044445e-06 0
5.758025019857065e-06 1.731604299799113e-06 0
5.608917784642563e-06 1.671481953431247e-06 0
5.648433601511324e-06 1.723832811793722e-06 0
5.660823173158189e-06 1.747559555947566e-06 0
5.628745457034684e-06 1.734455136035635e-06 0
5.641735199153515e-06 1.745648926308684e-06 0
5.646082187138578e-06 1.764672508408921e-06 0
5.683786762189314e-06 1.757249045374868e-06 0
4.333924729480078e-06 3.278185136153305e-06 0
5.11681785359482e-06 1.529137117300063e-06 0
5.142743922839207e-06 1.518690410975449e-06 0
5.824547893844976e-06 3.04529962152382e-06 0
4.380732197167767e-06 1.704442489906304e-06 0
4.912493096349526e-06 1.439165678690959e-06 0
4.850367538284951e-06 3.459034882999625e-06 0
4.863955990461603e-06 3.471057903155933e-06 0
4.855401326674357e-06 3.489010344294367e-06 0
4.304056783469655e-06 1.75925430394592e-06 0
5.619189593264325e-06 1.706924111602576e-06 0
4.797160463527022e-06 3.466769308324202e-06 0
4.284032243098378e-06 1.55589862721269e-06 0
4.249166828185699e-06 1.657192268003376e-06 0
4.398172260028306e-06 1.55060325672973e-06 0
4.525169184273314e-06 1.629664905248773e-06 0
4.326550814748141e-06 1.639815457859672e-06 0
4.410935063034362e-06 1.619826959533377e-06 0
4.469899197666034e-06 1.577050980265905e-06 0
5.731693432577231e-06 3.430251492150791e-06 0
5.784727787482082e-06 3.328508942953992e-06 0
5.614653713987204e-06 3.437005563854931e-06 0
5.479834430205852e-06 3.379811687319518e-06 0
5.409735010674942e-06 3.391731057330599e-06 0
5.689931847304782e-06 3.359019038963681e-06 0
5.424082512894471e-06 3.383756774913985e-06 0
5.433718875765926e-06 3.399432611393665e-06 0
5.445994700427373e-06 3.37540527664253e-06 0
5.601701407469477e-06 3.363558646268883e-06 0
5.5693466609139e-06 3.333930323911811e-06 0
5.553013998370243e-06 3.395563499139e-06 0
5.513376164372376e-06 3.383656189378577e-06 0
5.495047249209308e-06 3.433590397259476e-06 0
4.224173372220052e-06 1.833207711309859e-06 0
4.166349152869852e-06 1.828911028570448e-06 0
4.187188380518104e-06 1.727582402619704e-06 0
4.059494401268888e-06 1.784997897584597e-06 0
3.866765546220255e-06 1.648398562958696e-06 0
3.776786362406307e-06 2.050629848433997e-06 0
3.756228703245609e-06 2.29550957049512e-06 0
4.00860489310903e-06 2.050844304652157e-06 0
6.31460925606165e-06 3.593268623732397e-06 0
6.157517821299409e-06 3.2146207958469e-06 0
6.257925171507316e-06 2.919602736576596e-06 0
6.244847672551929e-06 2.69660206816411e-06 0
6.272149893790754e-06 2.353719728272346e-06 0
6.182444070421901e-06 2.526053005342992e-06 0
5.965216090061565e-06 2.495819679487265e-06 0
6.119926688522005e-06 2.378064224575315e-06 0
5.954487968976131e-06 2.385878078858282e-06 0
6.065481917879023e-06 2.457184075974553e-06 0
6.069099858364883e-06 2.56116629117606e-06 0
6.119178978883946e-06 2.676637853311838e-06 0
6.022141231416488e-06 2.503119481260014e-06 0
6.032374566545191e-06 2.383952188996964e-06 0
6.037431652350606e-06 2.302762004634213e-06 0
5.996654455486444e-06 2.339078312215683e-06 0
5.940122290810097e-06 2.334950411656807e-06 0
5.955658034483777e-06 2.365912334526947e-06 0
5.97236384357932e-06 2.376908513060827e-06 0
5.97119377817285e-06 2.396874257397738e-06 0
5.974186923303424e-06 2.35544732980911e-06 0
6.012308387502675e-06 2.430909497324043e-06 0
5.999691800829255e-06 2.475205070801004e-06 0
5.966213694310328e-06 2.476573691440403e-06 0
5.99710791890118e-06 2.508327201159558e-06 0
5.9820965197991e-06 2.484977229551036e-06 0
5.94975737914702e-06 2.465713778018187e-06 0
5.967346872404386e-06 2.456723374432744e-06 0
5.968797525767505e-06 2.436797726544845e-06 0
5.956798877194896e-06 2.345878338173238e-06 0
5.938947354949189e-06 2.354904780657881e-06 0
5.957772197168236e-06 2.32595651338571e-06 0
5.94125469485715e-06 2.314980611908123e-06 0
5.959124292468244e-06 2.30601037020226e-06 0
5.960330973082188e-06 2.28604856862552e-06 0
5.928096743330161e-06 2.244091255772806e-06 0
5.916528913130284e-06 2.17469999411201e-06 0
5.919843201172831e-06 2.152285553477358e-06 0
5.929266808734544e-06 2.224125511435233e-06 0
5.945972617834074e-06 2.235121689968196e-06 0
5.947142683238381e-06 2.215155945630704e-06 0
5.973458678063587e-06 2.298838344899076e-06 0
5.978214170628099e-06 2.277079791374182e-06 0
5.944802552429598e-06 2.255087434306051e-06 0
5.968870436130815e-06 2.250524916548068e-06 0
5.929789536945204e-06 2.205143226174415e-06 0
5.947345816434537e-06 2.194933842803948e-06 0
5.964868038423364e-06 2.200187651749652e-06 0
5.926926677925425e-06 2.264057000110615e-06 0
5.943631266517787e-06 2.27505304721851e-06 0
5.899994054305867e-06 2.142078163621122e-06 0
5.900640230083029e-06 2.122243884063021e-06 0
5.918411326661782e-06 2.113300611214559e-06 0
5.919581392066165e-06 2.093334866877068e-06 0
5.943541471123199e-06 2.108627563354071e-06 0
5.939328399636983e-06 2.073542572192957e-06 0
5.993088332051626e-06 2.093235348988798e-06 0
5.893910062734757e-06 2.014730191622069e-06 0
5.896329500397172e-06 1.985430500645511e-06 0
5.935101467928817e-06 2.133839889346284e-06 0
5.914798056030465e-06 2.132749620344469e-06 0
5.94135686992584e-06 2.157119369230586e-06 0
5.963181890189231e-06 2.142919752844958e-06 0
5.958278304878649e-06 2.177629365467637e-06 0
5.936431806361233e-06 2.176398009139008e-06 0
5.953317902810402e-06 2.40584382315036e-06 0
5.912453110103211e-06 2.213293242748147e-06 0
5.913229153839445e-06 2.194588634109271e-06 0
5.975779880536619e-06 2.31809604673699e-06 0
5.993749914321919e-06 2.308041714245224e-06 0
6.018876422025817e-06 2.243624846637757e-06 0
6.13082627448495e-06 2.256804522854264e-06 0
5.997103260675792e-06 2.181978408560998e-06 0
5.952138478945349e-06 2.425808230614498e-06 0
5.970012799146206e-06 2.416838442317751e-06 0
5.990208871645741e-06 2.409937525023789e-06 0
5.98718906039418e-06 2.390184264796535e-06 0
5.995784656628962e-06 2.374138781686738e-06 0
5.985763726331282e-06 2.428279639477581e-06 0
5.985573286907742e-06 2.446647237901022e-06 0
6.045350306721218e-06 2.637647527982953e-06 0
5.973412317804782e-06 2.647433199276415e-06 0
5.974954434160011e-06 2.627489257968009e-06 0
5.959493118844069e-06 2.596531699628677e-06 0
5.991151733213971e-06 2.677903879512197e-06 0
6.030710671507723e-06 2.700092019354204e-06 0
5.991089350957488e-06 2.756486941755074e-06 0
5.97268873703313e-06 2.667425112319179e-06 0
5.958310604523922e-06 2.61649670700736e-06 0
5.976184451046442e-06 2.607527028486246e-06 0
5.977368998652832e-06 2.587562134969835e-06 0
5.994074807751874e-06 2.598558313503544e-06 0
5.960682650137971e-06 2.576209673691835e-06 0
5.978832529305676e-06 2.567500337675717e-06 0
5.991810187833666e-06 2.616456480372097e-06 0
5.994835487797417e-06 2.636230973674086e-06 0
5.959169879757697e-06 2.268758751614466e-06 0
5.982719304344901e-06 2.467669795770665e-06 0
6.208253806471483e-06 2.044280494264584e-06 0
5.902875582966799e-06 2.082338688344139e-06 0
5.900675710060471e-06 2.063855054000982e-06 0
5.886948998635679e-06 2.051364421251841e-06 0
5.908219055487543e-06 2.045840888450457e-06 0
5.943051726446304e-06 2.021581535749062e-06 0
5.951095052398419e-06 1.950282453500587e-06 0
5.886384745732877e-06 2.034550361519309e-06 0
5.97380557638804e-06 2.221098909849229e-06 0
5.972238466737923e-06 2.336891308064146e-06 0
5.914136028043593e-06 2.071782413973121e-06 0
6.143746060991012e-06 2.830482315066377e-06 0
6.063294199415487e-06 3.004623390625497e-06 0
5.926518575838306e-06 3.016621998332909e-06 0
5.972424073588789e-06 3.172475565464804e-06 0
6.029167078551718e-06 2.894076340838032e-06 0
5.972419687683325e-06 2.952967895059599e-06 0
5.856543268516043e-06 3.243313953742726e-06 0
5.970497128140235e-06 2.895693407594393e-06 0
6.049691731477318e-06 2.781301134122597e-06 0
5.876358760710713e-06 3.128938980159336e-06 0
5.92239030541103e-06 2.962478268312003e-06 0
6.013960812065564e-06 2.654567593814961e-06 0
5.980710321150992e-06 2.503278546595252e-06 0
5.984480293732299e-06 2.522060937392685e-06 0
6.001538404704037e-06 2.524087846795589e-06 0
5.990522307101271e-06 2.540017006097597e-06 0
5.972915587766373e-06 2.536736136614399e-06 0
5.964684843107458e-06 2.51786719690347e-06 0
6.016245812475694e-06 2.548984970721945e-06 0
6.031026926779018e-06 2.581203183830466e-06 0
6.014071987610681e-06 2.612958409321552e-06 0
6.003467407500428e-06 2.575817315472444e-06 0
6.002454366790741e-06 2.456859459903831e-06 0
5.989209817582973e-06 2.656712151719368e-06 0
5.997059237938646e-06 2.493892445347617e-06 0
4.54035423722799e-06 3.382236086068697e-06 0
4.506264309755307e-06 3.363417411430132e-06 0
5.559323881012857e-06 1.598337088636028e-06 0
3.09584077867866e-06 2.618848848016292e-06 0
3.728896403430624e-06 2.680920046191286e-06 0
3.849037960935464e-06 2.500714003337931e-06 0
3.915285116427712e-06 2.674403464374804e-06 0
3.831285650565367e-06 2.871850253243641e-06 0
4.095917299210188e-06 2.717713979620081e-06 0
3.951044648221707e-06 2.564148178106343e-06 0
4.070696138846875e-06 2.555961412191298e-06 0
4.069526073441968e-06 2.575927156528719e-06 0
4.052820264342739e-06 2.564930977995305e-06 0
4.051650198937848e-06 2.584896722332754e-06 0
4.053990329747621e-06 2.544965233657858e-06 0
4.036114455243496e-06 2.55393479946187e-06 0
4.037284520648364e-06 2.533969055124435e-06 0
4.055160395152455e-06 2.524999489320363e-06 0
4.038454586053187e-06 2.514003310787003e-06 0
4.020578711549081e-06 2.522972876591015e-06 0
4.021748776953935e-06 2.503007132253571e-06 0
4.039624651458027e-06 2.49403756644955e-06 0
4.022918842358802e-06 2.483041387916134e-06 0
4.008384129674522e-06 2.494210189426816e-06 0
4.040794716862869e-06 2.474071822112091e-06 0
4.068356008037045e-06 2.595892900866101e-06 0
4.050480133532712e-06 2.604862466670041e-06 0
3.984084217790509e-06 2.808306523982266e-06 0
3.96150863991235e-06 2.962908800811756e-06 0
4.118798328763682e-06 2.919398035724542e-06 0
3.998186892478746e-06 2.705448454416717e-06 0
4.030542048292864e-06 2.892703551490472e-06 0
4.097087364615157e-06 2.697748235282536e-06 0
4.079211490110957e-06 2.7067178010865e-06 0
4.078041424705972e-06 2.726683545423962e-06 0
4.110282977499366e-06 2.768641646828332e-06 0
4.080381555515924e-06 2.686752056749021e-06 0
4.062505681011749e-06 2.695721622552969e-06 0
4.06367574641672e-06 2.675755878215501e-06 0
4.045799871912571e-06 2.684725444019441e-06 0
4.046969937317517e-06 2.664759699682009e-06 0
4.032669237714215e-06 2.671935352325141e-06 0
4.030859990701802e-06 2.653464535621687e-06 0
4.016414550138519e-06 2.669837422987848e-06 0
4.048239313136352e-06 2.644744124423468e-06 0
4.031434193623263e-06 2.63379777681107e-06 0
4.044629806507569e-06 2.704691188356878e-06 0
4.094747233805188e-06 2.737679723957463e-06 0
4.07687135930098e-06 2.74664928976138e-06 0
4.008116309714603e-06 2.510622632038111e-06 0
3.98369383825246e-06 2.494337393857138e-06 0
4.002702837044944e-06 2.531942442395044e-06 0
4.034944389838584e-06 2.573900543799304e-06 0
4.018238580739371e-06 2.562904365265846e-06 0
4.017068515334426e-06 2.582870109603277e-06 0
4.033774324433637e-06 2.593866288136771e-06 0
4.015703540988307e-06 2.603131966954094e-06 0
3.997059687745519e-06 2.58846937633908e-06 0
3.986095508633679e-06 2.621062252827456e-06 0
4.064862363557327e-06 2.655781828724522e-06 0
4.066035187584979e-06 2.635814700194894e-06 0
4.082727663341557e-06 2.646817568990913e-06 0
4.061335615606764e-06 2.715687366890417e-06 0
4.043459741102576e-06 2.724656932694306e-06 0
4.071866204251751e-06 2.535995667853851e-06 0
4.081555375712769e-06 2.666784428372115e-06 0
4.05633046055728e-06 2.505033744982882e-06 0
4.093577168400193e-06 2.757645468294874e-06 0
4.075701293896001e-06 2.76661503409881e-06 0
4.092407102995182e-06 2.77761121263231e-06 0
4.078106403391874e-06 2.784786865275469e-06 0
4.065456791092679e-06 2.775631139816495e-06 0
4.09183290007365e-06 2.797277971442859e-06 0
4.066548263906956e-06 2.804738299389388e-06 0
4.060267380080282e-06 2.755626612217589e-06 0
4.040823483317696e-06 2.76875761455021e-06 0
4.046060004260133e-06 2.743664153837626e-06 0
4.061005920842784e-06 2.735494650137546e-06 0
4.019408646144257e-06 2.542938620928436e-06 0
4.098258055818758e-06 2.677782176938529e-06 0
4.027661268352725e-06 2.692685533405533e-06 0
4.027904315007986e-06 2.712221721474319e-06 0
4.023419775659606e-06 2.743842566825907e-06 0
4.0575005259622e-06 2.485068000645343e-06 0
4.058670591366955e-06 2.465102256307985e-06 0
4.0419647822677e-06 2.454106077774637e-06 0
4.061010722176641e-06 2.425170767632522e-06 0
4.05984065677172e-06 2.445136511970468e-06 0
4.043134847672531e-06 2.434140333437192e-06 0
4.025496016720571e-06 2.44312379085757e-06 0
4.027034574831214e-06 2.42317964153587e-06 0
4.006913759514867e-06 2.431950357303513e-06 0
4.000258354667196e-06 2.470401254307881e-06 0
4.075376400466217e-06 2.476098434841286e-06 0
4.062180787581686e-06 2.405205023294825e-06 0
4.045474978482444e-06 2.394208844761233e-06 0
4.044405835786985e-06 2.414180503537958e-06 0
4.028282876138615e-06 2.403218482107273e-06 0
4.028948382587869e-06 2.383349386997086e-06 0
4.012204424593987e-06 2.394073387392041e-06 0
4.031466027966078e-06 2.343302083100711e-06 0
4.014720861078736e-06 2.333849034837113e-06 0
4.014840085435656e-06 2.268219490225887e-06 0
4.04667491275469e-06 2.374265887218804e-06 0
4.030455515380382e-06 2.363427938468964e-06 0
4.023577553748452e-06 2.462891510988163e-06 0
4.073036269656594e-06 2.51602992351623e-06 0
4.003820974984259e-06 2.550038852346676e-06 0
4.119968394168466e-06 2.899432291386953e-06 0
4.10543368148428e-06 2.910601092897783e-06 0
4.105165861524361e-06 2.927013535509075e-06 0
4.133213777618084e-06 2.970322261335863e-06 0
4.103624434471576e-06 2.892130276193929e-06 0
4.084032019482877e-06 2.908862734437604e-06 0
4.118335497902887e-06 2.939138102392077e-06 0
4.09975238885473e-06 2.948333345866003e-06 0
4.111453042904392e-06 2.748675902490917e-06 0
4.134460239976174e-06 2.950321772050966e-06 0
4.047815109292874e-06 2.354277356086356e-06 0
4.109212222508266e-06 2.788557560244528e-06 0
4.04931006812727e-06 2.624828211007387e-06 0
4.086231882541113e-06 2.586923335062092e-06 0
4.107942846689331e-06 2.808573135502991e-06 0
4.085061817136087e-06 2.606889079399392e-06 0
4.092398739746838e-06 2.815327346363941e-06 0
4.088345062411277e-06 2.833510225200216e-06 0
4.105510741817624e-06 2.847838254103892e-06 0
4.087726841374787e-06 2.857474189981682e-06 0
4.054516233441142e-06 2.843862757638221e-06 0
4.06867478371223e-06 2.876068633573417e-06 0
4.089698145903091e-06 2.880601240540437e-06 0
4.105001191353055e-06 2.869501885096804e-06 0
4.121293524620249e-06 2.880254160369582e-06 0
4.032571774204977e-06 2.613881384642834e-06 0
4.067189161024843e-06 2.615857030312423e-06 0
4.076546465871018e-06 2.456132690503808e-06 0
4.01554572937411e-06 2.622891988629381e-06 0
4.130959353720198e-06 2.990916337026171e-06 0
4.012878428781676e-06 2.642310647890302e-06 0
3.985772099292066e-06 2.662612448499425e-06 0
3.994270751963798e-06 2.56482763062258e-06 0
4.116383435779303e-06 2.959622179805845e-06 0
4.099350041750609e-06 2.968593514304546e-06 0
4.060749255629995e-06 2.960747332927939e-06 0
4.053187369649821e-06 3.07499199126914e-06 0
3.846167876449725e-06 3.103793812982308e-06 0
4.114670154864786e-06 2.981365949870019e-06 0
4.09316542491866e-06 3.000440304703201e-06 0
3.649328246311197e-06 3.312781467383562e-06 0
3.875465678520597e-06 2.365171387363064e-06 0
3.877437396793032e-06 2.224919314373692e-06 0
3.922574855460667e-06 2.114189757788589e-06 0
3.957946300649916e-06 2.23052585927823e-06 0
3.934460196066938e-06 2.307031747299124e-06 0
3.983973510040598e-06 2.298330635367904e-06 0
4.012991755877354e-06 2.312072260521109e-06 0
4.033019130900056e-06 2.303308523184733e-06 0
4.015888795732478e-06 2.293062970768123e-06 0
4.014806463951185e-06 2.225448962367137e-06 0
3.758878626858911e-06 3.700776469226134e-06 0
4.114068629762465e-06 2.998828938291629e-06 0
5.978605009394643e-06 2.551829050231e-06 0
6.924339060712565e-06 2.32055196290686e-06 0
6.458702405196401e-06 1.448601915358711e-06 0
5.993974249133989e-06 2.558178296485817e-06 0
5.677718029777535e-06 3.216305252837499e-06 0
6.005963389092457e-06 2.398235202901527e-06 0
4.080573417171312e-06 2.104915400752351e-06 0
7.320508075717135e-07 4.267949192429581e-06 0
9.267949192428266e-06 7.320508075704118e-07 0
7.320508075663869e-07 7.320508075676422e-07 0
9.267949192433579e-06 4.267949192432301e-06 0
4.816600053993252e-06 3.45727804317205e-06 0
5.354468811042407e-06 1.579348486765997e-06 0
5.360504329189972e-06 1.560179429617012e-06 0
5.382686129761247e-06 1.560683047341917e-06 0
5.373693637958094e-06 1.530613668391489e-06 0
5.172766382955872e-06 1.52238319445821e-06 0
4.829223828643099e-06 3.47920308139754e-06 0
3.976412260532443e-06 2.530793742257235e-06 0
5.378975611345231e-06 1.595674089311014e-06 0
5.882023450786671e-06 2.938139632390016e-06 0
3.943367204525765e-06 2.377735625588923e-06 0
3.93933377019356e-06 2.462217803999337e-06 0
3.971561299470006e-06 2.343563315067777e-06 0
3.970809054645906e-06 2.419638350738894e-06 0
4.000253497563601e-06 2.353349585605176e-06 0
4.01360771253156e-06 2.371293472181414e-06 0
3.986830506943675e-06 2.381571155503583e-06 0
3.996291652930599e-06 2.411668501895042e-06 0
3.969257296546324e-06 2.454831351777458e-06 0
3.992386240929877e-06 2.449478001399942e-06 0
4.009275270762381e-06 2.451859839349466e-06 0
3.987131600913515e-06 2.43351331262297e-06 0
4.018100722904071e-06 2.353044422838675e-06 0
4.878565328297869e-06 1.475425511877905e-06 0
4.832412358407625e-06 1.491727037480158e-06 0
4.789761593775362e-06 1.536282604169363e-06 0
4.842219151883345e-06 1.52933965109529e-06 0
4.860095026387636e-06 1.52037008529158e-06 0
4.807637468279403e-06 1.527313038365312e-06 0
4.793642784415824e-06 1.51726046564988e-06 0
4.82434327737877e-06 1.538309216898832e-06 0
4.826468167820315e-06 1.517235024104243e-06 0
4.844491959258198e-06 1.51181522778533e-06 0
4.876948800890172e-06 1.531041772812089e-06 0
4.879166187780539e-06 1.506866777126421e-06 0
4.771885719271476e-06 1.545252169973388e-06 0
4.754945897091385e-06 1.538249140307349e-06 0
4.902530679875684e-06 1.493454001611961e-06 0
4.86126509179207e-06 1.500404340955381e-06 0
4.809822464117408e-06 1.508721706330066e-06 0
4.785019455655391e-06 1.484965498284279e-06 0
4.772288258547106e-06 1.524211615215105e-06 0
4.913893388741432e-06 1.513695596026738e-06 0
4.920851451504398e-06 1.474740664578133e-06 0
4.645538033875864e-06 3.428716186793835e-06 0
4.013852299278531e-06 2.412683482761382e-06 0
5.928540197647547e-06 2.16512573148974e-06 0
4.034182599234147e-06 2.16943683516161e-06 0
5.277839460040097e-06 1.550198404368254e-06 0
7.727910371356496e-06 3.422302348355651e-06 0
2.245294158435611e-06 1.625056283360182e-06 0
5.67795193795445e-06 3.297112219218676e-06 0
5.731599261750666e-06 3.280172835851004e-06 0
5.644784416732694e-06 3.32593544859025e-06 0
5.716122782119129e-06 3.228750981252466e-06 0
6.026079302590821e-06 2.464268666768477e-06 0
4.845197968370138e-06 3.475958874474723e-06 0
5.675897763265196e-06 1.773077231541283e-06 0
5.665461749259487e-06 1.764256651050021e-06 0
5.823984278433655e-06 1.927512228976805e-06 0
5.171724265472828e-06 1.540131928546987e-06 0
5.957008166079132e-06 2.536163615014549e-06 0
5.285635684810211e-06 1.53942931445177e-06 0
5.241927326689406e-06 3.646522159004716e-06 0
5.271730661880553e-06 3.531714122238052e-06 0
5.203944772534757e-06 3.506199667848903e-06 0
5.348901332439558e-06 3.489978089131806e-06 0
5.392736724013857e-06 3.403815210638349e-06 0
5.284867168822834e-06 3.473888942098065e-06 0
5.375104580811266e-06 3.393551166574624e-06 0
5.374242635215583e-06 3.409465191287011e-06 0
5.392730360589894e-06 3.435703059535833e-06 0
5.357156548394859e-06 3.401943063703629e-06 0
5.35933298623943e-06 3.422158192827395e-06 0
5.339763018493345e-06 3.411436924017784e-06 0
5.337997499577355e-06 3.431602469413958e-06 0
5.321390932729973e-06 3.420572990703925e-06 0
5.316800311703662e-06 3.438366139475816e-06 0
5.302878804121019e-06 3.429202657364549e-06 0
5.304512919778797e-06 3.409542362430703e-06 0
5.286608344632618e-06 3.418506186611408e-06 0
5.285238464007259e-06 3.438082285896776e-06 0
5.268766942419804e-06 3.427459805932899e-06 0
5.267382074511112e-06 3.44698335214735e-06 0
5.25090006079885e-06 3.436415297397567e-06 0
5.249705978102164e-06 3.456327843750776e-06 0
5.233058981457738e-06 3.445445005111511e-06 0
5.232125207785444e-06 3.461420954873291e-06 0
5.24682468298609e-06 3.48012363991741e-06 0
5.215238090178554e-06 3.45377851878679e-06 0
5.198505963311573e-06 3.443348525736416e-06 0
5.197336775165761e-06 3.463295397224414e-06 0
5.18179576791741e-06 3.432446711450201e-06 0
5.18062687219118e-06 3.452387291988507e-06 0
5.162749291905438e-06 3.461393554999794e-06 0
5.215271682933265e-06 3.47470190502629e-06 0
5.269976055743406e-06 3.407556344690313e-06 0
5.358263234179566e-06 3.382556327857793e-06 0
5.146043198509029e-06 3.450403492667416e-06 0
5.144873142580602e-06 3.470369033131474e-06 0
5.161812979923653e-06 3.477371736600323e-06 0
5.143818880811661e-06 3.4947470959491e-06 0
5.179495197096337e-06 3.471700674938789e-06 0
5.287862830283725e-06 3.398599614392854e-06 0
5.299681642270606e-06 3.449423414878388e-06 0
5.234238848938436e-06 3.425498150756352e-06 0
5.340464012338525e-06 3.391492816788072e-06 0
5.194866624434625e-06 3.481652092470232e-06 0
5.124770748237759e-06 3.47931549302326e-06 0
5.109526190370428e-06 3.467554284848917e-06 0
5.351582747702859e-06 3.447995918092853e-06 0
5.176014770341279e-06 3.492497159367223e-06 0
5.321172762432388e-06 3.457819097221875e-06 0
5.161933284949316e-06 3.517501600957737e-06 0
5.120857042797145e-06 3.525684014780207e-06 0
5.266395917961384e-06 3.46270056320994e-06 0
5.117974887019101e-06 3.496878046389066e-06 0
5.107094389988728e-06 3.484270012161495e-06 0
4.742425646365116e-06 1.373452031715797e-06 0
4.699327864712464e-06 1.459873226569213e-06 0
4.633624146112603e-06 1.504211653993983e-06 0
4.692692350747213e-06 1.51732181400019e-06 0
4.701552286660166e-06 1.561164688851252e-06 0
4.719428161164362e-06 1.552195123047534e-06 0
4.683676412155958e-06 1.570134254655135e-06 0
4.666970603056687e-06 1.559138076121621e-06 0
4.648860715471593e-06 1.572100790793098e-06 0
4.685243281153281e-06 1.549368849753017e-06 0
4.662183860104644e-06 1.537430371452223e-06 0
4.647885660967446e-06 1.588738911074254e-06 0
4.631173351504922e-06 1.57785365334263e-06 0
4.61260472145794e-06 1.586133360956103e-06 0
4.612435452256441e-06 1.568347241085429e-06 0
4.592160544506169e-06 1.579978743375721e-06 0
4.591977977731167e-06 1.5524202357077e-06 0
4.612049871124863e-06 1.60602694910791e-06 0
4.597740681451979e-06 1.598221408451111e-06 0
4.580203368032069e-06 1.603846513755436e-06 0
4.576856521380195e-06 1.623928417580941e-06 0
4.558722948903778e-06 1.613654573019529e-06 0
4.554822846718362e-06 1.581946157493045e-06 0
4.558518348720679e-06 1.633183872715256e-06 0
4.736133970263394e-06 1.563191301581055e-06 0
4.737265033488255e-06 1.543891082054997e-06 0
4.737448155258786e-06 1.514391679305937e-06 0
4.703902861258942e-06 1.542455970872484e-06 0
4.634481130684455e-06 1.554225930611748e-06 0
4.719347760148168e-06 1.533158845621551e-06 0
5.767252025840232e-06 1.822994980641416e-06 0
5.811431072936388e-06 1.821895394621963e-06 0
5.85270319535149e-06 1.737128801395419e-06 0
4.455063106699384e-06 1.620959987923464e-06 0
4.440623458097983e-06 1.645999061819699e-06 0
4.486294581881851e-06 1.620561318491417e-06 0
4.418755194482689e-06 1.660783364344899e-06 0
4.510981853772006e-06 1.590533798879569e-06 0
4.507466445793494e-06 1.517123836370444e-06 0
4.533328204573394e-06 1.608326482003308e-06 0
4.505648712400111e-06 1.63800276209136e-06 0
4.489654738272783e-06 1.647794828467892e-06 0
4.512284507380135e-06 1.617417853342885e-06 0
4.543282899388884e-06 1.625363470253777e-06 0
4.451041911879061e-06 1.663815033240751e-06 0
5.497706603482361e-06 3.367113455828216e-06 0
5.513039410057159e-06 3.36072718447553e-06 0
5.674065397393136e-06 3.24198791315047e-06 0
4.77917961579234e-06 3.474845269468156e-06 0
4.384000234340742e-06 3.304282778922563e-06 0
4.364303338359914e-06 3.285425971290186e-06 0
4.352387330004816e-06 3.26355599207545e-06 0
4.377776576619023e-06 3.272257407018316e-06 0
3.996724059329385e-06 2.326233621766476e-06 0
6.069079606944765e-06 2.137245749574962e-06 0
6.036163207412949e-06 2.017613384194987e-06 0
6.066546745648406e-06 1.851802280562633e-06 0
3.449372875802061e-06 1.349463046933921e-06 0
5.20824720754936e-06 1.470025432533271e-06 0
4.790382293893819e-06 3.531050326011145e-06 0
5.280713053514639e-06 3.454215711646104e-06 0
4.888960592761584e-06 3.483040638295823e-06 0
1.551248878924389e-06 2.709383851895725e-06 0
8.448751121075557e-06 2.290616148104307e-06 0
5.927968160278772e-06 2.189849557532692e-06 0
4.366535426296459e-06 3.264628023961369e-06 0
4.360256563027997e-06 3.24644317075626e-06 0
4.34500436119977e-06 3.248348587975162e-06 0
4.326121854015724e-06 3.246759470439486e-06 0
4.297113606657849e-06 3.260677451164768e-06 0
4.326260732590758e-06 3.22260998124102e-06 0
4.308898759761842e-06 3.232758287343465e-06 0
4.492302078181927e-06 3.367005607301222e-06 0
4.089747820213483e-06 1.872187339386406e-06 0
3.98210589598997e-06 1.935703998598923e-06 0
4.096492167411555e-06 1.94012559701491e-06 0
5.138764891767576e-06 1.500400159827628e-06 0
4.110131400182763e-06 5.480805103407323e-07 0
5.88986859981724e-06 4.451919489659265e-06 0
$EndNodes
$Elements
5 19202 1 19202
1 1 1 10
1 2 6 
2 6 7 
3 7 8 
4 8 9 
5 9 10 
6 10 11 
7 11 12 
8 12 13 
9 13 14 
10 14 3 
1 2 1 5
11 3 15 
12 15 16 
13 16 17 
14 17 18 
15 18 4 
1 3 1 10
16 4 19 
17 19 20 
18 20 21 
19 21 22 
20 22 23 
21 23 24 
22 24 25 
23 25 26 
24 26 27 
25 27 5 
1 4 1 5
26 5 28 
27 28 29 
28 29 30 
29 30 31 
30 31 2 
2 1 2 19172
31 9085 9091 9477 
32 9081 9085 9086 
33 9261 9307 9362 
34 9307 9261 9309 
35 5043 8977 9186 
36 81 4598 5011 
37 7462 6716 9378 
38 9309 9261 9316 
39 9091 111 9477 
40 6716 3850 9378 
41 9265 9261 9362 
42 9240 9243 9292 
43 9347 9265 9363 
44 138 111 9091 
45 9264 9240 9373 
46 9326 9284 9424 
47 4598 81 9236 
48 5400 5416 9028 
49 6922 3868 9219 
50 48 89 94 
51 113 90 125 
52 9213 69 9217 
53 3116 2299 5037 
54 9092 6465 9093 
55 7744 4042 9235 
56 9147 9172 9206 
57 9142 9114 9169 
58 9099 9385 9598 
59 123 148 149 
60 9539 9543 9546 
61 9090 9081 9569 
62 4998 62 9104 
63 9087 6909 9088 
64 7883 8066 8885 
65 5075 7883 8885 
66 42 37 76 
67 47 36 87 
68 6463 6465 9013 
69 127 130 5018 
70 4996 4995 6514 
71 9190 9193 9230 
72 9191 9190 9230 
73 137 8618 9075 
74 116 119 148 
75 7466 56 9238 
76 9514 9507 9522 
77 9202 9155 9208 
78 9137 9159 9161 
79 8979 82 8980 
80 4997 69 9216 
81 23 47 85 
82 10 42 74 
83 9470 9471 9494 
84 9159 9137 9160 
85 5037 8984 9062 
86 6596 6598 8955 
87 8954 6596 8955 
88 9378 9377 9381 
89 7134 8087 9215 
90 9137 9161 9452 
91 104 9446 9524 
92 6910 139 9088 
93 9073 136 9562 
94 6292 6467 9072 
95 9534 9531 9552 
96 124 5415 9061 
97 69 5903 8995 
98 9540 9546 9562 
99 6154 6454 6466 
100 3775 5013 8708 
101 8199 8059 8972 
102 4990 8997 9011 
103 8988 8962 8990 
104 5903 69 8514 
105 6465 6463 8999 
106 8839 9440 9443 
107 5032 5031 9005 
108 1 5016 5017 
109 8725 8722 8727 
110 9292 9372 9373 
111 9110 9111 9180 
112 5026 9007 9554 
113 2300 6922 9219 
114 4990 5996 8997 
115 6467 6454 9094 
116 9198 9171 9578 
117 4111 5017 7900 
118 8293 89 8294 
119 8995 4877 9186 
120 7134 9079 9458 
121 9474 9470 9494 
122 9210 9211 9214 
123 8060 110 9469 
124 8086 8985 9218 
125 137 5012 6288 
126 8618 6292 9075 
127 9241 9240 9261 
128 5006 147 5011 
129 147 5006 5013 
130 9113 9109 9121 
131 9211 9210 9212 
132 4983 126 9036 
133 126 4983 9040 
134 9438 9430 9444 
135 1 5014 5016 
136 9264 9314 9315 
137 3771 3772 8462 
138 9107 9105 9109 
139 4042 6975 9235 
140 7742 7744 9235 
141 8421 7132 9460 
142 9121 9175 9400 
143 9087 139 9459 
144 9172 9156 9578 
145 123 149 150 
146 49 23 85 
147 44 10 74 
148 9158 5991 9204 
149 43 76 9397 
150 9029 4997 9216 
151 9378 48 9379 
152 147 9044 9045 
153 9212 50 9215 
154 5067 8723 8728 
155 8963 5843 9016 
156 82 9047 9052 
157 9524 9446 9525 
158 88 87 94 
159 77 76 83 
160 45 99 136 
161 50 97 138 
162 9386 9336 9388 
163 9388 9336 9391 
164 5991 8466 9204 
165 9104 9171 9198 
166 9159 9154 9162 
167 9520 8199 9522 
168 9050 9049 9051 
169 3848 5007 8348 
170 9593 5004 9595 
171 144 6544 9019 
172 2297 2299 3116 
173 9110 9180 9228 
174 9053 9055 9069 
175 5017 5016 7900 
176 137 9076 9560 
177 9284 9285 9413 
178 9591 9059 9592 
179 122 124 9061 
180 90 140 142 
181 9546 9561 9562 
182 6823 9574 9576 
183 87 88 91 
184 76 77 80 
185 104 9430 9446 
186 5996 8294 8997 
187 43 9397 9580 
188 5031 4596 9005 
189 5415 124 9014 
190 5416 5414 9003 
191 118 8957 9028 
192 3087 5040 8981 
193 46 121 5416 
194 8957 5400 9028 
195 8059 8199 9520 
196 132 128 5002 
197 6847 7689 9568 
198 9335 9420 9577 
199 9446 9435 9447 
200 112 128 132 
201 106 117 121 
202 6909 9090 9570 
203 9471 110 9519 
204 5013 5006 8708 
205 3775 3867 5013 
206 9559 9561 9566 
207 6454 9093 9094 
208 8991 8990 9064 
209 104 8991 9064 
210 78 9007 9050 
211 86 87 91 
212 75 76 80 
213 10 11 42 
214 23 24 47 
215 11 37 42 
216 24 36 47 
217 9200 9202 9208 
218 9156 9203 9579 
219 9443 8846 9448 
220 8839 9443 9448 
221 9229 9191 9230 
222 9474 9510 9518 
223 6292 6291 9068 
224 9575 9059 9591 
225 6542 144 9001 
226 5040 5039 8981 
227 7206 7204 9069 
228 5075 8727 8884 
229 9115 9120 9207 
230 46 8988 8990 
231 9223 9112 9227 
232 5579 8000 8001 
233 6461 6474 9042 
234 2024 8982 8983 
235 146 5010 9414 
236 69 9186 9217 
237 8997 3849 9011 
238 90 113 140 
239 6466 6467 9068 
240 149 148 4596 
241 139 9087 9088 
242 8990 8846 9449 
243 6849 9557 9559 
244 5067 8721 8723 
245 5002 4890 5353 
246 9007 9030 9050 
247 8727 5075 8885 
248 53 9382 9393 
249 5080 5081 9453 
250 9006 5222 9017 
251 5010 145 9045 
252 9163 9146 9164 
253 5017 8963 9016 
254 118 5415 9060 
255 3849 3847 9011 
256 5017 4111 8963 
257 149 4596 5031 
258 5012 137 7691 
259 9527 9525 9550 
260 93 5856 5857 
261 134 5018 9070 
262 9155 9202 9203 
263 9009 8455 9010 
264 9053 9054 9056 
265 9081 9090 9091 
266 5415 118 9061 
267 3722 9029 9216 
268 8060 8059 9520 
269 62 68 9102 
270 9510 9474 9584 
271 122 116 9411 
272 133 127 9412 
273 145 81 9045 
274 142 8968 8969 
275 116 120 9582 
276 127 131 9583 
277 9042 8728 9599 
278 147 5013 9044 
279 9211 9212 9218 
280 4977 9023 9024 
281 5002 51 8058 
282 5276 4959 9590 
283 8845 8837 9448 
284 6473 8728 9042 
285 9110 9105 9111 
286 91 88 92 
287 80 77 81 
288 9070 8045 9406 
289 8001 129 9585 
290 9005 4596 9033 
291 7204 7205 9069 
292 9262 9265 9377 
293 8727 8720 8884 
294 62 9102 9103 
295 9056 9054 9057 
296 7689 7690 9568 
297 6849 6847 9568 
298 5078 5071 5079 
299 9161 9163 9164 
300 9099 8978 9385 
301 51 5353 8992 
302 8956 8955 9034 
303 9004 5032 9005 
304 9230 9193 9398 
305 54 40 72 
306 60 41 73 
307 4959 8748 9590 
308 2300 2296 6921 
309 6456 6459 6468 
310 9077 9073 9562 
311 9152 9159 9160 
312 9222 9225 9226 
313 9220 9195 9229 
314 56 66 9097 
315 79 8953 8954 
316 105 9526 9562 
317 9097 9096 9598 
318 9204 8466 9580 
319 9507 9520 9522 
320 9057 9054 9464 
321 76 43 83 
322 87 48 94 
323 5574 9018 9035 
324 3722 9214 9219 
325 9172 9170 9206 
326 9546 9545 9563 
327 4208 5041 8973 
328 9021 7743 9022 
329 45 136 9071 
330 50 138 9078 
331 6459 6465 8999 
332 143 9006 9017 
333 123 116 148 
334 9074 6853 9564 
335 6853 6851 9564 
336 3110 2417 5019 
337 3761 3110 5019 
338 9386 67 9392 
339 137 9075 9076 
340 9239 9098 9383 
341 5414 8965 9003 
342 9178 9121 9179 
343 9507 9517 9519 
344 135 134 9406 
345 2295 3116 5035 
346 5041 5034 8973 
347 6922 6921 9043 
348 63 62 9396 
349 5040 9009 9010 
350 5991 2789 8466 
351 8087 8086 9218 
352 8965 5417 9003 
353 8846 8845 9448 
354 8837 8839 9448 
355 116 123 9411 
356 127 134 9412 
357 134 9070 9406 
358 9039 8969 9450 
359 9185 9111 9217 
360 9222 9224 9225 
361 8606 7206 9055 
362 6115 8606 9055 
363 37 58 9397 
364 8967 142 9019 
365 150 149 151 
366 121 117 5416 
367 58 59 9397 
368 9179 9121 9231 
369 6375 6034 9226 
370 8945 8993 8994 
371 9226 9225 9467 
372 134 135 9412 
373 2024 8981 8982 
374 57 56 9237 
375 9043 4885 9415 
376 5079 5071 5082 
377 6823 4976 9573 
378 7207 82 9052 
379 5078 5079 5080 
380 9228 9180 9229 
381 4978 7908 9460 
382 151 149 5031 
383 9563 9545 9567 
384 9074 9563 9567 
385 9037 5677 9065 
386 71 39 100 
387 70 38 101 
388 9516 9472 9518 
389 60 73 9587 
390 54 72 9586 
391 9558 6849 9568 
392 7690 9558 9568 
393 8953 79 9408 
394 5579 8001 9585 
395 9047 82 9236 
396 5008 129 9066 
397 2789 8465 8466 
398 9107 9109 9113 
399 111 9470 9472 
400 3431 151 5031 
401 9347 9349 9377 
402 6922 9043 9415 
403 51 5002 5353 
404 9177 9113 9400 
405 99 9096 9581 
406 4878 4876 5042 
407 129 5008 9585 
408 125 8565 9041 
409 9052 9048 9069 
410 9180 9111 9185 
411 9264 9315 9316 
412 56 57 66 
413 62 63 68 
414 9168 9115 9207 
415 9122 9231 9461 
416 5843 4850 9016 
417 9018 1 9035 
418 3782 5275 9594 
419 100 39 9456 
420 101 38 9455 
421 9243 9239 9417 
422 124 122 9411 
423 74 75 102 
424 85 86 108 
425 9096 9095 9598 
426 9238 9239 9240 
427 9469 110 9470 
428 5034 6599 8973 
429 120 116 122 
430 131 127 133 
431 99 98 136 
432 97 96 138 
433 77 83 9047 
434 88 94 9023 
435 106 75 107 
436 112 86 113 
437 9564 6851 9565 
438 7908 4978 9399 
439 5019 2417 8970 
440 5275 5276 9594 
441 3783 3782 9594 
442 94 95 9023 
443 9238 56 9239 
444 9214 3722 9216 
445 131 133 9067 
446 8059 8201 8972 
447 83 84 9047 
448 150 151 152 
449 9411 123 9466 
450 34 63 64 
451 2298 2300 9211 
452 6290 6292 8618 
453 8993 5041 8994 
454 6375 9226 9467 
455 9048 9049 9053 
456 6909 9089 9090 
457 9563 9074 9566 
458 135 9037 9065 
459 126 8563 9036 
460 3765 3446 5082 
461 3431 5031 5032 
462 6464 6452 6468 
463 6452 6456 6468 
464 9031 5025 9032 
465 6454 6453 9092 
466 57 65 9581 
467 2300 6921 6922 
468 5035 3116 5036 
469 143 6546 9006 
470 8025 5028 9032 
471 9083 9087 9459 
472 137 6288 9063 
473 5071 3765 5082 
474 3446 3447 5082 
475 6113 6115 9057 
476 152 151 153 
477 5403 8964 8965 
478 8951 8952 9158 
479 5028 5030 9032 
480 5025 8025 9032 
481 3431 5032 5033 
482 4890 128 8001 
483 5042 4876 6082 
484 2741 5042 6082 
485 6464 6468 8958 
486 6975 9022 9235 
487 5035 5036 5038 
488 134 127 5018 
489 8975 2732 8976 
490 9112 9110 9227 
491 124 9411 9466 
492 9397 4998 9580 
493 153 151 3431 
494 152 153 154 
495 4878 5042 5043 
496 5033 5032 5034 
497 5038 5036 5039 
498 2786 3010 8931 
499 8178 8176 9008 
500 8176 8177 9008 
501 154 153 155 
502 5033 5034 5041 
503 5038 5039 5040 
504 154 155 156 
505 8946 8939 8947 
506 156 155 157 
507 154 156 2823 
508 156 157 158 
509 157 155 1513 
510 158 157 159 
511 8929 2784 8931 
512 158 159 160 
513 4971 8929 8931 
514 2784 2786 8931 
515 158 160 650 
516 160 159 161 
517 5380 8939 8942 
518 160 161 162 
519 901 161 8940 
520 161 159 8940 
521 162 161 163 
522 5270 8937 8938 
523 162 163 164 
524 163 161 901 
525 164 163 165 
526 2792 6579 8464 
527 6031 6025 9126 
528 9123 9126 9127 
529 3870 5489 6578 
530 6472 6471 7620 
531 6579 2792 8671 
532 9134 9149 9196 
533 9506 9500 9508 
534 3872 3827 8814 
535 6025 6027 9126 
536 6471 5072 7620 
537 9338 9334 9352 
538 5140 2862 5143 
539 5137 2862 5140 
540 2420 7001 8899 
541 9137 9150 9160 
542 5142 5143 5144 
543 6126 5072 6471 
544 9496 9497 9499 
545 9149 9143 9196 
546 9498 9496 9499 
547 7272 9496 9498 
548 7270 7271 7619 
549 7271 7617 7619 
550 5057 2791 5488 
551 6267 7270 7619 
552 2515 2513 5052 
553 287 285 6681 
554 6034 6033 9106 
555 5489 3870 6579 
556 5489 6579 8671 
557 5133 3042 5135 
558 9150 9151 9160 
559 5142 5144 8886 
560 7271 7272 9498 
561 3823 5169 7031 
562 3884 6266 6268 
563 7617 7271 9498 
564 5168 7498 8632 
565 2347 2345 8912 
566 5044 5057 5488 
567 3042 5133 6427 
568 562 559 6538 
569 5054 3478 5253 
570 5086 3872 8814 
571 4607 5054 5253 
572 5045 2863 5047 
573 2779 5044 5488 
574 3962 7726 9337 
575 1290 1292 8222 
576 5489 5057 6578 
577 5169 5168 7031 
578 9329 9331 9332 
579 5044 2779 5223 
580 5262 4514 8567 
581 5133 5051 6427 
582 5144 8620 8886 
583 8795 8796 9439 
584 9346 9364 9365 
585 5061 5060 7796 
586 164 165 166 
587 5051 2543 6427 
588 2520 2517 5122 
589 9337 9338 9352 
590 6128 2378 8023 
591 5213 7009 8670 
592 8323 2543 8483 
593 9148 9143 9149 
594 5095 6127 6128 
595 4452 5084 7092 
596 5155 4605 8639 
597 6948 7511 7666 
598 5546 5120 6764 
599 4565 5157 5256 
600 5084 2574 7092 
601 561 5120 5121 
602 5095 6128 8023 
603 2520 5122 6164 
604 6032 6033 6034 
605 9500 9499 9508 
606 2862 5137 6916 
607 7081 4104 8712 
608 3883 5044 5223 
609 2543 5051 8483 
610 3828 7263 7287 
611 6017 6018 6032 
612 3889 3890 8450 
613 5120 561 6764 
614 3155 5181 5688 
615 5055 626 5056 
616 626 5055 6416 
617 1556 1558 5062 
618 9322 9324 9330 
619 7031 5168 8632 
620 2108 5053 5170 
621 5135 3042 6916 
622 9126 6027 9127 
623 2529 2527 7151 
624 1626 1817 5123 
625 3887 4565 5256 
626 5087 4452 7092 
627 5053 2108 5095 
628 4453 7857 8904 
629 7270 6267 7287 
630 5586 1073 7579 
631 2304 5546 6764 
632 3155 5180 5181 
633 5142 5140 5143 
634 5168 5167 7498 
635 2304 6572 7966 
636 5095 2108 6127 
637 2863 2515 5052 
638 2642 7471 9366 
639 2863 5045 5122 
640 9150 6794 9151 
641 2791 5057 5489 
642 5055 5322 6416 
643 5546 2304 7966 
644 5059 1572 5060 
645 4012 4010 8706 
646 5271 6409 7959 
647 9320 9322 9330 
648 7001 4612 8899 
649 5322 4104 6416 
650 5072 6126 7796 
651 1552 1554 6051 
652 3478 4842 5253 
653 5123 1817 8031 
654 2378 5085 8023 
655 3468 3477 6515 
656 4939 5435 8898 
657 1628 1809 8688 
658 6021 6023 6031 
659 6506 2931 7547 
660 9329 9330 9331 
661 1277 7885 8910 
662 3127 3482 5212 
663 9499 9497 9508 
664 2517 2863 5122 
665 9129 9116 9131 
666 2480 2478 6916 
667 3970 5155 8639 
668 6266 3884 7287 
669 5058 1625 5123 
670 1625 5058 5204 
671 1520 5189 7745 
672 5096 1073 5586 
673 1625 1626 5123 
674 4010 3883 5223 
675 5180 3155 7493 
676 3890 6710 8450 
677 5167 1809 7498 
678 5160 718 7044 
679 7819 5162 8319 
680 7892 4848 8544 
681 5085 2378 6815 
682 5189 5100 7745 
683 5047 2863 5052 
684 8784 2807 8926 
685 2931 5089 7547 
686 5090 4608 5580 
687 5354 2520 6164 
688 9135 9143 9148 
689 5189 1520 8763 
690 6033 6031 9126 
691 5089 2931 7447 
692 2862 2477 5143 
693 8838 8795 9439 
694 4611 5796 6074 
695 9116 9129 9130 
696 2477 2524 5143 
697 2357 5092 6913 
698 3907 3906 8349 
699 5102 2234 5796 
700 3907 7892 8544 
701 5100 3220 6768 
702 5052 8323 8483 
703 6572 5110 7966 
704 6767 4614 6947 
705 995 1029 5125 
706 5182 5180 7493 
707 5092 2357 5093 
708 6017 6032 6034 
709 5446 5447 8487 
710 5989 5990 6795 
711 5094 5160 7044 
712 7726 9329 9337 
713 2868 2326 6022 
714 1103 5130 5131 
715 4652 6438 8872 
716 5164 4418 7580 
717 5185 5233 7078 
718 1075 1071 5853 
719 4611 5102 5796 
720 4104 5322 8712 
721 5130 1103 7088 
722 9320 9321 9322 
723 3599 6403 6999 
724 5060 5062 7796 
725 3873 5963 7530 
726 5446 1737 8503 
727 7892 3907 8349 
728 6681 2420 8899 
729 6023 6025 6031 
730 494 492 5098 
731 626 287 6681 
732 6232 6222 6233 
733 5205 4028 7318 
734 1472 8292 8911 
735 285 2420 6681 
736 7246 4297 8602 
737 5054 4607 6930 
738 5099 3220 5100 
739 5447 7035 8487 
740 2041 5091 5730 
741 3392 6767 6947 
742 5126 7694 8704 
743 6050 9135 9148 
744 5724 5085 6815 
745 4710 5933 7992 
746 1584 6062 8613 
747 550 5108 6573 
748 6794 6795 9151 
749 550 5106 5108 
750 1453 5182 7493 
751 6247 5603 7769 
752 5110 6572 6573 
753 7793 5127 8398 
754 5212 5213 8670 
755 5106 550 6415 
756 6222 2497 6233 
757 2601 5094 7044 
758 5147 5130 7088 
759 1592 1503 8879 
760 1572 1556 5062 
761 6120 4418 6973 
762 6767 6948 7666 
763 8324 8325 8877 
764 2602 5164 7580 
765 5062 1558 5063 
766 5108 5110 6573 
767 9432 9436 9437 
768 5237 4297 7346 
769 4418 6120 7580 
770 1809 5167 8688 
771 3054 5270 8278 
772 4470 8148 8278 
773 559 561 6538 
774 1568 5262 8567 
775 7861 2386 8537 
776 5586 4313 9369 
777 6021 6022 6023 
778 917 915 5132 
779 6020 2868 6022 
780 4567 6967 6968 
781 2345 562 6538 
782 5185 7078 7646 
783 3218 5083 5199 
784 6947 4614 7319 
785 1817 5263 8031 
786 4694 5269 5271 
787 5100 6768 7745 
788 1292 5205 8222 
789 5052 2513 8323 
790 5101 1368 5124 
791 1103 5131 5132 
792 4612 7001 7857 
793 5091 2041 5729 
794 5104 5106 6415 
795 3281 5237 7346 
796 7451 3492 8213 
797 5101 5729 6083 
798 2883 3891 6686 
799 5208 3892 5211 
800 1737 5446 8487 
801 1368 5101 6083 
802 5094 2601 5145 
803 6222 6232 7470 
804 2642 2498 7471 
805 5220 5103 6731 
806 5908 4494 6182 
807 3044 5103 5104 
808 3044 5104 6415 
809 2873 5161 5163 
810 4584 3443 8509 
811 2163 2267 5264 
812 5150 8758 8785 
813 5103 3044 6731 
814 1592 5303 6930 
815 1669 5571 8534 
816 4923 5763 7516 
817 4622 6605 8210 
818 3220 5099 5901 
819 1975 5724 6815 
820 4010 5223 8706 
821 5060 1572 5062 
822 3975 5459 5897 
823 1075 5853 5854 
824 7885 6948 8910 
825 5316 4638 5339 
826 4313 5586 7579 
827 2320 2322 5482 
828 614 5220 6731 
829 2267 5151 5264 
830 6795 5990 6796 
831 5467 1212 6967 
832 8543 4370 8709 
833 9131 9132 9133 
834 3281 5129 5237 
835 5125 5126 8704 
836 4623 8227 8714 
837 401 403 5179 
838 5137 5135 6916 
839 5214 4514 5262 
840 1975 5539 5724 
841 3892 3127 5212 
842 5097 5586 9369 
843 2651 5147 7088 
844 3408 8195 8533 
845 7223 7224 9086 
846 5623 3243 5803 
847 5336 6097 6588 
848 5147 6120 6973 
849 4614 4857 7319 
850 5298 4079 5846 
851 3489 3592 8407 
852 9320 5097 9321 
853 5212 3482 5213 
854 5227 7290 8133 
855 5459 5458 5897 
856 4611 6074 6101 
857 5315 5316 5339 
858 2340 5233 5234 
859 5296 5266 7368 
860 2520 5354 6294 
861 4621 4622 6407 
862 1510 8521 8774 
863 6018 6021 6032 
864 4726 4013 6101 
865 4073 4762 8524 
866 5201 4007 5364 
867 1587 5542 6243 
868 7471 9342 9366 
869 2326 2328 6022 
870 5729 2041 6083 
871 7263 7270 7287 
872 2767 5559 7309 
873 1277 6066 8287 
874 7862 7153 8435 
875 5622 5623 5803 
876 5605 4001 6172 
877 5125 1029 5126 
878 5220 614 5810 
879 4949 5674 8767 
880 5239 1605 5901 
881 5933 3492 7992 
882 9131 9116 9132 
883 2873 5163 6102 
884 3890 8004 8171 
885 6045 6050 9148 
886 1572 5059 6051 
887 2165 2163 5264 
888 1584 5296 7368 
889 1520 8222 8763 
890 5099 5239 5901 
891 8796 9433 9439 
892 561 5121 6538 
893 6970 6446 7102 
894 5652 5654 7722 
895 5233 2340 7078 
896 2345 6538 8912 
897 8004 6726 8171 
898 1520 1290 8222 
899 5146 3241 5218 
900 3872 5086 8858 
901 565 5516 8191 
902 5182 1453 7769 
903 2845 5315 5339 
904 6233 2497 6236 
905 7853 3112 8554 
906 5549 5503 8831 
907 5206 3914 7909 
908 8550 4085 8863 
909 1606 1605 8289 
910 2574 5084 7953 
911 5211 3892 5212 
912 5810 614 5811 
913 2387 5153 6629 
914 3827 3884 8814 
915 2527 3218 7151 
916 5151 2267 5265 
917 4528 4963 8888 
918 4907 6506 7547 
919 6407 4622 8210 
920 2234 5102 5797 
921 5154 1617 7507 
922 1098 5388 5390 
923 8517 9482 9485 
924 3492 5933 8213 
925 3562 8752 8773 
926 5171 2875 5173 
927 1761 1762 6828 
928 7511 6948 7885 
929 1770 1772 5198 
930 6185 6184 8016 
931 3886 6726 8523 
932 7295 6396 8732 
933 5303 5054 6930 
934 4694 5271 7959 
935 915 1103 5132 
936 6641 6356 8181 
937 3884 3828 7287 
938 7778 4016 8743 
939 6693 5309 7965 
940 8195 5148 8533 
941 3949 5336 6588 
942 9330 9324 9331 
943 4697 5439 6178 
944 5513 4546 8689 
945 1975 5527 5539 
946 7225 7223 9086 
947 5083 3218 6294 
948 3962 9337 9352 
949 5498 4343 8620 
950 8164 2938 8202 
951 4608 5090 6403 
952 4566 8815 8880 
953 3486 5306 5307 
954 4336 5206 7909 
955 8519 2388 8865 
956 1617 5154 6414 
957 9478 9480 9512 
958 8798 5481 8813 
959 9432 8797 9436 
960 4028 5205 7530 
961 1958 1977 5544 
962 5319 2766 5992 
963 4827 8777 8825 
964 1554 1572 6051 
965 3207 5433 6277 
966 4918 7979 8214 
967 1039 2652 5543 
968 6443 5474 7115 
969 7193 5824 7781 
970 1098 5390 6103 
971 8335 7644 8627 
972 5166 3468 6515 
973 5157 4565 5257 
974 5213 5513 8689 
975 4572 5381 5929 
976 3502 2529 7151 
977 4441 5227 8133 
978 515 5127 7793 
979 5222 4584 8509 
980 6100 4726 6101 
981 3129 5193 7608 
982 1368 995 5125 
983 2873 2320 5482 
984 2357 494 5098 
985 5084 7146 7953 
986 5145 2601 6887 
987 6551 8794 8842 
988 2051 5481 6832 
989 7115 5474 8082 
990 2558 2561 8291 
991 6142 4286 8106 
992 6066 4640 8287 
993 4527 5319 5992 
994 2652 5191 5543 
995 3184 8927 8928 
996 1365 1966 8595 
997 5093 2357 5098 
998 4882 5983 5986 
999 2133 2131 5698 
1000 3600 5190 7833 
1001 5892 8892 8908 
1002 4773 7154 7442 
1003 5271 2822 6409 
1004 4452 5087 6515 
1005 2034 1552 6051 
1006 7146 357 7953 
1007 7463 7468 9360 
1008 2166 2169 6448 
1009 3486 4623 5306 
1010 2478 2862 6916 
1011 5190 4690 7833 
1012 5296 1584 8613 
1013 5576 2248 5860 
1014 6990 4918 8214 
1015 2462 6234 6236 
1016 4414 4933 8881 
1017 5338 5507 7357 
1018 4436 6185 8016 
1019 7431 5162 7819 
1020 5942 2379 7911 
1021 4224 5279 6272 
1022 6414 5273 7642 
1023 8575 8574 8792 
1024 2248 2225 5860 
1025 7885 1277 8287 
1026 6126 5061 7796 
1027 3241 5146 5185 
1028 5354 5083 6294 
1029 4293 6878 8301 
1030 6654 6656 6657 
1031 6984 5728 7813 
1032 5098 7793 8398 
1033 2007 5307 5624 
1034 5622 1712 7491 
1035 5194 2876 5197 
1036 7317 5328 7450 
1037 5760 2936 5761 
1038 4640 6066 8238 
1039 5321 5908 6182 
1040 2878 3129 7608 
1041 3341 8352 8435 
1042 1187 2108 5170 
1043 6665 4632 8245 
1044 5173 2875 7570 
1045 1185 1187 5170 
1046 4297 5237 8602 
1047 7985 7766 8132 
1048 3042 2480 6916 
1049 5279 4415 6272 
1050 5433 5432 6277 
1051 5252 6929 8699 
1052 8503 1737 8698 
1053 4881 7110 7817 
1054 5559 5555 7309 
1055 8754 7790 8897 
1056 5161 2873 5482 
1057 6029 2637 6035 
1058 9488 7274 9502 
1059 7269 8517 9485 
1060 3477 4452 6515 
1061 8252 4962 8930 
1062 5309 3575 7965 
1063 1712 5622 5803 
1064 5291 3050 5377 
1065 5153 5467 6967 
1066 1190 8826 8900 
1067 3997 3998 5606 
1068 3241 5185 7646 
1069 5288 3217 7356 
1070 5388 1098 6780 
1071 5128 2499 7187 
1072 894 989 5730 
1073 1975 1500 5527 
1074 3502 6984 7813 
1075 2340 5234 6448 
1076 2848 5464 6703 
1077 4901 7685 8169 
1078 601 603 5281 
1079 5607 1643 6893 
1080 1617 6414 7642 
1081 5287 3217 5288 
1082 5177 2408 5178 
1083 5147 2651 6120 
1084 1073 5096 5853 
1085 1766 1768 5229 
1086 6312 6313 8616 
1087 5092 3889 8450 
1088 7549 6677 7581 
1089 8112 4893 8381 
1090 3045 5365 6682 
1091 1605 5239 8289 
1092 771 5200 6665 
1093 6267 6266 7287 
1094 5992 5989 6795 
1095 6214 6216 7508 
1096 4271 7841 8556 
1097 8646 1571 8828 
1098 2499 6872 7711 
1099 3599 4608 6403 
1100 8413 1414 8558 
1101 2386 601 5281 
1102 2742 8566 8629 
1103 2161 612 5277 
1104 7221 7218 7948 
1105 989 2041 5730 
1106 8909 4961 8915 
1107 4826 7801 7946 
1108 5664 5661 6248 
1109 4767 5157 8868 
1110 9486 9502 9509 
1111 6097 5671 6588 
1112 1643 5607 7098 
1113 7169 6770 8589 
1114 5661 2100 6248 
1115 5169 3823 8876 
1116 5153 2387 5467 
1117 4420 8216 8414 
1118 5166 4613 6828 
1119 5524 1966 5779 
1120 1675 5764 8149 
1121 5149 5150 8785 
1122 8839 9439 9440 
1123 8227 4222 8714 
1124 6954 7718 8451 
1125 6878 5163 8301 
1126 5564 5566 8258 
1127 3951 4819 6825 
1128 5156 5155 8542 
1129 5948 5949 8048 
1130 5361 6693 7965 
1131 5143 2524 5144 
1132 1306 5984 7817 
1133 6102 5163 6878 
1134 5361 2029 6693 
1135 5184 2386 5281 
1136 5269 4694 8278 
1137 4567 6968 8855 
1138 7216 7223 7225 
1139 5175 5173 7570 
1140 5791 3112 6592 
1141 5200 771 6492 
1142 5268 2822 5271 
1143 5580 4608 7932 
1144 3561 7997 8800 
1145 5378 3108 5379 
1146 1643 6275 6893 
1147 7464 7463 9360 
1148 1949 1784 5351 
1149 7857 7001 8904 
1150 3182 5235 5236 
1151 5186 1949 5351 
1152 6654 3963 6656 
1153 5155 3970 8542 
1154 2408 401 5179 
1155 2499 5128 6872 
1156 6403 4775 6999 
1157 5129 3281 6881 
1158 5058 3873 7530 
1159 6639 1034 8010 
1160 6011 6016 6017 
1161 5355 1177 5490 
1162 5314 2007 5624 
1163 4007 3902 5364 
1164 4001 5605 5606 
1165 8096 527 8154 
1166 8517 9480 9482 
1167 2760 2766 8680 
1168 4661 5388 6780 
1169 9294 9354 9368 
1170 5228 2425 6875 
1171 2498 6222 7471 
1172 5323 8026 8186 
1173 1071 1073 5853 
1174 5181 8503 8698 
1175 5303 1592 8879 
1176 6236 6234 7335 
1177 3733 3375 6757 
1178 9106 6033 9123 
1179 4905 5524 5779 
1180 7144 565 8191 
1181 4852 5530 8226 
1182 4474 5635 8442 
1183 8752 5131 8773 
1184 5896 5217 5967 
1185 3096 8633 8736 
1186 8497 3391 8520 
1187 7262 7273 7275 
1188 5544 1977 5545 
1189 8860 6802 8867 
1190 6967 1212 6968 
1191 5278 5355 5490 
1192 2303 7081 8712 
1193 7634 5190 7797 
1194 2934 3584 7516 
1195 8392 1137 8693 
1196 4608 2034 7932 
1197 1949 5186 5375 
1198 5763 5761 7516 
1199 5379 3108 5929 
1200 8238 1287 8393 
1201 5327 2924 6750 
1202 4533 8157 8276 
1203 4013 4611 6101 
1204 4641 5848 7048 
1205 1784 1786 5351 
1206 5216 1812 6449 
1207 1500 1580 5527 
1208 7368 5266 7941 
1209 2848 5463 5464 
1210 9359 7464 9360 
1211 5053 4827 8825 
1212 5574 4849 7533 
1213 4605 5159 8639 
1214 5179 7861 8537 
1215 7463 7467 7468 
1216 3560 6421 7437 
1217 5056 626 6681 
1218 2876 1770 5198 
1219 2876 5194 5229 
1220 1358 8810 8873 
1221 6161 6153 7863 
1222 5241 5544 5545 
1223 2433 5440 6131 
1224 5640 4506 7822 
1225 6726 8004 8523 
1226 4480 5148 8352 
1227 7957 9492 9495 
1228 4007 5201 5365 
1229 6275 5238 6893 
1230 2243 2256 8113 
1231 6484 8309 8636 
1232 2463 5393 7714 
1233 1393 1394 8156 
1234 3777 3113 7855 
1235 5516 565 8386 
1236 4517 5708 5709 
1237 7211 2933 8357 
1238 3432 7850 7999 
1239 3373 7634 7797 
1240 5963 4028 7530 
1241 5393 5391 7714 
1242 3060 4775 8788 
1243 2039 5240 6896 
1244 4517 5709 8588 
1245 5839 4773 7442 
1246 5435 4354 8898 
1247 1768 2876 5229 
1248 6060 6691 7648 
1249 3108 5378 6133 
1250 1074 5475 7074 
1251 443 445 8285 
1252 6872 4672 7711 
1253 5149 2303 8712 
1254 5164 2602 7144 
1255 2422 5982 8020 
1256 5982 2422 7295 
1257 5813 8648 8802 
1258 9298 9251 9340 
1259 2036 1844 5625 
1260 7221 7216 7225 
1261 2561 6370 8291 
1262 8062 3862 8172 
1263 6897 8678 8731 
1264 2034 6051 7932 
1265 397 399 6755 
1266 6045 6049 6050 
1267 5270 5269 8278 
1268 3373 5728 7634 
1269 3896 3898 7108 
1270 1293 1625 5204 
1271 2239 5494 7668 
1272 5124 1368 5125 
1273 7534 6577 8525 
1274 5144 5498 8620 
1275 5813 2031 7328 
1276 7216 7221 7948 
1277 4514 5214 7365 
1278 5098 492 7793 
1279 1216 1217 7416 
1280 2882 2883 6686 
1281 5198 7388 8411 
1282 5471 7419 8121 
1283 4671 6639 8010 
1284 1037 1039 5543 
1285 3217 5287 5425 
1286 3015 3017 5609 
1287 2040 2039 6896 
1288 6863 7761 8672 
1289 4640 8238 8393 
1290 1685 1593 6930 
1291 4098 6239 6520 
1292 3183 5850 7497 
1293 4762 6722 8524 
1294 7957 9495 9496 
1295 4021 4022 7984 
1296 6710 3890 8171 
1297 1453 6247 7769 
1298 4661 6780 8295 
1299 8797 8792 9436 
1300 5608 699 7294 
1301 3182 5236 5254 
1302 2112 6240 6242 
1303 7033 6535 7702 
1304 2522 2518 6294 
1305 2386 5184 8537 
1306 8856 5256 8918 
1307 3743 8860 8867 
1308 1510 8252 8930 
1309 6011 6015 6016 
1310 9332 9331 9333 
1311 1292 1293 5204 
1312 771 6665 8245 
1313 5216 5217 5896 
1314 5086 4547 8858 
1315 7403 3832 8417 
1316 1530 5721 6727 
1317 6043 6299 7943 
1318 2650 5238 6275 
1319 5089 7447 8349 
1320 5761 2936 7516 
1321 6000 3568 7389 
1322 8521 5215 8774 
1323 1813 5232 6831 
1324 8125 2654 8614 
1325 5363 5145 6887 
1326 5153 4401 6629 
1327 3826 5995 6111 
1328 1034 5349 8010 
1329 1487 7958 8332 
1330 3891 5306 6686 
1331 8901 4961 8909 
1332 5158 8125 8614 
1333 2267 2161 5277 
1334 6061 1868 7436 
1335 5494 2239 5496 
1336 8937 901 8938 
1337 5918 5919 7404 
1338 5207 5298 5846 
1339 4700 5610 7419 
1340 870 5158 8614 
1341 7804 4356 8325 
1342 5251 4928 6165 
1343 5183 4621 6407 
1344 5363 707 5364 
1345 5840 5839 7889 
1346 4633 4634 7650 
1347 6356 6370 6503 
1348 3051 5318 5460 
1349 4683 4686 7681 
1350 5995 4533 6111 
1351 5728 3373 7813 
1352 6370 2561 6503 
1353 2007 2006 5307 
1354 4638 5316 7533 
1355 7319 8890 8907 
1356 4613 5166 6515 
1357 6017 6034 6375 
1358 9342 9346 9366 
1359 4671 5529 6639 
1360 6868 7059 7441 
1361 3961 9317 9327 
1362 1780 1782 6901 
1363 5608 6000 7389 
1364 2641 7467 7782 
1365 4559 8901 8909 
1366 2869 5671 6097 
1367 5165 4710 7992 
1368 2869 5659 5671 
1369 3107 3756 5929 
1370 4258 8568 8893 
1371 1372 1578 6607 
1372 9329 9332 9337 
1373 1580 5526 5527 
1374 8774 5215 8883 
1375 5949 4412 8048 
1376 166 165 167 
1377 164 166 2821 
1378 4924 4473 8684 
1379 8324 5156 8542 
1380 1705 3217 5425 
1381 4725 7843 8051 
1382 5950 5226 8185 
1383 2225 2239 5860 
1384 7468 2642 9366 
1385 5202 8194 8409 
1386 7983 2373 8471 
1387 5158 870 8652 
1388 6984 3502 8827 
1389 6046 6035 8668 
1390 4907 5708 6506 
1391 718 5160 8568 
1392 2637 3596 6035 
1393 5674 1486 8767 
1394 5219 3951 6825 
1395 2881 5219 6825 
1396 5247 6866 6867 
1397 4848 4850 8544 
1398 5316 5574 7533 
1399 2006 3486 5307 
1400 3684 1408 6401 
1401 3687 5452 5536 
1402 3928 5420 5421 
1403 8574 8577 8792 
1404 5273 3051 7642 
1405 5328 1525 7450 
1406 6830 6831 8223 
1407 2641 2642 7467 
1408 8268 6047 9130 
1409 4289 8112 8381 
1410 7273 7262 9502 
1411 3592 6060 8407 
1412 7556 4078 8044 
1413 5675 8705 8808 
1414 3502 7151 8827 
1415 3989 5278 5490 
1416 5571 5206 8534 
1417 3112 5791 8554 
1418 2868 6020 7819 
1419 5365 5201 6682 
1420 4639 5188 5907 
1421 1740 8557 8830 
1422 9317 9318 9327 
1423 1247 1587 6243 
1424 5535 5533 7531 
1425 7871 4460 8781 
1426 5224 2054 5819 
1427 9269 8372 9353 
1428 8148 3054 8278 
1429 5919 6547 7404 
1430 5603 5605 7769 
1431 2875 5171 6828 
1432 5215 5262 8883 
1433 5718 1928 7475 
1434 6356 6503 8181 
1435 5443 1320 7022 
1436 5307 4703 5624 
1437 3596 5310 5311 
1438 3248 3250 6420 
1439 5452 4440 5536 
1440 5850 6512 7371 
1441 5688 5181 8698 
1442 5221 7124 7639 
1443 5127 515 7831 
1444 2936 5760 6987 
1445 5219 2881 6824 
1446 3341 4480 8352 
1447 6203 7479 7540 
1448 3397 5640 7822 
1449 5512 8652 8756 
1450 5200 6492 6876 
1451 5815 3547 7106 
1452 2147 5267 5725 
1453 3488 7549 7581 
1454 3892 5208 5290 
1455 4907 4243 5708 
1456 3596 2636 5310 
1457 7956 7267 9511 
1458 4435 6988 8692 
1459 5844 7367 8090 
1460 3097 5549 8831 
1461 4672 5676 7812 
1462 4826 6671 7801 
1463 2581 5203 8557 
1464 6540 2742 8629 
1465 5534 5533 5535 
1466 3906 5089 8349 
1467 6029 6035 6046 
1468 6355 7985 8132 
1469 3961 9300 9317 
1470 1239 1362 6881 
1471 3503 5183 6407 
1472 6232 7469 7470 
1473 2054 5224 5818 
1474 5305 7011 7573 
1475 2240 5257 8881 
1476 5378 5382 6133 
1477 6299 9116 9130 
1478 4813 4369 8312 
1479 5191 2652 6934 
1480 5119 8764 8853 
1481 5302 1994 6298 
1482 5328 5327 6750 
1483 7968 7799 8015 
1484 4316 4211 6876 
1485 614 538 5811 
1486 6186 5292 7684 
1487 5526 1580 6940 
1488 6438 2649 8872 
1489 5573 2013 6439 
1490 1075 6443 7115 
1491 5440 5439 6131 
1492 6982 3387 7867 
1493 4405 5805 7820 
1494 5197 2876 5198 
1495 9480 8517 9512 
1496 1113 1111 7529 
1497 497 527 6601 
1498 4501 5678 8476 
1499 5241 5545 7193 
1500 3902 4015 5364 
1501 5329 4018 5506 
1502 7637 2245 8204 
1503 5226 1307 8185 
1504 2691 7562 7751 
1505 917 5132 8134 
1506 7764 7766 7985 
1507 6605 4720 8210 
1508 538 536 5811 
1509 1804 5449 8591 
1510 527 5344 6601 
1511 8633 4506 8736 
1512 2039 1958 5544 
1513 5164 7144 8191 
1514 7011 5305 7114 
1515 5228 6875 7936 
1516 6826 5288 7356 
1517 1807 2742 6540 
1518 4615 5145 5362 
1519 4613 1761 6828 
1520 6512 2145 7371 
1521 9118 9120 9177 
1522 5721 6142 8106 
1523 7943 6046 8668 
1524 5381 5379 5929 
1525 4015 5363 5364 
1526 2343 4162 6422 
1527 7419 5610 8121 
1528 8344 5810 8432 
1529 5148 4480 8533 
1530 5318 4678 5460 
1531 5464 5791 6592 
1532 8840 8834 8843 
1533 7260 7262 7275 
1534 6233 6236 7335 
1535 7473 4751 8209 
1536 5536 4440 8446 
1537 5534 8413 8558 
1538 1218 5454 7884 
1539 2853 2836 6112 
1540 2381 5672 7177 
1541 1578 5254 6607 
1542 4479 8351 8553 
1543 245 8499 8551 
1544 941 939 6103 
1545 5605 6172 7769 
1546 4559 4025 8882 
1547 1762 2875 6828 
1548 4625 4624 5265 
1549 3097 2752 8820 
1550 2272 2276 5290 
1551 4076 5280 5802 
1552 5238 2650 6889 
1553 5763 4923 8519 
1554 4731 4732 8380 
1555 3741 7630 8666 
1556 5249 5251 6165 
1557 7647 1669 8534 
1558 707 5363 6887 
1559 4624 5151 5265 
1560 6235 6228 7730 
1561 3823 3821 8876 
1562 6940 1580 7425 
1563 4021 6446 6970 
1564 1089 1345 8746 
1565 3241 2221 5218 
1566 2711 2709 6534 
1567 2112 6239 6240 
1568 5607 5604 7098 
1569 4144 5840 7889 
1570 7807 3006 8434 
1571 5542 5283 6243 
1572 2408 5177 6755 
1573 5661 5652 7722 
1574 5824 5823 7826 
1575 3115 5299 5300 
1576 4098 5484 6239 
1577 5152 8441 8592 
1578 5241 7193 7781 
1579 2169 2340 6448 
1580 8299 2143 8757 
1581 2131 3978 5698 
1582 2089 2086 6673 
1583 5439 4697 6131 
1584 9544 6862 9547 
1585 1151 8317 8738 
1586 5439 3583 6178 
1587 5282 2033 5875 
1588 4865 7189 7811 
1589 3243 5623 8625 
1590 7269 9485 9509 
1591 7937 7630 8109 
1592 8286 4886 8440 
1593 2638 5230 5310 
1594 6409 3493 7959 
1595 2233 6100 6101 
1596 5676 2521 7812 
1597 7911 2379 8083 
1598 7470 7469 9263 
1599 3233 5284 5286 
1600 5377 3050 6901 
1601 5257 4565 8881 
1602 2713 5321 5907 
1603 6099 5471 6100 
1604 7308 4731 7394 
1605 3832 8360 8417 
1606 5248 6854 6865 
1607 6138 1851 6781 
1608 5585 6624 7180 
1609 5280 4076 5701 
1610 5293 3179 7169 
1611 2377 3547 5627 
1612 6234 2462 7508 
1613 5350 6940 7425 
1614 6866 6862 6867 
1615 6889 2650 7190 
1616 5507 3933 7357 
1617 7525 823 8028 
1618 5684 6449 7410 
1619 3946 4081 6557 
1620 2221 2223 5218 
1621 6260 7698 8235 
1622 7875 778 8489 
1623 6111 4533 8276 
1624 6228 6235 6237 
1625 7072 4176 7294 
1626 6184 2339 8016 
1627 5626 5568 7844 
1628 3449 3323 7046 
1629 1812 5216 5896 
1630 1345 7937 8109 
1631 2240 2226 8852 
1632 9127 6027 9128 
1633 2248 5576 7108 
1634 3523 5626 7844 
1635 5061 5591 7185 
1636 7872 6494 8206 
1637 1578 1805 5254 
1638 3051 5273 5318 
1639 6086 2148 6704 
1640 5272 4660 5677 
1641 4783 8096 8154 
1642 4464 3918 7947 
1643 2641 7782 8124 
1644 5179 403 7861 
1645 5193 3129 7685 
1646 3465 4615 5362 
1647 3998 4001 5606 
1648 5259 5258 5828 
1649 5472 2885 5477 
1650 1864 1862 7779 
1651 2652 6873 6934 
1652 5260 1971 5847 
1653 4759 8119 8316 
1654 4830 5939 5940 
1655 4076 3150 5701 
1656 5154 7507 8333 
1657 5266 5277 7941 
1658 5824 4376 7781 
1659 5940 5942 7911 
1660 4159 7451 8213 
1661 4394 8062 8172 
1662 7019 3243 8625 
1663 5382 2398 6133 
1664 3956 1677 5341 
1665 4095 1929 5812 
1666 5226 4661 8295 
1667 6003 6001 6015 
1668 2302 600 8469 
1669 1097 6186 7684 
1670 5227 4441 8064 
1671 5225 1487 6954 
1672 4914 8571 8686 
1673 6093 6092 8874 
1674 3822 3819 7277 
1675 5165 3886 8523 
1676 3596 5311 5312 
1677 4238 5274 8034 
1678 5062 5063 7796 
1679 2901 5374 5575 
1680 2147 5725 6667 
1681 4773 7129 7154 
1682 5984 1306 8368 
1683 2209 5470 6099 
1684 2379 5942 8496 
1685 6047 6299 9130 
1686 5178 2408 5179 
1687 5459 8798 8813 
1688 5507 5338 5966 
1689 7841 5834 8556 
1690 4949 5491 6959 
1691 5247 6855 6866 
1692 7659 1308 8009 
1693 4865 3610 7189 
1694 5156 8324 8877 
1695 2164 2166 6448 
1696 2033 5282 5847 
1697 6196 7478 8130 
1698 5198 1772 7388 
1699 2194 5566 5568 
1700 5278 3989 5479 
1701 1971 5260 5338 
1702 3518 4706 8334 
1703 5669 4095 5812 
1704 6084 6067 6270 
1705 7112 8695 8744 
1706 5566 2194 8258 
1707 2783 2791 8671 
1708 5188 4639 5360 
1709 4740 4738 8147 
1710 2766 5319 8680 
1711 5162 5482 8319 
1712 7711 4672 7812 
1713 6313 409 8616 
1714 5464 6592 6703 
1715 5475 5476 7074 
1716 9496 9495 9497 
1717 4512 4941 8751 
1718 3419 5324 5325 
1719 5835 6049 6705 
1720 6752 5541 7771 
1721 7124 5365 7639 
1722 7152 5562 7856 
1723 6011 6017 6375 
1724 8439 1978 8443 
1725 5340 3978 8231 
1726 4712 7310 8234 
1727 6499 8371 8420 
1728 9485 9486 9509 
1729 6183 7911 8083 
1730 8492 4699 8506 
1731 6654 6657 9298 
1732 2636 2638 5310 
1733 5330 2955 5331 
1734 7290 2521 8133 
1735 5908 7862 8435 
1736 5983 5974 5986 
1737 2916 2272 5290 
1738 4400 4330 5313 
1739 7103 7980 8283 
1740 5258 2887 5828 
1741 6306 8371 8394 
1742 6399 718 8568 
1743 5289 4664 5443 
1744 3886 5165 7992 
1745 6352 7761 7764 
1746 673 7308 7394 
1747 2110 5662 5664 
1748 5284 3233 6732 
1749 4005 4969 5445 
1750 3017 3028 5609 
1751 1727 1725 5478 
1752 2110 5664 6248 
1753 5575 5499 7385 
1754 6216 6234 7508 
1755 2581 7246 8602 
1756 6873 5443 6934 
1757 5601 5249 6165 
1758 8157 1624 8276 
1759 5657 5659 7195 
1760 5481 5373 6832 
1761 8794 8795 8842 
1762 5292 4819 7684 
1763 3603 3640 5900 
1764 3325 6263 7047 
1765 1966 5524 8595 
1766 9176 9118 9177 
1767 1494 1492 7786 
1768 4883 7623 8377 
1769 4700 5609 5610 
1770 4716 5284 6732 
1771 4081 5370 6557 
1772 6272 4222 8227 
1773 4015 5362 5363 
1774 5202 3493 8194 
1775 7007 2381 7177 
1776 458 5915 6183 
1777 6210 6212 6237 
1778 5232 1813 7310 
1779 5578 3432 7999 
1780 7782 5393 8124 
1781 4323 7211 8357 
1782 5428 4039 7744 
1783 5625 8764 8862 
1784 5860 2239 7668 
1785 7429 4899 7487 
1786 742 746 5522 
1787 5839 2687 7889 
1788 707 5201 5364 
1789 4047 4046 5532 
1790 1167 1285 8353 
1791 2209 2207 5470 
1792 4272 4271 5483 
1793 4082 4080 7077 
1794 5474 5475 8082 
1795 4637 8373 8399 
1796 1381 1349 5967 
1797 3567 6308 7348 
1798 5259 5828 5829 
1799 2727 2955 5330 
1800 6875 986 7936 
1801 7274 7273 9502 
1802 6016 3136 6019 
1803 5654 5657 7722 
1804 6021 6031 6032 
1805 5627 5628 5629 
1806 5454 5313 7884 
1807 3496 3124 5295 
1808 4664 5289 5442 
1809 2681 2377 5627 
1810 1817 1628 8688 
1811 5635 1585 8442 
1812 2233 6099 6100 
1813 2289 2285 6480 
1814 4018 3933 5506 
1815 7839 2938 8164 
1816 883 880 5834 
1817 6019 3136 7431 
1818 8575 8792 8797 
1819 4160 4159 8783 
1820 9495 9493 9501 
1821 8320 3142 8452 
1822 8652 870 8756 
1823 6654 9298 9340 
1824 5691 4462 6669 
1825 5470 5471 6099 
1826 1766 5229 7570 
1827 3408 4532 8916 
1828 7863 6153 7864 
1829 1587 6132 8478 
1830 1971 5338 7357 
1831 5308 3465 5362 
1832 1525 5328 6750 
1833 2315 4176 7072 
1834 5847 5282 7569 
1835 2282 6098 7305 
1836 2398 5382 7180 
1837 1994 5460 6298 
1838 5445 5446 8503 
1839 3997 5606 5607 
1840 1994 3051 5460 
1841 5576 3896 7108 
1842 5983 4882 7817 
1843 2521 5676 8133 
1844 5629 8543 8709 
1845 8656 4896 8703 
1846 3503 6990 8214 
1847 3391 8099 8520 
1848 5659 2869 7195 
1849 5409 5411 8840 
1850 6226 6227 9351 
1851 6446 4021 7984 
1852 6855 5247 6865 
1853 5240 2039 5544 
1854 7299 4493 7898 
1855 4148 7794 8122 
1856 2431 8274 8416 
1857 5806 4405 5807 
1858 4822 3733 6757 
1859 4850 5843 8544 
1860 3305 3304 5987 
1861 2890 5642 5667 
1862 8255 4884 8343 
1863 1964 1641 5373 
1864 4780 5476 5499 
1865 8371 3670 8394 
1866 7979 5573 8214 
1867 4376 5824 7826 
1868 5721 1530 6142 
1869 2938 6422 8202 
1870 5462 5516 8386 
1871 5217 7983 8471 
1872 5203 2581 8602 
1873 2301 426 6918 
1874 5349 1034 6755 
1875 3928 5419 5420 
1876 2887 6970 7102 
1877 4764 6638 6751 
1878 3661 4348 5450 
1879 6694 5119 8853 
1880 3989 3190 5479 
1881 6686 4623 8714 
1882 6070 3231 6191 
1883 3914 5358 7909 
1884 5500 5502 5503 
1885 3937 5367 5687 
1886 6212 6228 6237 
1887 7274 9488 9490 
1888 6656 3963 7681 
1889 6421 5497 7437 
1890 709 706 6887 
1891 5289 5443 7022 
1892 5532 5533 5534 
1893 5306 4703 5307 
1894 6989 8074 8161 
1895 6060 3592 6691 
1896 8050 6788 8329 
1897 5562 5561 7856 
1898 5506 3933 5507 
1899 2868 7819 8319 
1900 6011 6003 6015 
1901 4690 4692 7833 
1902 4018 5329 5548 
1903 5848 4673 7048 
1904 5225 6954 8451 
1905 6826 2030 7433 
1906 5577 2947 6433 
1907 8528 7480 8841 
1908 5449 1804 8289 
1909 7153 3341 8435 
1910 5197 5198 8411 
1911 5476 4780 7074 
1912 7938 7474 7949 
1913 7456 5235 7608 
1914 5721 5720 6727 
1915 3435 3433 5537 
1916 3143 3973 8452 
1917 1705 5425 7650 
1918 3108 3107 5929 
1919 5247 5245 6865 
1920 9364 9361 9365 
1921 2497 2460 6236 
1922 5594 3449 7046 
1923 2791 5489 8671 
1924 5897 5458 8303 
1925 3729 4905 8603 
1926 5516 4417 8191 
1927 4400 5313 5454 
1928 5369 2404 6246 
1929 5277 612 7941 
1930 4549 2852 5346 
1931 5982 7295 8732 
1932 7531 7148 8021 
1933 7369 4235 8127 
1934 7258 7257 8236 
1935 7231 7230 9503 
1936 4211 5200 6876 
1937 5332 8138 8140 
1938 3135 3900 7431 
1939 8657 4503 8861 
1940 5716 1928 5718 
1941 3055 3015 5609 
1942 6838 6702 7526 
1943 2822 5268 6480 
1944 1308 7241 8009 
1945 5442 4688 5444 
1946 7698 6269 8235 
1947 3183 7497 7548 
1948 6185 4436 7871 
1949 1844 2007 5625 
1950 6269 3319 6938 
1951 6400 5710 6622 
1952 6575 8410 8601 
1953 4675 5230 7330 
1954 459 2379 8496 
1955 5245 5248 6865 
1956 7110 1306 7817 
1957 8233 7341 8765 
1958 5230 2638 7330 
1959 2600 2595 7170 
1960 1828 8412 8529 
1961 4607 1685 6930 
1962 6564 300 6565 
1963 399 2408 6755 
1964 8367 3560 8385 
1965 3607 3075 5939 
1966 6781 1851 7407 
1967 5548 300 6564 
1968 2433 7362 8282 
1969 6797 8244 8436 
1970 1776 1778 6824 
1971 5280 2040 6896 
1972 9486 9488 9502 
1973 6052 5383 6806 
1974 9289 9260 9367 
1975 5579 7999 8000 
1976 8499 5433 8551 
1977 8834 8835 8843 
1978 3488 5221 7549 
1979 3330 4821 7589 
1980 5242 4641 7048 
1981 5529 4671 6056 
1982 7367 5508 8090 
1983 4961 5253 8915 
1984 4694 4470 8278 
1985 5915 4829 6183 
1986 5159 3552 8639 
1987 4791 7323 7339 
1988 5482 2322 8319 
1989 4162 5384 6422 
1990 880 878 5834 
1991 2228 5948 8048 
1992 3218 2522 6294 
1993 5581 6889 7190 
1994 5760 5764 6987 
1995 6299 6046 7943 
1996 2938 2343 6422 
1997 5458 7818 8303 
1998 4191 6992 7703 
1999 7739 4865 7811 
2000 5275 3782 5808 
2001 6296 4343 8619 
2002 7825 5340 8231 
2003 4813 8312 8344 
2004 5805 4405 5806 
2005 6868 6854 7059 
2006 4128 5580 7932 
2007 2563 2565 6678 
2008 3202 3203 5689 
2009 5636 7286 8300 
2010 2425 5228 6876 
2011 2892 3713 7365 
2012 4704 3983 5514 
2013 7623 1535 8377 
2014 5102 4012 8706 
2015 5317 4105 6717 
2016 7855 3987 8262 
2017 5293 7169 8589 
2018 4821 5573 6439 
2019 5324 3419 5781 
2020 6447 8390 8847 
2021 4369 3125 8710 
2022 867 870 8614 
2023 5894 2109 7386 
2024 1872 1870 6162 
2025 8678 2589 8731 
2026 3297 5283 6141 
2027 4515 8662 8697 
2028 3413 4527 8242 
2029 4079 2902 5846 
2030 6516 2282 7305 
2031 5449 8540 8591 
2032 5359 3242 7320 
2033 3151 3581 5383 
2034 5190 3600 7797 
2035 1811 2033 5847 
2036 6160 4704 6486 
2037 746 907 5522 
2038 5528 6994 7640 
2039 5259 6060 7648 
2040 6239 2112 6520 
2041 6081 7818 8182 
2042 6153 6154 7864 
2043 5294 4464 7947 
2044 4431 4351 8522 
2045 4678 5318 5422 
2046 3050 1780 6901 
2047 7741 5428 7744 
2048 5851 2016 6539 
2049 2633 7574 8669 
2050 5291 5377 7583 
2051 6754 4420 8414 
2052 4942 4069 8374 
2053 1362 1705 6881 
2054 6022 2328 6023 
2055 2687 5839 7442 
2056 8114 5747 8389 
2057 7275 7266 7276 
2058 4243 1082 8683 
2059 6862 6866 9547 
2060 6062 6277 8613 
2061 6052 1393 8156 
2062 4108 5830 7549 
2063 7255 6345 8635 
2064 4391 4892 8179 
2065 5697 7071 8315 
2066 4494 5908 8435 
2067 4496 8493 8787 
2068 1285 1372 6607 
2069 3443 5336 8509 
2070 3150 3518 5701 
2071 8292 4963 8911 
2072 2518 2520 6294 
2073 4925 8449 8460 
2074 7562 4238 7751 
2075 2147 2133 5698 
2076 5935 6618 7107 
2077 8296 6575 8601 
2078 2007 5314 5625 
2079 3992 3904 7831 
2080 4692 5261 7833 
2081 8660 5453 8695 
2082 1075 5854 6443 
2083 788 8758 8923 
2084 4370 5188 8709 
2085 7958 4816 8332 
2086 5372 8784 8926 
2087 3233 5286 5295 
2088 6535 6534 7702 
2089 7801 2216 7946 
2090 1229 2112 6242 
2091 3584 4923 7516 
2092 5063 1558 5064 
2093 6761 1865 7113 
2094 5486 986 6884 
2095 8468 7989 8482 
2096 5629 5628 7371 
2097 6355 6368 6668 
2098 6368 6355 8132 
2099 5808 2859 5862 
2100 1309 5529 6056 
2101 7388 6825 8411 
2102 8453 4477 8590 
2103 4540 3667 5511 
2104 8076 5668 8369 
2105 4709 7831 7901 
2106 3789 3798 5419 
2107 6899 7803 8068 
2108 5495 2286 5497 
2109 1876 6159 6160 
2110 4869 6390 7737 
2111 2933 7556 8044 
2112 7505 1675 8149 
2113 5265 2267 5277 
2114 6057 6058 6059 
2115 5480 1748 5521 
2116 439 7527 8460 
2117 4689 4675 7330 
2118 9300 3961 9340 
2119 1610 1608 7517 
2120 939 1098 6103 
2121 1111 1286 7529 
2122 1231 1229 6242 
2123 3888 5147 6973 
2124 5611 1531 5612 
2125 5943 8150 8496 
2126 565 537 8386 
2127 5264 5152 8592 
2128 7323 4791 7334 
2129 3898 5146 7108 
2130 4549 5346 5348 
2131 2885 1727 5478 
2132 6240 6241 8224 
2133 2890 5641 5642 
2134 5764 1675 6987 
2135 7517 1804 8591 
2136 6650 6651 9313 
2137 6228 6214 7508 
2138 1805 3182 5254 
2139 3684 6401 6402 
2140 5911 5759 7383 
2141 5214 3407 7365 
2142 6001 2330 6015 
2143 8089 6932 8225 
2144 6904 5599 6910 
2145 3375 3419 6757 
2146 3967 3969 5854 
2147 6475 8383 8427 
2148 7071 5697 8095 
2149 5341 1677 5547 
2150 3520 4677 7536 
2151 6352 7764 7985 
2152 699 7072 7294 
2153 6222 7470 7471 
2154 5391 4361 7714 
2155 3493 5202 7959 
2156 3050 5291 6824 
2157 5425 4633 7650 
2158 7084 906 7840 
2159 5466 8439 8443 
2160 5305 3193 7114 
2161 1118 1531 5611 
2162 2947 5577 7798 
2163 4751 5224 8209 
2164 5678 1968 8476 
2165 4677 5436 7536 
2166 4777 6135 6201 
2167 6772 4884 8255 
2168 6844 7059 7087 
2169 1829 2051 6832 
2170 5347 2984 7101 
2171 1034 397 6755 
2172 2877 2347 8912 
2173 3511 5422 6725 
2174 5461 4417 5516 
2175 3547 2375 7106 
2176 7213 5421 7214 
2177 2002 2865 5581 
2178 3249 3247 7626 
2179 2628 5835 6705 
2180 6929 6364 8699 
2181 1292 5204 5205 
2182 2148 2121 6704 
2183 5530 1739 8226 
2184 2030 5323 7433 
2185 3182 2878 7608 
2186 5674 5675 8808 
2187 2016 5851 6106 
2188 1804 1606 8289 
2189 3887 5256 8856 
2190 7859 5077 7933 
2191 8026 4809 8186 
2192 2194 5568 5569 
2193 5434 4704 5514 
2194 4321 4420 6754 
2195 5630 5577 6433 
2196 9346 9365 9366 
2197 1681 6304 6305 
2198 5288 6826 7433 
2199 7230 7233 9503 
2200 775 777 7757 
2201 4933 7477 8881 
2202 3444 4584 6545 
2203 5362 5145 5363 
2204 5445 4969 5446 
2205 1177 5355 6829 
2206 681 683 5326 
2207 5091 4951 8536 
2208 6172 5182 7769 
2209 5555 2793 7309 
2210 5299 3115 5302 
2211 6795 6796 9151 
2212 3210 5638 7899 
2213 5221 3488 7124 
2214 1648 2389 6444 
2215 5495 5494 5496 
2216 6019 7431 7819 
2217 5342 907 7042 
2218 5229 5175 7570 
2219 998 2649 8829 
2220 1750 1748 5480 
2221 4108 3489 8407 
2222 2282 2280 7845 
2223 3640 4689 5900 
2224 2016 1807 6540 
2225 3013 2853 6112 
2226 3553 3057 5424 
2227 7097 7865 8142 
2228 5272 3777 7855 
2229 2460 2462 6236 
2230 6325 6371 7322 
2231 2367 5508 7367 
2232 4004 4005 5445 
2233 8194 3400 8409 
2234 1642 1499 6055 
2235 2936 2934 7516 
2236 6379 5922 7250 
2237 1143 1145 7060 
2238 5551 7804 8325 
2239 4625 5265 5266 
2240 6141 6140 7706 
2241 4275 4272 5483 
2242 7218 7215 7948 
2243 5679 2290 7656 
2244 5745 5743 5767 
2245 4932 4492 8607 
2246 5766 5733 7505 
2247 7527 4925 8460 
2248 3909 6400 6622 
2249 1307 5226 8295 
2250 8369 2633 8669 
2251 5638 4265 7899 
2252 9183 6008 9192 
2253 2832 6844 7087 
2254 907 5342 5522 
2255 5577 4854 7798 
2256 4134 2765 7332 
2257 7955 6899 8068 
2258 8836 8528 8841 
2259 2234 5797 5845 
2260 5650 5661 5664 
2261 4182 5608 7294 
2262 5974 5972 5986 
2263 7685 3129 8169 
2264 426 424 6918 
2265 5213 3482 5513 
2266 3003 4504 7628 
2267 5185 3944 5233 
2268 5289 4688 5442 
2269 255 7307 7960 
2270 6587 7405 7515 
2271 4706 7038 8334 
2272 2270 3414 6176 
2273 5341 4682 6957 
2274 7331 3023 8092 
2275 4380 4410 7816 
2276 5493 7192 7668 
2277 5208 2916 5290 
2278 6508 6976 8123 
2279 6446 6445 7102 
2280 7146 4453 8904 
2281 5553 2793 5554 
2282 4428 5226 5950 
2283 1757 1928 5716 
2284 1243 2581 8557 
2285 1833 1994 5302 
2286 6624 2398 7180 
2287 8373 5545 8399 
2288 3124 3233 5295 
2289 5850 5815 7497 
2290 5423 4673 5848 
2291 2778 2779 5488 
2292 5499 5478 7385 
2293 2608 6088 6417 
2294 4089 6309 6956 
2295 4720 5154 8333 
2296 5368 6982 7867 
2297 3782 3440 5808 
2298 4337 6271 6383 
2299 4686 6656 7681 
2300 3919 5321 6182 
2301 3928 5421 7213 
2302 5441 5440 8282 
2303 3329 2711 6534 
2304 4129 5061 7185 
2305 5477 2885 5478 
2306 5965 6936 7672 
2307 2951 5804 6626 
2308 6426 8006 8017 
2309 3063 7739 7811 
2310 7056 6169 7670 
2311 6526 6527 6528 
2312 5242 2832 7087 
2313 2339 7021 8257 
2314 6180 7629 8175 
2315 7656 2290 8367 
2316 3808 7214 7226 
2317 2351 2349 7304 
2318 1919 1918 5673 
2319 3440 2859 5808 
2320 4128 3462 5580 
2321 3195 3193 5305 
2322 3756 4572 5929 
2323 1920 5387 7805 
2324 3606 7242 7359 
2325 495 497 6601 
2326 4760 5227 8064 
2327 5157 5257 8868 
2328 1349 5896 5967 
2329 5323 2030 8026 
2330 5885 5883 5887 
2331 5350 3530 7085 
2332 6348 6356 6641 
2333 2774 2772 5798 
2334 5374 4173 5575 
2335 3987 5317 8262 
2336 5207 2373 7983 
2337 4845 6924 7772 
2338 5261 4692 8233 
2339 4882 4881 7817 
2340 3221 1271 7183 
2341 2922 3508 7296 
2342 5835 2756 5836 
2343 4229 4227 8110 
2344 4804 6609 6615 
2345 2331 6619 7554 
2346 2832 5242 7048 
2347 1746 3096 5521 
2348 6618 7988 8046 
2349 3699 4375 5455 
2350 2728 2741 8272 
2351 3304 4882 5987 
2352 4050 4047 5532 
2353 7560 1170 8682 
2354 5235 3182 7608 
2355 5437 3583 5438 
2356 4034 6379 7250 
2357 7951 7923 9515 
2358 7038 4706 7756 
2359 2172 4220 7127 
2360 6308 3567 6945 
2361 6618 4142 7107 
2362 782 792 7682 
2363 1650 1648 6444 
2364 5186 4121 5375 
2365 6675 6676 6839 
2366 6088 8395 8643 
2367 5330 5332 8140 
2368 665 654 5679 
2369 4727 1216 7416 
2370 4337 6270 6271 
2371 3218 5199 7151 
2372 3219 6830 8223 
2373 2769 3001 5836 
2374 9321 5097 9369 
2375 3759 3760 6514 
2376 2191 2200 6491 
2377 5802 5280 6896 
2378 5337 3180 6589 
2379 5627 3547 5628 
2380 2422 8020 8368 
2381 6273 2588 7411 
2382 5177 5349 6755 
2383 3037 3100 7324 
2384 8228 5462 8386 
2385 2703 7058 7155 
2386 3511 4678 5422 
2387 5800 3981 6386 
2388 4377 6424 7823 
2389 2799 2800 6053 
2390 2207 2232 5470 
2391 3977 3202 5689 
2392 7683 1694 7874 
2393 5541 6752 7866 
2394 5604 3147 7098 
2395 2303 5149 8785 
2396 7957 7956 9511 
2397 4632 5281 8245 
2398 7046 3325 7047 
2399 5345 4185 7182 
2400 2331 5663 6811 
2401 4401 4400 6629 
2402 6379 4034 6386 
2403 5811 536 8054 
2404 2887 5258 6970 
2405 5444 4688 5800 
2406 4095 5813 7328 
2407 3567 6311 6945 
2408 7059 6844 7441 
2409 5463 2848 7311 
2410 716 719 5771 
2411 4037 4039 5428 
2412 5260 5847 7569 
2413 5492 1602 7398 
2414 4236 4341 5436 
2415 6805 7603 7821 
2416 5335 5333 6532 
2417 5984 5983 7817 
2418 445 5687 8285 
2419 5321 2713 5908 
2420 5540 3121 5838 
2421 7497 6071 7548 
2422 5893 5894 7386 
2423 1971 1811 5847 
2424 4704 5434 6486 
2425 2143 7390 8757 
2426 1663 1678 5523 
2427 6210 6237 6450 
2428 2373 5207 5846 
2429 3819 3820 7277 
2430 2381 1093 6689 
2431 862 2943 7652 
2432 4514 4513 8567 
2433 5368 1534 6244 
2434 5239 3939 5448 
2435 2627 2756 5835 
2436 5690 5691 6669 
2437 4417 5461 6124 
2438 1849 5722 6971 
2439 2276 2967 5290 
2440 4232 5216 6449 
2441 5600 1497 6789 
2442 2707 2708 5907 
2443 8358 5961 8376 
2444 2258 2270 6176 
2445 5755 7534 8525 
2446 3784 3759 6514 
2447 1860 1833 5302 
2448 5484 4098 6923 
2449 5463 4984 5464 
2450 6449 1812 7410 
2451 2924 5327 8247 
2452 6213 8180 8429 
2453 4527 5992 6794 
2454 1731 5670 6384 
2455 5904 4716 6732 
2456 7810 4462 8269 
2457 4130 6306 6733 
2458 8620 3552 8886 
2459 3642 4137 8406 
2460 2961 5561 7627 
2461 6145 7886 8168 
2462 4830 5940 7911 
2463 4682 4683 7681 
2464 5570 5564 8258 
2465 823 6522 8028 
2466 1593 1592 6930 
2467 9266 9242 9267 
2468 1602 1407 7398 
2469 1748 1746 5521 
2470 5720 4893 8112 
2471 5672 5655 7177 
2472 5299 5302 6298 
2473 7009 5213 8689 
2474 894 5730 8237 
2475 5805 2951 7820 
2476 3950 5291 7583 
2477 3130 2001 6064 
2478 5455 8116 8182 
2479 986 5486 7936 
2480 3800 3830 7638 
2481 6159 1876 6162 
2482 3113 3987 7855 
2483 2913 1964 5373 
2484 654 653 5679 
2485 491 1813 6831 
2486 3063 6489 7739 
2487 1306 1303 8368 
2488 1297 5371 7577 
2489 4631 6539 6540 
2490 5642 5644 5667 
2491 6646 6660 9295 
2492 7310 1813 8234 
2493 5725 4817 6667 
2494 2645 8498 8654 
2495 3548 5825 6558 
2496 6383 3216 7712 
2497 3826 3811 8581 
2498 6714 2302 8469 
2499 6539 2016 6540 
2500 4053 5463 7311 
2501 5535 7531 7770 
2502 7924 7922 9504 
2503 5517 5409 8840 
2504 1988 2978 6387 
2505 5672 2381 6689 
2506 6268 3368 8002 
2507 5849 7387 7602 
2508 5665 981 6870 
2509 6265 3368 6268 
2510 8119 2909 8316 
2511 5199 8327 8827 
2512 4872 7746 7963 
2513 2734 2733 9187 
2514 3099 3098 6965 
2515 6074 2233 6101 
2516 5965 5964 6935 
2517 4560 8917 8921 
2518 2836 2838 6112 
2519 2553 2556 8651 
2520 5689 7317 7450 
2521 6069 6070 6191 
2522 5743 5765 5767 
2523 3117 2842 7783 
2524 4419 7481 8611 
2525 1853 3583 5437 
2526 4742 7042 7174 
2527 1782 1949 6901 
2528 4080 5705 7077 
2529 4814 6951 7361 
2530 4097 6124 6977 
2531 4096 523 7178 
2532 2285 2822 6480 
2533 2768 4363 5590 
2534 4774 941 6103 
2535 4691 5727 7066 
2536 2086 2085 6673 
2537 5783 4570 7902 
2538 9247 9260 9289 
2539 4634 5129 7650 
2540 3206 6137 6199 
2541 4121 4120 5375 
2542 6076 6077 7251 
2543 5440 2433 8282 
2544 5204 5058 7530 
2545 6940 5350 7085 
2546 6304 1681 6306 
2547 5012 6287 6288 
2548 5116 5120 5546 
2549 5257 2240 8852 
2550 3285 5423 5848 
2551 1741 2699 5714 
2552 3433 3441 5537 
2553 4323 679 7211 
2554 2256 6176 8113 
2555 7266 7259 7276 
2556 5338 4667 5966 
2557 3465 5308 5424 
2558 3666 5509 5510 
2559 929 2366 8318 
2560 6196 1621 7478 
2561 8309 4666 8636 
2562 4733 6061 7436 
2563 5365 3045 7639 
2564 2253 2793 5553 
2565 5639 3775 8708 
2566 2975 2609 7210 
2567 2231 2251 5552 
2568 1413 7005 7138 
2569 5344 527 8096 
2570 1574 7025 7420 
2571 5321 4639 5907 
2572 1637 8286 8440 
2573 4476 6090 6553 
2574 8855 3262 8894 
2575 5641 2890 6816 
2576 1051 3191 7240 
2577 6827 1369 7785 
2578 6284 7302 7725 
2579 3435 5537 8811 
2580 2111 6556 7321 
2581 884 5844 8090 
2582 3505 3504 7002 
2583 1435 1434 5904 
2584 2110 2089 6673 
2585 4592 5902 5903 
2586 5757 5758 5951 
2587 4146 6196 8130 
2588 6208 6210 6450 
2589 6579 3870 8461 
2590 4566 5505 8815 
2591 5306 4623 6686 
2592 759 756 5918 
2593 5487 5486 6884 
2594 1487 5225 7958 
2595 5910 5759 5911 
2596 1195 1193 5467 
2597 3504 6698 7002 
2598 3461 3121 5540 
2599 6192 4141 7374 
2600 2101 5297 7786 
2601 1876 6160 6486 
2602 7667 7252 7792 
2603 3248 6420 6421 
2604 3653 4361 5391 
2605 5101 4618 5729 
2606 8210 4720 8333 
2607 3570 3180 5337 
2608 1499 1494 6055 
2609 4772 5812 6991 
2610 4638 7533 7774 
2611 4688 3981 5800 
2612 2703 7057 7058 
2613 5539 4653 5724 
2614 6274 2790 8178 
2615 8458 5255 8593 
2616 3645 4431 5700 
2617 6219 8539 8690 
2618 6055 1494 7786 
2619 1677 4133 5547 
2620 5592 6126 6471 
2621 1682 1539 6962 
2622 6081 433 7818 
2623 1986 2983 7440 
2624 402 400 7116 
2625 6913 5092 8450 
2626 793 795 5935 
2627 3647 4185 5345 
2628 9502 7262 9509 
2629 8216 5187 8414 
2630 2286 5495 5496 
2631 5291 5219 6824 
2632 5532 4046 5533 
2633 1672 1757 5716 
2634 5441 7778 8743 
2635 2855 2856 5699 
2636 7924 9504 9505 
2637 7587 4766 7631 
2638 6738 8114 8389 
2639 1870 6146 6162 
2640 1961 1980 5630 
2641 5911 5757 5951 
2642 4749 4043 6206 
2643 4811 6145 8168 
2644 5783 2289 6480 
2645 6833 6229 7197 
2646 7524 4393 8216 
2647 4754 5815 7106 
2648 2259 2263 7292 
2649 1267 1188 7086 
2650 5491 4619 6959 
2651 6648 6659 6662 
2652 4854 4852 8226 
2653 2989 3398 7415 
2654 1778 3050 6824 
2655 3323 3325 7046 
2656 5376 4748 7898 
2657 8167 4942 8374 
2658 3662 3661 5450 
2659 6976 5637 8123 
2660 3061 1716 5777 
2661 8795 8838 8842 
2662 7834 1738 8271 
2663 6304 6306 8394 
2664 1217 1393 7416 
2665 1868 6135 7436 
2666 5766 7505 8149 
2667 5528 2159 6994 
2668 6978 3546 7694 
2669 6556 5703 7321 
2670 2626 2631 5634 
2671 1790 1792 6753 
2672 4821 6439 7589 
2673 6158 6161 7863 
2674 3243 1244 5803 
2675 1119 1172 6123 
2676 6229 6963 7197 
2677 5701 3518 8334 
2678 3980 3946 6557 
2679 5561 4718 7627 
2680 5422 6505 6725 
2681 3851 6287 6744 
2682 4719 6273 7411 
2683 2763 2790 6274 
2684 5469 1139 6525 
2685 5358 4368 7909 
2686 3002 2757 6307 
2687 5394 3758 5395 
2688 2580 5589 7083 
2689 1320 5443 6873 
2690 4788 7012 7435 
2691 6492 2425 6876 
2692 5830 6677 7549 
2693 4725 6888 7843 
2694 7042 907 7174 
2695 2957 5928 6606 
2696 5385 7299 7898 
2697 5999 5696 6594 
2698 5543 5192 8513 
2699 6077 4789 7251 
2700 5622 5619 5623 
2701 3799 3797 5841 
2702 6067 1895 6270 
2703 5244 5249 5601 
2704 8244 5758 8436 
2705 1644 1381 5967 
2706 6746 4089 6956 
2707 5199 4257 8327 
2708 6610 6612 6613 
2709 6308 6309 7348 
2710 3871 4836 5322 
2711 5361 4886 8286 
2712 5370 4081 5641 
2713 5370 5641 6816 
2714 5583 5585 7180 
2715 8219 9242 9266 
2716 706 707 6887 
2717 6502 2563 6678 
2718 210 211 7140 
2719 3398 4512 7415 
2720 2045 836 6382 
2721 3795 3832 7403 
2722 6854 5248 7059 
2723 2211 2209 6099 
2724 5849 1090 7387 
2725 5345 7182 7881 
2726 6723 6155 8960 
2727 4990 3838 5996 
2728 3285 3199 5423 
2729 2996 2799 6053 
2730 6831 5232 8223 
2731 2436 7832 8215 
2732 5500 2775 5501 
2733 5309 4073 8524 
2734 8841 6551 8842 
2735 7832 5562 8215 
2736 8574 8576 8577 
2737 5192 8447 8513 
2738 9361 9360 9365 
2739 4055 4984 5463 
2740 4007 5365 7124 
2741 5359 7320 7424 
2742 5267 4293 5725 
2743 5371 1297 6842 
2744 2100 5661 7722 
2745 7121 5615 7775 
2746 6345 6641 8181 
2747 5254 5236 5255 
2748 2239 2237 5496 
2749 6255 6269 6938 
2750 5720 2943 6727 
2751 2350 2354 6311 
2752 8648 4541 8802 
2753 1240 1713 6180 
2754 6957 4682 7681 
2755 5942 5943 8496 
2756 252 1413 7138 
2757 2872 1947 5895 
2758 4502 5328 7317 
2759 6700 2973 7147 
2760 2206 2203 7129 
2761 3830 4395 7638 
2762 4727 6806 7838 
2763 7533 4847 7774 
2764 4199 4197 5520 
2765 2756 2769 5836 
2766 7507 2697 8333 
2767 3519 5384 5598 
2768 5768 726 5770 
2769 4043 6121 6206 
2770 4951 8390 8536 
2771 3261 3381 7474 
2772 7149 6819 7194 
2773 4350 4845 7772 
2774 7057 4814 7588 
2775 6263 6254 6264 
2776 8138 5332 8410 
2777 3790 3789 5419 
2778 9303 9269 9353 
2779 617 615 5702 
2780 1041 1043 6727 
2781 1112 2946 6756 
2782 4114 6084 6270 
2783 2535 2538 7653 
2784 5788 7121 7775 
2785 5837 2691 7751 
2786 4192 3630 5703 
2787 1297 820 6842 
2788 5723 5660 7326 
2789 5468 3576 5898 
2790 836 834 6382 
2791 384 383 6525 
2792 5798 2772 5845 
2793 612 379 7941 
2794 5735 5733 5766 
2795 5187 5351 8246 
2796 2845 1864 7779 
2797 513 1240 6180 
2798 7071 225 8315 
2799 1505 2951 6626 
2800 2901 5575 7385 
2801 5351 1786 8246 
2802 5725 4293 8301 
2803 5784 1535 7623 
2804 7519 7876 7935 
2805 4142 6618 8046 
2806 7595 7408 7807 
2807 2125 2123 5801 
2808 7438 5196 7894 
2809 563 564 6310 
2810 5931 5932 5933 
2811 5505 5501 8815 
2812 9106 9123 9125 
2813 1410 1344 7584 
2814 6086 7825 8231 
2815 4723 5474 6443 
2816 1666 5715 7604 
2817 5835 5836 6049 
2818 6017 6016 6018 
2819 5144 2524 5498 
2820 8735 4938 8740 
2821 5657 7195 7722 
2822 4177 2317 6102 
2823 2275 2255 7934 
2824 3425 2855 5699 
2825 6286 3064 7981 
2826 999 997 6586 
2827 5429 3559 5430 
2828 1775 2949 7732 
2829 4792 7339 7962 
2830 2773 2775 5500 
2831 2757 2754 6307 
2832 4826 3379 6671 
2833 9117 8268 9130 
2834 2404 5369 6753 
2835 5509 4542 5510 
2836 3336 4288 5704 
2837 4626 8155 8742 
2838 3153 5560 8482 
2839 3959 3961 9327 
2840 2003 1621 6196 
2841 6491 8008 8422 
2842 4190 4851 6553 
2843 7011 1233 7573 
2844 4609 4035 5263 
2845 5635 5636 8300 
2846 4895 6700 7147 
2847 5879 5883 5885 
2848 7338 5684 7410 
2849 4405 1049 5807 
2850 446 443 8285 
2851 2845 5339 8399 
2852 6619 5665 7554 
2853 6771 4887 7375 
2854 5308 4014 6063 
2855 3281 1239 6881 
2856 2891 2892 7365 
2857 1043 1530 6727 
2858 1234 1231 7824 
2859 5851 4058 6106 
2860 4837 3755 5827 
2861 526 1737 8487 
2862 5719 2661 5832 
2863 7831 515 7901 
2864 839 841 5602 
2865 3884 6268 8814 
2866 3757 3758 5394 
2867 5228 4316 6876 
2868 686 688 7723 
2869 5295 5323 8186 
2870 2197 2261 7245 
2871 2123 2148 5801 
2872 2865 3141 5581 
2873 3419 2820 5781 
2874 3472 3470 5809 
2875 3859 3985 6723 
2876 3263 5684 7338 
2877 5645 5643 8314 
2878 3839 3842 7632 
2879 8695 4540 8744 
2880 5281 603 8245 
2881 3057 3059 5424 
2882 3075 3090 5939 
2883 5077 7859 8065 
2884 2338 7815 7865 
2885 1348 5666 7610 
2886 5910 1682 6962 
2887 5666 1348 7036 
2888 9359 9360 9361 
2889 4330 4156 5313 
2890 6067 6084 7236 
2891 8239 6527 8512 
2892 2933 8044 8357 
2893 6880 6168 7600 
2894 4728 4727 7838 
2895 3121 2057 5838 
2896 2064 2066 5726 
2897 4078 6400 8044 
2898 2820 4103 5781 
2899 2632 2628 6705 
2900 276 278 6565 
2901 3226 3229 7041 
2902 5715 1672 5716 
2903 5637 2274 8070 
2904 5662 2110 6673 
2905 3838 3836 5996 
2906 5964 1135 6935 
2907 3973 4899 7429 
2908 7850 4994 7999 
2909 277 2574 7953 
2910 3798 3801 5419 
2911 3265 6442 7514 
2912 581 1387 5786 
2913 4670 3520 7536 
2914 3190 2600 7170 
2915 4830 3607 5939 
2916 756 754 5918 
2917 3514 3151 5383 
2918 1364 1740 5931 
2919 1918 4793 5673 
2920 5542 1587 8478 
2921 8073 4040 8378 
2922 7409 3980 8055 
2923 3956 5341 6957 
2924 8212 4106 8508 
2925 5764 5767 8149 
2926 3602 3603 5900 
2927 3862 3863 8172 
2928 7888 2950 7918 
2929 7818 5456 8182 
2930 5493 3254 7192 
2931 4768 6192 7374 
2932 1721 1718 7143 
2933 1771 2941 5878 
2934 4905 5779 8603 
2935 3614 3620 6625 
2936 2027 3604 6487 
2937 3349 4290 5893 
2938 5582 2415 6096 
2939 6717 4105 7120 
2940 4772 6991 7683 
2941 8016 2339 8257 
2942 2104 6746 6956 
2943 3792 3788 6904 
2944 7178 2924 8247 
2945 3467 4356 7804 
2946 3666 2991 5509 
2947 5841 3797 7118 
2948 5804 2951 5805 
2949 5343 6761 7113 
2950 1895 1892 7996 
2951 8284 3081 8354 
2952 6251 6254 6263 
2953 4706 5490 7756 
2954 1926 1927 7449 
2955 5205 7318 8222 
2956 6477 6478 6749 
2957 3724 3242 5359 
2958 726 716 5771 
2959 2244 2243 8113 
2960 2238 2224 6489 
2961 4804 6615 6616 
2962 3504 4643 6698 
2963 5823 5825 7826 
2964 5383 3581 6806 
2965 2387 1195 5467 
2966 6008 6004 9192 
2967 5937 4715 7038 
2968 5315 2845 7779 
2969 6088 6087 6417 
2970 3063 2238 6489 
2971 5757 5911 7383 
2972 828 1925 5776 
2973 4855 7504 7553 
2974 3769 3444 6545 
2975 2664 2950 6190 
2976 1851 6138 7944 
2977 2260 2259 7292 
2978 6054 5515 6748 
2979 2387 6629 7896 
2980 3905 5235 7456 
2981 2556 2558 8291 
2982 3704 3706 5442 
2983 2610 5965 6935 
2984 689 687 6478 
2985 6064 2001 6983 
2986 9286 9247 9289 
2987 6659 6644 6662 
2988 7922 7616 9504 
2989 5263 1817 8688 
2990 6282 8619 8663 
2991 2057 2055 5838 
2992 2030 1611 8026 
2993 4224 6272 8227 
2994 5171 5166 6828 
2995 3092 1534 5368 
2996 6144 4334 7386 
2997 5751 5745 5767 
2998 1394 1624 8156 
2999 2035 4806 5551 
3000 2317 2318 6102 
3001 1876 1872 6162 
3002 4266 4373 7015 
3003 7080 7020 7506 
3004 8419 1127 8583 
3005 3526 5824 7193 
3006 3377 3249 7626 
3007 5311 8284 8354 
3008 2854 3014 7641 
3009 551 548 6573 
3010 4912 7940 8232 
3011 5514 3983 6748 
3012 7767 7768 9530 
3013 7993 2144 8253 
3014 3767 3027 8014 
3015 755 1270 5710 
3016 6915 583 7869 
3017 4319 5369 6246 
3018 699 5608 7389 
3019 4431 7872 8206 
3020 3400 6886 8749 
3021 9294 6647 9295 
3022 5825 5826 6558 
3023 4477 4302 6175 
3024 4034 5800 6386 
3025 3128 3887 8856 
3026 548 550 6573 
3027 795 2358 5935 
3028 2658 2661 5719 
3029 1408 2159 6401 
3030 4158 6838 7526 
3031 5613 3685 5794 
3032 4718 5793 7627 
3033 2861 4378 7283 
3034 6327 6331 6611 
3035 2227 2234 5845 
3036 5548 5329 7199 
3037 3851 4595 6287 
3038 4914 8266 8571 
3039 2618 2633 5668 
3040 3510 2997 7472 
3041 8815 3009 8880 
3042 2044 681 5326 
3043 3280 3559 5429 
3044 3115 5300 7779 
3045 2877 6694 8853 
3046 1566 1568 5917 
3047 4022 5297 7984 
3048 3918 4697 7947 
3049 1731 1729 5670 
3050 683 686 5326 
3051 536 534 8054 
3052 2481 3181 6207 
3053 4136 5965 7672 
3054 1120 1119 6123 
3055 9119 9118 9176 
3056 5550 2366 8127 
3057 5993 6383 8013 
3058 7843 3021 8051 
3059 9337 9332 9338 
3060 300 5548 7199 
3061 4295 7455 7590 
3062 7038 4715 8334 
3063 5563 3580 5564 
3064 269 6425 6441 
3065 3786 4995 5599 
3066 4281 4279 5465 
3067 1049 684 5807 
3068 2565 2568 6678 
3069 7809 6914 8126 
3070 2179 2191 6491 
3071 4305 4986 6108 
3072 3866 4974 5677 
3073 827 8687 8859 
3074 5427 6432 6562 
3075 4085 665 5679 
3076 742 5522 7509 
3077 2371 4130 6733 
3078 3038 3775 5639 
3079 4726 6100 8121 
3080 2885 5472 5670 
3081 2978 4461 6387 
3082 5738 5735 5766 
3083 6495 5772 7168 
3084 5384 4162 6945 
3085 4925 4464 8449 
3086 5624 4703 6698 
3087 4065 4063 6539 
3088 7242 6297 7359 
3089 3212 6819 7149 
3090 8061 6697 8259 
3091 2087 3635 7791 
3092 5549 3097 8820 
3093 2031 1935 7328 
3094 3236 4210 6883 
3095 4764 7429 7487 
3096 2852 2814 5346 
3097 7394 4731 8380 
3098 6992 5600 7703 
3099 7662 2406 7828 
3100 6366 6335 6367 
3101 4660 5272 7855 
3102 3634 3344 5997 
3103 4103 7323 7334 
3104 6369 7903 7905 
3105 5955 1610 7517 
3106 6100 5471 8121 
3107 487 8549 8597 
3108 3616 3614 6625 
3109 3494 2351 7304 
3110 2366 5550 8318 
3111 4086 6524 6591 
3112 6646 6659 6660 
3113 1792 2404 6753 
3114 4105 1699 7120 
3115 2906 3576 5468 
3116 6259 6250 6265 
3117 6368 6335 6668 
3118 4699 7727 8506 
3119 1297 7577 7755 
3120 4627 3967 5854 
3121 4462 5691 8269 
3122 3539 3546 6978 
3123 6369 7905 8007 
3124 3085 2003 6196 
3125 7751 4238 8034 
3126 7568 5928 8081 
3127 4822 8392 8693 
3128 2002 5581 7190 
3129 7307 5883 7960 
3130 5393 2463 8124 
3131 5776 1925 7566 
3132 6151 6150 9013 
3133 5681 6800 8005 
3134 8424 5536 8446 
3135 1839 1840 6972 
3136 2702 5385 5386 
3137 4286 4282 8106 
3138 1668 1672 5715 
3139 2919 3530 5350 
3140 3509 4542 5509 
3141 300 276 6565 
3142 4861 6499 8420 
3143 6672 6413 7336 
3144 3555 3148 5360 
3145 2708 2713 5907 
3146 7791 3635 8033 
3147 6071 4084 7548 
3148 5890 7568 8081 
3149 3061 5777 5778 
3150 7025 4833 7420 
3151 6146 6147 7852 
3152 5697 5694 8095 
3153 8747 6928 8803 
3154 3596 5312 6035 
3155 6616 4792 7962 
3156 5146 5218 7108 
3157 6688 7982 8311 
3158 826 2063 6561 
3159 2449 2451 6069 
3160 7039 2421 7601 
3161 3704 5442 5444 
3162 1653 1652 7118 
3163 3755 3753 5827 
3164 2596 2598 7846 
3165 5678 4783 8308 
3166 820 747 6842 
3167 1351 1529 6163 
3168 6390 6107 7737 
3169 6478 687 6749 
3170 7196 3980 7409 
3171 6587 6586 7405 
3172 2930 3403 5877 
3173 5541 5540 7771 
3174 671 672 6104 
3175 1665 1663 5523 
3176 4253 5083 5354 
3177 4577 7331 8092 
3178 5836 3001 6042 
3179 5426 5427 6562 
3180 3449 6771 7375 
3181 9123 6033 9126 
3182 2971 5426 6562 
3183 4699 4700 7727 
3184 2905 977 6087 
3185 639 628 6690 
3186 717 718 6399 
3187 6646 6644 6659 
3188 4113 6477 6749 
3189 4631 4065 6539 
3190 2663 3595 5832 
3191 3462 3587 5580 
3192 2661 2663 5832 
3193 926 928 5705 
3194 2406 2093 6411 
3195 4861 3077 6499 
3196 5522 5343 7509 
3197 6587 7515 8111 
3198 5663 2331 7554 
3199 1923 4333 6145 
3200 6702 2361 7526 
3201 4643 5624 6698 
3202 2548 2546 7432 
3203 9475 9473 9476 
3204 3234 3236 6883 
3205 7247 6953 7728 
3206 5188 2707 5907 
3207 2060 1412 5861 
3208 3900 5162 7431 
3209 5196 7438 7710 
3210 5770 726 5771 
3211 856 858 7152 
3212 5684 4231 6449 
3213 3189 2441 7621 
3214 1055 1059 5863 
3215 2452 2454 6235 
3216 8020 5984 8368 
3217 1726 1728 6840 
3218 5418 4076 5802 
3219 4141 6192 6637 
3220 6609 6610 6615 
3221 6176 3414 6177 
3222 3808 7213 7214 
3223 4929 8594 8624 
3224 3553 5424 6063 
3225 6334 6335 6366 
3226 2114 4084 7159 
3227 5374 2901 7143 
3228 5343 7113 7509 
3229 6892 6093 8874 
3230 8906 5141 8913 
3231 4882 5986 5987 
3232 2601 709 6887 
3233 419 423 7537 
3234 883 5834 7841 
3235 1927 1931 7449 
3236 6012 8188 9188 
3237 4486 8547 8548 
3238 2513 2488 8323 
3239 5177 4056 5349 
3240 5693 3348 6594 
3241 6238 6208 6450 
3242 2348 2350 6311 
3243 8412 4936 8529 
3244 4880 7593 8115 
3245 2781 2778 5488 
3246 7454 6688 7873 
3247 3650 7126 7355 
3248 3666 5510 5511 
3249 1093 1183 6689 
3250 4084 6509 7159 
3251 8116 3089 8182 
3252 1435 5904 6732 
3253 981 5665 6619 
3254 2346 3567 7348 
3255 36 25 52 
3256 1045 1078 6140 
3257 37 12 58 
3258 6049 6045 6705 
3259 5965 2610 6936 
3260 1852 1688 6721 
3261 7232 9473 9475 
3262 5478 1725 7385 
3263 7576 3237 7749 
3264 4512 5451 7415 
3265 3970 2872 5895 
3266 3145 5329 5506 
3267 921 892 7288 
3268 1581 1360 5817 
3269 4158 5585 6838 
3270 3066 5789 7550 
3271 3177 3580 5563 
3272 738 1273 6519 
3273 4095 5669 5813 
3274 4618 4620 5729 
3275 6424 7340 7823 
3276 4218 6600 7282 
3277 5385 2702 7299 
3278 4097 4417 6124 
3279 3630 3632 5703 
3280 6638 4764 7487 
3281 6261 7920 7921 
3282 3994 4709 5873 
3283 2459 6648 6662 
3284 5508 2367 6393 
3285 1947 2004 5895 
3286 7718 3179 8451 
3287 7126 5685 7355 
3288 2312 999 6586 
3289 4147 1182 6095 
3290 2237 2246 5496 
3291 3613 2670 7014 
3292 2859 2540 5862 
3293 743 740 5819 
3294 1744 1741 5714 
3295 3350 3348 5693 
3296 6235 2454 6237 
3297 5429 5431 6886 
3298 3657 2965 6376 
3299 4924 7875 8489 
3300 3382 3728 7660 
3301 4302 4300 6175 
3302 5763 8519 8865 
3303 5722 4242 6971 
3304 856 7152 7856 
3305 3147 1366 7098 
3306 5711 402 7116 
3307 3347 3349 5893 
3308 3165 3766 6822 
3309 5944 4167 6869 
3310 489 491 6831 
3311 2610 1143 7060 
3312 478 476 6195 
3313 4705 5282 5875 
3314 5648 5650 5664 
3315 166 167 168 
3316 3430 7206 8606 
3317 2735 2719 7500 
3318 3984 4704 6160 
3319 4500 4499 8515 
3320 434 6590 8358 
3321 6098 2282 7845 
3322 5029 6112 6113 
3323 736 738 6519 
3324 7307 6955 7916 
3325 167 165 3054 
3326 765 7644 8335 
3327 4513 3714 7734 
3328 5632 4152 5633 
3329 2666 2664 6190 
3330 3820 7257 7258 
3331 3894 3896 5576 
3332 7387 5863 7602 
3333 8425 874 8438 
3334 2926 2466 7651 
3335 4313 9327 9369 
3336 3287 3285 5848 
3337 950 952 5959 
3338 5438 3583 5439 
3339 1716 1714 5777 
3340 3669 4540 5453 
3341 6374 8089 8225 
3342 3264 7364 7990 
3343 7778 5441 8282 
3344 7182 2971 7881 
3345 5670 4722 6384 
3346 4755 5600 6789 
3347 9360 7468 9365 
3348 1953 1955 6677 
3349 5346 5347 5348 
3350 467 8150 8805 
3351 2054 743 5819 
3352 2822 2287 6409 
3353 4589 7665 7926 
3354 4814 1909 6951 
3355 5479 3190 7170 
3356 4327 7784 7973 
3357 4641 3287 5848 
3358 2479 2481 6207 
3359 1244 1266 5803 
3360 816 826 6561 
3361 3169 8362 8679 
3362 1661 1659 6697 
3363 627 638 7340 
3364 688 3568 7723 
3365 1843 1708 7522 
3366 8027 5531 8208 
3367 3808 7226 7443 
3368 2531 2530 6526 
3369 1601 1859 6763 
3370 1439 1438 6445 
3371 1032 1027 7315 
3372 4475 4476 6553 
3373 6736 6730 7004 
3374 3644 3645 5700 
3375 628 2038 6690 
3376 1524 1364 5931 
3377 1675 1674 6987 
3378 6988 4701 8692 
3379 1728 2584 6840 
3380 5872 5758 8244 
3381 3411 3412 7790 
3382 2595 2596 7170 
3383 7805 5775 7827 
3384 4714 5790 7249 
3385 5887 5883 7307 
3386 3297 6141 7706 
3387 5525 5788 7775 
3388 8307 408 8572 
3389 5355 5356 6829 
3390 5790 5789 7592 
3391 6776 4935 7573 
3392 4202 4199 5520 
3393 3667 3666 5511 
3394 4781 3394 5837 
3395 4268 7039 7601 
3396 3208 1032 7315 
3397 2482 3042 6427 
3398 2687 2688 7889 
3399 4808 7333 7700 
3400 1285 6607 8353 
3401 7171 4166 7327 
3402 5643 4082 7077 
3403 3483 4346 7256 
3404 6994 5877 7640 
3405 1438 1482 6445 
3406 5915 458 6295 
3407 3740 4949 6959 
3408 269 271 6425 
3409 7083 5589 7329 
3410 3652 4840 5690 
3411 1605 1363 5901 
3412 7230 7219 7233 
3413 4241 5778 6971 
3414 2923 6284 7725 
3415 2733 6007 9187 
3416 3263 5683 5684 
3417 5610 3028 6888 
3418 5193 7456 7608 
3419 4958 5808 5862 
3420 2061 6549 6784 
3421 3138 4076 5418 
3422 8810 4962 8873 
3423 6124 2870 6977 
3424 6570 7230 7231 
3425 2881 1776 6824 
3426 1434 1484 5904 
3427 8180 2525 8429 
3428 1206 2403 6741 
3429 5561 2961 7856 
3430 1171 1247 6243 
3431 4192 5703 6556 
3432 4125 3032 6413 
3433 5928 5925 6606 
3434 310 307 6523 
3435 3788 5599 6904 
3436 4173 4780 5575 
3437 2195 2197 7245 
3438 3136 3135 7431 
3439 1588 7278 7830 
3440 3191 5686 7240 
3441 1688 1689 6721 
3442 3610 4711 7189 
3443 4094 5507 5966 
3444 2770 2768 5590 
3445 5330 5331 5332 
3446 6800 6070 8005 
3447 5547 4133 5631 
3448 7192 4662 7668 
3449 371 6675 6839 
3450 5878 2941 5879 
3451 2076 2079 6507 
3452 2079 3156 6507 
3453 2203 2201 7129 
3454 4014 3130 6064 
3455 4689 5588 5900 
3456 4058 3484 6106 
3457 7629 4841 8175 
3458 3470 3930 5809 
3459 6304 6301 6305 
3460 36 52 53 
3461 7912 2419 8012 
3462 1021 1012 6410 
3463 1846 1176 6397 
3464 4423 1441 6485 
3465 7875 4924 8684 
3466 4823 7358 7538 
3467 4775 6403 8788 
3468 4815 3260 7069 
3469 4303 4305 6108 
3470 5505 4566 8370 
3471 7377 3162 7444 
3472 6676 4165 6839 
3473 5758 5872 5951 
3474 5563 5570 7657 
3475 1712 1365 8595 
3476 6380 1431 6431 
3477 3437 3438 6744 
3478 6315 6316 6777 
3479 812 813 6548 
3480 3077 3078 6499 
3481 5875 2033 6055 
3482 5196 6186 7894 
3483 211 214 7140 
3484 4832 6789 7759 
3485 6316 6365 6777 
3486 5512 2380 8744 
3487 5690 4840 5691 
3488 8207 4853 8248 
3489 1492 2101 7786 
3490 3192 5484 6923 
3491 5295 5286 5323 
3492 1257 1255 6066 
3493 4220 2170 6508 
3494 4709 3992 7831 
3495 5224 4102 5818 
3496 8917 7413 8921 
3497 3058 2152 7430 
3498 7492 3563 7550 
3499 7514 6442 7535 
3500 6736 7592 7836 
3501 7680 8007 8428 
3502 1678 1661 6697 
3503 5436 4341 7536 
3504 4384 6138 6781 
3505 507 6125 6428 
3506 2020 1988 6387 
3507 6354 6325 7322 
3508 5626 7637 8204 
3509 481 478 6195 
3510 9270 9272 9299 
3511 1145 1369 7060 
3512 6309 4161 6956 
3513 5989 2764 5990 
3514 2093 2095 6411 
3515 8552 4517 8588 
3516 3381 4767 7474 
3517 5706 4535 5707 
3518 6570 6569 7229 
3519 2129 2125 5801 
3520 3947 3507 6505 
3521 2530 2533 6526 
3522 5683 3263 5959 
3523 5781 4103 7334 
3524 6087 977 6417 
3525 4520 3694 6312 
3526 6052 6806 7416 
3527 1680 1848 5612 
3528 9271 9267 9296 
3529 6186 1097 7894 
3530 592 596 5688 
3531 2722 2724 7501 
3532 4380 7816 8077 
3533 5407 5409 5517 
3534 7876 6189 7935 
3535 3978 5340 5698 
3536 4763 7084 7840 
3537 3326 3313 5968 
3538 6952 775 7757 
3539 5914 6736 7836 
3540 9545 9544 9547 
3541 6661 7661 8345 
3542 3985 6155 6723 
3543 3071 3650 5799 
3544 4230 4859 5274 
3545 1090 5849 7104 
3546 6241 7982 8224 
3547 5598 5384 6945 
3548 2644 2930 5877 
3549 5922 4091 7250 
3550 7693 6782 7847 
3551 4892 7237 8179 
3552 4343 5498 8619 
3553 392 2589 6759 
3554 3335 7800 8263 
3555 5833 6604 7715 
3556 2046 1479 6517 
3557 3557 2922 7296 
3558 307 305 6523 
3559 3292 1873 7827 
3560 6556 7659 8009 
3561 9293 9294 9295 
3562 4393 7525 8028 
3563 1366 1436 7098 
3564 1472 6672 7336 
3565 4966 3416 7488 
3566 6615 6613 8366 
3567 207 205 5386 
3568 2808 4145 7100 
3569 4779 6817 7074 
3570 176 6078 6080 
3571 3418 3099 6965 
3572 6559 4782 7137 
3573 7015 4373 7572 
3574 2983 4324 7440 
3575 5375 4120 5377 
3576 383 2434 6525 
3577 4489 199 6804 
3578 1862 3115 7779 
3579 7814 224 8095 
3580 7564 3655 7942 
3581 2634 2329 7329 
3582 3100 3452 7324 
3583 772 803 6418 
3584 6098 5520 7305 
3585 4251 4249 6560 
3586 2001 1969 6983 
3587 5348 8819 8823 
3588 1551 3599 6998 
3589 8475 4426 8598 
3590 7972 7611 8518 
3591 5434 1878 6486 
3592 2997 3262 7472 
3593 4516 5528 7640 
3594 9267 9268 9296 
3595 6859 6862 9544 
3596 6627 3602 7914 
3597 7244 7245 8071 
3598 3855 3853 6748 
3599 6113 2838 6114 
3600 1296 1404 6617 
3601 1031 7125 7198 
3602 3229 3360 7041 
3603 793 5935 7107 
3604 4855 3333 7504 
3605 2366 7369 8127 
3606 3585 4152 5632 
3607 2121 2119 6704 
3608 5588 4689 5589 
3609 8274 7017 8416 
3610 1310 179 6501 
3611 3387 3748 7867 
3612 259 265 6942 
3613 1764 1766 7570 
3614 6137 6134 6199 
3615 5972 5969 5985 
3616 3409 4535 5706 
3617 1773 1771 5878 
3618 8137 7422 8500 
3619 5771 719 7168 
3620 4006 5182 6172 
3621 9283 9253 9285 
3622 4650 4653 5539 
3623 5651 5665 6870 
3624 6140 6141 6142 
3625 4016 1113 7529 
3626 2117 2115 7854 
3627 2484 2482 6427 
3628 4851 4872 7963 
3629 6676 6691 7065 
3630 3215 3949 6408 
3631 2593 2599 6518 
3632 2287 2402 6409 
3633 3186 4823 6608 
3634 5483 4271 8556 
3635 1087 1296 6617 
3636 4304 4477 5899 
3637 4479 8553 8609 
3638 3694 3692 6312 
3639 4110 8136 8243 
3640 2274 7181 8070 
3641 5063 5072 7796 
3642 3232 5944 6869 
3643 5554 2793 5555 
3644 9301 9281 9350 
3645 6610 6611 6612 
3646 2396 2653 6372 
3647 5778 4241 6760 
3648 2528 2531 6179 
3649 884 882 5844 
3650 1938 6603 7062 
3651 6063 4014 6064 
3652 5772 5771 7168 
3653 919 917 8134 
3654 7761 6352 8672 
3655 3006 3747 8434 
3656 6105 6180 8175 
3657 2316 698 6205 
3658 3473 3907 5842 
3659 1238 1236 6768 
3660 1012 1010 6410 
3661 3358 3356 6373 
3662 299 286 6679 
3663 4048 4377 6937 
3664 1176 1269 6397 
3665 4845 6894 6924 
3666 7598 5027 8025 
3667 952 955 5959 
3668 5633 6631 7104 
3669 918 1177 6829 
3670 1426 1428 6642 
3671 1998 5073 7851 
3672 1495 1425 7023 
3673 2790 8176 8178 
3674 5972 5985 5986 
3675 5823 4023 5825 
3676 3651 4421 5685 
3677 1479 1477 6517 
3678 2033 1642 6055 
3679 5960 5737 7016 
3680 2884 1953 6677 
3681 7245 2261 8036 
3682 5921 6378 6380 
3683 1980 3073 5630 
3684 7148 2157 8021 
3685 1332 1375 7316 
3686 2307 8050 8329 
3687 2907 3336 5704 
3688 6129 2431 6130 
3689 2404 1794 6245 
3690 5937 1120 6123 
3691 518 2307 7313 
3692 5609 3028 5610 
3693 1219 1211 6923 
3694 5515 5514 6748 
3695 902 7606 7671 
3696 7104 6631 7439 
3697 3654 7458 8135 
3698 2599 4226 6518 
3699 7267 7274 9511 
3700 1262 1316 6300 
3701 4078 5710 6400 
3702 2990 2989 7415 
3703 2762 2764 5989 
3704 4717 3126 6699 
3705 4441 3844 8064 
3706 4783 8154 8308 
3707 2230 2227 5845 
3708 2925 3066 7550 
3709 839 5602 6247 
3710 1880 1878 5434 
3711 6642 1428 6643 
3712 6691 3592 7065 
3713 7467 7460 7782 
3714 2624 2626 5634 
3715 9492 7957 9511 
3716 3378 4764 6751 
3717 5077 1940 7933 
3718 7665 2893 7926 
3719 5773 4749 6206 
3720 5923 2977 5924 
3721 9497 9495 9501 
3722 4096 7178 8247 
3723 5893 4290 5894 
3724 993 1368 6083 
3725 1338 1431 6380 
3726 2457 2455 7730 
3727 2609 2575 7210 
3728 4459 4052 8037 
3729 3797 1653 7118 
3730 5780 4740 8147 
3731 6735 5914 6871 
3732 6062 343 6276 
3733 591 581 5786 
3734 1231 6242 7824 
3735 4854 7301 7798 
3736 5184 3936 7910 
3737 4642 5244 5601 
3738 1729 2885 5670 
3739 2415 1462 6096 
3740 3574 2905 6087 
3741 7904 7767 9530 
3742 5696 5693 6594 
3743 6032 6031 6033 
3744 3560 3246 6421 
3745 2196 2193 5569 
3746 1985 1507 6626 
3747 183 185 7164 
3748 5371 4292 7577 
3749 6382 1588 7830 
3750 404 402 5711 
3751 726 5768 5773 
3752 672 675 6104 
3753 5422 3947 6505 
3754 286 288 6679 
3755 5426 2971 7182 
3756 6608 4823 7538 
3757 9301 9269 9303 
3758 5852 2723 6065 
3759 5931 1740 5932 
3760 3196 1615 5955 
3761 8914 7291 8920 
3762 6569 7226 7229 
3763 6141 4286 6142 
3764 176 174 6078 
3765 6490 6491 8422 
3766 5706 5707 7806 
3767 3632 3953 5631 
3768 3688 3689 6772 
3769 1059 1353 5863 
3770 5857 4844 5858 
3771 353 349 6194 
3772 3098 3735 6965 
3773 179 181 6501 
3774 4478 4439 8379 
3775 1204 1206 6741 
3776 6805 1213 7603 
3777 2070 2064 5726 
3778 8088 5747 8114 
3779 2549 4260 7293 
3780 3419 5325 6757 
3781 8169 3142 8320 
3782 3986 3984 6160 
3783 6057 6056 6058 
3784 6651 9266 9313 
3785 7940 7282 8232 
3786 425 2431 6129 
3787 7353 6518 7654 
3788 1507 1505 6626 
3789 5727 5726 7066 
3790 4045 4048 6937 
3791 3632 5631 5703 
3792 4774 6103 8702 
3793 6680 6189 7393 
3794 6259 6265 6266 
3795 212 209 5988 
3796 3319 6269 7698 
3797 1030 2421 7039 
3798 1785 2977 5923 
3799 971 964 6396 
3800 6089 6091 7975 
3801 2271 4734 5795 
3802 3684 6402 7995 
3803 6535 7033 8299 
3804 6493 4083 6898 
3805 1327 1330 6385 
3806 8006 4332 8017 
3807 6789 1497 7759 
3808 1448 1535 5784 
3809 7012 4807 7435 
3810 5806 5807 6837 
3811 1527 1418 6181 
3812 3926 3411 7790 
3813 1120 5937 7038 
3814 7491 1712 8595 
3815 7627 4312 7753 
3816 6132 6440 8478 
3817 5511 5510 5512 
3818 3456 4009 5891 
3819 6091 1504 7975 
3820 1369 6827 7986 
3821 343 186 6276 
3822 3939 3880 5448 
3823 7677 7676 8576 
3824 6391 2025 6392 
3825 6554 5487 6884 
3826 3032 2614 6413 
3827 5722 7056 7670 
3828 5841 7647 8534 
3829 207 5386 5988 
3830 6995 1518 7350 
3831 5736 5737 5960 
3832 9151 6796 9152 
3833 6972 6426 8017 
3834 4932 8607 8629 
3835 265 4149 6942 
3836 3126 3133 6699 
3837 759 5918 7404 
3838 1205 2405 6389 
3839 5660 5666 7326 
3840 6927 6965 6966 
3841 2674 2659 7054 
3842 790 1433 6297 
3843 1453 837 6247 
3844 1007 1005 6981 
3845 1188 4150 7086 
3846 2409 7746 7788 
3847 668 660 6682 
3848 1376 1681 6305 
3849 4345 8239 8512 
3850 7208 6931 7209 
3851 2403 1208 6960 
3852 4372 2275 7934 
3853 3983 3855 6748 
3854 3568 6000 8355 
3855 6143 6144 7386 
3856 2516 2519 6742 
3857 6029 6046 6047 
3858 4813 8344 8432 
3859 2843 6582 7561 
3860 7020 4309 7506 
3861 5831 7828 7880 
3862 4252 4255 7795 
3863 2705 4370 7655 
3864 8437 7050 8649 
3865 8624 2244 8818 
3866 7859 3448 8065 
3867 3982 3425 5699 
3868 5628 3547 5815 
3869 3049 4023 5823 
3870 8796 8790 8797 
3871 976 6792 6808 
3872 1433 1596 6498 
3873 2170 2168 6508 
3874 6770 2045 8589 
3875 1749 3064 6286 
3876 3263 950 5959 
3877 3372 1922 5909 
3878 9254 9253 9283 
3879 4761 3196 5955 
3880 3508 3943 7296 
3881 5000 7853 8554 
3882 8758 663 8785 
3883 2273 4353 7490 
3884 3713 4514 7365 
3885 3220 1238 6768 
3886 3114 4053 7311 
3887 6162 6146 7852 
3888 6138 6139 7944 
3889 2054 5818 6842 
3890 2204 2205 6671 
3891 4107 5221 7639 
3892 4036 2091 6920 
3893 6990 3562 8773 
3894 3200 1923 6145 
3895 6075 630 6076 
3896 284 299 6434 
3897 5775 3292 7827 
3898 6135 6137 6201 
3899 1182 1117 6095 
3900 2940 1080 6198 
3901 416 414 7184 
3902 4124 733 6885 
3903 4087 3572 7079 
3904 2986 2985 7485 
3905 5610 6888 8121 
3906 2410 7297 7298 
3907 7938 3561 8800 
3908 4583 4844 5857 
3909 516 512 7482 
3910 7678 7677 8576 
3911 400 2306 7116 
3912 3012 3011 7166 
3913 2839 3112 7853 
3914 5473 5472 5477 
3915 843 842 5792 
3916 3319 3318 6938 
3917 4068 6745 7141 
3918 498 496 6913 
3919 5982 5977 8020 
3920 841 1283 5602 
3921 5368 6244 6982 
3922 3698 6273 7165 
3923 2703 4814 7057 
3924 2109 5894 7785 
3925 2747 2415 5582 
3926 6297 1433 6498 
3927 982 2381 7007 
3928 8156 1624 8157 
3929 3899 4538 5859 
3930 9359 9361 9362 
3931 5526 4649 5527 
3932 2085 5667 7704 
3933 2960 4097 6977 
3934 2354 5598 6311 
3935 2815 2811 7738 
3936 3521 3522 5444 
3937 5500 5501 5502 
3938 753 755 5710 
3939 6137 3206 6200 
3940 3365 3368 6249 
3941 3306 7434 7895 
3942 1462 1463 6096 
3943 1315 6429 6812 
3944 3159 3162 7377 
3945 3487 4007 7124 
3946 5712 7116 7117 
3947 6367 6369 8007 
3948 8790 8575 8797 
3949 4525 7057 7588 
3950 806 1868 6061 
3951 5852 6065 6532 
3952 6358 6362 8793 
3953 6190 2950 7888 
3954 7333 3471 7700 
3955 3752 6670 6692 
3956 3308 3305 5987 
3957 7037 5868 7186 
3958 7344 2113 8147 
3959 6709 6710 8391 
3960 4803 6327 6611 
3961 6613 8279 8366 
3962 5369 4321 6754 
3963 2404 6245 6246 
3964 3016 3012 7166 
3965 480 482 6783 
3966 3064 1751 6593 
3967 2141 2330 6001 
3968 7606 4818 7671 
3969 3095 5615 7121 
3970 774 772 6418 
3971 1091 1164 7706 
3972 1254 1586 6481 
3973 2278 2282 6516 
3974 5894 6827 7785 
3975 3344 3230 5997 
3976 1664 1666 7604 
3977 4493 5376 7898 
3978 1908 3372 6500 
3979 2268 2847 7721 
3980 6829 5356 7448 
3981 5799 3650 7355 
3982 1139 384 6525 
3983 2889 3519 5598 
3984 8694 5980 8759 
3985 394 392 6759 
3986 6116 2096 6118 
3987 1347 1380 7036 
3988 3625 6168 7068 
3989 6527 2541 8512 
3990 7241 6529 8009 
3991 3146 926 5705 
3992 5876 2644 5877 
3993 6084 4752 7236 
3994 4963 8292 8888 
3995 991 993 6083 
3996 1954 1619 6719 
3997 2410 347 7297 
3998 3606 821 7242 
3999 5387 4352 7805 
4000 3326 5968 5969 
4001 593 3206 6199 
4002 52 40 54 
4003 5789 3066 7592 
4004 1440 1267 7086 
4005 58 41 60 
4006 3793 3794 6919 
4007 3317 6623 7095 
4008 2104 575 6746 
4009 2942 1008 6950 
4010 7260 7275 7277 
4011 7555 3457 7927 
4012 2586 8638 8653 
4013 5336 2841 6097 
4014 6254 7925 7951 
4015 7143 3061 7636 
4016 6604 7391 7750 
4017 3231 6070 6800 
4018 7062 6603 7063 
4019 505 507 6428 
4020 7773 4410 7991 
4021 2444 2446 6191 
4022 1961 5630 6433 
4023 6163 1529 6406 
4024 5323 5286 7433 
4025 186 184 6276 
4026 2694 2805 6636 
4027 2013 1803 6439 
4028 5869 3681 5870 
4029 3970 5895 8542 
4030 3115 1860 5302 
4031 6376 4711 7945 
4032 530 6931 7208 
4033 9530 7768 9531 
4034 7784 6981 7973 
4035 5611 7664 8290 
4036 6229 6209 6963 
4037 1490 1439 6187 
4038 6499 3670 8371 
4039 610 2388 6664 
4040 3809 3826 6109 
4041 4874 4873 8273 
4042 3295 3467 8108 
4043 779 782 7682 
4044 2321 2319 5587 
4045 6279 242 6666 
4046 1407 1576 7398 
4047 6161 6158 7852 
4048 6117 6116 8033 
4049 1531 1680 5612 
4050 2659 2657 7054 
4051 3035 3037 7324 
4052 1687 2052 6388 
4053 3634 5997 5998 
4054 4532 3407 5214 
4055 5866 3681 5869 
4056 1779 1777 7917 
4057 1154 1370 6143 
4058 3633 3631 6537 
4059 6617 4742 7174 
4060 4646 4649 5526 
4061 6944 4212 7378 
4062 5712 7117 8321 
4063 1404 1406 5692 
4064 1703 6559 7137 
4065 5327 4729 8247 
4066 1674 1973 6987 
4067 8809 2629 8925 
4068 2523 2528 6179 
4069 6207 3181 6208 
4070 652 630 6075 
4071 4711 4826 7945 
4072 2228 2188 5948 
4073 6132 5784 6440 
4074 1454 921 7288 
4075 6187 1439 6445 
4076 5768 4749 5773 
4077 4538 6897 8731 
4078 6572 551 6573 
4079 238 3726 7495 
4080 4154 5816 6740 
4081 5266 5265 5277 
4082 5702 615 5785 
4083 4412 5949 8155 
4084 3626 3358 6373 
4085 4703 4702 6698 
4086 922 925 6758 
4087 324 326 6398 
4088 4125 6413 6672 
4089 6228 7508 7730 
4090 6894 764 6924 
4091 1310 8424 8446 
4092 6861 6859 9544 
4093 7687 4371 7998 
4094 5737 5739 7016 
4095 932 2331 6811 
4096 6250 6249 6265 
4097 8264 2043 8433 
4098 5946 644 6664 
4099 3109 3764 7879 
4100 6287 4217 6744 
4101 3484 2898 6106 
4102 547 549 7021 
4103 2538 2698 7653 
4104 4862 4861 8254 
4105 553 551 6572 
4106 608 606 6939 
4107 6553 4851 7552 
4108 4887 3664 8052 
4109 496 2357 6913 
4110 5831 3445 6541 
4111 1344 1341 7584 
4112 815 812 6548 
4113 3736 4509 6476 
4114 4630 5728 6984 
4115 4807 7023 7586 
4116 6149 6153 6161 
4117 344 1488 6576 
4118 2269 2266 7128 
4119 3996 3994 5873 
4120 6600 2672 7282 
4121 8612 4508 8760 
4122 1840 1944 6972 
4123 1289 3185 6687 
4124 5418 6493 6898 
4125 552 554 7052 
4126 6071 4753 6509 
4127 7952 7951 9515 
4128 7747 7658 7748 
4129 964 966 6396 
4130 6331 6350 6611 
4131 2428 6365 7156 
4132 2568 8342 8504 
4133 7510 3463 7511 
4134 5294 3937 5687 
4135 4898 4897 8488 
4136 1823 2644 5876 
4137 1751 1753 6593 
4138 4120 3499 7583 
4139 2103 2105 7123 
4140 4018 5548 6563 
4141 5936 4122 6708 
4142 6359 8472 8630 
4143 6391 6392 8084 
4144 7090 2410 7298 
4145 223 244 6488 
4146 981 6740 6870 
4147 3157 2096 6116 
4148 3655 3354 7942 
4149 6110 6109 6111 
4150 4102 4101 5818 
4151 4896 5128 8703 
4152 6207 6208 6238 
4153 8360 5718 8417 
4154 4235 5436 8127 
4155 237 233 8166 
4156 4451 4453 7146 
4157 6094 1036 6783 
4158 1291 1289 6687 
4159 1422 1424 6996 
4160 1911 1906 6412 
4161 705 668 6682 
4162 4306 4304 5899 
4163 6447 311 6663 
4164 8479 2261 8594 
4165 647 657 7040 
4166 2115 4743 7854 
4167 8304 2301 8647 
4168 8472 6685 8630 
4169 6673 2085 7704 
4170 2639 4086 6591 
4171 2449 6069 6191 
4172 5386 4745 5988 
4173 8008 4864 8422 
4174 4743 2044 5326 
4175 2448 7285 7503 
4176 4083 5855 6898 
4177 4247 7667 7792 
4178 3179 846 7169 
4179 2427 6315 6777 
4180 5063 5064 5065 
4181 188 344 6576 
4182 2399 2396 6372 
4183 6318 2428 7156 
4184 517 386 5930 
4185 6405 3678 8094 
4186 1326 1327 6385 
4187 7214 5421 7215 
4188 4138 4750 6193 
4189 5585 4158 6624 
4190 4226 6898 7654 
4191 2205 2208 6671 
4192 1608 1804 7517 
4193 1211 1214 6923 
4194 4832 3623 6683 
4195 178 176 6080 
4196 3842 3846 7632 
4197 365 353 6194 
4198 4273 4884 6772 
4199 3250 3938 6420 
4200 3766 4976 6822 
4201 3974 3975 5593 
4202 5518 5519 8989 
4203 1260 1262 6300 
4204 5812 1929 6991 
4205 4769 4770 6531 
4206 649 647 7040 
4207 1487 1042 6954 
4208 5432 3559 8118 
4209 1794 1796 6245 
4210 2559 2557 6765 
4211 7582 268 7696 
4212 3752 3105 6670 
4213 6955 2355 7916 
4214 6085 6086 6704 
4215 5425 5287 6699 
4216 5726 2066 7066 
4217 4387 4275 5483 
4218 1954 6719 6720 
4219 6340 6348 6641 
4220 5878 5879 5885 
4221 6254 6253 7925 
4222 6107 590 6779 
4223 4713 7492 7550 
4224 594 745 6952 
4225 345 343 6062 
4226 6980 5833 7715 
4227 407 404 5711 
4228 4166 4880 7327 
4229 412 410 7396 
4230 4780 4779 7074 
4231 622 610 6664 
4232 433 430 6377 
4233 606 798 6939 
4234 5708 3401 6506 
4235 2901 1721 7143 
4236 4506 3738 7822 
4237 242 246 6666 
4238 2080 2082 6118 
4239 6066 1255 8238 
4240 2105 2939 7123 
4241 7323 1919 7339 
4242 3213 3597 7003 
4243 4360 4050 5532 
4244 7360 4310 8053 
4245 2591 6518 7353 
4246 2476 2479 5814 
4247 13 41 58 
4248 26 40 52 
4249 1360 1511 5817 
4250 2704 5350 7425 
4251 6890 2313 8011 
4252 837 839 6247 
4253 6379 6386 7316 
4254 1596 2368 6498 
4255 8408 4924 8489 
4256 282 284 6434 
4257 3435 8811 8823 
4258 1460 1857 5934 
4259 2700 2569 7777 
4260 2838 2815 7738 
4261 5605 5604 5606 
4262 209 207 5988 
4263 2492 2489 6602 
4264 7633 4468 7789 
4265 635 4107 6874 
4266 7806 5707 8275 
4267 202 204 7070 
4268 8404 2413 8426 
4269 7736 5541 7866 
4270 6574 2144 6575 
4271 5331 2955 5333 
4272 5282 4759 7569 
4273 6586 997 7405 
4274 4912 4233 7940 
4275 3963 6957 7681 
4276 7361 3376 7588 
4277 1919 5673 7339 
4278 240 242 6279 
4279 308 311 6447 
4280 1036 480 6783 
4281 3201 212 5988 
4282 2058 272 7199 
4283 5129 6881 7650 
4284 7219 7220 7233 
4285 5385 4745 5386 
4286 1316 1376 6305 
4287 1710 6735 6871 
4288 5336 3949 8509 
4289 2466 2468 7651 
4290 5028 3013 5029 
4291 7504 1395 7553 
4292 2279 2269 7128 
4293 4295 569 7455 
4294 4734 4735 8385 
4295 325 323 6188 
4296 5850 3183 6512 
4297 442 444 6943 
4298 2546 3264 7432 
4299 6803 4559 8882 
4300 4086 4862 6524 
4301 5710 1270 6622 
4302 8131 2969 8139 
4303 5708 4243 5709 
4304 3953 5547 5631 
4305 7391 3611 7750 
4306 3449 5594 6771 
4307 6036 2632 6037 
4308 6736 7004 7592 
4309 3313 3309 5968 
4310 5491 8767 8816 
4311 5921 5922 6378 
4312 1367 1851 7944 
4313 644 5946 5947 
4314 1859 4122 6763 
4315 3561 7938 7949 
4316 3620 7572 8104 
4317 520 447 6510 
4318 458 452 6295 
4319 1038 1036 6094 
4320 669 642 7061 
4321 1846 6397 7546 
4322 246 250 6666 
4323 6592 1834 6703 
4324 3646 2975 7210 
4325 2741 6082 8272 
4326 6595 6596 8954 
4327 2349 2877 7304 
4328 2448 2447 7285 
4329 2948 7531 8021 
4330 2223 2248 5218 
4331 2903 7145 8055 
4332 4129 5060 5061 
4333 6920 2406 7662 
4334 874 871 8438 
4335 7590 7486 8481 
4336 4297 1230 7346 
4337 4738 5337 8147 
4338 4090 8656 8703 
4339 5774 4352 6193 
4340 7438 1602 7710 
4341 5787 649 7040 
4342 2414 2009 7451 
4343 6610 6613 6615 
4344 5685 4421 7355 
4345 5132 5131 8752 
4346 5377 4120 7583 
4347 5832 3595 5833 
4348 2100 2094 6248 
4349 7480 6324 8841 
4350 7130 4562 7131 
4351 8265 3505 8631 
4352 1615 1612 5955 
4353 6185 7871 8781 
4354 472 2311 6552 
4355 1363 1241 5901 
4356 752 749 7428 
4357 567 563 6310 
4358 6563 5548 6564 
4359 739 742 7509 
4360 2280 2283 7845 
4361 823 770 6522 
4362 2081 2078 6816 
4363 3888 5130 5147 
4364 3149 3556 7049 
4365 4729 7243 8247 
4366 6330 6355 6668 
4367 1325 1323 6634 
4368 5797 5798 5845 
4369 331 3232 6869 
4370 6881 1705 7650 
4371 2963 2471 7253 
4372 4858 5637 8070 
4373 695 693 6589 
4374 1528 1058 6169 
4375 1418 1420 6181 
4376 5283 4286 6141 
4377 6698 4702 7002 
4378 5563 5564 5570 
4379 8197 7306 8337 
4380 1609 2030 6826 
4381 7029 3823 7031 
4382 1632 1634 7421 
4383 2745 3680 7713 
4384 7794 5704 8122 
4385 7664 7587 8290 
4386 5450 4348 7807 
4387 2339 547 7021 
4388 6220 6225 7335 
4389 6951 2544 7361 
4390 5952 5953 6204 
4391 301 8027 8208 
4392 3084 381 7045 
4393 1336 1338 6380 
4394 6534 2709 7702 
4395 1279 1280 7489 
4396 1467 1465 6702 
4397 5388 4429 5389 
4398 289 626 6416 
4399 5591 2864 7185 
4400 2174 2172 7127 
4401 3700 5457 8330 
4402 3283 627 7340 
4403 1898 1908 6500 
4404 3346 3634 6594 
4405 2570 2559 6765 
4406 4335 7662 7828 
4407 1496 895 6530 
4408 1883 1885 7109 
4409 6192 2341 6637 
4410 2489 2490 6602 
4411 2138 2144 6574 
4412 3672 4867 6899 
4413 6549 7196 7409 
4414 3216 4673 7712 
4415 5793 6781 7407 
4416 6432 1854 6562 
4417 1599 1601 6763 
4418 3953 3955 5547 
4419 6371 6317 7322 
4420 26 27 40 
4421 4957 6822 6823 
4422 2083 2890 5667 
4423 13 14 41 
4424 3856 3859 6723 
4425 6201 7868 7919 
4426 2946 7587 7631 
4427 1312 1313 6429 
4428 3362 3365 6249 
4429 1515 1551 6998 
4430 4908 3688 6772 
4431 4077 3382 7660 
4432 6542 3769 6543 
4433 6419 3283 6423 
4434 6089 4190 6090 
4435 3224 3228 5782 
4436 3521 5444 5800 
4437 6854 6852 6865 
4438 6487 3604 6680 
4439 2933 712 7556 
4440 5455 4375 8116 
4441 3268 3652 5690 
4442 4739 4741 7663 
4443 4147 6095 7778 
4444 6284 2923 6285 
4445 5966 3563 7492 
4446 1838 2027 6487 
4447 6718 2937 6773 
4448 2413 1422 6996 
4449 3758 3117 7783 
4450 825 830 7167 
4451 319 317 6395 
4452 1465 1468 6702 
4453 2023 2025 6391 
4454 1455 1854 6432 
4455 554 2573 7052 
4456 6864 6860 9541 
4457 4345 3835 6695 
4458 1885 1889 7109 
4459 3507 2014 6505 
4460 4023 2060 5861 
4461 9246 9247 9286 
4462 2985 3695 7485 
4463 6936 4140 7672 
4464 2338 6496 7815 
4465 6767 3392 6948 
4466 4691 5190 7634 
4467 6249 3368 6265 
4468 6614 6350 7255 
4469 1076 4405 7820 
4470 7577 4744 7755 
4471 4711 3379 4826 
4472 4831 4829 5915 
4473 1888 1939 7008 
4474 5826 6170 6558 
4475 1319 1315 6812 
4476 7276 3822 7277 
4477 2928 3284 7483 
4478 5297 2101 7984 
4479 2416 3109 7879 
4480 5993 3216 6383 
4481 798 604 6577 
4482 5945 7090 7298 
4483 2675 8735 8740 
4484 315 1389 7175 
4485 6638 621 6751 
4486 1993 4562 7130 
4487 3990 5577 5630 
4488 7358 4099 7538 
4489 1733 1731 6384 
4490 4122 5936 5938 
4491 4213 3437 6744 
4492 3432 5578 5699 
4493 6344 8249 8400 
4494 3904 5127 7831 
4495 5719 7539 7802 
4496 1528 6169 7056 
4497 4357 4050 4360 
4498 4665 4666 8622 
4499 6353 6360 6370 
4500 4154 7007 7177 
4501 5587 2319 6205 
4502 8415 474 8436 
4503 6688 6687 7982 
4504 1152 1154 6143 
4505 5825 4023 5826 
4506 914 916 7448 
4507 1718 3061 7143 
4508 3021 3022 5891 
4509 6109 3826 6111 
4510 1703 3303 6559 
4511 3680 7050 7051 
4512 3065 1956 6720 
4513 5260 4667 5338 
4514 4563 5508 6393 
4515 6018 6020 6021 
4516 7742 7741 7744 
4517 174 985 6078 
4518 5387 1920 8022 
4519 6898 5855 7654 
4520 2433 1830 7362 
4521 5424 5308 6063 
4522 5820 2341 6192 
4523 6567 3810 7443 
4524 4733 5572 6061 
4525 4444 4442 5676 
4526 8741 4943 8762 
4527 1150 2109 7785 
4528 5572 4733 7288 
4529 4254 5354 6164 
4530 5995 3826 8581 
4531 2531 6526 6528 
4532 6296 3189 7621 
4533 7569 4759 8316 
4534 5814 2479 6207 
4535 4359 4915 8418 
4536 3785 4298 7414 
4537 6523 7687 7998 
4538 11 12 37 
4539 2028 3463 7510 
4540 4100 6092 6580 
4541 24 25 36 
4542 8352 4494 8435 
4543 4913 8470 8679 
4544 7585 7519 7935 
4545 6166 251 6696 
4546 523 528 7178 
4547 876 873 7575 
4548 3978 5801 8231 
4549 9267 9242 9268 
4550 6188 323 6395 
4551 2158 1007 6981 
4552 704 708 6121 
4553 4427 2888 7848 
4554 745 775 6952 
4555 905 543 6184 
4556 7923 7924 9515 
4557 2902 2053 5846 
4558 2724 2739 7501 
4559 2841 2098 6097 
4560 4064 4066 6745 
4561 3913 5802 6896 
4562 2303 624 7081 
4563 5840 4144 8492 
4564 4476 4474 8442 
4565 1570 1567 6964 
4566 6490 2179 6491 
4567 1861 1863 6708 
4568 1906 1904 6412 
4569 2929 2931 6506 
4570 4782 2858 7137 
4571 4845 3221 7183 
4572 2568 8279 8342 
4573 1431 1538 6431 
4574 2982 1983 5910 
4575 6689 1348 7610 
4576 3952 5193 7685 
4577 1939 2827 7008 
4578 2571 2566 7176 
4579 4131 4731 7308 
4580 5731 1827 5732 
4581 2162 2164 8596 
4582 3148 3501 5360 
4583 3612 3615 7111 
4584 7233 9475 9503 
4585 2987 3409 5706 
4586 1022 1024 6566 
4587 9310 9297 9311 
4588 4487 3394 4781 
4589 4349 4833 7915 
4590 1467 5584 6096 
4591 9505 9500 9506 
4592 5339 4637 8399 
4593 4141 4784 7374 
4594 1854 2611 6562 
4595 905 6184 6185 
4596 4132 1015 6724 
4597 4778 4714 7249 
4598 5879 2941 5880 
4599 1684 1687 6388 
4600 6363 6346 7520 
4601 5259 5829 6060 
4602 464 472 6552 
4603 444 520 6943 
4604 1108 6953 7247 
4605 4079 5298 8362 
4606 320 894 8237 
4607 6740 5816 6870 
4608 1920 7805 7827 
4609 6451 6464 7931 
4610 3103 3473 5842 
4611 8032 1722 8280 
4612 4557 4404 5372 
4613 1404 5692 6617 
4614 5088 7091 7582 
4615 1739 5530 8035 
4616 1894 1895 6067 
4617 2241 2192 6762 
4618 9266 9267 9270 
4619 4084 6071 6509 
4620 6903 5783 7902 
4621 6533 3329 6534 
4622 2289 5783 6903 
4623 4901 4323 6314 
4624 691 2113 7344 
4625 3501 2681 5627 
4626 4062 4068 6058 
4627 3634 5998 5999 
4628 3339 5723 7326 
4629 5855 4083 6634 
4630 5230 4676 5231 
4631 1309 6056 6057 
4632 3407 2891 7365 
4633 4177 6102 6878 
4634 4527 6794 8242 
4635 415 2411 6737 
4636 1720 7810 8269 
4637 1172 6122 6123 
4638 1497 5600 6992 
4639 4611 4012 5102 
4640 6621 6166 6696 
4641 6678 2568 8504 
4642 4421 7888 7918 
4643 1309 391 5529 
4644 220 224 6496 
4645 2135 2147 6667 
4646 777 3188 7757 
4647 6434 299 6435 
4648 5267 2147 5698 
4649 4320 4318 7936 
4650 2265 2268 7721 
4651 3438 3851 6744 
4652 7028 7601 7754 
4653 3068 2359 7384 
4654 1080 1165 6198 
4655 7816 4410 7981 
4656 4068 4064 6745 
4657 6143 1370 6144 
4658 2519 2920 6742 
4659 5603 3147 5604 
4660 5856 4583 5857 
4661 2096 2080 6118 
4662 4264 7519 7585 
4663 6469 5592 6470 
4664 1104 1128 6640 
4665 7705 2656 7877 
4666 2419 6621 6696 
4667 4619 3545 6959 
4668 3806 3809 6109 
4669 4132 6724 7453 
4670 6284 4737 7302 
4671 6840 8453 8590 
4672 2926 5957 7013 
4673 3327 3317 7095 
4674 3413 3926 4527 
4675 3467 7804 8108 
4676 263 261 7068 
4677 1130 1101 6834 
4678 604 602 6577 
4679 2005 1706 7858 
4680 4403 4401 5153 
4681 5785 591 5786 
4682 4775 3058 7430 
4683 5892 481 6195 
4684 1406 2818 5692 
4685 2441 904 7621 
4686 3260 197 7069 
4687 413 415 6737 
4688 2149 671 6104 
4689 5292 5197 8411 
4690 5755 5749 8608 
4691 4238 4230 5274 
4692 1777 1775 7732 
4693 583 6958 7869 
4694 1185 5170 8341 
4695 3118 2860 5963 
4696 4052 4049 8037 
4697 4408 631 6843 
4698 1412 1410 5861 
4699 7125 4239 7198 
4700 550 546 6415 
4701 1631 2308 7563 
4702 6065 3329 6532 
4703 4099 4724 7363 
4704 928 946 5705 
4705 7763 6864 9541 
4706 4780 5499 5575 
4707 5722 1849 7056 
4708 3950 5219 5291 
4709 4675 4456 4676 
4710 4829 4830 6183 
4711 5382 4087 7079 
4712 5476 5473 5477 
4713 7515 1496 8111 
4714 845 4312 5792 
4715 226 223 6488 
4716 264 269 6441 
4717 3348 3346 6594 
4718 813 4234 6548 
4719 4881 6895 7110 
4720 6208 3181 6209 
4721 476 3184 6195 
4722 6660 6650 9313 
4723 6197 1485 6774 
4724 6169 3208 7670 
4725 7103 1275 7980 
4726 374 358 7080 
4727 5687 5367 8285 
4728 3686 4455 5962 
4729 6505 1963 6725 
4730 700 695 6589 
4731 1225 1242 7019 
4732 2492 6602 7187 
4733 6570 7229 7230 
4734 1699 1700 7120 
4735 4772 7683 7874 
4736 5589 4689 7330 
4737 5578 3982 5699 
4738 4697 6178 7947 
4739 5448 5449 8289 
4740 8102 2590 8364 
4741 1708 1989 7522 
4742 4273 4883 4884 
4743 4849 4847 7533 
4744 5968 3308 5985 
4745 4230 4858 4859 
4746 2550 3554 6315 
4747 3937 5366 5367 
4748 3292 5775 8069 
4749 4188 4190 6089 
4750 2777 2774 5798 
4751 7599 1950 7607 
4752 2843 7561 7783 
4753 6168 6880 7068 
4754 1249 1234 7824 
4755 1901 2677 7426 
4756 8628 5794 8769 
4757 6042 3001 6044 
4758 811 808 5572 
4759 4745 3201 5988 
4760 2192 2180 6762 
4761 925 3204 6758 
4762 9295 6660 9299 
4763 3739 3542 7373 
4764 6075 6076 7251 
4765 4103 2545 6820 
4766 410 3214 7396 
4767 6105 513 6180 
4768 2584 1730 6701 
4769 1021 6410 7381 
4770 2806 2770 5590 
4771 5970 5979 6623 
4772 6321 6318 6371 
4773 1058 1054 6169 
4774 1866 1984 5920 
4775 5334 5333 5335 
4776 3300 1495 7023 
4777 6761 4175 8196 
4778 4392 4466 7720 
4779 2319 2316 6205 
4780 5344 4712 6601 
4781 3223 210 7140 
4782 500 514 6709 
4783 1789 1787 7412 
4784 1962 1960 6580 
4785 3293 4828 6836 
4786 930 932 6811 
4787 2826 4835 7748 
4788 2824 1938 7062 
4789 261 3625 7068 
4790 4684 3966 7418 
4791 362 2945 6076 
4792 3166 3165 6822 
4793 5667 5644 7704 
4794 3938 5494 5495 
4795 9354 9260 9368 
4796 1989 6072 7522 
4797 6756 2946 7631 
4798 3296 2571 7176 
4799 1543 1827 5731 
4800 244 221 6628 
4801 418 4151 7034 
4802 2401 3108 6133 
4803 3376 3734 7588 
4804 1978 864 6171 
4805 6860 6861 9541 
4806 4143 6635 6877 
4807 3853 3594 6054 
4808 9308 9305 9309 
4809 3014 3598 7641 
4810 4151 416 7184 
4811 6657 9244 9298 
4812 6821 7555 7927 
4813 5861 1410 7584 
4814 4609 5263 8688 
4815 4117 3423 7158 
4816 3228 3226 7041 
4817 6565 7543 8243 
4818 304 306 6766 
4819 2692 2691 5837 
4820 6367 6335 6368 
4821 2264 3523 6136 
4822 6630 1026 7439 
4823 848 3179 7718 
4824 5775 5769 8069 
4825 1878 1874 6486 
4826 6273 4719 7165 
4827 792 5776 7682 
4828 5583 5584 5585 
4829 9482 9481 9483 
4830 6489 7502 7739 
4831 1772 1774 7388 
4832 7735 5638 7930 
4833 9268 9281 9282 
4834 1509 1518 6995 
4835 3231 2444 6191 
4836 4124 7473 8209 
4837 959 4222 6272 
4838 6018 6016 6019 
4839 4030 5469 6525 
4840 4422 4281 5465 
4841 5454 1218 7896 
4842 1886 1884 6603 
4843 7858 4379 7929 
4844 3330 4621 4821 
4845 4735 2916 5208 
4846 5333 5852 6532 
4847 8418 4915 8531 
4848 5209 5208 5211 
4849 3379 2204 6671 
4850 851 862 7652 
4851 4182 4184 5608 
4852 1965 1790 6753 
4853 221 219 6628 
4854 424 6917 6918 
4855 4625 5266 5296 
4856 5430 3559 5432 
4857 3866 3425 3982 
4858 6205 698 6627 
4859 3995 3997 6893 
4860 5957 2926 7651 
4861 2366 927 7369 
4862 5715 5717 7604 
4863 5395 3758 5396 
4864 3556 3921 7049 
4865 6324 6323 6550 
4866 1504 7970 7975 
4867 9323 9319 9339 
4868 502 500 6709 
4869 3810 3807 7443 
4870 5278 3977 5355 
4871 4078 753 5710 
4872 4674 3514 5383 
4873 5429 5430 5431 
4874 4337 6383 7712 
4875 6507 7693 7847 
4876 3267 1550 7163 
4877 6979 4157 6980 
4878 4737 3570 4738 
4879 4136 5964 5965 
4880 1224 1222 6520 
4881 2638 2634 7329 
4882 7434 4296 7895 
4883 7028 4268 7601 
4884 336 2384 6739 
4885 417 419 7537 
4886 7064 4165 7065 
4887 5644 5646 7704 
4888 3914 3796 5358 
4889 3915 1985 6626 
4890 306 2337 6766 
4891 3796 3793 6919 
4892 2056 2861 7283 
4893 2981 3681 5866 
4894 6794 5992 6795 
4895 5238 3995 6893 
4896 1375 6379 7316 
4897 483 481 5892 
4898 3805 3803 7213 
4899 7257 3815 8236 
4900 953 2882 7018 
4901 2586 1130 6834 
4902 6306 1681 6733 
4903 6549 4234 7196 
4904 770 802 6522 
4905 3905 3738 4505 
4906 6968 1212 8532 
4907 4002 4006 6172 
4908 8431 2407 8445 
4909 7988 6077 8046 
4910 7675 7674 7679 
4911 7496 4269 7731 
4912 3493 2897 8194 
4913 5633 4152 6718 
4914 6198 8212 8508 
4915 382 4165 7064 
4916 3587 5090 5580 
4917 386 385 5930 
4918 3093 3685 5613 
4919 4888 4887 6771 
4920 6882 6883 7392 
4921 6874 4107 7639 
4922 291 289 6416 
4923 5418 5802 6493 
4924 5765 5738 5766 
4925 4787 3068 7384 
4926 3141 3991 5581 
4927 6007 6010 9181 
4928 5556 5555 5557 
4929 4191 1129 6992 
4930 6381 6451 7931 
4931 1090 7104 7439 
4932 7502 3605 7740 
4933 7191 822 7347 
4934 3072 2674 7699 
4935 5898 3576 6722 
4936 2514 2516 6742 
4937 4069 4067 8507 
4938 4839 7968 8015 
4939 1630 1629 7119 
4940 5957 4139 7013 
4941 5055 3871 5322 
4942 710 714 5773 
4943 1730 1732 6701 
4944 3385 2870 6124 
4945 6623 5979 7095 
4946 5136 5137 5138 
4947 333 4141 6637 
4948 2077 5370 6816 
4949 2188 2186 5948 
4950 5818 5371 6842 
4951 1710 260 6734 
4952 3378 4696 4764 
4953 3259 968 7179 
4954 4901 6314 7685 
4955 4165 6676 7065 
4956 4212 4214 7378 
4957 4055 4600 4983 
4958 4368 5358 8062 
4959 2362 1470 6365 
4960 4914 7886 8266 
4961 754 3690 5918 
4962 7041 4475 7552 
4963 2274 5637 6976 
4964 6023 6024 6025 
4965 3320 4296 7434 
4966 9321 9319 9322 
4967 6285 2923 6286 
4968 3088 7397 8174 
4969 4633 5425 6699 
4970 1349 1184 5896 
4971 1280 8747 8803 
4972 2273 3261 4353 
4973 6365 6316 7156 
4974 7400 6661 8345 
4975 2560 2563 6502 
4976 5162 5161 5482 
4977 4644 3494 7304 
4978 3422 3903 7402 
4979 6300 1316 6305 
4980 2982 5910 5911 
4981 2607 1986 7440 
4982 1274 741 7113 
4983 5646 5662 7704 
4984 5269 5268 5271 
4985 6670 4528 6692 
4986 2898 2015 6106 
4987 987 1121 6495 
4988 6814 4788 7435 
4989 861 857 5865 
4990 4810 7736 7866 
4991 5944 4311 5945 
4992 906 2150 7840 
4993 455 457 6902 
4994 4053 4055 5463 
4995 4643 3494 4644 
4996 7366 4855 7553 
4997 1328 1325 6634 
4998 6793 3413 8242 
4999 25 26 52 
5000 6604 4785 7715 
5001 4285 6440 7622 
5002 5064 1558 7417 
5003 4581 4583 5856 
5004 4061 4062 6058 
5005 2680 2745 7713 
5006 12 13 58 
5007 4748 4746 7898 
5008 323 319 6395 
5009 3408 3407 4532 
5010 4594 4874 4875 
5011 4055 4983 4984 
5012 4439 3724 4440 
5013 2137 2135 6667 
5014 3142 2913 3143 
5015 5569 5568 5626 
5016 1222 4098 6520 
5017 3943 6605 6933 
5018 3179 5293 8451 
5019 2967 3127 3892 
5020 4011 4010 4012 
5021 2424 669 7061 
5022 7060 1369 7986 
5023 3026 3456 5891 
5024 6383 6271 8013 
5025 7487 4899 8120 
5026 4869 3673 6390 
5027 557 555 6764 
5028 4502 5327 5328 
5029 3773 4196 6278 
5030 4529 4350 4530 
5031 2965 4372 6376 
5032 3973 7429 8452 
5033 987 6495 7168 
5034 955 4017 5959 
5035 3272 3270 6669 
5036 1173 1104 6640 
5037 7440 4324 7649 
5038 5570 2228 8048 
5039 1853 3170 3583 
5040 6425 4778 6441 
5041 2587 1839 6972 
5042 2547 2550 6315 
5043 977 969 6417 
5044 3061 5778 7636 
5045 1863 2032 6708 
5046 5840 8492 8506 
5047 3598 3055 4699 
5048 590 586 6779 
5049 3728 3195 4112 
5050 7214 7215 7217 
5051 4710 1524 5931 
5052 2439 4259 5680 
5053 842 845 5792 
5054 4410 7773 7981 
5055 4642 5242 5243 
5056 555 2304 6764 
5057 5686 5685 7126 
5058 1413 257 6790 
5059 3445 5831 7880 
5060 6651 6652 8219 
5061 1866 5920 6431 
5062 6227 9345 9351 
5063 1411 1546 7376 
5064 4393 4194 8216 
5065 4277 4387 7372 
5066 1390 7487 8120 
5067 4858 4863 5637 
5068 3148 2681 3501 
5069 6444 7809 8126 
5070 6266 6265 6268 
5071 6044 3001 7729 
5072 3925 3923 4494 
5073 5530 4853 5531 
5074 2803 4116 7521 
5075 3076 7440 7649 
5076 6444 2389 7809 
5077 5606 5604 5607 
5078 6631 5633 6773 
5079 3509 3510 4495 
5080 5868 8431 8445 
5081 5475 1074 8082 
5082 4185 4187 7182 
5083 185 189 7164 
5084 4750 5774 6193 
5085 1922 2684 5909 
5086 4876 4874 6082 
5087 4940 3510 7472 
5088 199 196 6804 
5089 4758 3092 5368 
5090 1181 7237 8192 
5091 2308 7333 7563 
5092 1375 5922 6379 
5093 7479 658 7540 
5094 2232 3566 5470 
5095 2061 6548 6549 
5096 1747 1749 6286 
5097 5686 7239 7240 
5098 3815 6567 6568 
5099 7455 2986 7590 
5100 6059 4068 7141 
5101 4991 4577 4992 
5102 6785 6787 7349 
5103 6649 3301 6661 
5104 4475 6553 7552 
5105 5315 5301 5316 
5106 6076 2945 6077 
5107 4752 5905 6412 
5108 2956 5680 5681 
5109 4329 4156 4330 
5110 4112 3195 5305 
5111 3003 884 3421 
5112 1493 1498 6815 
5113 1760 1997 6381 
5114 6299 6043 9116 
5115 1979 374 7080 
5116 204 2409 7070 
5117 3143 2913 3971 
5118 2842 2843 7783 
5119 6308 4161 6309 
5120 2311 8447 8622 
5121 4547 4035 4609 
5122 4129 5059 5060 
5123 4352 3646 6193 
5124 5129 4636 5237 
5125 4319 4320 4321 
5126 5759 5910 6962 
5127 5457 5456 5458 
5128 4575 5831 6541 
5129 4753 6104 6509 
5130 3290 3289 5601 
5131 4017 5683 5959 
5132 4348 7595 7807 
5133 4573 4548 4971 
5134 4831 5915 5916 
5135 8111 4770 8350 
5136 1969 3187 6983 
5137 1968 5678 8308 
5138 1783 1781 6606 
5139 366 368 6961 
5140 6135 4777 7436 
5141 5778 5777 6971 
5142 3601 3125 4369 
5143 1425 1423 7023 
5144 4614 3662 4857 
5145 4699 3055 4700 
5146 510 513 6105 
5147 2807 1665 5523 
5148 3290 5601 6165 
5149 168 167 169 
5150 4123 3564 4773 
5151 6323 6326 6550 
5152 3887 4414 4565 
5153 6503 6502 6504 
5154 3920 3919 6182 
5155 6852 6855 6865 
5156 7078 2173 7646 
5157 2318 2873 6102 
5158 5906 2542 6581 
5159 7170 2596 7846 
5160 863 2654 7523 
5161 4653 4655 5724 
5162 1992 1935 2031 
5163 2791 2781 5488 
5164 5792 4312 5793 
5165 6707 506 6769 
5166 6509 675 7159 
5167 843 5792 7407 
5168 2376 2375 2377 
5169 3702 7037 7186 
5170 5146 3944 5185 
5171 5921 6380 6431 
5172 3549 2157 3550 
5173 3802 3790 3803 
5174 4366 1540 7406 
5175 6482 5880 6483 
5176 2805 2810 6636 
5177 5921 4091 5922 
5178 340 361 6979 
5179 5597 7047 8080 
5180 200 201 6810 
5181 508 506 6707 
5182 6104 675 6509 
5183 7244 2195 7245 
5184 2377 2375 3547 
5185 3192 4727 4728 
5186 2443 3189 6282 
5187 381 618 7045 
5188 4276 4275 4277 
5189 9542 6861 9543 
5190 4702 3213 7003 
5191 4630 2070 5726 
5192 5672 6689 7610 
5193 801 6436 6437 
5194 3590 4742 5692 
5195 7491 5525 7775 
5196 3873 3118 5963 
5197 2400 2365 6475 
5198 2895 2891 3407 
5199 3794 3862 6919 
5200 5475 5473 5476 
5201 8372 7465 9353 
5202 3398 4511 4512 
5203 4448 4446 6872 
5204 546 544 6415 
5205 9503 9478 9512 
5206 2640 590 6107 
5207 2237 2224 2238 
5208 1323 5855 6634 
5209 350 4142 5956 
5210 9272 9293 9299 
5211 1382 7799 7968 
5212 1516 1563 7352 
5213 3091 2588 6273 
5214 5491 4949 8767 
5215 6062 6276 6277 
5216 5287 4717 6699 
5217 6148 1877 7557 
5218 4732 5805 5806 
5219 6430 237 8166 
5220 3120 4028 5963 
5221 248 249 6728 
5222 660 3045 6682 
5223 6054 3593 7063 
5224 6014 7993 8253 
5225 1286 1443 3062 
5226 5099 3939 5239 
5227 6255 6257 6269 
5228 2402 3493 6409 
5229 4792 6616 8040 
5230 3003 3746 4504 
5231 4555 4556 4561 
5232 3905 4519 5235 
5233 7055 6423 7278 
5234 4632 3936 5184 
5235 4814 7361 7588 
5236 3968 4628 9328 
5237 3785 3784 3786 
5238 4309 6961 7709 
5239 4013 4012 4611 
5240 5027 3013 5028 
5241 4376 3139 7781 
5242 6652 7401 8219 
5243 3252 3254 5493 
5244 3930 5103 5220 
5245 4539 4004 5445 
5246 2795 2770 2806 
5247 9297 9296 9311 
5248 324 6398 6511 
5249 7349 6787 8375 
5250 4317 4319 6246 
5251 5275 4959 5276 
5252 5261 3744 7833 
5253 3525 4638 7774 
5254 609 2425 6492 
5255 4434 3925 5148 
5256 6113 6114 6115 
5257 3128 3393 3887 
5258 3731 4374 7697 
5259 3853 6054 6748 
5260 317 315 7175 
5261 9293 9295 9299 
5262 9272 9271 9273 
5263 3950 3951 5219 
5264 5525 4906 5788 
5265 5653 5651 6870 
5266 2496 2499 7711 
5267 719 721 7168 
5268 6817 1074 7074 
5269 3740 4946 4947 
5270 5790 7005 7249 
5271 2434 4030 6525 
5272 2980 2982 5871 
5273 6037 6043 7943 
5274 4599 3757 5394 
5275 5465 4279 7372 
5276 4706 3989 5490 
5277 6189 6188 7393 
5278 1214 3192 6923 
5279 4629 2070 4630 
5280 1031 1048 7125 
5281 1802 2037 6244 
5282 3504 3494 4643 
5283 5938 6122 6763 
5284 4337 4114 6270 
5285 6470 5592 6471 
5286 2436 3193 3194 
5287 2536 2507 7290 
5288 3674 3272 6669 
5289 2564 2562 7427 
5290 266 1710 7082 
5291 6315 3554 6316 
5292 4182 4183 4184 
5293 5760 5751 5764 
5294 3659 7408 7595 
5295 5557 5555 5559 
5296 457 2382 6902 
5297 3441 3450 3451 
5298 6998 3599 6999 
5299 5584 1467 6838 
5300 4578 3767 8014 
5301 5191 4665 5192 
5302 2073 4690 4691 
5303 3244 183 7164 
5304 7129 2201 7154 
5305 6507 3156 7693 
5306 3938 3252 5493 
5307 3820 7258 7260 
5308 6555 188 6576 
5309 4313 3959 9327 
5310 2949 5886 7732 
5311 3073 3660 3990 
5312 4124 6885 7473 
5313 2994 1991 7279 
5314 2956 2467 5680 
5315 361 4157 6979 
5316 3519 4670 5384 
5317 3131 3468 3893 
5318 59 58 60 
5319 3971 2913 5373 
5320 1891 1907 6494 
5321 53 52 54 
5322 4738 3570 5337 
5323 7047 6263 8080 
5324 9302 9305 9308 
5325 5832 5833 7539 
5326 6205 6627 7914 
5327 7263 7259 7264 
5328 3610 3379 4711 
5329 2276 2965 2966 
5330 4276 4278 4285 
5331 6737 2411 6738 
5332 5692 4742 6617 
5333 6007 6009 6010 
5334 1165 6197 6198 
5335 4730 2735 7500 
5336 4786 7150 7594 
5337 9285 9253 9312 
5338 3701 2773 5500 
5339 4724 6064 6983 
5340 4300 6173 6175 
5341 3192 4728 5484 
5342 4236 1454 4237 
5343 2745 2681 3148 
5344 7600 6168 7913 
5345 1064 1308 7659 
5346 2102 1830 2433 
5347 6524 4862 7165 
5348 2637 2636 3596 
5349 630 362 6076 
5350 322 321 6511 
5351 2521 2503 7812 
5352 6225 6233 7335 
5353 2670 2669 7014 
5354 213 238 7495 
5355 5829 2884 5830 
5356 1067 7115 8082 
5357 6037 2632 6038 
5358 584 583 6915 
5359 4039 4041 4042 
5360 3734 4523 4524 
5361 2292 1570 6964 
5362 2220 2215 5796 
5363 5194 5175 5229 
5364 355 2374 6706 
5365 4570 4207 7902 
5366 5047 5052 8483 
5367 3919 3555 4639 
5368 5503 5502 8831 
5369 4284 4282 4286 
5370 804 773 6134 
5371 3743 3092 4758 
5372 2257 2245 7637 
5373 4440 3724 5359 
5374 7418 8404 8426 
5375 2094 2092 6248 
5376 3073 3990 5630 
5377 5029 3013 6112 
5378 6220 6223 6224 
5379 203 200 6810 
5380 2729 2727 5330 
5381 6541 3769 6542 
5382 4751 4102 5224 
5383 2228 5570 8258 
5384 3527 5936 6708 
5385 6210 6211 6212 
5386 3921 4497 7049 
5387 1949 5375 6901 
5388 6844 2833 7441 
5389 2423 4864 8008 
5390 3144 2990 3742 
5391 2802 1750 5480 
5392 2202 2423 8008 
5393 5656 5655 5672 
5394 5419 3801 5420 
5395 4763 5787 7040 
5396 2378 1493 6815 
5397 3269 3271 5864 
5398 4171 4219 4231 
5399 5183 3503 8214 
5400 3078 3670 6499 
5401 4209 4202 5520 
5402 4404 4403 4567 
5403 1162 1163 7237 
5404 4793 4794 4795 
5405 3215 3442 3948 
5406 4006 4004 4539 
5407 6709 514 6710 
5408 5407 5408 5409 
5409 3740 4947 4949 
5410 9120 9117 9129 
5411 3736 2996 3737 
5412 6560 4249 6561 
5413 4460 3385 5461 
5414 1887 1888 6404 
5415 4217 4213 6744 
5416 7746 4872 7788 
5417 9541 6861 9542 
5418 2927 1911 6412 
5419 3836 5005 5996 
5420 6372 2653 7541 
5421 4324 7597 7649 
5422 3710 3076 7649 
5423 3909 3952 4771 
5424 3788 3786 5599 
5425 3409 4534 4535 
5426 5662 5648 5664 
5427 4150 6631 6773 
5428 4156 4247 5313 
5429 4218 4170 6600 
5430 7226 6569 7443 
5431 2066 2068 7066 
5432 2232 3564 3565 
5433 3937 3390 5366 
5434 3938 5493 5494 
5435 2947 1346 6433 
5436 625 1739 8035 
5437 5734 5746 7383 
5438 5374 7143 7636 
5439 1613 4808 4809 
5440 3587 4669 5090 
5441 4324 6202 7597 
5442 3900 5161 5162 
5443 968 970 7179 
5444 7657 5570 8048 
5445 8395 5279 8643 
5446 3004 6891 6892 
5447 3734 4524 4525 
5448 9242 8218 9281 
5449 4592 4593 4594 
5450 1268 1489 6127 
5451 4315 7599 7607 
5452 5446 4969 5447 
5453 6651 8219 9266 
5454 4035 4294 5263 
5455 3261 3380 3381 
5456 4101 3557 4292 
5457 3424 2765 4134 
5458 4719 6524 7165 
5459 5740 5738 5765 
5460 2073 4691 7066 
5461 2910 3202 3976 
5462 4605 2050 4606 
5463 2960 3475 3485 
5464 3786 3784 4995 
5465 4660 3866 5677 
5466 1874 1876 6486 
5467 2004 2035 3638 
5468 9151 9152 9160 
5469 3760 3110 3761 
5470 4857 3662 5450 
5471 3214 407 5711 
5472 5154 3942 6414 
5473 3987 2902 4079 
5474 5969 5968 5985 
5475 4336 3799 5841 
5476 4002 4004 4006 
5477 3795 3796 3831 
5478 5564 5565 5566 
5479 6158 6159 7852 
5480 2035 3210 4806 
5481 4232 4382 5216 
5482 1227 1224 6520 
5483 5324 5781 7673 
5484 1746 1744 3096 
5485 4384 4077 6138 
5486 4594 4875 5902 
5487 2808 2804 3394 
5488 3774 3773 6278 
5489 2258 2260 2270 
5490 592 5688 8698 
5491 2358 3621 5935 
5492 3571 2747 5582 
5493 6792 5468 6808 
5494 7220 7232 7233 
5495 3978 2129 5801 
5496 316 3211 6663 
5497 5297 4705 5875 
5498 6788 3377 7626 
5499 2611 2971 6562 
5500 7539 4157 7802 
5501 3997 5607 6893 
5502 1904 4752 6412 
5503 6324 6550 6551 
5504 1574 314 7025 
5505 3648 4815 7551 
5506 3021 5891 8051 
5507 2091 2088 6920 
5508 7474 4767 7949 
5509 6812 6429 6813 
5510 6652 6649 6661 
5511 4856 7252 7667 
5512 2890 2081 6816 
5513 9143 9144 9196 
5514 3081 2624 5634 
5515 878 2655 5834 
5516 6738 2411 7760 
5517 4747 4746 4748 
5518 7220 7221 7222 
5519 4647 6978 7694 
5520 4504 4541 8585 
5521 6121 708 6206 
5522 5623 5621 8625 
5523 7903 6369 8132 
5524 1512 1361 6895 
5525 1452 3397 7822 
5526 5116 5115 5117 
5527 2038 617 5702 
5528 4483 8596 8711 
5529 2919 3529 3530 
5530 3247 4820 7626 
5531 3706 4663 4664 
5532 9304 9306 9307 
5533 1057 1056 6818 
5534 3863 6908 8144 
5535 4282 4281 4283 
5536 3506 2925 3563 
5537 1688 1507 1689 
5538 3005 1962 6580 
5539 2889 3516 3517 
5540 9255 9254 9256 
5541 3969 4723 6443 
5542 3073 3658 3660 
5543 3729 3085 4146 
5544 3441 4597 5537 
5545 4267 3647 5345 
5546 4468 4467 4469 
5547 3280 3495 3559 
5548 5809 5810 8344 
5549 4277 4275 4387 
5550 5776 7566 8105 
5551 7013 4787 7384 
5552 5970 5978 5979 
5553 2814 2984 5346 
5554 3518 3190 3989 
5555 4008 3342 7972 
5556 3930 5220 5809 
5557 4385 4384 4718 
5558 3689 4273 6772 
5559 4194 5186 5187 
5560 3929 3514 4674 
5561 7616 7617 7618 
5562 2078 2077 6816 
5563 5331 5333 5334 
5564 4811 3200 6145 
5565 7200 4248 7692 
5566 5116 5118 5120 
5567 3859 3983 3984 
5568 6735 6730 6736 
5569 1120 7038 7756 
5570 3942 3941 6414 
5571 6058 4068 6059 
5572 3356 3655 6373 
5573 3877 3461 5540 
5574 4398 4330 4399 
5575 6140 1078 7706 
5576 4450 3871 5055 
5577 9475 9476 9478 
5578 3689 4271 4272 
5579 4270 7510 7511 
5580 4503 3914 5206 
5581 5436 4677 8127 
5582 218 220 6496 
5583 4732 3917 5804 
5584 6340 6343 6348 
5585 5976 5974 5983 
5586 2688 2691 2692 
5587 2751 2753 7309 
5588 2780 2778 2781 
5589 5409 5410 5411 
5590 2677 1903 7155 
5591 4518 4533 5995 
5592 3360 4474 4475 
5593 4371 3659 7026 
5594 3326 5970 6623 
5595 801 769 6436 
5596 1322 7353 7654 
5597 7030 7029 7031 
5598 5644 5645 5646 
5599 3930 3931 5103 
5600 1588 7055 7278 
5601 2354 2889 5598 
5602 2919 3528 3529 
5603 873 874 7575 
5604 4017 4171 5683 
5605 6745 4944 7141 
5606 6584 2312 6585 
5607 4522 4893 5720 
5608 506 504 6769 
5609 3114 3778 4053 
5610 2906 3575 3576 
5611 6625 3620 8104 
5612 3038 3773 3774 
5613 4618 3545 4619 
5614 7423 7172 7717 
5615 5560 5556 8482 
5616 3262 2994 4558 
5617 4256 4254 6164 
5618 4074 3669 4075 
5619 6232 6226 7469 
5620 3955 4682 5341 
5621 5116 5117 5118 
5622 2371 3589 4130 
5623 3069 6482 6483 
5624 4655 5085 5724 
5625 5205 5204 7530 
5626 4072 3196 4073 
5627 4428 4429 4661 
5628 5392 5391 5393 
5629 5122 4603 6164 
5630 1283 3147 5602 
5631 5057 3882 6578 
5632 3921 4339 4497 
5633 4790 4242 5722 
5634 9280 9271 9296 
5635 3990 4854 5577 
5636 1353 3186 5863 
5637 3625 6167 6168 
5638 4413 3806 6109 
5639 5356 3977 5689 
5640 3096 1744 5714 
5641 3276 3278 6886 
5642 1745 1744 1746 
5643 3360 4008 4474 
5644 3090 3710 3711 
5645 4398 8061 8259 
5646 1010 2158 6410 
5647 2857 6717 7120 
5648 7883 8065 8066 
5649 4101 5371 5818 
5650 5753 5736 5960 
5651 5118 5119 6694 
5652 4458 6373 6374 
5653 9248 9251 9298 
5654 5732 1827 5733 
5655 5388 5389 5390 
5656 7593 4880 8041 
5657 6569 6567 7443 
5658 9504 9500 9505 
5659 1269 2336 2909 
5660 1689 1507 1985 
5661 4999 5000 5001 
5662 4769 3616 4770 
5663 1223 1225 7019 
5664 4707 4570 5783 
5665 3280 3479 3495 
5666 3343 3230 3344 
5667 187 188 6555 
5668 3170 3390 3396 
5669 3880 3910 5448 
5670 4049 4050 4051 
5671 2646 2335 5912 
5672 5683 4231 5684 
5673 6078 6079 6080 
5674 6643 1428 6644 
5675 2829 3216 5993 
5676 5065 5067 7620 
5677 2671 4607 4961 
5678 4139 3300 4807 
5679 2964 3653 3654 
5680 3567 2348 6311 
5681 4535 4534 4938 
5682 3326 5969 5970 
5683 1686 2671 7238 
5684 368 372 6961 
5685 5358 3796 6919 
5686 5973 5972 5974 
5687 3597 3212 7149 
5688 6543 3769 6545 
5689 6585 2312 6586 
5690 5752 5751 5760 
5691 6150 6463 9013 
5692 5946 4922 5947 
5693 1417 6075 7303 
5694 4060 4058 5851 
5695 4114 3198 5905 
5696 3635 2091 3636 
5697 3059 3464 3465 
5698 5044 3882 5057 
5699 4899 3974 4900 
5700 4194 4121 5186 
5701 5770 5771 5772 
5702 2804 2692 5837 
5703 2967 3892 5290 
5704 6073 3208 7315 
5705 3141 3904 3991 
5706 4440 5359 8446 
5707 6661 3301 7661 
5708 4070 4943 4944 
5709 1127 639 6690 
5710 6329 6330 6668 
5711 4265 5638 7735 
5712 2688 2692 2693 
5713 3747 3005 6092 
5714 7267 7273 7274 
5715 7401 8183 8217 
5716 3692 4496 6312 
5717 5335 6532 6533 
5718 1519 1835 7325 
5719 3382 3195 3728 
5720 4712 4168 7310 
5721 971 6396 7295 
5722 6477 4113 7631 
5723 3436 2852 4549 
5724 2964 3654 8135 
5725 7630 7937 8666 
5726 5970 5969 5971 
5727 3997 3996 3998 
5728 460 462 6484 
5729 1931 2416 7449 
5730 3286 7658 7747 
5731 5836 6042 6049 
5732 6905 6904 6910 
5733 172 3242 3723 
5734 1694 1695 1990 
5735 4334 3347 5893 
5736 4241 3578 6760 
5737 4645 6940 7085 
5738 3172 2981 5866 
5739 3533 4457 6969 
5740 9531 7768 9532 
5741 1511 3169 5817 
5742 7829 4040 8073 
5743 4766 5780 6477 
5744 1659 2390 6697 
5745 1829 1830 1982 
5746 4768 3616 4769 
5747 6150 6157 6463 
5748 4617 3545 4618 
5749 6214 6213 6215 
5750 2446 2449 6191 
5751 6521 825 7167 
5752 2271 2255 2272 
5753 3754 3753 3755 
5754 802 6521 6522 
5755 4605 4606 5159 
5756 4620 5091 5729 
5757 5063 5065 5072 
5758 616 3283 6419 
5759 2889 3517 3519 
5760 7618 9499 9500 
5761 916 6829 7448 
5762 985 4693 4695 
5763 4231 4232 6449 
5764 6217 6215 6231 
5765 3071 3629 3650 
5766 1147 1150 7785 
5767 6324 6551 8841 
5768 2653 7099 7870 
5769 4939 3510 4940 
5770 379 376 7941 
5771 3433 3434 3441 
5772 5880 2941 6483 
5773 2999 2998 3411 
5774 4732 5804 5805 
5775 1763 6880 7600 
5776 4051 4050 4357 
5777 190 6555 6809 
5778 1668 1671 1672 
5779 184 3207 6276 
5780 260 258 6734 
5781 4462 3674 6669 
5782 4577 3024 7331 
5783 2469 2956 7253 
5784 2103 575 2104 
5785 1469 2427 6777 
5786 3919 4639 5321 
5787 4848 4847 4849 
5788 271 2059 6425 
5789 3133 4159 4160 
5790 9129 9117 9130 
5791 4602 5058 5123 
5792 5285 4717 5287 
5793 5649 5647 7554 
5794 4793 4797 5673 
5795 1752 2802 8570 
5796 2922 2014 3507 
5797 6252 3324 7161 
5798 653 2290 5679 
5799 6399 7576 7749 
5800 882 1693 5844 
5801 1752 1750 2802 
5802 3943 4720 6605 
5803 7868 2939 7919 
5804 2985 2588 3091 
5805 4228 4238 7562 
5806 2772 2230 5845 
5807 5527 4649 5539 
5808 3457 3873 4602 
5809 3653 4109 4361 
5810 7723 3568 8355 
5811 4261 2548 7432 
5812 3450 4419 4579 
5813 3278 5429 6886 
5814 7605 5717 8360 
5815 4767 3420 5157 
5816 4171 4231 5683 
5817 3963 3958 6957 
5818 6351 6346 6363 
5819 1655 1650 6444 
5820 1286 1442 1443 
5821 1299 971 7295 
5822 1359 1357 1378 
5823 3876 3461 3877 
5824 4015 4014 5308 
5825 2231 2250 2251 
5826 4210 4315 7607 
5827 4804 4798 6609 
5828 3572 3571 7079 
5829 5138 5137 5140 
5830 4236 4340 4341 
5831 5619 5621 5623 
5832 6522 6521 7122 
5833 6798 2111 7321 
5834 2783 2781 2791 
5835 4009 4010 4011 
5836 3695 3091 3697 
5837 1436 1474 1643 
5838 3026 3454 3456 
5839 4579 5006 5011 
5840 4226 3138 5418 
5841 4595 3852 8159 
5842 3686 4454 4455 
5843 3415 3380 4479 
5844 3706 4664 5442 
5845 4788 4787 7012 
5846 1601 1833 1859 
5847 5940 5941 5942 
5848 2817 4100 6580 
5849 6418 803 7399 
5850 4620 4950 4951 
5851 6112 2838 6113 
5852 9322 9319 9323 
5853 1689 2606 6721 
5854 3612 3614 3615 
5855 5717 5716 5718 
5856 985 4695 6078 
5857 3022 3024 3025 
5858 9480 9479 9481 
5859 4143 2694 6636 
5860 4662 3894 5576 
5861 2960 3485 4097 
5862 3405 4516 7640 
5863 5069 1940 5077 
5864 3717 3718 4574 
5865 5420 8475 8598 
5866 5695 5694 5697 
5867 834 1588 6382 
5868 1652 1656 7118 
5869 2322 2321 2323 
5870 6285 6286 7981 
5871 4493 4492 4932 
5872 4070 4944 6745 
5873 5780 2113 6478 
5874 3629 4192 6529 
5875 9490 9489 9491 
5876 2708 2710 2713 
5877 1628 1808 1809 
5878 3318 3327 3328 
5879 3487 3902 4007 
5880 4426 4425 7216 
5881 4452 4451 5084 
5882 3075 2607 3076 
5883 4246 3585 5632 
5884 5519 5517 8840 
5885 4094 5966 7492 
5886 313 316 6663 
5887 1522 1169 6633 
5888 4136 3623 4832 
5889 3749 4437 4553 
5890 955 3586 4017 
5891 4044 3550 4045 
5892 4569 4207 4570 
5893 9244 9246 9248 
5894 4104 291 6416 
5895 1526 483 5892 
5896 6261 6260 8235 
5897 3579 1057 6818 
5898 3240 6729 6730 
5899 2698 2540 2859 
5900 1056 1061 6818 
5901 5655 5653 5816 
5902 4668 4667 5260 
5903 2315 698 2316 
5904 3114 3777 3778 
5905 4206 4207 4568 
5906 6378 1336 6380 
5907 1882 1924 7860 
5908 4988 4989 5020 
5909 702 704 6121 
5910 2330 3136 6015 
5911 1602 5492 7710 
5912 1540 1432 7406 
5913 3737 2996 6053 
5914 750 5357 8670 
5915 4059 4058 4060 
5916 5201 705 6682 
5917 1622 6688 7454 
5918 4037 4038 4039 
5919 5411 5412 6319 
5920 7435 4807 7586 
5921 5380 5379 5381 
5922 1112 1114 2946 
5923 3390 3391 5366 
5924 4677 5550 8127 
5925 5744 5743 5745 
5926 3759 3110 3760 
5927 4463 3517 5950 
5928 4386 4303 6108 
5929 6600 4786 7594 
5930 3867 3774 4981 
5931 5458 5456 7818 
5932 1667 1665 2807 
5933 3199 4071 5423 
5934 3270 3268 5690 
5935 5820 4769 5821 
5936 5757 5756 5758 
5937 7618 9498 9499 
5938 482 3219 6783 
5939 4402 4401 4403 
5940 4624 4626 5151 
5941 2967 2968 3127 
5942 2803 3416 3423 
5943 2365 2364 6475 
5944 1829 1982 2051 
5945 3152 4328 7280 
5946 2467 2439 5680 
5947 5200 3935 6665 
5948 4319 4321 5369 
5949 4122 1861 6708 
5950 4536 4531 4960 
5951 5134 5133 5135 
5952 5734 5735 5736 
5953 2886 1843 7522 
5954 4824 3296 7176 
5955 2943 1041 6727 
5956 5924 2977 5925 
5957 5789 4713 7550 
5958 3138 3150 4076 
5959 6251 6252 6253 
5960 2718 3341 7153 
5961 2748 2230 2749 
5962 4035 3480 4294 
5963 2395 2398 6624 
5964 3294 4367 7518 
5965 3944 3899 3945 
5966 5316 5301 5574 
5967 2061 815 6548 
5968 2669 2666 2953 
5969 2704 2918 2919 
5970 256 251 6166 
5971 7264 7259 7266 
5972 1576 1839 2000 
5973 181 3244 6501 
5974 4080 3146 5705 
5975 2993 2991 3666 
5976 5739 5754 7016 
5977 4868 3673 4869 
5978 2970 2682 2972 
5979 3846 3844 4441 
5980 4342 4237 4733 
5981 7005 6729 7138 
5982 4115 3300 4139 
5983 5619 5620 5621 
5984 358 7020 7080 
5985 3101 3099 3418 
5986 3647 3648 4185 
5987 1269 2909 6397 
5988 2754 3097 6307 
5989 4615 4616 5094 
5990 5668 8076 8077 
5991 744 593 6199 
5992 2402 2897 3493 
5993 6259 6266 6267 
5994 1977 2845 8399 
5995 4793 4795 4797 
5996 3569 3570 4736 
5997 5703 5631 7321 
5998 2533 2541 6526 
5999 1930 1929 4095 
6000 2374 7752 7971 
6001 3284 3199 3285 
6002 3689 4272 4273 
6003 933 1307 8295 
6004 2310 3471 7333 
6005 2949 1773 5878 
6006 2402 2383 2896 
6007 2627 2630 2756 
6008 5560 8335 8627 
6009 2726 2727 2728 
6010 5176 5175 5194 
6011 2221 2222 2223 
6012 2231 2249 2250 
6013 2915 3246 3560 
6014 3252 3253 3254 
6015 4075 3669 5453 
6016 1200 1202 6743 
6017 9272 9274 9293 
6018 6590 474 8415 
6019 4697 2797 6131 
6020 2705 2128 2706 
6021 1976 3134 3908 
6022 2150 2154 2155 
6023 1578 1641 1805 
6024 2434 3258 4030 
6025 5833 3595 6604 
6026 9475 9478 9503 
6027 2273 2952 3261 
6028 5870 5871 5872 
6029 850 848 7718 
6030 3615 4768 7374 
6031 1781 2957 6606 
6032 2704 2919 5350 
6033 3295 3466 3467 
6034 3905 4505 4519 
6035 1473 516 7482 
6036 3074 2607 3075 
6037 4056 3484 4057 
6038 4311 7735 7930 
6039 1003 1001 6583 
6040 2371 2689 3589 
6041 2541 2535 7653 
6042 3075 3076 3090 
6043 3355 3354 3356 
6044 4171 4218 4219 
6045 1485 1565 6774 
6046 2008 3043 7452 
6047 2141 2146 2330 
6048 4646 4648 4649 
6049 1068 2111 6798 
6050 3664 2858 4782 
6051 3152 3151 3514 
6052 4724 3553 6063 
6053 1054 3208 6169 
6054 5821 4769 6531 
6055 326 2341 6398 
6056 7004 5790 7592 
6057 504 2605 6769 
6058 253 248 6728 
6059 4094 3145 5506 
6060 3491 4484 6726 
6061 5324 4536 5325 
6062 4280 4281 4282 
6063 4235 1454 4236 
6064 2229 2227 2230 
6065 3007 2747 3008 
6066 5927 5925 5928 
6067 4800 4803 6609 
6068 2593 2595 2599 
6069 3315 3326 6623 
6070 3642 2996 3736 
6071 3558 3557 4101 
6072 4204 4202 4209 
6073 5531 8027 8035 
6074 1710 6871 7082 
6075 1333 3548 6558 
6076 3921 3922 4339 
6077 5297 5875 7786 
6078 3159 3157 3162 
6079 2658 2660 2661 
6080 2225 2224 2237 
6081 2749 2230 2772 
6082 4736 3570 4737 
6083 3888 4325 5130 
6084 4832 6683 6789 
6085 3527 4715 5936 
6086 4347 3662 4614 
6087 1995 3238 6674 
6088 6316 3554 6317 
6089 4134 7332 8370 
6090 3017 3019 3028 
6091 6302 6301 6303 
6092 7327 4880 8115 
6093 4380 3618 4410 
6094 3640 4456 4675 
6095 1558 1557 7417 
6096 6788 7626 8329 
6097 1266 1712 5803 
6098 2004 2005 2035 
6099 6287 4595 6288 
6100 3880 3881 3910 
6101 961 7150 7380 
6102 3059 3465 5424 
6103 7127 4220 7849 
6104 3789 3797 3798 
6105 1097 1095 7894 
6106 5762 5761 5763 
6107 6158 3986 6159 
6108 4438 3724 4439 
6109 4198 4199 4200 
6110 6332 6329 6668 
6111 2708 2709 2710 
6112 6863 6860 6864 
6113 4146 3085 6196 
6114 3011 3013 5027 
6115 4383 4233 4912 
6116 4991 5022 5026 
6117 4495 3510 4939 
6118 4346 4056 5177 
6119 4098 1219 6923 
6120 2846 2814 2852 
6121 3619 2646 5912 
6122 6159 3986 6160 
6123 8837 8838 8839 
6124 4195 6516 7305 
6125 3700 3699 5455 
6126 3397 4350 4529 
6127 2263 2264 2265 
6128 1272 1003 6583 
6129 2356 2928 7483 
6130 6088 2608 8395 
6131 5944 5945 7298 
6132 3330 3331 4621 
6133 4262 4261 4389 
6134 4821 5183 5573 
6135 5741 5740 5742 
6136 4365 3588 4791 
6137 4451 4332 4453 
6138 1346 1826 6433 
6139 2575 4043 4138 
6140 3603 3618 3639 
6141 1115 4016 6095 
6142 1643 1474 6275 
6143 3336 3395 4168 
6144 2651 6119 6120 
6145 4469 4467 4917 
6146 3539 3540 3541 
6147 5648 5649 5650 
6148 3789 1653 3797 
6149 2473 2471 2963 
6150 3753 4560 5827 
6151 6657 6658 9244 
6152 2721 2719 2735 
6153 1584 345 6062 
6154 1164 1123 1170 
6155 3530 3531 3532 
6156 3955 5341 5547 
6157 1931 1933 2416 
6158 4502 4501 4729 
6159 4579 4580 5006 
6160 2212 2211 2213 
6161 3675 3674 4326 
6162 3356 3354 3655 
6163 4863 4229 8110 
6164 2588 573 7411 
6165 3415 4479 4546 
6166 3720 3719 3721 
6167 3749 4436 4437 
6168 1484 2009 2010 
6169 3070 2990 3144 
6170 3651 4268 4287 
6171 1796 1950 6245 
6172 2160 4483 5930 
6173 3631 3072 7699 
6174 2114 2116 4084 
6175 4279 4277 7372 
6176 3059 3060 3464 
6177 4836 4837 5149 
6178 5764 5751 5767 
6179 3406 4499 4500 
6180 7166 5027 7598 
6181 3787 3786 3788 
6182 9268 9242 9281 
6183 544 3044 6415 
6184 3842 3840 3843 
6185 5355 3977 5356 
6186 385 2160 5930 
6187 3071 2674 3072 
6188 2818 3590 5692 
6189 3428 2858 3664 
6190 3411 2998 3412 
6191 4240 4242 4269 
6192 4210 3935 4211 
6193 4875 4874 4876 
6194 5023 5024 5025 
6195 4650 4651 4652 
6196 305 2615 6523 
6197 3960 3963 6654 
6198 1202 1220 6743 
6199 2348 2349 2350 
6200 2429 6318 6320 
6201 2644 2929 2930 
6202 3903 5304 7402 
6203 239 5782 6747 
6204 2701 2102 2797 
6205 2451 2542 6069 
6206 5743 5740 5765 
6207 5961 5960 8376 
6208 2697 1867 3046 
6209 3037 3099 3100 
6210 4979 4217 5012 
6211 4705 4759 5282 
6212 4923 4922 5946 
6213 6251 6253 6254 
6214 2232 3565 3566 
6215 4395 4394 4396 
6216 3137 1846 3154 
6217 2801 4344 6497 
6218 3714 3715 3716 
6219 4620 4951 5091 
6220 2313 282 6434 
6221 3726 4406 4433 
6222 9543 6861 9544 
6223 4739 4740 4741 
6224 7082 6871 8043 
6225 9118 9117 9120 
6226 958 961 7380 
6227 3205 988 7073 
6228 2591 1441 2592 
6229 1571 1566 5917 
6230 4221 736 6519 
6231 4866 3673 4868 
6232 3837 3836 3838 
6233 5413 5407 5517 
6234 5659 5660 5671 
6235 6932 237 8225 
6236 9492 9493 9495 
6237 8456 4801 8484 
6238 3941 3507 3947 
6239 1965 6753 6754 
6240 3452 3103 5842 
6241 3158 3157 3159 
6242 3289 4642 5601 
6243 4236 4237 4340 
6244 2095 2098 2099 
6245 4525 4537 7057 
6246 6260 6252 6262 
6247 2912 1964 2913 
6248 2432 4688 5289 
6249 5854 3969 6443 
6250 2075 2069 7145 
6251 3928 3790 5419 
6252 7113 741 7509 
6253 4445 4444 4446 
6254 4006 5180 5182 
6255 1343 1341 1344 
6256 4072 5309 6693 
6257 4915 4860 5293 
6258 3967 3965 3969 
6259 2283 2285 2289 
6260 4956 3166 4957 
6261 352 355 6706 
6262 4162 4161 6308 
6263 4716 4717 5284 
6264 5681 5680 5682 
6265 2014 1963 6505 
6266 3448 3446 3765 
6267 5337 7344 8147 
6268 596 831 5688 
6269 9486 9487 9488 
6270 5617 5613 5794 
6271 3652 4838 4839 
6272 5619 5616 5620 
6273 4167 335 6869 
6274 3359 3350 5693 
6275 2547 2548 2549 
6276 2978 3688 4461 
6277 2398 2397 6133 
6278 3471 3472 4945 
6279 6056 4061 6058 
6280 3455 3768 3870 
6281 8588 5709 8685 
6282 4341 8164 8202 
6283 5438 5440 5441 
6284 1399 1647 1648 
6285 1853 2976 3170 
6286 2915 3245 3246 
6287 3966 3954 7418 
6288 1414 6513 8558 
6289 3723 3242 3724 
6290 1671 1694 7683 
6291 2372 240 6279 
6292 2018 3487 3488 
6293 3539 3541 3546 
6294 1668 1670 1671 
6295 9270 9267 9271 
6296 2915 3560 8367 
6297 5375 5377 6901 
6298 2725 2723 5852 
6299 6090 4190 6553 
6300 4389 4261 4390 
6301 7214 7217 7226 
6302 2843 2399 6372 
6303 2253 2750 2751 
6304 1844 2006 2007 
6305 3615 3616 4768 
6306 4642 5243 5244 
6307 5926 5925 5927 
6308 1862 1860 3115 
6309 4361 4362 5906 
6310 2746 2415 2747 
6311 7398 2000 7701 
6312 5128 4448 6872 
6313 5978 8117 8143 
6314 4394 4368 8062 
6315 4581 4582 4583 
6316 7490 4353 7939 
6317 3916 3915 3917 
6318 3441 3451 4597 
6319 1283 1284 1366 
6320 239 3223 3224 
6321 3282 365 6194 
6322 4502 4729 5327 
6323 372 3084 6961 
6324 1955 1954 1956 
6325 2021 2020 2022 
6326 4066 4067 4069 
6327 4869 7139 7758 
6328 5838 2055 7686 
6329 4884 4883 8377 
6330 2263 2844 7292 
6331 3141 3885 3904 
6332 2256 2245 2257 
6333 2447 2445 2464 
6334 5793 4312 7627 
6335 7815 5998 7865 
6336 2983 3915 3916 
6337 3661 3663 4348 
6338 3924 3923 3925 
6339 3841 3839 7632 
6340 2309 1946 2656 
6341 3123 2872 3970 
6342 7799 6163 8015 
6343 1757 1926 1928 
6344 1863 1958 2032 
6345 3095 3093 5613 
6346 3334 3333 3608 
6347 4266 4327 4373 
6348 2196 5569 8204 
6349 835 834 836 
6350 3894 3895 3896 
6351 6200 6915 7869 
6352 2606 3074 8107 
6353 5849 5632 7104 
6354 1506 1505 1507 
6355 4456 8076 8369 
6356 9181 6010 9182 
6357 1546 5876 7376 
6358 3731 3889 4374 
6359 5172 5171 5173 
6360 4677 4463 5550 
6361 1601 1707 1833 
6362 4615 5094 5145 
6363 4809 4808 7700 
6364 7275 7276 7277 
6365 681 682 683 
6366 2315 2317 4176 
6367 2697 3046 3047 
6368 3706 3707 4663 
6369 2199 2241 2242 
6370 3289 4641 4642 
6371 1407 1279 1446 
6372 2766 2762 5989 
6373 5389 4429 8265 
6374 2629 2634 2635 
6375 3134 3738 3905 
6376 1800 6882 7392 
6377 2598 2907 2908 
6378 3888 3476 4325 
6379 4646 4647 4648 
6380 3643 4243 4907 
6381 7220 7222 7232 
6382 1241 3220 5901 
6383 6583 2312 6584 
6384 2636 2634 2638 
6385 4188 4186 4189 
6386 4588 4589 4590 
6387 6239 5485 6240 
6388 239 3224 5782 
6389 1714 1849 5777 
6390 1753 2617 6593 
6391 2427 2546 2547 
6392 2837 2836 2853 
6393 3037 3098 3099 
6394 5971 5969 5972 
6395 3714 3716 7734 
6396 3871 3755 4836 
6397 7616 7618 9504 
6398 1594 1381 1644 
6399 2258 2257 2259 
6400 2753 2767 7309 
6401 3102 3036 7136 
6402 4118 3499 4119 
6403 4723 5473 5474 
6404 2978 2979 3688 
6405 3696 3172 5866 
6406 7828 6411 7880 
6407 1448 1509 1535 
6408 2202 2201 2203 
6409 2368 2872 2914 
6410 3167 3166 4956 
6411 1025 1026 6630 
6412 3497 3425 3866 
6413 1543 1545 1827 
6414 3632 3633 3953 
6415 330 333 6637 
6416 1631 1946 2308 
6417 1774 1776 2881 
6418 2323 2321 2580 
6419 4141 360 4784 
6420 4299 3675 4300 
6421 6730 6729 7004 
6422 635 2932 3489 
6423 2127 2125 2129 
6424 2310 2309 3469 
6425 5952 4295 5953 
6426 5781 7334 7673 
6427 1566 1561 1568 
6428 3006 3005 3747 
6429 4525 4526 4537 
6430 5246 5247 6867 
6431 4193 4121 4194 
6432 1768 1769 1770 
6433 1969 1956 3065 
6434 3793 3792 3794 
6435 4655 4654 4656 
6436 3625 256 6166 
6437 1672 1673 1757 
6438 3254 3255 3256 
6439 1922 1923 2684 
6440 1944 1945 3040 
6441 3513 2886 4223 
6442 2906 3573 3575 
6443 4129 4128 5059 
6444 5399 5401 5414 
6445 1871 1870 1872 
6446 3672 3082 3673 
6447 3727 3201 4745 
6448 2098 2869 6097 
6449 2830 2833 6844 
6450 4315 4316 4317 
6451 5443 4664 6934 
6452 3156 2096 3157 
6453 4870 4433 4871 
6454 2226 2220 2227 
6455 2384 6980 7715 
6456 2083 2081 2890 
6457 3794 3861 3862 
6458 2053 1847 2373 
6459 4498 3574 4544 
6460 4066 4069 4070 
6461 1787 5923 7412 
6462 4835 1917 6941 
6463 1411 1412 1516 
6464 4407 3644 4507 
6465 4500 8515 8584 
6466 2810 2811 2815 
6467 2152 1521 7430 
6468 2084 2083 2085 
6469 5050 5133 5134 
6470 6340 6341 6343 
6471 3794 3792 3860 
6472 3093 3094 3685 
6473 4645 4646 5526 
6474 1931 1932 1933 
6475 3090 3712 5939 
6476 4063 5851 6539 
6477 3680 7049 7050 
6478 1976 3908 3909 
6479 3398 3296 3399 
6480 4477 6175 8590 
6481 2278 2279 2280 
6482 2718 2717 2719 
6483 3705 3703 4481 
6484 4708 4707 5268 
6485 1277 1257 6066 
6486 2427 2547 6315 
6487 4224 4223 4225 
6488 6004 6005 6006 
6489 5401 5402 5403 
6490 1511 1699 3169 
6491 4053 4054 4055 
6492 4395 4397 4424 
6493 5476 5477 5499 
6494 4119 3499 4120 
6495 3900 3901 5161 
6496 5426 4388 5427 
6497 7498 4328 8632 
6498 8136 6564 8243 
6499 1960 2817 6580 
6500 2569 2571 2572 
6501 4948 3739 7373 
6502 1674 1676 1973 
6503 889 890 7114 
6504 1990 2991 2993 
6505 2782 2781 2783 
6506 3174 3172 3696 
6507 2155 2157 3549 
6508 466 465 7035 
6509 1269 2335 2336 
6510 2516 2517 2518 
6511 3869 3757 4599 
6512 6326 6354 6357 
6513 2364 2429 6475 
6514 4770 3616 6625 
6515 5884 7912 8012 
6516 2224 2222 6489 
6517 5641 4082 5642 
6518 6085 4183 6086 
6519 5616 5614 7379 
6520 3672 3673 4866 
6521 4212 3437 4213 
6522 6537 3631 7699 
6523 4428 4661 5226 
6524 3215 3948 3949 
6525 4045 3550 4046 
6526 6888 4726 8121 
6527 2076 2077 2078 
6528 872 871 873 
6529 2732 2733 2734 
6530 6601 4712 8234 
6531 3636 2091 4036 
6532 2618 2619 2620 
6533 4002 4003 4004 
6534 1892 1890 7996 
6535 735 4124 7669 
6536 4667 3563 5966 
6537 5564 3580 5565 
6538 3067 325 6188 
6539 1834 1594 6703 
6540 2186 2288 5948 
6541 4399 4330 4400 
6542 3342 3230 3343 
6543 3306 3305 3307 
6544 6220 6224 6225 
6545 3693 3692 3694 
6546 4628 4627 5096 
6547 6240 5485 6241 
6548 2717 2716 2722 
6549 3601 4841 7629 
6550 4763 7040 7084 
6551 1811 1642 2033 
6552 4585 3442 4586 
6553 7010 8269 8328 
6554 3286 3287 3288 
6555 3608 3333 4855 
6556 5108 5109 5110 
6557 4248 816 4249 
6558 7746 5782 7963 
6559 4312 847 7753 
6560 1118 1117 1167 
6561 6026 6024 6030 
6562 3378 679 3979 
6563 2029 1633 7119 
6564 4126 2292 6964 
6565 2865 3140 3141 
6566 3149 3555 3556 
6567 3781 3440 3782 
6568 6075 7251 7303 
6569 2763 2765 2790 
6570 9257 9254 9283 
6571 3409 3410 4534 
6572 3652 4839 4840 
6573 3210 3369 5638 
6574 3516 4427 4428 
6575 5650 5651 5652 
6576 6226 6224 6227 
6577 7834 6405 8094 
6578 2331 934 6619 
6579 956 958 7380 
6580 1635 1633 2029 
6581 2580 2321 5587 
6582 1944 3040 6426 
6583 7618 9500 9504 
6584 1283 1366 3147 
6585 2276 2966 2967 
6586 2754 2752 3097 
6587 3944 3945 5233 
6588 1384 2151 7445 
6589 2324 2326 2868 
6590 6604 3595 7391 
6591 4159 2414 7451 
6592 2684 3682 5909 
6593 7263 7265 7270 
6594 2557 2673 6765 
6595 6353 6349 6359 
6596 3161 3744 3745 
6597 4155 3609 4156 
6598 3360 4475 7041 
6599 3224 3226 3228 
6600 2551 2549 7293 
6601 4415 5279 8395 
6602 7302 4739 7663 
6603 4764 4696 7429 
6604 6605 4744 6933 
6605 6218 6217 6219 
6606 3863 6906 6908 
6607 4798 4800 6609 
6608 767 1582 2231 
6609 848 846 3179 
6610 2119 2117 2917 
6611 2528 2529 2530 
6612 2810 2815 2816 
6613 1538 1866 6431 
6614 2169 2171 2340 
6615 2358 3068 3621 
6616 2246 2254 2286 
6617 6297 6498 7359 
6618 2409 206 6747 
6619 1420 2413 6181 
6620 1751 1750 1752 
6621 2324 2323 2325 
6622 2596 2597 2598 
6623 2857 2855 3425 
6624 4395 4396 4397 
6625 219 2676 6628 
6626 4574 3718 4588 
6627 5088 7582 7696 
6628 205 2702 5386 
6629 2651 909 6119 
6630 966 3259 6396 
6631 1266 1365 1712 
6632 1838 2008 2026 
6633 2667 2666 2669 
6634 2728 2727 2729 
6635 3417 3092 3743 
6636 3103 3101 3104 
6637 9273 9271 9280 
6638 2187 2186 2188 
6639 2639 2640 3077 
6640 4351 3646 4352 
6641 3078 2640 3079 
6642 6850 6852 6854 
6643 638 649 7340 
6644 3941 5273 6414 
6645 1607 1609 6826 
6646 5898 4810 6808 
6647 2476 2478 2479 
6648 3699 2797 3918 
6649 3917 3915 5804 
6650 2022 2020 3087 
6651 5065 5064 5066 
6652 1341 1337 6170 
6653 5826 4023 5861 
6654 5524 4906 5525 
6655 1956 1954 6720 
6656 2468 2467 2469 
6657 4301 4300 4302 
6658 2195 2193 2196 
6659 6255 6256 6257 
6660 6989 387 8074 
6661 6028 2637 6029 
6662 6358 6361 6362 
6663 1342 1328 2042 
6664 2543 2484 6427 
6665 1452 1271 3221 
6666 4531 3742 5451 
6667 6337 6334 6366 
6668 2592 1441 4423 
6669 4370 2707 5188 
6670 4200 4205 6595 
6671 3623 3358 3624 
6672 5461 3385 6124 
6673 3803 3928 7213 
6674 2397 2401 6133 
6675 5886 5887 5888 
6676 1638 1637 1639 
6677 1835 3339 7325 
6678 2800 4930 4970 
6679 4471 4256 4473 
6680 7615 7616 7922 
6681 1697 1831 6497 
6682 3699 3918 4375 
6683 1001 2312 6583 
6684 1118 1179 1531 
6685 1165 1350 6197 
6686 2263 2265 2844 
6687 2700 7777 8040 
6688 7004 6729 7005 
6689 3178 3177 3275 
6690 3396 3390 3937 
6691 3990 4852 4854 
6692 4520 6312 8616 
6693 3525 4637 4638 
6694 4763 4044 5787 
6695 3264 2426 6912 
6696 4507 3644 5700 
6697 4122 5938 6763 
6698 4746 4745 5385 
6699 2046 6517 7188 
6700 3165 3453 3766 
6701 4446 4444 4672 
6702 3160 3159 3163 
6703 4820 3245 7312 
6704 1805 2878 3182 
6705 3819 3817 3820 
6706 1908 1922 3372 
6707 5333 2955 5852 
6708 5151 5152 5264 
6709 5484 5485 6239 
6710 1711 1846 3137 
6711 3022 3026 5891 
6712 4119 4121 4193 
6713 4308 4306 4485 
6714 6683 4755 6789 
6715 2092 2110 6248 
6716 3090 3711 3712 
6717 3954 3633 4381 
6718 4187 5426 7182 
6719 4681 5014 5015 
6720 9528 7904 9530 
6721 1796 1798 1950 
6722 2570 7596 7633 
6723 2684 3337 3682 
6724 3362 3364 3365 
6725 3959 3960 3961 
6726 4737 4739 7302 
6727 229 231 6932 
6728 3429 2852 3436 
6729 1539 1541 6962 
6730 2613 2614 3030 
6731 1729 1727 2885 
6732 2088 2086 2089 
6733 2808 3394 4145 
6734 4032 4031 4914 
6735 4178 4177 4179 
6736 1788 1789 1790 
6737 2397 2399 2401 
6738 661 671 906 
6739 3352 3350 3359 
6740 4040 4037 5428 
6741 6149 6150 6151 
6742 3295 2577 3466 
6743 633 619 7064 
6744 3654 3653 5391 
6745 2953 2666 6190 
6746 3900 3291 3901 
6747 4991 4992 5022 
6748 2165 5264 8592 
6749 3696 5866 5867 
6750 3798 3799 3800 
6751 1629 4072 7119 
6752 4381 3633 6537 
6753 4196 4195 4197 
6754 963 1298 7150 
6755 2043 1038 6094 
6756 2864 1996 6674 
6757 2430 7200 7692 
6758 2537 2534 3373 
6759 1735 1733 2874 
6760 2834 2824 2835 
6761 3289 3287 4641 
6762 2341 5820 6398 
6763 6648 6650 6659 
6764 674 673 7394 
6765 1431 1432 1538 
6766 1689 1986 2606 
6767 4392 4391 4465 
6768 841 843 1283 
6769 4415 959 6272 
6770 5329 2058 7199 
6771 2490 2513 2514 
6772 2914 4310 7360 
6773 3266 3268 3269 
6774 4650 4652 4653 
6775 6336 6334 6337 
6776 2056 2057 2860 
6777 3017 3018 3019 
6778 6039 6040 6041 
6779 3088 1676 7397 
6780 3034 3032 4125 
6781 1967 1524 4710 
6782 3175 3521 4034 
6783 6208 6209 6210 
6784 558 560 5952 
6785 512 6707 7482 
6786 8322 2683 8379 
6787 3038 3774 3775 
6788 4409 3626 4458 
6789 4061 4060 4062 
6790 2482 2480 3042 
6791 4326 3674 4462 
6792 4975 4581 5856 
6793 2412 1200 6743 
6794 3107 3117 3756 
6795 3821 3822 3824 
6796 4856 4855 7366 
6797 6648 6649 6650 
6798 1768 1770 2876 
6799 3031 2614 3032 
6800 3686 2972 3687 
6801 2052 1697 6497 
6802 1776 1777 1778 
6803 4137 3736 6476 
6804 6234 6218 7335 
6805 6565 278 7543 
6806 2032 1958 2039 
6807 4655 4657 5085 
6808 3095 5614 5615 
6809 2208 2207 2209 
6810 1838 2026 2027 
6811 2124 2123 2125 
6812 5448 3910 5449 
6813 5742 5740 5743 
6814 1105 1104 1173 
6815 2042 1328 6634 
6816 3252 3251 3253 
6817 4064 4063 4065 
6818 3927 3574 4498 
6819 1631 1630 1632 
6820 4303 4304 4305 
6821 1289 1249 3185 
6822 3303 3305 3306 
6823 3347 3348 3349 
6824 4156 3609 4247 
6825 4214 4213 4215 
6826 383 1979 2434 
6827 2358 2359 3068 
6828 1541 1543 5731 
6829 3969 4722 4723 
6830 5886 5888 5889 
6831 3680 3149 7049 
6832 1172 1169 1522 
6833 1656 1657 1658 
6834 3161 3600 3744 
6835 5533 4046 7148 
6836 3086 3085 3729 
6837 3756 3757 3869 
6838 5618 5616 5619 
6839 2126 2125 2127 
6840 5284 4717 5285 
6841 1576 1577 1839 
6842 5518 5517 5519 
6843 3095 5613 5614 
6844 4232 4233 4382 
6845 2547 2549 2550 
6846 2618 2620 2633 
6847 4766 4740 5780 
6848 1399 1649 5822 
6849 2567 2569 2700 
6850 2000 3131 7701 
6851 3903 5303 5304 
6852 6643 6644 6645 
6853 2992 2994 2997 
6854 5920 4091 5921 
6855 4176 4177 4178 
6856 1805 1964 2878 
6857 2032 3527 6708 
6858 3651 4287 4421 
6859 2068 2073 7066 
6860 3886 3491 6726 
6861 7232 9082 9473 
6862 29 30 32 
6863 1315 1312 6429 
6864 1214 1213 1215 
6865 1266 1364 1365 
6866 1966 1524 1967 
6867 3632 3631 3633 
6868 7233 7232 9475 
6869 1549 1548 6841 
6870 2120 2119 2121 
6871 2368 1947 2872 
6872 2921 2014 2922 
6873 3238 4127 6674 
6874 7534 8608 8766 
6875 1825 1274 1865 
6876 1747 1746 1748 
6877 1896 1894 1897 
6878 2720 2719 2721 
6879 3398 3399 4511 
6880 3495 4624 4625 
6881 5879 5881 5883 
6882 6311 5598 6945 
6883 9302 9303 9304 
6884 423 6129 7537 
6885 1565 1963 1972 
6886 3293 3643 4701 
6887 3270 5690 6669 
6888 3405 3406 4515 
6889 3175 3176 3521 
6890 3307 3305 3308 
6891 3351 3350 3352 
6892 5195 5194 5197 
6893 3638 2035 5551 
6894 4280 4279 4281 
6895 655 679 3378 
6896 1172 1523 6122 
6897 2459 3299 3301 
6898 2334 2028 2577 
6899 3599 2034 4608 
6900 3056 2152 3057 
6901 2516 2518 2519 
6902 4022 4153 4705 
6903 1700 1702 1941 
6904 2658 2657 2659 
6905 342 341 5956 
6906 647 639 648 
6907 989 991 2041 
6908 1406 1533 1534 
6909 2466 2439 2467 
6910 3015 3012 3016 
6911 3271 3270 3272 
6912 3791 3788 3792 
6913 5252 6857 6858 
6914 2920 2523 6179 
6915 2113 689 6478 
6916 1085 1038 2043 
6917 1095 1096 1125 
6918 2273 2249 2952 
6919 2578 2577 3295 
6920 6883 4210 7607 
6921 1379 1448 5784 
6922 3078 3080 3670 
6923 6882 3234 6883 
6924 1455 1319 1456 
6925 2272 2255 2275 
6926 2684 3200 3337 
6927 852 851 853 
6928 1538 1682 1866 
6929 4789 4788 6814 
6930 371 1108 1109 
6931 507 509 6125 
6932 1448 1508 1509 
6933 1491 1490 1492 
6934 5073 2864 5591 
6935 3357 3356 3358 
6936 882 880 883 
6937 929 927 2366 
6938 1273 2947 6519 
6939 2342 2343 2938 
6940 2827 2829 5993 
6941 2854 3011 3012 
6942 3315 3313 3326 
6943 2685 2241 4227 
6944 1516 1412 1563 
6945 2500 2496 2501 
6946 6719 6718 6720 
6947 814 812 815 
6948 2800 1832 4930 
6949 2210 2209 2211 
6950 6137 6200 6201 
6951 2827 2825 2828 
6952 3831 3796 3914 
6953 4724 6063 6064 
6954 3511 3512 4678 
6955 1972 1963 2014 
6956 3902 4014 4015 
6957 711 665 4085 
6958 3077 2640 3078 
6959 3278 3280 5429 
6960 2318 2319 2320 
6961 2603 977 2905 
6962 1897 1894 6067 
6963 4829 3607 4830 
6964 4249 816 6561 
6965 6912 1464 7203 
6966 1634 4338 7421 
6967 3860 3792 6904 
6968 4048 4049 4052 
6969 3988 4148 4783 
6970 1835 1834 1836 
6971 3603 3639 3640 
6972 3695 3697 4903 
6973 5657 5658 5659 
6974 16 17 33 
6975 6457 6455 6462 
6976 2354 2888 2889 
6977 2085 2083 5667 
6978 2059 3145 4092 
6979 3035 3034 3036 
6980 4594 4593 4873 
6981 2471 2469 7253 
6982 3940 3939 5099 
6983 4916 8102 8364 
6984 7054 7053 8190 
6985 6356 6353 6370 
6986 4610 4609 5167 
6987 766 700 799 
6988 2907 3335 3336 
6989 1288 1249 1289 
6990 2664 2662 2950 
6991 4471 4473 4924 
6992 7274 9490 9511 
6993 2978 1987 2979 
6994 3452 5842 5843 
6995 3803 3790 3928 
6996 4388 4188 6089 
6997 2829 2831 3216 
6998 5012 4217 6287 
6999 892 5572 7288 
7000 3630 3631 3632 
7001 2737 2736 2738 
7002 4485 4306 5899 
7003 3131 3132 3468 
7004 6007 9181 9187 
7005 1567 1566 1571 
7006 4414 4545 4933 
7007 2950 2662 7688 
7008 3008 2747 3571 
7009 701 684 1049 
7010 1802 1803 2011 
7011 3475 3476 3888 
7012 4324 3916 6202 
7013 1815 980 1816 
7014 1389 4033 7175 
7015 2575 2332 4043 
7016 4262 4391 4392 
7017 2532 2529 3502 
7018 3444 3443 4584 
7019 1399 1648 1649 
7020 1117 1115 6095 
7021 8791 8578 9431 
7022 2010 3126 4716 
7023 2435 4166 7171 
7024 2914 2872 3123 
7025 5870 3681 5871 
7026 2743 765 2744 
7027 3564 2206 7129 
7028 3619 5913 5914 
7029 2401 3107 3108 
7030 3536 3534 3537 
7031 6317 3554 6684 
7032 4174 4027 4175 
7033 2840 2053 2902 
7034 9288 9286 9289 
7035 982 1093 2381 
7036 790 784 1386 
7037 879 878 880 
7038 9304 9303 9306 
7039 2538 2537 2539 
7040 372 373 381 
7041 707 705 5201 
7042 1005 1272 6981 
7043 1718 1716 3061 
7044 2468 2470 7499 
7045 9268 9282 9311 
7046 5886 5885 5887 
7047 6371 6318 7156 
7048 1903 1905 7155 
7049 6609 4803 6610 
7050 985 173 4470 
7051 1530 1045 6140 
7052 195 731 7512 
7053 676 678 680 
7054 2773 2774 2775 
7055 3303 3304 3305 
7056 4026 4027 4174 
7057 9140 9145 9146 
7058 6610 4803 6611 
7059 6524 579 6591 
7060 648 639 1127 
7061 989 895 990 
7062 2193 2194 5569 
7063 1484 2010 5904 
7064 1183 1347 1348 
7065 53 54 55 
7066 2790 2765 3424 
7067 2827 5993 7008 
7068 1863 1864 1958 
7069 3376 3375 3733 
7070 4254 4253 5354 
7071 5680 4259 5682 
7072 5879 5880 5881 
7073 1943 1726 6840 
7074 6858 6857 6859 
7075 2787 2785 2792 
7076 2860 3120 5963 
7077 7202 5934 7494 
7078 59 60 61 
7079 2402 2896 2897 
7080 1480 1620 1621 
7081 1208 1210 6960 
7082 1285 1371 1372 
7083 2491 2492 2493 
7084 3852 3594 3853 
7085 1609 1610 1611 
7086 1700 1701 1702 
7087 867 866 868 
7088 4630 5727 5728 
7089 1548 1550 3265 
7090 6018 6019 6020 
7091 7447 2583 8349 
7092 2758 2759 2760 
7093 4755 3679 4756 
7094 9256 9254 9257 
7095 1870 1245 6146 
7096 3999 3996 5873 
7097 1415 652 1416 
7098 3682 3683 4895 
7099 4093 4714 4778 
7100 799 700 3180 
7101 1229 1227 2112 
7102 2363 2362 2364 
7103 6852 6853 6855 
7104 2131 2129 3978 
7105 2442 3231 6799 
7106 4019 3154 4020 
7107 7260 7258 7261 
7108 3857 3856 3858 
7109 1463 1464 1465 
7110 3851 3594 3852 
7111 3634 5999 6594 
7112 5111 5112 5113 
7113 9255 9256 9258 
7114 3265 3266 6442 
7115 2109 1152 6143 
7116 3984 3983 4704 
7117 4673 5423 7712 
7118 1477 1828 6517 
7119 3384 3988 4501 
7120 4308 4486 8548 
7121 6325 6321 6371 
7122 1968 505 6428 
7123 1302 1301 1303 
7124 2671 1685 4607 
7125 1764 1765 1766 
7126 1077 1076 1110 
7127 4965 3416 4966 
7128 4392 4465 4466 
7129 1620 2046 2047 
7130 1672 1671 1673 
7131 3533 4110 4457 
7132 4273 4274 4883 
7133 4374 5092 5093 
7134 4600 4601 9015 
7135 4905 4906 5524 
7136 3113 2902 3987 
7137 2883 1583 3212 
7138 1683 1593 1684 
7139 1607 6826 7356 
7140 2645 5916 6295 
7141 3213 3212 3597 
7142 3234 2899 3235 
7143 1323 1322 5855 
7144 4681 4680 5014 
7145 1651 1653 1654 
7146 1944 1842 1945 
7147 1119 919 1169 
7148 3981 1326 6385 
7149 1537 1536 1829 
7150 2056 2860 2861 
7151 1859 1833 1860 
7152 2015 2016 6106 
7153 2333 2332 2575 
7154 2755 2754 2757 
7155 3846 4442 4443 
7156 4030 4031 4032 
7157 3246 3248 6421 
7158 4169 3395 4919 
7159 5384 4670 6422 
7160 2784 2785 2786 
7161 1991 1695 7279 
7162 2392 2365 2400 
7163 2865 2866 3140 
7164 6216 6215 6217 
7165 1452 3221 3397 
7166 1660 1659 1661 
7167 5948 2288 5949 
7168 2359 2437 2438 
7169 3745 4954 4955 
7170 559 557 561 
7171 1543 1544 1545 
7172 2623 2675 7591 
7173 3386 3385 4460 
7174 2751 2752 2753 
7175 4766 6477 7631 
7176 3524 3049 3526 
7177 3946 3146 4080 
7178 828 1084 1925 
7179 1599 1600 1601 
7180 3022 3025 3026 
7181 3590 4024 4742 
7182 2544 1915 2545 
7183 914 915 916 
7184 1541 1542 1543 
7185 1118 1167 1179 
7186 1853 1852 2976 
7187 1984 2981 3171 
7188 3053 3490 3492 
7189 3269 3268 3270 
7190 3612 3613 3614 
7191 3833 3816 7029 
7192 3467 3874 4356 
7193 168 169 170 
7194 528 587 908 
7195 1460 1462 1857 
7196 1550 1514 7163 
7197 1523 1598 1599 
7198 2199 2192 2241 
7199 2350 2351 2352 
7200 3030 2614 3031 
7201 2624 2623 2625 
7202 6326 6358 6550 
7203 676 677 678 
7204 1353 1354 1355 
7205 877 878 879 
7206 1044 1042 1487 
7207 1533 1802 6244 
7208 2593 2594 2595 
7209 2648 2646 3619 
7210 4015 5308 5362 
7211 4714 5789 5790 
7212 796 821 822 
7213 2012 1803 2013 
7214 3057 3058 3059 
7215 3320 3312 3321 
7216 450 448 2645 
7217 1063 1074 6817 
7218 653 789 2290 
7219 872 875 2380 
7220 2041 991 6083 
7221 1774 1773 1775 
7222 2118 2117 2119 
7223 2330 3135 3136 
7224 2397 2396 2399 
7225 5867 5866 5869 
7226 6147 6149 6161 
7227 9492 9491 9493 
7228 2733 2959 6007 
7229 3035 3036 3037 
7230 642 644 7061 
7231 2658 2659 2660 
7232 2974 3644 4407 
7233 4731 3917 4732 
7234 4269 4242 4790 
7235 661 658 662 
7236 1715 1714 1716 
7237 5251 5250 5252 
7238 696 698 2315 
7239 2817 3039 3422 
7240 3367 3366 3480 
7241 3731 3732 3889 
7242 6330 6346 6347 
7243 873 871 874 
7244 904 821 3606 
7245 1143 1141 1144 
7246 1603 1363 1604 
7247 1810 1642 1811 
7248 5244 5246 5249 
7249 732 724 788 
7250 1061 1063 6817 
7251 1714 1645 1849 
7252 3587 4258 4669 
7253 3816 3818 7029 
7254 680 681 2044 
7255 922 924 925 
7256 1379 1447 1448 
7257 1996 1995 6674 
7258 6519 2947 7798 
7259 3169 4105 8362 
7260 3311 3309 3313 
7261 3320 3321 3322 
7262 5602 5603 6247 
7263 6645 6644 6646 
7264 720 717 6399 
7265 372 381 3084 
7266 1183 1184 1347 
7267 2136 2135 2137 
7268 3728 4936 7660 
7269 828 1083 1084 
7270 1360 1361 1511 
7271 1376 1444 1681 
7272 3844 3843 3845 
7273 4066 4070 6745 
7274 4583 4582 4843 
7275 1591 1503 1592 
7276 2504 2503 2505 
7277 281 279 357 
7278 1868 804 6134 
7279 1456 1319 1457 
7280 1890 1887 6404 
7281 3363 6250 6255 
7282 3779 3440 3781 
7283 1384 1521 2151 
7284 3139 2042 3197 
7285 2899 2898 3483 
7286 3224 3225 3226 
7287 7261 7258 7268 
7288 780 778 7875 
7289 1645 1528 7056 
7290 1894 1892 1895 
7291 2577 2028 7510 
7292 4072 4073 5309 
7293 5268 4707 6480 
7294 5748 5755 6711 
7295 4252 4251 4253 
7296 4253 4257 5083 
7297 718 715 7044 
7298 943 941 4774 
7299 972 969 977 
7300 1692 2292 2293 
7301 2056 2055 2057 
7302 2076 2078 2079 
7303 3876 3878 3879 
7304 4571 4570 4707 
7305 2509 2507 2536 
7306 2892 2893 2894 
7307 4458 3626 6373 
7308 3773 4195 4196 
7309 4691 4690 5190 
7310 1732 2585 6701 
7311 4989 4888 6771 
7312 1640 1639 1708 
7313 1339 1337 1341 
7314 2063 2616 6561 
7315 3310 3309 3311 
7316 3628 3678 3679 
7317 1353 1355 3186 
7318 3003 3421 3746 
7319 2227 2220 2234 
7320 2393 2394 2395 
7321 3964 2874 3965 
7322 2820 2545 4103 
7323 7463 7460 7467 
7324 628 617 2038 
7325 1016 1015 1017 
7326 1172 1522 1523 
7327 1482 1440 1483 
7328 2762 2763 2764 
7329 6209 3181 6963 
7330 1824 2582 2583 
7331 2343 4161 4162 
7332 4092 3145 4094 
7333 4253 4251 4257 
7334 749 761 7428 
7335 2572 2990 3070 
7336 3698 3091 6273 
7337 4900 3974 5593 
7338 4224 4225 5279 
7339 3040 3458 3459 
7340 2842 2399 2843 
7341 1260 1261 1262 
7342 3275 3177 5563 
7343 4214 4216 6845 
7344 4310 4343 6296 
7345 288 2314 6679 
7346 436 438 474 
7347 802 824 825 
7348 1356 1354 1382 
7349 1693 1988 2019 
7350 1703 3302 3303 
7351 2523 2522 2527 
7352 3152 3514 3515 
7353 2694 2692 2804 
7354 4171 4170 4218 
7355 696 697 698 
7356 947 948 7338 
7357 3899 3897 4538 
7358 1961 1960 1962 
7359 4040 5428 8378 
7360 4447 4446 4448 
7361 6405 7834 8271 
7362 8384 5869 8459 
7363 751 749 752 
7364 1055 1054 1058 
7365 3103 3104 3473 
7366 5731 5732 5759 
7367 1208 1209 1210 
7368 5157 3420 5256 
7369 589 594 2579 
7370 1184 1812 5896 
7371 1607 1608 1609 
7372 6836 4828 7160 
7373 985 4470 4693 
7374 1262 1264 1316 
7375 930 929 931 
7376 3139 3197 3912 
7377 3199 3198 4071 
7378 1693 1987 1988 
7379 2817 3422 4100 
7380 2849 2841 3443 
7381 1223 1222 1224 
7382 2598 2908 2910 
7383 3522 3704 5444 
7384 6351 6363 6364 
7385 838 2045 6770 
7386 1244 1243 1265 
7387 1434 1473 1484 
7388 1816 980 1818 
7389 1867 1522 6633 
7390 1578 1537 1641 
7391 1786 1788 8246 
7392 7461 7460 7463 
7393 1230 1231 1232 
7394 1236 1248 6768 
7395 1394 1392 1395 
7396 2218 2181 3605 
7397 2233 2211 6099 
7398 2837 2854 7641 
7399 5732 5733 5734 
7400 2002 2003 2865 
7401 3053 3340 3490 
7402 4062 4060 4063 
7403 1408 1344 1409 
7404 2827 2828 2829 
7405 3532 3534 3535 
7406 2173 2174 2175 
7407 6316 6317 7156 
7408 425 424 426 
7409 764 765 2743 
7410 800 769 801 
7411 822 821 904 
7412 1781 1779 2957 
7413 3271 3273 3338 
7414 4170 3586 4786 
7415 4260 4261 4262 
7416 1694 1990 7874 
7417 2246 2286 5496 
7418 3728 4934 4936 
7419 4106 4102 4751 
7420 2055 1818 7686 
7421 1557 1560 1595 
7422 1912 1911 2356 
7423 1918 1917 2826 
7424 1391 7366 7553 
7425 2082 2081 2083 
7426 3508 3507 3941 
7427 1559 1759 1760 
7428 6782 2074 7847 
7429 1659 1657 2390 
7430 1515 1548 1549 
7431 2401 2399 2842 
7432 2459 3301 6648 
7433 431 430 432 
7434 528 529 587 
7435 1290 1289 1291 
7436 1660 1661 1662 
7437 6340 6339 6341 
7438 1463 1465 1467 
7439 7314 4132 7808 
7440 5644 5643 5645 
7441 2485 2484 2486 
7442 3875 3461 3876 
7443 4300 3675 6173 
7444 1684 1686 1687 
7445 6404 1888 7008 
7446 3941 3947 5273 
7447 371 1109 6675 
7448 733 732 6885 
7449 1757 1758 1926 
7450 5395 5396 5397 
7451 1214 1216 3192 
7452 5474 5473 5475 
7453 845 846 847 
7454 1393 1392 1394 
7455 4645 3538 4646 
7456 3629 3630 4192 
7457 387 386 388 
7458 2246 2247 2254 
7459 4172 4173 5374 
7460 589 593 594 
7461 1616 1630 1631 
7462 3214 5712 5713 
7463 1006 1005 1007 
7464 1468 2361 6702 
7465 1538 1539 1682 
7466 1784 1785 1786 
7467 2818 3092 3417 
7468 2906 2905 3573 
7469 3477 4332 4451 
7470 3802 3803 3804 
7471 3143 3972 3973 
7472 890 1191 1192 
7473 3276 3277 3278 
7474 4230 4229 4858 
7475 1973 2936 6987 
7476 2834 3437 4212 
7477 3995 3994 3996 
7478 1087 6617 7174 
7479 3266 1550 3267 
7480 2705 2707 4370 
7481 4198 4200 4982 
7482 6078 4695 6079 
7483 4928 4796 6165 
7484 250 6479 6666 
7485 1008 1010 1011 
7486 1293 1291 1622 
7487 2434 1979 2435 
7488 2258 2259 2260 
7489 267 768 1400 
7490 348 349 352 
7491 1081 818 2695 
7492 5568 5567 7844 
7493 2017 2015 2898 
7494 2626 2627 2628 
7495 3443 2841 5336 
7496 1531 1679 1680 
7497 4201 4199 4202 
7498 1150 1152 2109 
7499 1455 1589 1854 
7500 1842 1841 2803 
7501 3725 3201 3727 
7502 3423 3416 4965 
7503 5462 5461 5516 
7504 1067 1068 1069 
7505 3636 4037 4040 
7506 3863 8144 8172 
7507 1484 1948 2009 
7508 1204 1205 1206 
7509 406 407 408 
7510 415 416 417 
7511 596 597 598 
7512 605 607 771 
7513 728 770 823 
7514 2195 2196 2197 
7515 3175 3174 3176 
7516 7881 3677 7882 
7517 3809 3811 3826 
7518 4981 3774 6278 
7519 6317 6371 7156 
7520 4088 5378 5379 
7521 4203 4202 4204 
7522 4655 4656 4657 
7523 1636 1637 1638 
7524 7616 7614 7617 
7525 1259 1257 1277 
7526 5873 4709 8597 
7527 635 3489 4107 
7528 1418 1419 1420 
7529 3120 3460 4028 
7530 767 2231 5552 
7531 2253 2751 2793 
7532 3750 3572 3751 
7533 3827 3828 3884 
7534 3254 3253 3255 
7535 4099 7363 7538 
7536 340 342 361 
7537 2434 2435 3258 
7538 6092 3005 6580 
7539 3544 3542 3739 
7540 4988 4888 4989 
7541 3370 3290 4796 
7542 1486 304 6766 
7543 2337 308 6447 
7544 1326 1325 1327 
7545 1760 1995 1996 
7546 2416 2417 3109 
7547 3320 3322 4296 
7548 3509 4495 4542 
7549 3665 3664 4887 
7550 955 956 3586 
7551 2915 789 3245 
7552 851 850 862 
7553 4926 4796 4927 
7554 6320 6318 6321 
7555 3133 4160 4633 
7556 9537 9541 9542 
7557 1262 1263 1264 
7558 1476 1477 1478 
7559 8710 3496 8772 
7560 3880 3878 3881 
7561 7697 4374 7928 
7562 9135 9139 9143 
7563 2771 2770 2795 
7564 1206 1208 2403 
7565 881 880 882 
7566 2468 7499 7651 
7567 2871 2870 3385 
7568 3669 3667 4540 
7569 3814 3812 3815 
7570 181 183 3244 
7571 835 837 1453 
7572 2166 2167 2168 
7573 2533 2535 2541 
7574 9244 6658 9245 
7575 1101 384 1139 
7576 1087 1295 1296 
7577 1559 1760 6381 
7578 3708 8146 8474 
7579 7217 7215 7218 
7580 2107 774 6418 
7581 1480 1479 1620 
7582 1891 1890 1892 
7583 1936 1935 1992 
7584 2507 2505 7290 
7585 2986 7485 7486 
7586 3731 3730 3732 
7587 1275 1276 1311 
7588 1704 2848 6703 
7589 2389 3333 3334 
7590 3526 3049 5823 
7591 4073 3196 4761 
7592 4776 4342 4777 
7593 3800 3829 3830 
7594 4528 4117 4963 
7595 1109 1176 1711 
7596 2756 2768 2769 
7597 3625 6166 6167 
7598 609 610 611 
7599 1362 1241 1363 
7600 1658 1657 1659 
7601 2004 3638 5895 
7602 5734 5736 5746 
7603 405 404 406 
7604 865 866 867 
7605 1436 1367 1437 
7606 2710 2711 2712 
7607 5736 5735 5737 
7608 1664 1663 1665 
7609 742 743 746 
7610 1845 1640 6632 
7611 2346 2345 2347 
7612 692 691 693 
7613 828 827 1083 
7614 940 941 942 
7615 1376 1377 1444 
7616 2002 1621 2003 
7617 1861 1860 1862 
7618 3486 2886 3513 
7619 1171 1170 1246 
7620 1946 1632 7421 
7621 1835 1858 3339 
7622 1938 1886 6603 
7623 1889 1887 1890 
7624 452 450 6295 
7625 1225 1235 1242 
7626 1351 1528 1529 
7627 2090 2092 2093 
7628 4166 4879 4880 
7629 4227 2241 6762 
7630 2552 2554 6684 
7631 3539 3537 3540 
7632 7315 7314 7808 
7633 3968 3967 4627 
7634 3180 700 6589 
7635 890 1190 1191 
7636 1076 1049 4405 
7637 1112 1113 1114 
7638 1198 1197 1199 
7639 2558 2557 2559 
7640 889 888 890 
7641 1077 1111 1112 
7642 1395 1392 7553 
7643 2544 2545 2798 
7644 2558 2560 2561 
7645 4794 2826 7748 
7646 5342 4174 5343 
7647 6327 6328 6329 
7648 1228 1227 1229 
7649 2176 2174 2177 
7650 2679 2678 2904 
7651 179 178 180 
7652 841 842 843 
7653 858 859 860 
7654 898 984 2291 
7655 1236 1234 1248 
7656 1800 1799 1801 
7657 2799 1832 2800 
7658 3405 4515 4516 
7659 3818 3821 3823 
7660 3827 3825 3828 
7661 2354 2352 2888 
7662 330 331 332 
7663 541 542 543 
7664 596 598 831 
7665 728 823 6554 
7666 755 757 1270 
7667 862 850 1040 
7668 864 861 6171 
7669 877 876 878 
7670 1051 1168 3191 
7671 1316 1317 1376 
7672 1563 1412 2060 
7673 1772 1771 1773 
7674 1778 1777 1779 
7675 2983 1985 3915 
7676 2102 2433 6131 
7677 3795 3831 3832 
7678 3818 3817 3819 
7679 385 379 612 
7680 245 178 6080 
7681 331 378 3232 
7682 447 448 449 
7683 581 525 1387 
7684 760 759 762 
7685 1043 1042 1044 
7686 1147 1148 1150 
7687 1293 1623 1625 
7688 1609 1611 2030 
7689 1646 1645 1714 
7690 1952 1953 2884 
7691 2189 2188 2190 
7692 2714 2711 3329 
7693 6323 6321 6325 
7694 7764 7765 7766 
7695 2743 2987 3389 
7696 3378 3979 4696 
7697 493 492 494 
7698 6895 1361 7110 
7699 1471 1373 1472 
7700 1427 1495 2459 
7701 1468 1470 2361 
7702 2479 2480 2481 
7703 2382 460 6484 
7704 621 620 636 
7705 666 665 711 
7706 950 951 952 
7707 1088 1095 1097 
7708 1332 1333 1334 
7709 1782 1781 1783 
7710 2200 2201 2202 
7711 3498 3500 3950 
7712 3806 3805 3807 
7713 1467 6702 6838 
7714 2887 1952 5828 
7715 3347 3346 3348 
7716 5244 5245 5246 
7717 7045 7593 8041 
7718 272 274 7199 
7719 503 504 505 
7720 839 838 840 
7721 3238 3462 4127 
7722 4239 3578 4240 
7723 3696 5868 7037 
7724 5631 4133 7321 
7725 252 251 256 
7726 1386 784 7089 
7727 858 860 885 
7728 1101 1139 6834 
7729 1140 1138 1141 
7730 1218 1199 7896 
7731 1614 1612 1615 
7732 1800 1801 1806 
7733 1998 1996 2864 
7734 2329 7083 7329 
7735 2599 3138 4226 
7736 2726 2725 2727 
7737 4842 3039 7370 
7738 249 251 252 
7739 1100 384 1101 
7740 1080 818 1081 
7741 4107 3489 4108 
7742 1129 1101 1130 
7743 1764 1763 1765 
7744 1980 2958 3073 
7745 2883 3212 3213 
7746 714 716 726 
7747 1460 1461 1462 
7748 3554 2552 6684 
7749 2801 2996 3642 
7750 9480 9481 9482 
7751 2722 2716 2723 
7752 175 174 176 
7753 356 353 365 
7754 1559 722 1759 
7755 1281 1106 1441 
7756 1145 1144 1146 
7757 2130 2129 2131 
7758 2495 2494 2496 
7759 3481 3480 4035 
7760 3957 3956 3958 
7761 5774 5775 7805 
7762 1970 1811 1971 
7763 1957 1956 1969 
7764 2449 2448 2450 
7765 855 4289 5865 
7766 1346 1274 1825 
7767 2451 2450 2452 
7768 2458 2457 2460 
7769 3278 3279 3280 
7770 776 774 2107 
7771 912 914 1525 
7772 1547 1516 7352 
7773 2168 2178 6508 
7774 2326 2327 2328 
7775 6684 2554 6685 
7776 1984 2980 2981 
7777 3747 6092 6093 
7778 2294 2292 4126 
7779 2498 2497 6222 
7780 3745 4955 4958 
7781 1634 1633 1635 
7782 2892 2894 3713 
7783 3048 3049 3524 
7784 5397 5398 5399 
7785 982 983 1093 
7786 1409 1344 1410 
7787 2077 2903 5370 
7788 2508 2507 2509 
7789 2949 5885 5886 
7790 3204 3146 3946 
7791 3178 3276 3400 
7792 3837 3839 3841 
7793 5749 5745 5751 
7794 348 266 349 
7795 354 353 356 
7796 1708 1639 1989 
7797 1908 1921 1922 
7798 2190 2188 2228 
7799 3840 3838 4990 
7800 1684 1593 1685 
7801 177 176 178 
7802 344 343 345 
7803 414 1099 7184 
7804 1237 1236 1238 
7805 1489 1439 1490 
7806 2249 1582 6547 
7807 3751 3572 4087 
7808 1901 1899 1902 
7809 1905 1904 1906 
7810 2213 2211 2233 
7811 2278 2280 2282 
7812 3835 3837 6695 
7813 4575 4335 5831 
7814 910 909 911 
7815 1239 1241 1362 
7816 1433 1481 1596 
7817 1565 1698 1963 
7818 1742 1744 1745 
7819 2280 2279 2281 
7820 272 270 273 
7821 1417 652 6075 
7822 719 717 720 
7823 926 924 927 
7824 1616 1629 1630 
7825 2330 2146 3135 
7826 1250 2050 3122 
7827 1360 1305 1361 
7828 2505 2503 2521 
7829 852 854 2961 
7830 865 864 866 
7831 1278 1279 1407 
7832 2745 3149 3680 
7833 4733 4237 7288 
7834 6568 6567 6569 
7835 1928 1926 4765 
7836 3441 3434 3450 
7837 3593 7062 7063 
7838 6004 6003 6005 
7839 2672 6600 7594 
7840 3583 3170 6178 
7841 4063 4060 5851 
7842 4200 4199 4201 
7843 775 774 776 
7844 1590 1503 1591 
7845 1607 1606 1608 
7846 3745 3744 4954 
7847 601 602 603 
7848 856 855 857 
7849 1011 1010 1012 
7850 1350 1373 1471 
7851 2672 7281 7282 
7852 2712 2711 2714 
7853 4592 4594 5902 
7854 9272 9273 9274 
7855 230 228 2355 
7856 231 233 237 
7857 571 572 573 
7858 746 747 819 
7859 2088 2090 6920 
7860 3323 3324 3325 
7861 3835 3836 3837 
7862 2128 7033 7702 
7863 777 776 778 
7864 1546 1516 1547 
7865 2861 2860 3118 
7866 6025 6024 6026 
7867 587 529 6993 
7868 1053 1052 1056 
7869 1185 1186 1187 
7870 1406 1534 2818 
7871 2715 2714 2716 
7872 3515 3514 3929 
7873 5172 5174 5492 
7874 1806 2015 2017 
7875 5411 5410 5412 
7876 6327 6329 6331 
7877 858 857 859 
7878 2530 2529 2532 
7879 2987 2995 3409 
7880 5045 4603 5122 
7881 646 663 664 
7882 1651 1650 1652 
7883 2356 1911 2927 
7884 6925 3418 6926 
7885 632 634 640 
7886 7248 4392 7720 
7887 779 778 780 
7888 1819 1818 1820 
7889 274 276 300 
7890 279 277 7953 
7891 514 498 6913 
7892 499 500 501 
7893 521 511 522 
7894 793 794 795 
7895 1420 1421 1422 
7896 1562 1561 1566 
7897 2930 3402 3403 
7898 847 846 848 
7899 2318 2320 2873 
7900 5174 5175 5176 
7901 890 1192 7114 
7902 6023 2328 6024 
7903 2254 2255 2271 
7904 2641 2498 2642 
7905 3040 3041 3458 
7906 3813 3816 3833 
7907 274 273 275 
7908 305 303 2615 
7909 306 308 2337 
7910 640 641 659 
7911 1898 1897 1899 
7912 2342 2106 2343 
7913 2283 2284 2285 
7914 2418 1993 7130 
7915 3455 3767 3768 
7916 3384 3371 3988 
7917 4582 7377 7444 
7918 5172 5173 5174 
7919 5337 6589 7344 
7920 1788 1790 1965 
7921 2166 2168 2169 
7922 2259 2257 2262 
7923 1167 1117 1182 
7924 2112 1227 6520 
7925 1321 1322 1323 
7926 1338 1337 1339 
7927 1796 1797 1798 
7928 3394 2804 5837 
7929 2786 2785 2787 
7930 812 811 813 
7931 1725 1723 7385 
7932 2455 2452 6235 
7933 2910 2911 3202 
7934 3973 3974 4899 
7935 4800 4802 4803 
7936 2511 2510 2512 
7937 6333 6332 6334 
7938 735 733 4124 
7939 6147 6148 6149 
7940 380 379 385 
7941 1268 1438 1439 
7942 2011 1803 2012 
7943 1984 1983 2980 
7944 3998 4000 4001 
7945 1210 1219 1221 
7946 1398 1399 5822 
7947 3859 3984 3985 
7948 802 825 6521 
7949 5405 5406 5407 
7950 243 241 2419 
7951 282 281 283 
7952 1161 1180 1585 
7953 1336 1335 1337 
7954 1474 1475 1476 
7955 1955 1956 1957 
7956 3131 2587 3132 
7957 3556 3555 3919 
7958 6596 4205 6597 
7959 2460 2457 2462 
7960 806 804 1868 
7961 1826 1959 1960 
7962 730 748 749 
7963 2305 1022 6566 
7964 1565 1564 1698 
7965 3815 3812 6567 
7966 1221 1219 1222 
7967 2552 2551 2553 
7968 2778 2777 2779 
7969 3711 3710 4909 
7970 6595 4205 6596 
7971 898 899 984 
7972 914 913 915 
7973 2231 1582 2249 
7974 2095 2099 6411 
7975 2163 2161 2267 
7976 618 382 619 
7977 1104 1083 1128 
7978 2293 2292 2294 
7979 2456 2457 2458 
7980 4057 3484 4058 
7981 4750 4749 5768 
7982 1691 1570 1692 
7983 2236 2235 2243 
7984 5433 3207 8551 
7985 6786 3377 6788 
7986 2304 553 6572 
7987 582 581 591 
7988 1063 1064 1065 
7989 1774 1775 1776 
7990 2880 3124 3125 
7991 4056 4057 5349 
7992 5975 5974 5976 
7993 1243 1235 2581 
7994 1379 5784 6132 
7995 4377 4411 6424 
7996 1881 1880 1882 
7997 1973 1974 2934 
7998 372 370 373 
7999 1496 6530 6531 
8000 4555 3421 4556 
8001 692 694 699 
8002 1116 1115 1117 
8003 318 317 319 
8004 485 483 1526 
8005 507 508 509 
8006 533 534 535 
8007 561 557 6764 
8008 560 562 563 
8009 712 729 730 
8010 1059 1058 1351 
8011 1426 1427 1428 
8012 1532 1426 6642 
8013 1483 1440 2937 
8014 1873 1872 1874 
8015 2855 1942 2856 
8016 2336 2646 2647 
8017 2613 3030 3511 
8018 3133 4633 6699 
8019 3473 3906 3907 
8020 318 319 320 
8021 504 502 2605 
8022 1760 1996 1997 
8023 810 808 811 
8024 1519 1381 1594 
8025 2191 2192 2198 
8026 934 933 935 
8027 942 941 943 
8028 3639 3618 4380 
8029 4214 4215 4216 
8030 5748 5745 5749 
8031 240 241 242 
8032 297 295 624 
8033 2605 502 6709 
8034 661 662 671 
8035 3365 3366 3367 
8036 5652 5651 5653 
8037 1552 1553 1554 
8038 5404 5402 6582 
8039 521 4096 6125 
8040 834 832 1588 
8041 1268 1439 1489 
8042 2122 2123 2124 
8043 205 203 2702 
8044 2440 904 2441 
8045 1091 1123 1164 
8046 3127 3128 3482 
8047 807 806 808 
8048 3686 3687 4454 
8049 265 260 266 
8050 625 624 645 
8051 4070 4069 4942 
8052 9324 9323 9325 
8053 1468 1469 1470 
8054 2350 2352 2354 
8055 3543 3542 3544 
8056 4800 4799 4801 
8057 1990 1991 2991 
8058 3433 2850 3434 
8059 1254 1255 1256 
8060 5733 1827 7505 
8061 3751 4087 4088 
8062 3891 4703 5306 
8063 223 221 244 
8064 296 295 297 
8065 503 505 1968 
8066 509 511 521 
8067 521 522 523 
8068 531 533 2602 
8069 653 636 789 
8070 791 790 6297 
8071 1429 1178 1677 
8072 2930 2929 3401 
8073 594 744 745 
8074 964 965 966 
8075 2465 2464 2475 
8076 4505 3738 4506 
8077 5121 5118 6694 
8078 1723 1721 2901 
8079 1823 1824 2643 
8080 2469 2467 2956 
8081 377 376 379 
8082 1020 1021 1022 
8083 1901 1903 2677 
8084 4210 4211 4315 
8085 1649 1650 1651 
8086 1654 1653 3789 
8087 2214 2213 2215 
8088 585 584 586 
8089 739 737 740 
8090 1885 1886 1887 
8091 2134 2135 2136 
8092 2140 2141 2142 
8093 2486 2484 2543 
8094 2992 3509 5509 
8095 3745 4958 5862 
8096 998 999 1000 
8097 2629 2329 2634 
8098 3532 3533 3534 
8099 180 178 245 
8100 220 222 224 
8101 406 404 407 
8102 425 427 2431 
8103 500 498 514 
8104 526 525 581 
8105 1041 1042 1043 
8106 2101 1490 6187 
8107 2271 2272 2916 
8108 3811 3812 3813 
8109 4705 4153 4759 
8110 6338 6339 6340 
8111 1444 1445 1502 
8112 1478 1477 1479 
8113 1873 1874 1875 
8114 2452 2450 2454 
8115 2693 2692 2694 
8116 3256 3692 3693 
8117 3798 3800 3801 
8118 6850 6851 6852 
8119 2560 2562 2563 
8120 6347 6346 6351 
8121 3336 4168 4288 
8122 4209 6098 6903 
8123 4708 5268 5269 
8124 4815 7069 7070 
8125 4309 366 6961 
8126 1742 1741 1744 
8127 4610 5168 5169 
8128 5654 5653 5655 
8129 2805 2804 2808 
8130 3171 4091 5920 
8131 4615 3464 4616 
8132 336 337 338 
8133 459 456 2379 
8134 543 544 545 
8135 644 622 6664 
8136 3491 4331 4484 
8137 1556 1557 1558 
8138 1652 1650 1655 
8139 2010 2414 3126 
8140 835 1453 7493 
8141 496 494 2357 
8142 510 508 512 
8143 534 532 2344 
8144 1611 1612 1613 
8145 3389 2987 5706 
8146 3916 3917 4131 
8147 2063 2064 2070 
8148 3958 3956 6957 
8149 3251 3249 3377 
8150 958 959 960 
8151 1305 1303 1306 
8152 2214 2215 2219 
8153 7567 7609 7835 
8154 686 685 687 
8155 688 687 689 
8156 1114 1115 1116 
8157 1554 1556 1572 
8158 2234 2220 5796 
8159 4958 4955 4959 
8160 592 591 595 
8161 1037 1036 1038 
8162 1061 1062 1063 
8163 1618 1952 2887 
8164 2527 2522 3218 
8165 3955 3954 3966 
8166 4347 6767 7666 
8167 1312 1276 1313 
8168 1193 1212 5467 
8169 1214 1215 1216 
8170 2561 2560 6502 
8171 5871 2982 5951 
8172 3229 3227 3230 
8173 3247 3245 4820 
8174 4005 4967 4968 
8175 4317 4316 4318 
8176 5207 4913 5298 
8177 1222 1219 4098 
8178 2236 2243 2244 
8179 2553 2551 2555 
8180 3383 4077 4384 
8181 1308 7239 7241 
8182 2813 2814 2846 
8183 845 847 4312 
8184 887 886 888 
8185 918 919 920 
8186 1228 1230 4297 
8187 3265 1550 3266 
8188 9248 9246 9249 
8189 1200 1199 1201 
8190 1376 1317 1377 
8191 2295 2294 2296 
8192 280 279 281 
8193 311 313 6663 
8194 320 321 322 
8195 490 488 515 
8196 790 1386 1433 
8197 1037 1038 1039 
8198 1059 1351 1352 
8199 1427 1425 1495 
8200 1787 1785 5923 
8201 2622 2621 2623 
8202 3100 3099 3101 
8203 4034 3521 5800 
8204 4024 4026 7042 
8205 367 365 3282 
8206 998 1000 2649 
8207 1045 1046 1078 
8208 1677 1178 4133 
8209 1394 1396 1624 
8210 1782 1783 1784 
8211 1831 1832 2799 
8212 1981 3005 3006 
8213 2138 2140 2144 
8214 4755 4756 5600 
8215 3681 2980 5871 
8216 4041 4335 4575 
8217 2436 889 3193 
8218 995 996 1029 
8219 1384 1385 1521 
8220 4188 4189 4190 
8221 830 898 7167 
8222 856 857 858 
8223 1794 1793 1795 
8224 2164 2163 2165 
8225 2166 2165 2167 
8226 3338 3427 4825 
8227 363 345 1584 
8228 602 2302 6577 
8229 1829 1536 1830 
8230 1595 1940 5069 
8231 1790 1789 1791 
8232 1796 1795 1797 
8233 6693 2029 7119 
8234 3659 2958 7408 
8235 6648 3301 6649 
8236 3334 3609 4155 
8237 6860 6859 6861 
8238 181 182 183 
8239 341 347 350 
8240 362 342 2945 
8241 611 610 622 
8242 830 829 896 
8243 1698 1564 2612 
8244 2980 1983 2982 
8245 2647 2925 3506 
8246 2665 2664 2666 
8247 3446 3426 3447 
8248 403 404 405 
8249 410 407 3214 
8250 422 420 469 
8251 429 430 431 
8252 601 600 602 
8253 627 617 628 
8254 991 992 993 
8255 1022 1021 1023 
8256 1031 1030 1047 
8257 1290 1291 1292 
8258 2438 2437 2439 
8259 2533 2534 2535 
8260 477 476 478 
8261 556 555 557 
8262 603 602 604 
8263 770 769 800 
8264 802 800 824 
8265 1011 1013 1014 
8266 1014 1015 1016 
8267 1041 1040 1042 
8268 6149 6151 6153 
8269 238 212 3201 
8270 613 455 6902 
8271 558 557 559 
8272 725 724 732 
8273 1622 1291 6687 
8274 1338 1340 1431 
8275 1786 1785 1787 
8276 2490 4090 6602 
8277 3661 2604 3663 
8278 2623 2621 2675 
8279 3804 3803 3805 
8280 6334 6332 6335 
8281 519 518 620 
8282 1713 1435 2879 
8283 276 277 278 
8284 278 279 280 
8285 290 291 292 
8286 315 314 1389 
8287 489 488 490 
8288 499 498 500 
8289 510 512 513 
8290 522 511 3222 
8291 513 516 1240 
8292 523 524 528 
8293 533 532 534 
8294 560 559 562 
8295 637 636 653 
8296 1045 1044 1046 
8297 2576 1057 3577 
8298 1063 1065 1074 
8299 1065 1064 1066 
8300 1072 1178 1429 
8301 1424 1423 1425 
8302 1424 1426 1532 
8303 1492 1490 2101 
8304 1703 1701 3302 
8305 3071 3072 3629 
8306 4491 4490 4492 
8307 5650 5652 5661 
8308 9302 9304 9305 
8309 206 205 207 
8310 222 221 223 
8311 274 275 276 
8312 282 283 284 
8313 288 289 290 
8314 1416 652 1417 
8315 922 923 924 
8316 989 990 991 
8317 1061 1060 1062 
8318 1336 1337 1338 
8319 2132 2134 2143 
8320 2496 2494 2499 
8321 3677 2972 3686 
8322 3046 3562 6990 
8323 4245 3585 4246 
8324 3957 3959 4313 
8325 211 212 213 
8326 229 228 230 
8327 231 237 6932 
8328 246 243 247 
8329 375 383 384 
8330 537 536 538 
8331 570 567 4089 
8332 625 646 1739 
8333 1091 1079 1092 
8334 1400 1761 3617 
8335 1931 1930 1932 
8336 2021 2023 2367 
8337 3238 3239 3462 
8338 3998 3996 3999 
8339 4833 7024 7915 
8340 1157 1155 1158 
8341 1604 1363 1605 
8342 258 253 3240 
8343 266 260 1710 
8344 355 358 359 
8345 576 575 2103 
8346 1357 1246 1358 
8347 2490 2514 4090 
8348 3120 3121 3460 
8349 3324 3321 7161 
8350 264 267 268 
8351 968 967 969 
8352 1165 1081 1166 
8353 3322 3323 3449 
8354 4187 4186 4188 
8355 4860 4358 5225 
8356 261 256 3625 
8357 1700 1512 1701 
8358 3323 3321 3324 
8359 961 963 7150 
8360 975 973 976 
8361 1869 1245 1870 
8362 1347 1349 1380 
8363 1404 1405 1406 
8364 2732 2731 2733 
8365 3948 3442 4585 
8366 391 393 5529 
8367 1717 1716 1718 
8368 366 365 367 
8369 713 709 2601 
8370 1511 1512 1699 
8371 1887 1886 1888 
8372 2470 2469 2471 
8373 586 584 588 
8374 1112 1111 1113 
8375 1556 1555 1557 
8376 1722 1721 1723 
8377 1724 1723 1725 
8378 1823 2643 2644 
8379 2477 2475 2524 
8380 2491 2489 2492 
8381 2908 2907 5704 
8382 6651 6649 6652 
8383 892 811 5572 
8384 1632 1630 1633 
8385 1691 1692 3676 
8386 1743 1696 1814 
8387 3439 2859 3440 
8388 632 619 633 
8389 813 893 4234 
8390 1404 1403 1405 
8391 1631 1632 1946 
8392 1687 1697 2052 
8393 1885 1887 1889 
8394 2461 2460 2497 
8395 9244 9245 9246 
8396 792 827 828 
8397 2018 3130 3487 
8398 2472 2471 2473 
8399 4303 4302 4304 
8400 4385 5561 5562 
8401 579 578 580 
8402 2579 594 6952 
8403 933 931 1307 
8404 953 1583 2882 
8405 1329 1328 1342 
8406 1403 1402 3330 
8407 1594 1704 6703 
8408 1831 2801 6497 
8409 2468 2469 2470 
8410 3624 3626 3627 
8411 3713 3714 4513 
8412 6135 6134 6137 
8413 2084 2085 2086 
8414 2099 2098 2841 
8415 2840 2902 3113 
8416 4250 4251 4252 
8417 399 401 2408 
8418 616 617 627 
8419 816 815 826 
8420 952 951 953 
8421 1726 1725 1727 
8422 1844 1843 2006 
8423 5602 3147 5603 
8424 3456 3883 4009 
8425 3866 3982 4974 
8426 4672 4444 5676 
8427 4982 6595 8953 
8428 6855 6856 6866 
8429 1924 1880 5434 
8430 1893 1892 1894 
8431 950 949 951 
8432 1730 1729 1731 
8433 2511 6221 6230 
8434 5046 5047 5048 
8435 688 689 690 
8436 688 690 3568 
8437 1252 1251 1253 
8438 1554 1555 1556 
8439 5737 5735 5738 
8440 890 888 1190 
8441 1680 1741 1742 
8442 1901 1902 1903 
8443 1934 1935 1936 
8444 2760 2761 2762 
8445 3935 3934 6665 
8446 313 315 316 
8447 330 332 333 
8448 484 483 485 
8449 592 595 596 
8450 1258 1257 1259 
8451 1722 1723 1724 
8452 1898 1900 1908 
8453 2023 2024 2025 
8454 2451 2452 2453 
8455 2502 2503 2504 
8456 3363 3362 6249 
8457 6652 6661 7400 
8458 739 740 742 
8459 978 979 980 
8460 1460 1459 1461 
8461 2066 2067 2068 
8462 2064 2065 2066 
8463 3867 4981 5009 
8464 350 781 4142 
8465 638 639 647 
8466 755 754 756 
8467 982 947 983 
8468 1463 1467 6096 
8469 1634 1636 4338 
8470 2073 2071 2074 
8471 5104 5105 5106 
8472 2069 2067 7145 
8473 2973 2609 2974 
8474 4671 4061 6056 
8475 5472 4722 5670 
8476 631 619 632 
8477 659 641 660 
8478 2332 702 6121 
8479 922 921 923 
8480 3671 3082 3672 
8481 685 684 701 
8482 313 314 315 
8483 321 323 324 
8484 918 917 919 
8485 1493 1492 1494 
8486 1498 1975 6815 
8487 1500 1499 1579 
8488 1753 1754 1755 
8489 3168 6301 6302 
8490 580 584 585 
8491 586 589 6779 
8492 655 656 679 
8493 887 888 889 
8494 970 973 974 
8495 974 975 978 
8496 1407 1446 1576 
8497 1498 1499 1500 
8498 6146 1877 6147 
8499 2237 2238 2246 
8500 6931 3222 7209 
8501 3328 3362 3363 
8502 7216 4425 7223 
8503 2934 1974 2935 
8504 6095 4016 7778 
8505 6712 6711 6714 
8506 171 169 173 
8507 3459 3458 4612 
8508 632 633 634 
8509 932 931 933 
8510 1865 1274 7113 
8511 218 219 220 
8512 285 283 2420 
8513 501 502 503 
8514 3979 679 4323 
8515 2358 797 2359 
8516 1071 1072 1073 
8517 4517 3401 5708 
8518 3445 3444 3769 
8519 831 833 3155 
8520 2175 2174 2176 
8521 2179 2180 2191 
8522 2200 2198 2201 
8523 3445 3769 6541 
8524 5405 5407 5413 
8525 6559 3306 7895 
8526 321 324 6511 
8527 541 543 905 
8528 545 547 2339 
8529 760 763 764 
8530 875 876 877 
8531 1025 1019 1026 
8532 1188 1186 4150 
8533 1293 1622 1623 
8534 1491 1492 1493 
8535 1782 1784 1949 
8536 2186 2184 2288 
8537 714 715 716 
8538 1145 1147 1369 
8539 1250 1173 2050 
8540 1709 1843 1844 
8541 3551 3123 3552 
8542 4558 2994 7279 
8543 4508 4448 4896 
8544 211 213 214 
8545 231 232 233 
8546 721 987 7168 
8547 1161 1162 1180 
8548 2443 2441 3189 
8549 2538 2540 2698 
8550 1484 1473 1948 
8551 3753 3752 4560 
8552 4375 4464 4925 
8553 1684 1685 1686 
8554 3764 3784 3785 
8555 480 478 481 
8556 785 784 790 
8557 1420 1422 2413 
8558 2814 2812 2984 
8559 264 268 269 
8560 708 709 710 
8561 736 735 737 
8562 805 804 806 
8563 1129 1130 1131 
8564 1171 1246 1247 
8565 1296 1295 1402 
8566 1502 1503 1590 
8567 4299 4300 4301 
8568 7458 5392 7460 
8569 1002 1001 1003 
8570 1875 1878 1879 
8571 3026 3027 3454 
8572 684 682 5807 
8573 1480 1621 2002 
8574 1874 1872 1876 
8575 2455 6235 7730 
8576 4679 4680 4681 
8577 920 919 1119 
8578 1203 1201 7006 
8579 2514 2513 2515 
8580 3374 3200 4811 
8581 3590 3591 4024 
8582 5397 5396 5398 
8583 200 199 201 
8584 337 335 4167 
8585 453 452 454 
8586 607 608 609 
8587 911 909 2651 
8588 2008 2604 3043 
8589 6330 6347 6355 
8590 772 744 773 
8591 925 924 926 
8592 1826 1960 1961 
8593 2829 2830 2831 
8594 944 945 947 
8595 1408 1409 2159 
8596 1567 1571 6964 
8597 6037 6039 6043 
8598 9478 9479 9480 
8599 6452 6455 6456 
8600 704 705 706 
8601 1273 1274 1346 
8602 2567 2566 2569 
8603 351 347 2410 
8604 421 420 422 
8605 437 435 3089 
8606 468 467 525 
8607 549 551 552 
8608 651 630 652 
8609 1239 1238 1241 
8610 2665 2666 2667 
8611 2687 2686 2688 
8612 1913 1915 2544 
8613 2285 2287 2822 
8614 460 459 461 
8615 464 463 465 
8616 518 469 2307 
8617 482 481 483 
8618 566 4295 5952 
8619 1014 1013 1015 
8620 1152 1153 1154 
8621 1207 1205 6389 
8622 1210 1211 1219 
8623 1350 1471 1485 
8624 3057 2152 3058 
8625 4425 4397 6907 
8626 4457 6890 8011 
8627 6329 6328 6330 
8628 175 176 177 
8629 183 184 185 
8630 734 733 735 
8631 1298 971 1299 
8632 3168 1260 6300 
8633 1380 1349 1381 
8634 7596 4468 7633 
8635 702 668 704 
8636 4583 4843 4844 
8637 477 478 479 
8638 491 492 493 
8639 6858 6860 6863 
8640 1345 903 7160 
8641 1196 1197 1198 
8642 2000 2587 3131 
8643 2760 2762 2766 
8644 7432 3264 7990 
8645 6858 6859 6860 
8646 2826 1917 4835 
8647 3133 2414 4159 
8648 3622 4787 4788 
8649 4800 4801 4802 
8650 1314 1312 1315 
8651 1396 1397 1398 
8652 451 450 452 
8653 462 461 463 
8654 543 545 6184 
8655 555 553 2304 
8656 623 643 986 
8657 782 780 783 
8658 1042 1040 6954 
8659 1697 1696 1743 
8660 1831 1743 1832 
8661 3624 3627 3628 
8662 3322 3321 3323 
8663 288 290 2314 
8664 495 496 497 
8665 531 532 533 
8666 539 540 541 
8667 569 567 570 
8668 3577 1057 3579 
8669 1352 1351 6163 
8670 1613 1612 1614 
8671 2576 3578 4239 
8672 2639 3077 4086 
8673 1150 1148 1151 
8674 1200 1201 1202 
8675 1458 1460 5934 
8676 1747 1748 1749 
8677 1458 1459 1460 
8678 2989 2571 3296 
8679 1304 1360 1581 
8680 2079 2096 3156 
8681 2263 2262 2264 
8682 6739 2384 7715 
8683 2756 2630 2768 
8684 2897 3177 3178 
8685 308 309 311 
8686 537 538 539 
8687 571 570 572 
8688 1414 1079 6513 
8689 1154 1155 1157 
8690 3587 3239 4258 
8691 3343 3344 3345 
8692 3522 3702 3703 
8693 5195 5292 6186 
8694 1388 413 6737 
8695 1292 1291 1293 
8696 1533 1573 1802 
8697 2992 2997 3509 
8698 1403 3330 7589 
8699 1808 2678 2679 
8700 2309 2656 7705 
8701 2661 2662 2663 
8702 3489 2932 3592 
8703 4995 3784 6514 
8704 4659 4658 4827 
8705 3594 3593 6054 
8706 1359 1378 1379 
8707 1709 1844 2036 
8708 4720 3942 5154 
8709 7518 4367 7519 
8710 2071 2069 2072 
8711 7467 2642 7468 
8712 4081 4080 4082 
8713 947 945 948 
8714 1409 1410 1411 
8715 271 272 2058 
8716 574 575 576 
8717 714 726 5773 
8718 1165 1166 1350 
8719 2878 1964 2912 
8720 993 995 1368 
8721 1450 1449 1514 
8722 2281 2279 3052 
8723 194 192 2360 
8724 447 446 448 
8725 549 552 568 
8726 651 652 1415 
8727 4588 3718 4589 
8728 5136 5138 5139 
8729 725 732 733 
8730 926 927 928 
8731 1245 1122 1877 
8732 3078 3079 3080 
8733 1937 1847 2053 
8734 952 954 955 
8735 1174 1173 1250 
8736 267 263 768 
8737 1122 988 3205 
8738 1080 1081 1165 
8739 1107 1106 1281 
8740 1327 1325 1328 
8741 2730 2731 2732 
8742 174 173 985 
8743 184 182 3207 
8744 185 187 189 
8745 396 394 409 
8746 395 397 1034 
8747 2169 2168 2170 
8748 2324 2325 2326 
8749 6326 6357 6358 
8750 3898 3897 3899 
8751 2093 2092 2094 
8752 2737 2891 2895 
8753 3955 3966 4682 
8754 9362 9361 9363 
8755 6198 6197 8212 
8756 781 351 784 
8757 389 388 390 
8758 449 448 450 
8759 602 600 2302 
8760 642 622 644 
8761 2880 3125 3601 
8762 3750 3751 4543 
8763 580 583 584 
8764 710 709 713 
8765 882 883 1693 
8766 1269 1175 2335 
8767 1301 1299 2422 
8768 3288 3287 3289 
8769 355 354 358 
8770 1913 1914 1915 
8771 2514 2515 2516 
8772 340 341 342 
8773 389 391 1309 
8774 400 398 2306 
8775 413 412 414 
8776 415 414 416 
8777 2388 608 6939 
8778 728 769 770 
8779 2591 2593 6518 
8780 2857 3425 3497 
8781 3056 3057 3553 
8782 9247 9259 9260 
8783 4116 3423 4117 
8784 4909 3710 4911 
8785 3842 3843 3844 
8786 3991 3992 3993 
8787 4317 4318 4319 
8788 1159 1160 1161 
8789 2193 2190 2194 
8790 2803 3423 4116 
8791 2138 2139 2140 
8792 2476 2475 2477 
8793 3328 3361 3362 
8794 5746 5757 7383 
8795 4964 4117 7158 
8796 388 386 517 
8797 432 430 433 
8798 449 451 2407 
8799 454 452 458 
8800 605 606 607 
8801 799 3180 3569 
8802 1194 1196 1233 
8803 1947 1706 2004 
8804 3229 3230 3342 
8805 3806 3807 3809 
8806 3934 3936 4632 
8807 6138 4077 6139 
8808 9248 9250 9251 
8809 264 263 267 
8810 1980 1981 2958 
8811 1591 1593 1683 
8812 3203 3371 3384 
8813 9249 9246 9286 
8814 1840 1841 1842 
8815 2063 2070 2616 
8816 5009 4981 5010 
8817 1692 1570 2292 
8818 2704 1970 2918 
8819 2310 3470 3471 
8820 2764 2763 6274 
8821 3439 3440 3779 
8822 3930 3469 3931 
8823 489 490 491 
8824 493 494 495 
8825 497 498 499 
8826 505 506 507 
8827 1018 1025 1185 
8828 1039 1038 1085 
8829 1332 1334 1375 
8830 2762 2761 2763 
8831 3187 3585 4245 
8832 3804 3805 3806 
8833 6271 1895 7996 
8834 3248 3249 3250 
8835 6477 5780 6478 
8836 9287 9286 9288 
8837 2751 2750 2752 
8838 1225 1226 1235 
8839 1973 2934 2936 
8840 338 340 6979 
8841 391 390 392 
8842 419 420 421 
8843 442 441 443 
8844 444 443 446 
8845 465 467 468 
8846 616 627 3283 
8847 1026 1027 1028 
8848 1485 1564 1565 
8849 1973 1676 1974 
8850 2439 2437 4259 
8851 3299 3300 4115 
8852 3693 3894 4662 
8853 4211 3935 5200 
8854 4724 6983 7363 
8855 257 256 261 
8856 262 261 263 
8857 969 967 6417 
8858 1121 988 1122 
8859 2769 2770 2771 
8860 938 939 940 
8861 1726 1727 1728 
8862 1881 1882 1883 
8863 2320 2319 2321 
8864 4636 4635 5203 
8865 220 221 222 
8866 225 226 227 
8867 298 301 302 
8868 311 312 313 
8869 990 895 1496 
8870 2066 2065 2067 
8871 2226 2227 2229 
8872 3401 2929 6506 
8873 6859 6857 6862 
8874 683 684 685 
8875 1545 1674 1675 
8876 3141 3140 3885 
8877 5737 5738 5739 
8878 902 903 1088 
8879 1557 1555 1560 
8880 4074 5669 5812 
8881 5407 5406 5408 
8882 697 700 766 
8883 1891 1892 1893 
8884 3697 3091 3698 
8885 3732 3730 4510 
8886 4686 4685 4687 
8887 5405 5404 5406 
8888 5715 5716 5717 
8889 5746 5736 5753 
8890 1211 1213 1214 
8891 2565 2567 2568 
8892 3226 3227 3229 
8893 350 347 351 
8894 413 414 415 
8895 727 669 2424 
8896 753 754 755 
8897 1033 1054 1055 
8898 2155 2156 2157 
8899 233 234 235 
8900 254 253 258 
8901 280 282 2313 
8902 355 359 2374 
8903 819 747 820 
8904 966 967 968 
8905 1100 1101 1129 
8906 1553 1549 6841 
8907 2272 2275 2276 
8908 2447 2464 2465 
8909 2628 2627 5835 
8910 168 170 172 
8911 1202 1201 1203 
8912 1206 1205 1207 
8913 1515 1549 1551 
8914 2151 1521 2152 
8915 2882 1583 2883 
8916 2703 1909 4814 
8917 2114 2044 2115 
8918 2191 2180 2192 
8919 2198 2192 2199 
8920 2204 2203 2205 
8921 2280 2281 2283 
8922 2620 2619 2621 
8923 3232 3294 4311 
8924 3349 3350 3351 
8925 3645 3646 4351 
8926 1244 1265 1266 
8927 1230 1229 1231 
8928 4190 4189 4851 
8929 1941 1942 2855 
8930 2095 2097 2098 
8931 2162 2161 2163 
8932 3424 4548 4573 
8933 4255 4254 4256 
8934 912 913 914 
8935 1476 1478 2650 
8936 1767 3069 6483 
8937 3828 7259 7263 
8938 5050 5051 5133 
8939 364 377 3257 
8940 854 855 856 
8941 993 994 995 
8942 1802 2011 2037 
8943 2205 2203 2206 
8944 3668 3667 3669 
8945 3980 6557 8055 
8946 5769 5768 5770 
8947 189 187 190 
8948 344 346 1488 
8949 391 392 393 
8950 393 394 395 
8951 438 439 440 
8952 577 576 578 
8953 609 608 610 
8954 825 824 829 
8955 837 838 839 
8956 886 860 4354 
8957 1005 1003 1272 
8958 1910 1906 1911 
8959 2565 2566 2567 
8960 2722 2723 2724 
8961 4200 4201 4205 
8962 4563 6393 6394 
8963 191 190 192 
8964 380 386 387 
8965 389 390 391 
8966 415 417 2411 
8967 423 424 425 
8968 427 428 429 
8969 623 622 642 
8970 670 669 727 
8971 835 836 837 
8972 839 840 841 
8973 1002 1004 1009 
8974 1539 1540 1541 
8975 190 187 6555 
8976 401 400 402 
8977 414 412 1099 
8978 436 437 438 
8979 464 465 466 
8980 476 473 3184 
8981 610 608 2388 
8982 896 829 1082 
8983 1008 1011 6950 
8984 1020 1022 2305 
8985 1028 1033 1090 
8986 2396 2394 2653 
8987 195 194 196 
8988 338 337 339 
8989 346 345 363 
8990 359 358 374 
8991 431 432 434 
8992 434 435 436 
8993 449 450 451 
8994 457 459 460 
8995 460 461 462 
8996 479 478 480 
8997 480 481 482 
8998 552 551 553 
8999 675 674 676 
9000 728 727 769 
9001 857 855 5865 
9002 863 861 864 
9003 896 3293 6836 
9004 1237 1239 3281 
9005 1626 1628 1817 
9006 1780 1779 1781 
9007 2097 2100 7195 
9008 2724 2726 2739 
9009 324 323 325 
9010 334 332 335 
9011 333 360 4141 
9012 462 463 464 
9013 470 469 518 
9014 545 544 546 
9015 605 604 606 
9016 686 687 688 
9017 763 762 767 
9018 1006 1008 2942 
9019 1016 1017 1018 
9020 1053 1057 2576 
9021 4237 1454 7288 
9022 2818 1534 3092 
9023 2954 3649 3656 
9024 3152 3515 4328 
9025 5403 5404 5405 
9026 932 933 934 
9027 1819 1820 1821 
9028 2136 2138 6574 
9029 2293 2294 2295 
9030 3624 3358 3626 
9031 3470 3469 3930 
9032 202 200 203 
9033 204 203 205 
9034 292 293 294 
9035 320 322 894 
9036 328 327 329 
9037 330 329 331 
9038 495 494 496 
9039 503 502 504 
9040 505 504 506 
9041 509 508 510 
9042 521 523 4096 
9043 531 530 532 
9044 535 534 536 
9045 541 540 542 
9046 543 542 544 
9047 563 562 564 
9048 751 753 4078 
9049 867 869 870 
9050 878 876 2655 
9051 894 895 989 
9052 1185 1025 1186 
9053 1056 1052 1060 
9054 1351 1058 1528 
9055 1063 1062 1064 
9056 1069 1068 1070 
9057 1189 1188 1267 
9058 1424 1532 6996 
9059 1426 1425 1427 
9060 1469 1466 2426 
9061 1498 1500 1975 
9062 1579 1499 1642 
9063 1612 1610 5955 
9064 2682 1855 2683 
9065 2363 2364 2365 
9066 3309 3308 5968 
9067 3403 3402 3404 
9068 3619 5912 5913 
9069 220 219 221 
9070 284 285 286 
9071 294 295 296 
9072 1071 1070 1072 
9073 1073 1072 7579 
9074 1123 1092 1124 
9075 1132 2586 6807 
9076 1136 1137 1138 
9077 1334 1335 1336 
9078 2930 3401 3402 
9079 4127 3462 4128 
9080 225 223 226 
9081 272 273 274 
9082 302 301 303 
9083 2442 2443 2444 
9084 3038 3029 3773 
9085 210 209 211 
9086 214 213 215 
9087 240 236 241 
9088 242 241 243 
9089 248 247 249 
9090 250 254 6479 
9091 254 259 1738 
9092 298 296 301 
9093 304 303 305 
9094 306 305 307 
9095 348 352 6706 
9096 571 573 1102 
9097 574 572 575 
9098 793 791 794 
9099 978 975 979 
9100 1318 1315 1319 
9101 1321 1323 1324 
9102 1330 1331 1332 
9103 6251 3324 6252 
9104 3532 3531 3533 
9105 1882 1880 1924 
9106 629 362 630 
9107 599 600 601 
9108 1004 1003 1005 
9109 1024 1030 1031 
9110 1159 1158 1160 
9111 1320 1321 7022 
9112 1663 1661 1678 
9113 2669 2953 2954 
9114 6322 6321 6323 
9115 745 744 772 
9116 927 924 7369 
9117 970 969 972 
9118 3330 1402 3331 
9119 1760 1759 1995 
9120 1905 1909 2703 
9121 4754 4753 6071 
9122 5141 5140 5142 
9123 2945 342 5956 
9124 411 412 413 
9125 440 439 441 
9126 736 737 738 
9127 772 773 803 
9128 803 804 805 
9129 1051 1047 1168 
9130 1300 1301 1302 
9131 1523 1597 1598 
9132 2185 2184 2186 
9133 2485 2486 2487 
9134 5395 5397 8957 
9135 580 578 583 
9136 1109 1175 1176 
9137 1147 1146 1148 
9138 1327 1329 1330 
9139 1616 1615 1629 
9140 3079 2640 6107 
9141 246 248 250 
9142 375 374 383 
9143 706 705 707 
9144 1838 1837 2008 
9145 6270 1895 6271 
9146 1903 1904 1905 
9147 1960 1959 2817 
9148 2142 2141 6001 
9149 2453 2452 2455 
9150 3073 2958 3658 
9151 3328 3327 3361 
9152 4310 3551 4343 
9153 5566 5565 5567 
9154 370 369 371 
9155 619 382 7064 
9156 586 588 589 
9157 667 702 703 
9158 810 811 812 
9159 2140 2139 2141 
9160 2449 2450 2451 
9161 2490 2488 2513 
9162 2718 2719 2720 
9163 3516 4428 5950 
9164 3627 3626 4409 
9165 4756 3679 4757 
9166 4587 4586 4999 
9167 4053 3778 4054 
9168 783 780 809 
9169 960 959 4415 
9170 2068 2067 2069 
9171 2506 2505 2507 
9172 3836 3834 5005 
9173 6408 3949 6588 
9174 464 466 472 
9175 479 480 1036 
9176 556 557 558 
9177 1028 1027 1032 
9178 1189 1267 1268 
9179 782 786 792 
9180 936 938 981 
9181 958 957 959 
9182 1050 1049 1076 
9183 1093 1094 1183 
9184 1125 1126 1278 
9185 2050 1173 6640 
9186 1546 1823 5876 
9187 1806 1807 2015 
9188 1820 1818 2055 
9189 1891 1893 1907 
9190 2047 2046 2048 
9191 3316 3315 3317 
9192 3780 3835 4345 
9193 4722 3965 6384 
9194 1105 1173 1174 
9195 2079 2080 2096 
9196 3318 3317 3327 
9197 944 947 982 
9198 1193 1191 1212 
9199 1221 1222 1223 
9200 2566 2564 7176 
9201 2626 2628 2631 
9202 3457 3118 3873 
9203 3525 3524 4637 
9204 3601 4812 4841 
9205 4516 4897 4898 
9206 346 363 364 
9207 399 398 400 
9208 417 418 419 
9209 607 609 6492 
9210 730 749 751 
9211 1004 1005 1006 
9212 1030 1023 2421 
9213 2150 2153 2154 
9214 2458 2460 2461 
9215 2500 2501 2502 
9216 1256 1255 1257 
9217 1262 1261 1263 
9218 198 200 202 
9219 249 247 251 
9220 316 315 317 
9221 333 332 334 
9222 545 546 547 
9223 656 665 666 
9224 1017 1015 4132 
9225 1254 1253 1255 
9226 1400 1401 1761 
9227 1575 1574 1837 
9228 1732 1731 1733 
9229 7089 2410 7090 
9230 8577 8578 8791 
9231 1640 1709 6632 
9232 1734 1733 1735 
9233 2830 2828 2833 
9234 1121 1245 1869 
9235 1198 1199 1200 
9236 1523 1599 6122 
9237 1909 1906 1910 
9238 6152 3986 6158 
9239 4185 4186 4187 
9240 4322 4320 5486 
9241 1883 1884 1885 
9242 1913 1912 1914 
9243 2063 2062 2064 
9244 2072 2076 6507 
9245 2266 2264 6136 
9246 3015 3016 3017 
9247 3835 3834 3836 
9248 2084 2086 2087 
9249 4568 4207 4569 
9250 1197 1195 2387 
9251 2721 2736 2737 
9252 3856 3855 3859 
9253 201 4489 4490 
9254 863 864 865 
9255 1091 1092 1123 
9256 1355 1354 1356 
9257 1465 1464 1466 
9258 1791 1789 2969 
9259 2169 2170 2171 
9260 2268 2277 2847 
9261 2364 2362 2428 
9262 2617 2618 5668 
9263 4225 4223 6072 
9264 254 258 259 
9265 2308 1946 2309 
9266 3325 6251 6263 
9267 792 786 827 
9268 930 931 932 
9269 7615 7614 7616 
9270 1258 1260 3168 
9271 1898 1899 1900 
9272 2268 2266 2269 
9273 2685 4227 4228 
9274 183 182 184 
9275 956 957 958 
9276 1868 6134 6135 
9277 2849 3443 3444 
9278 4234 6758 7196 
9279 4365 4791 4792 
9280 249 252 7138 
9281 306 307 308 
9282 375 384 1100 
9283 817 818 1080 
9284 1086 1085 1106 
9285 1133 1134 1135 
9286 6926 3418 6927 
9287 1900 1899 1901 
9288 2769 2768 2770 
9289 5973 5974 5975 
9290 849 848 850 
9291 1228 1229 1230 
9292 2160 2161 2162 
9293 2624 2625 2626 
9294 3969 3965 4722 
9295 187 186 188 
9296 609 611 2425 
9297 4698 2040 5280 
9298 2755 2757 2758 
9299 3250 3249 3251 
9300 3284 3285 3286 
9301 4581 3453 4582 
9302 3750 4543 4564 
9303 4603 4256 6164 
9304 4446 4672 6872 
9305 6288 4595 6289 
9306 777 778 779 
9307 2018 2001 3130 
9308 2773 2772 2774 
9309 2825 2824 2834 
9310 3381 3380 3415 
9311 6255 6250 6256 
9312 732 788 817 
9313 185 184 186 
9314 899 900 902 
9315 998 997 999 
9316 1879 1880 1881 
9317 2528 2530 2531 
9318 2891 2738 2892 
9319 3816 3817 3818 
9320 4145 3394 4487 
9321 5065 5066 5067 
9322 1367 1284 1851 
9323 2557 2555 2673 
9324 723 722 1559 
9325 912 911 913 
9326 968 969 970 
9327 1451 1271 1452 
9328 2493 2494 2495 
9329 2871 3387 6982 
9330 234 232 255 
9331 250 253 254 
9332 1738 259 6942 
9333 297 624 625 
9334 664 724 725 
9335 1311 1314 1504 
9336 1419 1417 7303 
9337 2483 2482 2484 
9338 1697 1743 1831 
9339 1961 1962 1980 
9340 2164 2165 2166 
9341 3273 3274 7234 
9342 7222 7221 7225 
9343 3851 3852 4595 
9344 1664 1665 1666 
9345 171 173 174 
9346 4551 4552 4962 
9347 3800 3799 3829 
9348 5833 6980 7539 
9349 1881 1883 3209 
9350 1889 1890 1891 
9351 6685 6354 7322 
9352 708 706 709 
9353 714 713 715 
9354 1651 1652 1653 
9355 1719 1721 1722 
9356 2854 3012 3014 
9357 1217 1391 1392 
9358 1548 3265 6841 
9359 4181 4293 5267 
9360 338 339 340 
9361 395 394 396 
9362 443 441 445 
9363 453 455 613 
9364 468 525 526 
9365 643 669 670 
9366 670 727 728 
9367 1628 1627 1808 
9368 1772 1773 1774 
9369 3813 3814 3816 
9370 5046 5045 5047 
9371 1141 1138 1142 
9372 1552 1549 1553 
9373 1613 1614 4808 
9374 3164 3165 3166 
9375 368 370 372 
9376 1816 1818 1819 
9377 1875 1879 1920 
9378 2270 2851 3414 
9379 2067 4721 7145 
9380 4136 4832 5964 
9381 9300 9255 9317 
9382 667 660 668 
9383 2847 2277 3029 
9384 2698 2859 3439 
9385 2780 2781 2782 
9386 5615 5616 5618 
9387 7461 7463 7464 
9388 1162 1160 1163 
9389 470 518 519 
9390 906 671 2149 
9391 764 763 765 
9392 770 800 802 
9393 3043 2604 3661 
9394 2832 2830 6844 
9395 2934 2935 3584 
9396 1088 1089 1095 
9397 2784 2783 2785 
9398 3565 3564 4123 
9399 377 379 380 
9400 830 897 898 
9401 1795 1793 2988 
9402 2679 3151 3152 
9403 2549 2548 4260 
9404 208 210 239 
9405 211 209 212 
9406 213 212 238 
9407 259 260 265 
9408 302 304 1486 
9409 569 570 571 
9410 1102 573 2588 
9411 637 654 655 
9412 1155 1153 1156 
9413 1854 1855 2611 
9414 2076 2075 2077 
9415 3365 3367 3368 
9416 3370 4796 4926 
9417 635 633 2932 
9418 1687 1696 1697 
9419 2461 2497 2498 
9420 2168 2167 2178 
9421 4262 4389 4391 
9422 171 174 175 
9423 177 178 179 
9424 185 186 187 
9425 204 205 206 
9426 320 319 321 
9427 486 488 489 
9428 512 508 6707 
9429 509 510 511 
9430 519 620 621 
9431 523 522 524 
9432 558 559 560 
9433 566 563 567 
9434 1330 1332 7316 
9435 3647 3260 3648 
9436 179 180 181 
9437 885 886 887 
9438 1206 1207 1208 
9439 193 192 194 
9440 2547 2546 2548 
9441 3491 3340 4331 
9442 4604 5045 5046 
9443 4250 4249 4251 
9444 344 345 346 
9445 792 828 5776 
9446 814 815 816 
9447 2037 2011 2870 
9448 2080 2078 2081 
9449 5502 5501 5505 
9450 5648 5647 5649 
9451 6326 6325 6354 
9452 3994 3992 4709 
9453 235 240 2372 
9454 1324 1323 1325 
9455 5252 5250 6857 
9456 206 207 208 
9457 208 209 210 
9458 214 215 216 
9459 227 228 229 
9460 242 243 246 
9461 302 303 304 
9462 535 536 537 
9463 664 663 724 
9464 775 776 777 
9465 779 780 782 
9466 1056 1060 1061 
9467 1140 1141 1143 
9468 1321 1324 7022 
9469 1905 1906 1909 
9470 1997 1996 1998 
9471 2701 2797 3699 
9472 3911 5258 5259 
9473 1161 1160 1162 
9474 2622 2623 2624 
9475 3236 3935 4210 
9476 4178 4180 4182 
9477 2851 3433 3435 
9478 1121 1122 1245 
9479 3766 3453 4581 
9480 3945 3899 5859 
9481 3894 3694 3895 
9482 4428 4427 4429 
9483 7739 7502 7740 
9484 1904 1902 4752 
9485 250 248 253 
9486 364 376 377 
9487 908 587 909 
9488 859 861 863 
9489 995 994 996 
9490 1314 1315 1318 
9491 1866 1983 1984 
9492 2352 2351 2353 
9493 4215 4213 4217 
9494 4903 8338 8356 
9495 6822 4976 6823 
9496 5980 5977 5981 
9497 7220 7218 7221 
9498 1000 999 1001 
9499 1690 1688 1852 
9500 1879 1878 1880 
9501 204 206 2409 
9502 206 208 6747 
9503 227 229 2385 
9504 288 287 289 
9505 872 873 875 
9506 1092 1079 1414 
9507 1132 1130 2586 
9508 2391 2393 4158 
9509 2442 2441 2443 
9510 2444 2443 2445 
9511 3462 3239 3587 
9512 371 369 1108 
9513 958 960 961 
9514 1638 1639 1640 
9515 6037 6038 6039 
9516 170 169 171 
9517 2183 2182 2184 
9518 4257 4251 6560 
9519 4252 4253 4254 
9520 822 2440 7347 
9521 928 927 929 
9522 1143 1144 1145 
9523 1157 1158 1159 
9524 2346 2348 3567 
9525 3611 2670 3612 
9526 3775 3774 3867 
9527 6309 4089 6310 
9528 2776 2774 2777 
9529 188 186 343 
9530 838 836 2045 
9531 855 853 4289 
9532 898 897 899 
9533 1794 1795 1796 
9534 3906 4435 5089 
9535 1211 1209 1213 
9536 2550 2551 2552 
9537 4228 4229 4230 
9538 4318 4316 5228 
9539 2997 2994 3262 
9540 1356 1382 1383 
9541 1468 1466 1469 
9542 2028 2026 3463 
9543 7260 7261 7262 
9544 1739 646 6946 
9545 1069 1071 1075 
9546 1705 1603 3217 
9547 1732 1733 1734 
9548 1918 2826 4793 
9549 1145 1146 1147 
9550 1150 1151 1152 
9551 1281 1441 2591 
9552 1304 1303 1305 
9553 1411 1516 1546 
9554 2684 1923 3200 
9555 2502 2504 2526 
9556 2558 2559 2560 
9557 2798 3375 3376 
9558 4807 3300 7023 
9559 3623 3624 6683 
9560 4021 4020 4022 
9561 4378 3119 4894 
9562 189 190 191 
9563 195 196 197 
9564 731 197 3260 
9565 341 350 5956 
9566 784 351 7089 
9567 385 612 2160 
9568 408 407 410 
9569 428 426 2301 
9570 447 449 6510 
9571 475 476 477 
9572 830 896 897 
9573 4152 3065 6720 
9574 3387 3388 3748 
9575 3943 3942 4720 
9576 4173 4779 4780 
9577 2611 2682 2970 
9578 4833 3663 7420 
9579 5094 4616 5160 
9580 9334 1736 9352 
9581 2171 2172 2173 
9582 4356 3874 4640 
9583 216 218 2338 
9584 2446 2445 2447 
9585 4203 4206 4208 
9586 4255 4472 7795 
9587 334 335 336 
9588 444 447 520 
9589 1529 1645 1646 
9590 2139 2137 6536 
9591 1212 1191 8532 
9592 2212 2213 2214 
9593 3041 1945 3105 
9594 2072 2069 2075 
9595 3144 3932 7673 
9596 5638 3369 7930 
9597 4168 3395 4169 
9598 4321 4320 4322 
9599 5084 4451 7146 
9600 9244 9248 9298 
9601 528 524 529 
9602 621 636 637 
9603 795 796 797 
9604 1372 1536 1537 
9605 1424 1425 1426 
9606 1537 1829 6832 
9607 2025 2024 8983 
9608 3809 3810 3811 
9609 219 217 2676 
9610 276 275 277 
9611 286 285 287 
9612 1072 1070 1178 
9613 1136 1134 1137 
9614 1421 1419 1850 
9615 1465 1466 1468 
9616 3040 3459 6426 
9617 3934 3235 3936 
9618 3903 3478 5054 
9619 6518 4226 7654 
9620 618 619 631 
9621 659 660 667 
9622 703 702 2332 
9623 1455 1456 1589 
9624 1939 1938 2824 
9625 3041 3105 3106 
9626 6214 6215 6216 
9627 239 210 3223 
9628 216 217 218 
9629 284 286 299 
9630 647 648 657 
9631 3106 3105 3752 
9632 3691 3255 3709 
9633 3519 3520 4670 
9634 5914 6735 6736 
9635 6149 6148 6150 
9636 2970 2972 3677 
9637 4957 3166 6822 
9638 2753 2752 2754 
9639 3829 3799 4336 
9640 4475 4474 4476 
9641 5300 5015 5301 
9642 697 695 700 
9643 1621 1620 7478 
9644 2116 2117 2118 
9645 6848 6847 6849 
9646 188 343 344 
9647 1934 1932 1935 
9648 9478 9476 9479 
9649 193 194 195 
9650 290 289 291 
9651 667 668 702 
9652 944 943 945 
9653 1068 1066 2111 
9654 1511 1361 1512 
9655 1633 1630 7119 
9656 2049 3093 3095 
9657 3361 3327 3641 
9658 3402 3401 4517 
9659 3543 3545 4617 
9660 4383 4913 5207 
9661 6212 6213 6214 
9662 1253 1251 1287 
9663 251 247 6696 
9664 833 835 7493 
9665 1761 1401 1762 
9666 1974 1676 3088 
9667 1999 1998 7851 
9668 2724 2725 2726 
9669 4663 4665 5191 
9670 4841 5994 7209 
9671 2253 2252 2750 
9672 2966 2965 3657 
9673 3162 3157 6116 
9674 948 949 950 
9675 1599 1598 1600 
9676 1666 1665 1667 
9677 2032 2040 3527 
9678 4618 4619 4620 
9679 284 283 285 
9680 292 291 293 
9681 694 693 695 
9682 1087 820 1295 
9683 1125 1096 1126 
9684 1509 1517 1518 
9685 1534 1533 6244 
9686 2516 2515 2517 
9687 696 695 697 
9688 825 829 830 
9689 893 921 922 
9690 1084 1083 1104 
9691 1192 1191 1193 
9692 1194 1193 1195 
9693 1273 1346 2947 
9694 1365 1524 1966 
9695 1790 1791 1792 
9696 2015 1807 2016 
9697 1916 1918 1919 
9698 2456 2458 2463 
9699 2563 2562 2564 
9700 3711 4909 4910 
9701 4283 4281 4422 
9702 4413 6109 6110 
9703 4460 5461 5462 
9704 5106 5105 5107 
9705 766 799 1756 
9706 2796 2998 2999 
9707 2811 2812 2813 
9708 5342 5343 5522 
9709 1226 1224 1227 
9710 1749 1748 1750 
9711 4544 3574 6087 
9712 1201 1218 7006 
9713 1966 1967 5779 
9714 2363 2365 2391 
9715 1204 1203 1205 
9716 1252 1253 1254 
9717 2017 2899 3234 
9718 2175 2181 2217 
9719 2179 2177 2180 
9720 3236 3934 3935 
9721 3303 3306 6559 
9722 831 832 833 
9723 997 994 7405 
9724 2172 2170 4220 
9725 2663 2662 2664 
9726 5882 5880 6482 
9727 172 170 3242 
9728 974 973 975 
9729 1001 999 2312 
9730 3151 2904 3581 
9731 4836 5149 8712 
9732 1077 1110 1111 
9733 1626 1623 1627 
9734 1983 1682 5910 
9735 2423 2204 3379 
9736 2265 2266 2268 
9737 326 328 2341 
9738 395 396 397 
9739 397 398 399 
9740 758 756 759 
9741 795 797 2358 
9742 1334 1333 1335 
9743 2037 2870 2871 
9744 3274 3674 3675 
9745 5594 4989 6771 
9746 5246 5245 5247 
9747 350 351 781 
9748 381 382 618 
9749 399 400 401 
9750 401 402 403 
9751 405 406 471 
9752 411 413 1388 
9753 419 421 423 
9754 475 473 476 
9755 585 586 590 
9756 672 673 674 
9757 852 853 854 
9758 866 864 1978 
9759 1024 1023 1030 
9760 1044 1487 8332 
9761 1048 1047 1051 
9762 1061 6817 6818 
9763 1217 1215 1391 
9764 1241 1238 3220 
9765 1318 1319 1455 
9766 1438 1440 1482 
9767 2090 2089 2092 
9768 2095 2094 2097 
9769 2451 2453 2542 
9770 2476 2477 2478 
9771 3303 3302 3304 
9772 4022 4705 5297 
9773 4138 4749 4750 
9774 4797 4798 4804 
9775 197 196 198 
9776 340 339 341 
9777 387 388 389 
9778 442 443 444 
9779 2696 442 6943 
9780 444 446 447 
9781 453 454 455 
9782 455 456 457 
9783 599 471 600 
9784 616 615 617 
9785 643 642 669 
9786 749 748 761 
9787 1768 1767 1769 
9788 2511 2512 6221 
9789 2519 2522 2523 
9790 2715 2718 7153 
9791 3031 3032 3033 
9792 5241 5240 5544 
9793 198 199 200 
9794 326 325 327 
9795 336 335 337 
9796 425 426 427 
9797 451 452 453 
9798 482 483 484 
9799 491 490 492 
9800 497 496 498 
9801 549 548 551 
9802 638 628 639 
9803 656 654 665 
9804 1018 1019 1025 
9805 1187 1186 1188 
9806 1268 1267 1438 
9807 1355 1356 7445 
9808 1482 1483 1618 
9809 3047 3046 3503 
9810 3125 3124 3496 
9811 3809 3807 3810 
9812 6827 4290 7532 
9813 7256 4346 7910 
9814 321 319 323 
9815 486 487 488 
9816 501 500 502 
9817 507 506 508 
9818 967 2608 6417 
9819 1502 1445 1503 
9820 1988 1987 2978 
9821 2523 2527 2528 
9822 2428 2362 6365 
9823 191 192 193 
9824 201 199 4489 
9825 208 207 209 
9826 216 215 217 
9827 227 226 228 
9828 311 309 312 
9829 313 312 314 
9830 566 569 4295 
9831 1033 1032 1054 
9832 1059 1352 1353 
9833 1135 1134 1136 
9834 1420 1419 1421 
9835 1427 2459 6662 
9836 2271 2916 4734 
9837 2444 2445 2446 
9838 2576 3577 3578 
9839 3422 3478 3903 
9840 4028 3460 7318 
9841 4527 3926 5319 
9842 4383 4912 4913 
9843 4447 4448 4508 
9844 712 711 729 
9845 1245 1877 6146 
9846 1429 1677 3956 
9847 3007 3008 7635 
9848 231 230 232 
9849 233 232 234 
9850 235 234 236 
9851 747 743 2054 
9852 1275 1181 1276 
9853 1418 1417 1419 
9854 1575 1837 1838 
9855 3995 3996 3997 
9856 4181 4179 4293 
9857 4240 4241 4242 
9858 294 293 295 
9859 1389 314 1574 
9860 359 374 375 
9861 497 499 527 
9862 564 562 2345 
9863 566 567 569 
9864 645 624 2303 
9865 746 819 907 
9866 987 988 1121 
9867 1102 2588 2985 
9868 1187 1189 2108 
9869 1324 1325 1326 
9870 1348 1347 7036 
9871 1385 1449 1450 
9872 1463 1461 1464 
9873 1493 1494 1498 
9874 1753 1755 2617 
9875 2059 4092 4093 
9876 2160 2162 4483 
9877 2483 2484 2485 
9878 3460 3461 3875 
9879 4594 4873 4874 
9880 252 256 257 
9881 262 263 264 
9882 721 723 987 
9883 966 965 967 
9884 2189 2190 2193 
9885 2679 3152 7280 
9886 7263 7264 7265 
9887 356 366 4309 
9888 734 735 736 
9889 963 971 1298 
9890 2432 1326 3981 
9891 640 634 641 
9892 813 811 892 
9893 1081 2695 7413 
9894 1254 1256 1586 
9895 1296 1403 1404 
9896 2487 2489 2491 
9897 2508 2510 2511 
9898 6647 6646 9295 
9899 9143 9139 9144 
9900 1298 1299 1300 
9901 3362 3361 3364 
9902 3959 3958 3960 
9903 328 329 330 
9904 382 373 4165 
9905 589 588 593 
9906 1422 1423 1424 
9907 1501 4408 4902 
9908 368 367 369 
9909 618 631 1501 
9910 640 659 2590 
9911 660 641 3045 
9912 704 668 705 
9913 1273 741 1274 
9914 807 808 810 
9915 1502 1590 2371 
9916 1569 1570 1691 
9917 1831 2799 2801 
9918 2456 2455 2457 
9919 3314 3313 3315 
9920 3922 3923 3924 
9921 4305 4304 4306 
9922 4525 4524 4526 
9923 5072 5065 7620 
9924 634 633 635 
9925 2138 2137 2139 
9926 2705 2706 2707 
9927 3571 5583 7079 
9928 4307 4306 4308 
9929 939 937 1098 
9930 1728 1727 1729 
9931 1835 1836 1858 
9932 1883 1882 1884 
9933 2103 2104 2105 
9934 2593 2592 2594 
9935 2603 2905 2906 
9936 3375 2820 3419 
9937 2829 2828 2830 
9938 3794 3860 3861 
9939 3985 3984 3986 
9940 777 779 3188 
9941 932 934 2331 
9942 2866 3085 3086 
9943 3474 3104 3741 
9944 3384 4501 4502 
9945 3650 3629 6529 
9946 278 277 279 
9947 862 1041 2943 
9948 948 945 949 
9949 1174 1250 1251 
9950 1636 1635 1637 
9951 1686 1685 2671 
9952 2883 3213 3891 
9953 222 223 225 
9954 1264 1263 1294 
9955 1311 1312 1314 
9956 1458 1457 1459 
9957 1611 1610 1612 
9958 2141 2139 2146 
9959 3048 2060 3049 
9960 3438 3594 3851 
9961 4982 4200 6595 
9962 6597 4205 7780 
9963 6002 6001 6003 
9964 2393 2395 6624 
9965 2861 3119 4378 
9966 5596 5595 5597 
9967 2283 2281 2284 
9968 4043 2332 6121 
9969 9256 9257 9326 
9970 1910 1911 1912 
9971 1916 1917 1918 
9972 2068 2069 2071 
9973 229 230 231 
9974 246 247 248 
9975 259 258 260 
9976 269 270 271 
9977 1915 1914 1916 
9978 3325 3324 6251 
9979 3854 3853 3855 
9980 4081 4082 5641 
9981 5970 5971 5978 
9982 842 844 845 
9983 1771 1769 2941 
9984 1808 2679 7280 
9985 2202 2203 2204 
9986 1798 1799 1800 
9987 470 519 1390 
9988 486 485 487 
9989 491 493 1813 
9990 513 512 516 
9991 560 563 566 
9992 638 647 649 
9993 704 706 708 
9994 710 713 714 
9995 1500 1579 1580 
9996 1888 1886 1938 
9997 2278 2269 2279 
9998 2364 2428 2429 
9999 2489 2488 2490 
10000 2974 2975 3644 
10001 3043 3661 3662 
10002 3346 3344 3634 
10003 3807 3805 3808 
10004 1436 1437 1474 
10005 3766 4581 4975 
10006 948 950 3263 
10007 3879 3878 3880 
10008 2092 2089 2110 
10009 2229 2230 2748 
10010 2553 2555 2556 
10011 1400 768 1401 
10012 4044 4045 6937 
10013 5822 1649 7708 
10014 2049 2048 3093 
10015 5614 5613 5617 
10016 3909 3908 3952 
10017 1279 1126 1280 
10018 4101 4292 5371 
10019 849 850 851 
10020 1202 1204 1220 
10021 2114 2115 2116 
10022 2221 2218 2222 
10023 2374 6791 7752 
10024 3037 3036 3098 
10025 961 962 963 
10026 1107 1281 1282 
10027 1109 1108 1175 
10028 1569 1567 1570 
10029 2493 2495 2525 
10030 6331 6332 6333 
10031 725 734 7300 
10032 1263 1261 3392 
10033 2127 2129 2130 
10034 2146 2139 6536 
10035 2087 2086 2088 
10036 3968 4627 4628 
10037 361 342 362 
10038 419 418 420 
10039 2122 2121 2123 
10040 644 5947 7061 
10041 683 682 684 
10042 691 689 2113 
10043 1640 1708 1709 
10044 2032 2039 2040 
10045 4906 4146 8130 
10046 5299 5015 5300 
10047 1248 1234 1249 
10048 7343 1736 9334 
10049 2327 2325 2329 
10050 3859 3855 3983 
10051 316 317 318 
10052 327 325 3067 
10053 331 329 378 
10054 734 736 4221 
10055 963 962 964 
10056 1053 1056 1057 
10057 1775 1773 2949 
10058 2130 2131 2132 
10059 2132 2133 2134 
10060 2481 2480 2482 
10061 2495 2496 2500 
10062 3503 3046 6990 
10063 3957 3958 3959 
10064 6302 7955 8068 
10065 405 471 599 
10066 440 442 2696 
10067 462 464 6552 
10068 465 463 467 
10069 552 553 554 
10070 758 759 760 
10071 1300 1299 1301 
10072 1324 2432 7022 
10073 1766 1767 1768 
10074 3150 3190 3518 
10075 1939 2825 2827 
10076 1180 1181 1275 
10077 1192 1193 1194 
10078 8036 2261 8479 
10079 1858 2839 3215 
10080 3093 2048 3094 
10081 5409 5408 5410 
10082 9363 9361 9364 
10083 324 325 326 
10084 529 530 531 
10085 547 548 549 
10086 554 555 556 
10087 603 604 605 
10088 887 889 2436 
10089 1035 7017 8274 
10090 1050 1076 1077 
10091 3173 3172 3174 
10092 4099 3553 4724 
10093 894 322 895 
10094 479 1036 1037 
10095 554 556 2573 
10096 582 591 592 
10097 1362 1363 1603 
10098 1430 1415 2657 
10099 1618 1483 1619 
10100 2459 1495 3299 
10101 6007 2959 6009 
10102 7094 8131 8298 
10103 593 588 3206 
10104 719 720 721 
10105 1176 1175 1269 
10106 3993 3995 5238 
10107 2073 2074 4690 
10108 3798 3797 3799 
10109 786 783 787 
10110 805 807 2430 
10111 2338 218 6496 
10112 277 275 2574 
10113 293 291 4104 
10114 657 658 661 
10115 3478 3039 4842 
10116 1741 1679 2699 
10117 1680 1742 1848 
10118 1225 1224 1226 
10119 2556 2555 2557 
10120 3021 3020 3022 
10121 6907 4397 7212 
10122 6612 6350 6614 
10123 1799 1797 1856 
10124 6331 6329 6332 
10125 177 179 1310 
10126 333 334 360 
10127 544 542 3044 
10128 869 871 872 
10129 1048 1052 1053 
10130 2361 1470 2362 
10131 2135 2133 2147 
10132 952 953 954 
10133 2219 2220 2226 
10134 383 374 1979 
10135 573 572 574 
10136 2440 2442 6799 
10137 9322 9323 9324 
10138 845 844 846 
10139 1396 1395 1397 
10140 2620 2621 2622 
10141 2810 2809 2811 
10142 5628 5850 7371 
10143 2178 2182 2183 
10144 1620 1479 2046 
10145 2395 2396 2397 
10146 3250 3251 3252 
10147 5739 5738 5740 
10148 1223 1224 1225 
10149 2356 2927 2928 
10150 4260 2548 4261 
10151 6338 6337 6339 
10152 352 349 353 
10153 4784 360 4785 
10154 796 794 821 
10155 1064 1062 1308 
10156 1762 1763 1764 
10157 4107 4108 5221 
10158 738 737 739 
10159 1311 1276 1312 
10160 1296 1402 1403 
10161 1629 1615 3196 
10162 2243 2235 2245 
10163 1342 3139 4376 
10164 1515 1514 1548 
10165 1941 2855 2857 
10166 5497 2286 5795 
10167 2393 2392 2394 
10168 3168 6302 7337 
10169 6846 4216 6847 
10170 4445 4446 4447 
10171 5073 5592 6469 
10172 2072 2075 2076 
10173 1180 1162 1181 
10174 2427 2426 2546 
10175 6322 6323 6324 
10176 4278 4279 4280 
10177 364 363 376 
10178 526 581 582 
10179 548 546 550 
10180 748 729 750 
10181 1011 1012 1013 
10182 1018 1017 1019 
10183 1778 1780 3050 
10184 1953 1954 1955 
10185 2027 2028 2334 
10186 3124 2879 3233 
10187 3528 3933 4018 
10188 4473 4256 4603 
10189 683 685 686 
10190 690 691 692 
10191 803 773 804 
10192 819 820 1087 
10193 963 964 971 
10194 1327 1328 1329 
10195 2851 2850 3433 
10196 2831 2830 2832 
10197 4301 4303 4386 
10198 1840 1842 1944 
10199 6535 8299 8757 
10200 1889 1891 6494 
10201 356 365 366 
10202 411 410 412 
10203 1022 1023 1024 
10204 3256 3691 3692 
10205 692 693 694 
10206 694 695 696 
10207 1198 1200 2412 
10208 1201 1199 1218 
10209 1984 3171 5920 
10210 2191 2198 2200 
10211 2315 2316 2317 
10212 9274 9275 9276 
10213 606 604 798 
10214 1028 1032 1033 
10215 1535 1509 6995 
10216 2712 2714 2715 
10217 6336 6338 6345 
10218 1256 1257 1258 
10219 2067 2065 4721 
10220 4212 4213 4214 
10221 6333 6334 6336 
10222 381 373 382 
10223 814 816 4248 
10224 942 943 944 
10225 1922 1921 1923 
10226 3316 3318 3319 
10227 3439 3779 3780 
10228 4321 4322 4420 
10229 4652 4651 6438 
10230 4889 4888 4988 
10231 7268 7258 8236 
10232 429 431 1035 
10233 869 868 871 
10234 1008 1007 1010 
10235 1619 1483 6719 
10236 3820 3817 7257 
10237 6353 6359 6360 
10238 9490 9491 9492 
10239 1754 8570 8626 
10240 2064 2062 2065 
10241 3165 3163 3453 
10242 1993 2819 4562 
10243 4723 5472 5473 
10244 3026 3025 3027 
10245 1258 1259 1260 
10246 6456 6455 6457 
10247 916 915 917 
10248 1205 1203 2405 
10249 455 454 456 
10250 4083 2042 6634 
10251 5008 3982 5578 
10252 6398 5821 6511 
10253 3998 3999 4000 
10254 202 203 204 
10255 326 327 328 
10256 482 484 3219 
10257 577 578 579 
10258 1187 1188 1189 
10259 5908 2713 7862 
10260 3310 3311 3312 
10261 3345 3346 3347 
10262 4131 3917 4731 
10263 826 815 2061 
10264 1594 1644 1704 
10265 1683 1684 6388 
10266 2833 6944 7378 
10267 3498 984 3500 
10268 4001 4002 6172 
10269 4066 4065 4067 
10270 1649 1648 1650 
10271 4416 3485 4418 
10272 191 193 2369 
10273 2093 2094 2095 
10274 1148 1146 1149 
10275 1346 1825 1826 
10276 4756 4757 4891 
10277 3677 3686 5962 
10278 2385 229 6932 
10279 235 236 240 
10280 289 287 626 
10281 294 296 298 
10282 1136 1138 1140 
10283 2442 2444 3231 
10284 3271 3272 3273 
10285 1543 1542 1544 
10286 1202 1203 1204 
10287 574 576 577 
10288 3025 3024 4576 
10289 3337 3200 3374 
10290 4167 5944 7298 
10291 934 935 936 
10292 4198 4197 4199 
10293 4260 7248 7293 
10294 7854 8355 8423 
10295 2183 2185 2274 
10296 1316 1264 1317 
10297 201 4491 6810 
10298 646 645 663 
10299 1131 1132 1133 
10300 3520 3517 4463 
10301 2798 2545 2820 
10302 3543 3544 3545 
10303 916 918 6829 
10304 996 994 997 
10305 3040 1945 3041 
10306 2176 2177 2179 
10307 3293 4701 4828 
10308 3536 3537 3539 
10309 681 678 682 
10310 2017 2898 2899 
10311 2180 2177 2944 
10312 198 196 199 
10313 427 426 428 
10314 457 456 459 
10315 755 756 757 
10316 1237 1238 1239 
10317 2533 2532 2534 
10318 3033 3032 3034 
10319 3896 3897 3898 
10320 4683 4684 4685 
10321 716 717 719 
10322 2487 2486 2488 
10323 3119 3118 3457 
10324 252 257 1413 
10325 2694 2804 2805 
10326 2760 2759 2761 
10327 4487 4781 4929 
10328 859 857 861 
10329 3693 3694 3894 
10330 1366 1284 1367 
10331 2758 2757 2759 
10332 3668 3669 4074 
10333 5014 4680 5016 
10334 9296 9268 9311 
10335 6496 224 7814 
10336 2287 2284 2383 
10337 2572 2989 2990 
10338 4097 4416 4417 
10339 5174 5173 5175 
10340 1648 1647 2389 
10341 2000 1839 2587 
10342 5694 5693 5696 
10343 6314 3952 7685 
10344 5285 5287 5288 
10345 434 432 435 
10346 436 435 437 
10347 676 674 677 
10348 721 720 722 
10349 767 762 1582 
10350 1969 3065 3187 
10351 2680 2377 2681 
10352 3334 3608 3609 
10353 3658 3659 4371 
10354 690 689 691 
10355 721 722 723 
10356 1100 1129 4191 
10357 2348 2347 2349 
10358 347 339 7297 
10359 392 390 2589 
10360 417 416 418 
10361 2977 1783 6606 
10362 2438 2439 2466 
10363 6358 6357 6361 
10364 1993 1992 2819 
10365 2461 2498 2641 
10366 3713 2894 3714 
10367 3780 3834 3835 
10368 4653 4652 4654 
10369 1916 1914 1917 
10370 4073 4761 4762 
10371 7923 7922 7924 
10372 2611 1855 2682 
10373 1863 1862 1864 
10374 4026 4174 5342 
10375 2550 2552 3554 
10376 701 1050 4113 
10377 1095 1089 1096 
10378 1196 1195 1197 
10379 2560 2559 2562 
10380 366 367 368 
10381 667 703 6620 
10382 1208 1207 1209 
10383 1221 1223 4163 
10384 1232 1231 1234 
10385 3483 2898 3484 
10386 916 917 918 
10387 4325 3476 4918 
10388 3522 3703 3704 
10389 4481 3703 5954 
10390 457 460 2382 
10391 597 615 616 
10392 672 674 675 
10393 1013 1012 1020 
10394 1031 1047 1048 
10395 1048 1051 1052 
10396 2291 3498 3499 
10397 3351 3352 3353 
10398 3353 3354 3355 
10399 4231 4219 4232 
10400 195 197 731 
10401 336 338 2384 
10402 629 630 651 
10403 680 678 681 
10404 833 834 835 
10405 2519 2518 2522 
10406 3171 3172 3173 
10407 3191 3651 5685 
10408 6650 6649 6651 
10409 902 900 903 
10410 1371 1182 4147 
10411 6122 1599 6763 
10412 2115 2044 4743 
10413 2202 2204 2423 
10414 3571 5582 5583 
10415 4954 3744 5261 
10416 899 897 900 
10417 1343 1344 1408 
10418 4305 4307 4986 
10419 418 416 4151 
10420 440 441 442 
10421 6119 587 6993 
10422 908 909 910 
10423 910 911 912 
10424 1240 1434 1435 
10425 1270 1271 1451 
10426 1356 1383 1384 
10427 3353 3352 3354 
10428 597 595 615 
10429 738 741 1273 
10430 893 892 921 
10431 1054 1032 3208 
10432 1288 1289 1290 
10433 2613 2612 2614 
10434 2999 3411 3413 
10435 3813 3812 3814 
10436 361 629 4157 
10437 1020 1012 1021 
10438 423 425 6129 
10439 529 524 530 
10440 607 606 608 
10441 754 752 3690 
10442 896 1082 3293 
10443 1014 1016 4135 
10444 2004 1706 2005 
10445 1786 1787 1788 
10446 2435 1979 3637 
10447 2185 2186 2187 
10448 2323 2580 7083 
10449 3373 2534 7813 
10450 3047 3503 6407 
10451 526 582 1737 
10452 730 729 748 
10453 1422 1421 1423 
10454 1538 1432 1539 
10455 1491 1493 2378 
10456 2361 2362 2363 
10457 2880 2879 3124 
10458 3345 3344 3346 
10459 208 239 6747 
10460 484 485 486 
10461 657 648 658 
10462 785 790 791 
10463 1618 1619 1952 
10464 1753 1752 1754 
10465 2189 2193 2195 
10466 2207 2206 2232 
10467 3264 6912 7364 
10468 6899 4867 7803 
10469 218 217 219 
10470 341 339 347 
10471 408 410 411 
10472 429 428 430 
10473 539 538 540 
10474 599 601 2386 
10475 1002 1003 1004 
10476 1067 1066 1068 
10477 1489 1490 1491 
10478 2068 2071 2073 
10479 2440 2441 2442 
10480 4266 3656 4327 
10481 3717 3715 3718 
10482 4093 4713 4714 
10483 4491 4492 4493 
10484 280 281 282 
10485 269 268 270 
10486 271 270 272 
10487 286 287 288 
10488 308 307 309 
10489 987 723 988 
10490 817 788 818 
10491 938 937 939 
10492 940 939 941 
10493 967 965 2608 
10494 1133 1132 1134 
10495 1154 1153 1155 
10496 1338 1339 1340 
10497 1431 1340 1432 
10498 1342 2042 3139 
10499 1762 1401 1763 
10500 1462 1461 1463 
10501 6419 6423 7055 
10502 1295 820 1297 
10503 936 937 938 
10504 953 951 1583 
10505 257 261 262 
10506 265 348 4149 
10507 304 305 306 
10508 352 354 355 
10509 594 593 744 
10510 717 715 718 
10511 725 733 734 
10512 1069 1070 1071 
10513 1995 3237 3238 
10514 2346 2347 2348 
10515 2583 2582 3111 
10516 3310 3312 3320 
10517 4834 4790 6073 
10518 3651 1168 4268 
10519 2132 2131 2133 
10520 2134 2133 2135 
10521 3109 2417 3110 
10522 4024 3591 4025 
10523 6320 6321 6322 
10524 577 579 4719 
10525 925 926 3146 
10526 1608 1606 1804 
10527 738 739 741 
10528 978 980 1815 
10529 1107 1282 1320 
10530 1380 1381 1519 
10531 1459 1457 4291 
10532 2763 2761 2765 
10533 923 921 1454 
10534 1456 1457 1458 
10535 1629 3196 4072 
10536 1719 1718 1721 
10537 2502 2501 2503 
10538 1084 1104 1105 
10539 1302 1303 1304 
10540 1826 1825 1959 
10541 2006 2886 3486 
10542 423 421 424 
10543 438 437 439 
10544 1304 1305 1360 
10545 1816 1819 1822 
10546 1939 2824 2825 
10547 2465 2476 5814 
10548 3338 3426 3427 
10549 4019 4020 4021 
10550 785 791 793 
10551 956 954 957 
10552 1377 1317 3004 
10553 3791 3792 3793 
10554 5530 5531 8035 
10555 7618 7617 9498 
10556 954 953 7018 
10557 5924 5925 5926 
10558 915 913 1103 
10559 1232 1234 1236 
10560 2856 1942 2858 
10561 3197 2042 4083 
10562 3511 3030 3512 
10563 6335 6332 6668 
10564 4292 6933 7577 
10565 4453 4332 8006 
10566 2401 2842 3107 
10567 3964 3965 3967 
10568 4308 4485 4486 
10569 3178 3275 3276 
10570 5273 3947 5318 
10571 1820 2055 2056 
10572 2509 2536 3865 
10573 2556 2557 2558 
10574 3740 3739 4946 
10575 3974 3972 3975 
10576 5430 5432 5433 
10577 2333 2575 2609 
10578 1260 1259 1261 
10579 1709 2036 6632 
10580 1625 1623 1626 
10581 2120 2121 2122 
10582 2647 2646 2648 
10583 666 712 2933 
10584 1166 1081 7413 
10585 1995 1759 3237 
10586 2599 2600 3138 
10587 782 783 786 
10588 3842 3844 3846 
10589 7906 7904 9528 
10590 7040 657 7084 
10591 4848 4849 4850 
10592 181 180 182 
10593 3017 3016 3018 
10594 472 473 475 
10595 1434 516 1473 
10596 611 622 623 
10597 2090 2093 2406 
10598 2097 2094 2100 
10599 2306 8655 8787 
10600 2925 2648 3066 
10601 2737 2738 2891 
10602 2847 3029 3038 
10603 3846 4441 4442 
10604 1554 1553 1555 
10605 361 362 629 
10606 380 385 386 
10607 472 475 2311 
10608 5326 686 7723 
10609 1443 1505 1506 
10610 2598 2597 2907 
10611 3098 3102 3735 
10612 3164 3163 3165 
10613 4359 4358 4860 
10614 4723 4722 5472 
10615 6813 6429 7969 
10616 265 266 348 
10617 3460 3121 3461 
10618 3238 3237 3239 
10619 3448 3765 5068 
10620 4930 1832 6801 
10621 6082 4874 8273 
10622 3299 1495 3300 
10623 1802 1573 1803 
10624 2420 7000 7001 
10625 4604 4603 5045 
10626 2156 2154 2375 
10627 4918 3476 7979 
10628 701 1049 1050 
10629 9270 9271 9272 
10630 368 369 370 
10631 837 836 838 
10632 1690 1852 1853 
10633 1767 1765 3069 
10634 2446 2448 2449 
10635 2535 2534 2537 
10636 352 353 354 
10637 625 645 646 
10638 1416 1418 1527 
10639 2021 2022 2023 
10640 2126 2127 2128 
10641 6643 6645 6653 
10642 422 469 470 
10643 1780 1781 1782 
10644 959 957 4222 
10645 1183 1094 1184 
10646 2728 2730 2741 
10647 3278 3277 3279 
10648 9488 9489 9490 
10649 2839 1836 3112 
10650 4630 5726 5727 
10651 1910 1912 1913 
10652 4062 4063 4064 
10653 7300 4221 7301 
10654 2504 2505 2506 
10655 637 653 654 
10656 1940 1560 4314 
10657 1702 1701 1703 
10658 2518 2517 2520 
10659 2710 2709 2711 
10660 403 402 404 
10661 993 992 994 
10662 1039 1085 1086 
10663 1226 1227 1228 
10664 4359 4860 4915 
10665 6802 1814 6803 
10666 5477 5478 5499 
10667 1896 1897 1898 
10668 2813 2812 2814 
10669 4649 4650 5539 
10670 6225 6224 6226 
10671 6611 6350 6612 
10672 1065 1066 1067 
10673 2023 2022 2024 
10674 2599 2595 2600 
10675 2389 1647 3333 
10676 6937 4377 7823 
10677 8577 8791 8792 
10678 1111 1110 1286 
10679 1270 757 1271 
10680 841 840 842 
10681 1167 1182 1285 
10682 2277 2269 2278 
10683 3490 3491 3886 
10684 966 968 3259 
10685 1154 1157 1370 
10686 1871 1872 1873 
10687 3437 2835 3438 
10688 981 938 6740 
10689 2565 2564 2566 
10690 4657 4658 4659 
10691 262 264 6441 
10692 2021 2367 7367 
10693 6344 6341 7677 
10694 1638 1640 1845 
10695 1732 1734 2585 
10696 1792 1793 1794 
10697 2322 2323 2324 
10698 4576 3024 4577 
10699 1674 1544 1676 
10700 1174 1251 1252 
10701 1242 1235 1243 
10702 393 392 394 
10703 854 853 855 
10704 2668 2674 3071 
10705 1389 1575 4033 
10706 2183 2184 2185 
10707 2578 3295 4263 
10708 5120 5118 5121 
10709 535 537 565 
10710 1131 1133 1497 
10711 1596 1481 1706 
10712 2606 2607 3074 
10713 1252 1254 6481 
10714 2552 2553 2554 
10715 3156 3157 3158 
10716 3692 3691 4496 
10717 1505 1442 2951 
10718 4033 6680 7393 
10719 1448 1447 1508 
10720 3460 3875 7318 
10721 6645 6646 6647 
10722 2265 2264 2266 
10723 1792 1794 2404 
10724 6577 2302 8525 
10725 3046 1867 3562 
10726 2087 2091 3635 
10727 3577 3579 4172 
10728 4958 4959 5275 
10729 961 960 962 
10730 1300 1302 2672 
10731 1810 1811 1970 
10732 3932 3742 4531 
10733 3854 3856 3857 
10734 3948 4585 5222 
10735 1026 1019 1027 
10736 3649 2953 7887 
10737 3569 3180 3570 
10738 7905 7904 7906 
10739 397 396 398 
10740 3584 2935 4921 
10741 3617 1761 4613 
10742 2540 2539 3161 
10743 2715 2716 2717 
10744 3345 3347 4334 
10745 810 812 814 
10746 923 1454 4235 
10747 1903 1902 1904 
10748 3122 2050 4605 
10749 2343 2106 4161 
10750 2707 2706 2708 
10751 5584 5582 6096 
10752 1043 1044 1045 
10753 1240 1435 1713 
10754 1518 1517 1561 
10755 1398 1397 1399 
10756 1734 1735 1736 
10757 9270 9299 9313 
10758 955 954 956 
10759 3714 2894 3715 
10760 996 997 998 
10761 1384 1383 1385 
10762 2622 2624 3081 
10763 2847 3038 5639 
10764 1713 2879 2880 
10765 2391 2392 2393 
10766 813 892 893 
10767 1077 1112 6756 
10768 3171 3173 4091 
10769 4592 4591 4593 
10770 3680 7051 7713 
10771 1658 1659 1660 
10772 2768 2630 4363 
10773 4463 5950 8185 
10774 6005 6003 6011 
10775 2506 2507 2508 
10776 3316 3317 3318 
10777 1216 1215 1217 
10778 2435 3637 4166 
10779 2810 2816 6636 
10780 3240 253 6728 
10781 909 587 6119 
10782 1332 1331 1333 
10783 2173 2172 2174 
10784 2353 2351 3494 
10785 4240 3578 4241 
10786 5881 5880 5882 
10787 1717 1719 1720 
10788 2251 2252 2253 
10789 2854 2853 3011 
10790 4304 4302 4477 
10791 1634 1635 1636 
10792 2508 2509 2510 
10793 8835 8836 8837 
10794 1609 1608 1610 
10795 5788 2900 7121 
10796 5875 6055 7786 
10797 364 3257 6835 
10798 1866 1682 1983 
10799 3689 2979 4271 
10800 3535 3534 3536 
10801 5022 4992 5023 
10802 1365 1364 1524 
10803 2242 2241 2685 
10804 1907 6571 8206 
10805 2743 2744 2987 
10806 716 715 717 
10807 745 772 774 
10808 1998 2864 5073 
10809 2059 2058 3145 
10810 2197 2235 2236 
10811 3795 3793 3796 
10812 7049 4497 7050 
10813 1585 5635 8300 
10814 5723 3339 6408 
10815 757 756 758 
10816 908 910 2924 
10817 2679 2904 3151 
10818 3224 3223 3225 
10819 3839 3840 3842 
10820 3898 3899 3944 
10821 5657 5656 5658 
10822 6069 6068 6070 
10823 3423 4965 7158 
10824 3126 2414 3133 
10825 2899 3483 7256 
10826 1232 1236 1237 
10827 3828 3825 7259 
10828 5809 5220 5810 
10829 9485 9484 9486 
10830 7458 7460 7461 
10831 309 307 310 
10832 1595 1560 1940 
10833 1662 1661 1663 
10834 3001 2771 7729 
10835 3953 3633 3954 
10836 623 642 643 
10837 1698 2612 2613 
10838 1778 1779 1780 
10839 3729 4146 4905 
10840 6174 8032 8280 
10841 1656 1655 1657 
10842 3527 4698 4715 
10843 4543 6985 6986 
10844 1278 1126 1279 
10845 1854 1589 1855 
10846 1210 1209 1211 
10847 1192 7011 7114 
10848 1444 1377 1445 
10849 2453 2455 2456 
10850 2749 2773 3701 
10851 3357 3358 3623 
10852 5136 5135 5137 
10853 1242 1243 1244 
10854 3227 3225 4364 
10855 760 762 763 
10856 1288 1290 1520 
10857 1498 1494 1499 
10858 2012 2013 2867 
10859 1000 1001 1002 
10860 1450 1514 1515 
10861 1551 1552 2034 
10862 2178 2167 2182 
10863 5881 5882 5884 
10864 1088 903 1089 
10865 906 2149 2150 
10866 2438 2466 2926 
10867 2626 2625 2627 
10868 3804 3806 4413 
10869 3824 3822 3825 
10870 920 1119 1120 
10871 1248 1249 1288 
10872 1770 1769 1771 
10873 2327 2329 2629 
10874 2465 2475 2476 
10875 2680 2681 2745 
10876 3649 7028 7754 
10877 4348 3663 4349 
10878 5191 5192 5543 
10879 1908 1900 1921 
10880 2123 2121 2148 
10881 3837 3838 3839 
10882 5774 5769 5775 
10883 9252 9253 9254 
10884 849 851 852 
10885 1379 1378 1447 
10886 1380 1519 7325 
10887 1823 1547 1824 
10888 3234 3235 3236 
10889 5741 5742 5747 
10890 3135 2146 3291 
10891 2153 2149 4753 
10892 2661 2660 2662 
10893 3816 3814 3817 
10894 6253 6252 6260 
10895 6323 6325 6326 
10896 472 466 473 
10897 1597 1522 1867 
10898 1776 1775 1777 
10899 3144 3742 3932 
10900 3821 3819 3822 
10901 4610 5167 5168 
10902 554 553 555 
10903 918 920 1177 
10904 1010 1007 2158 
10905 1155 1156 8091 
10906 3811 3810 3812 
10907 4026 4025 4027 
10908 547 546 548 
10909 863 865 2654 
10910 2871 3385 3386 
10911 6341 6342 7677 
10912 651 1415 1430 
10913 781 784 785 
10914 795 794 796 
10915 1078 1046 1079 
10916 1784 1783 1785 
10917 2391 2365 2392 
10918 3521 3176 3522 
10919 316 318 3211 
10920 5828 2884 5829 
10921 4798 4799 4800 
10922 6533 6534 6535 
10923 822 904 2440 
10924 1704 1644 1847 
10925 3056 4099 7358 
10926 3628 3679 4755 
10927 4491 4493 7299 
10928 4774 7149 7194 
10929 746 743 747 
10930 1430 2657 2658 
10931 3033 3034 3035 
10932 3682 3337 3683 
10933 1689 1985 1986 
10934 1981 1962 3005 
10935 3365 3364 3366 
10936 3679 3678 6405 
10937 1039 1086 2652 
10938 3736 3737 4509 
10939 9248 9249 9250 
10940 964 962 965 
10941 2493 2492 2494 
10942 2223 2222 2224 
10943 2270 2260 2850 
10944 2730 2729 2731 
10945 3079 6107 6390 
10946 3204 3946 3980 
10947 3506 3563 4667 
10948 715 713 7044 
10949 805 806 807 
10950 847 848 849 
10951 893 922 6758 
10952 2487 2488 2489 
10953 4590 4589 4591 
10954 7217 7218 7219 
10955 972 977 2603 
10956 2105 2106 2342 
10957 2395 2397 2398 
10958 3080 3079 3082 
10959 3214 5711 5712 
10960 4493 4932 5376 
10961 5647 5645 5663 
10962 585 590 2639 
10963 1604 1606 1607 
10964 2860 2057 3120 
10965 2197 2236 2261 
10966 4638 4637 5339 
10967 1285 1182 1371 
10968 2988 1793 7094 
10969 2162 2163 2164 
10970 2217 2221 3241 
10971 2291 3499 4118 
10972 2981 2980 3681 
10973 1411 1410 1412 
10974 1875 1874 1878 
10975 2310 3469 3470 
10976 940 942 4154 
10977 2293 2295 5035 
10978 4661 4429 5388 
10979 1343 1408 3684 
10980 3212 1583 6819 
10981 5646 5648 5662 
10982 6039 6038 6040 
10983 742 740 743 
10984 1324 1326 2432 
10985 1604 1605 1606 
10986 4634 4160 4635 
10987 2009 3053 7451 
10988 3879 3880 3939 
10989 771 607 6492 
10990 6450 2454 7503 
10991 3473 3474 3906 
10992 3198 2927 5905 
10993 529 531 6993 
10994 540 538 614 
10995 6348 6343 6349 
10996 1858 1836 2839 
10997 4961 4607 5253 
10998 1730 1731 1732 
10999 2511 6230 7043 
11000 1181 1162 7237 
11001 1912 2356 6941 
11002 1485 1471 1564 
11003 1523 1522 1597 
11004 2759 2757 3002 
11005 5049 5048 5050 
11006 1394 1395 1396 
11007 1666 1668 5715 
11008 4024 4025 4026 
11009 2616 2070 4629 
11010 4864 3610 4865 
11011 4252 4254 4255 
11012 751 752 753 
11013 4242 4241 6971 
11014 2801 2799 2996 
11015 4659 4827 5053 
11016 1433 1386 1481 
11017 2150 2149 2153 
11018 3962 2874 3964 
11019 4206 4204 4207 
11020 4391 4389 4892 
11021 6336 6337 6338 
11022 3246 3245 3247 
11023 4686 4687 6655 
11024 948 3263 7338 
11025 1757 1673 1758 
11026 7267 7266 7273 
11027 2118 2119 2120 
11028 2718 2720 3341 
11029 3706 3705 3707 
11030 4305 4306 4307 
11031 6331 6333 6350 
11032 2818 3417 3590 
11033 1646 1714 1715 
11034 4172 3579 4173 
11035 1501 631 4408 
11036 2208 2209 2210 
11037 2816 2836 2837 
11038 3280 3279 3479 
11039 3883 3882 5044 
11040 1704 1847 1937 
11041 826 2062 2063 
11042 3138 2600 3150 
11043 3471 4945 7700 
11044 5068 3765 5070 
11045 867 868 869 
11046 2625 2623 7591 
11047 4276 4277 4278 
11048 7458 7461 7465 
11049 745 774 775 
11050 881 882 884 
11051 2837 2853 2854 
11052 3158 3159 3160 
11053 1871 1873 3292 
11054 2603 2906 5468 
11055 2834 2835 3437 
11056 3533 3531 4110 
11057 6543 6545 6546 
11058 666 711 712 
11059 1416 1417 1418 
11060 2974 2609 2975 
11061 2798 2820 3375 
11062 1770 1771 1772 
11063 3209 1883 7109 
11064 3824 3825 3827 
11065 7532 4140 7986 
11066 2148 6086 8231 
11067 3751 4088 6985 
11068 1055 1058 1059 
11069 3734 3733 4523 
11070 6330 6328 6346 
11071 4542 4495 5158 
11072 6656 6655 6657 
11073 3622 3068 4787 
11074 4005 4968 4969 
11075 4896 4448 5128 
11076 6752 976 7866 
11077 4761 5955 7517 
11078 351 2410 7089 
11079 1518 1561 1562 
11080 1952 1619 1953 
11081 3056 3553 4099 
11082 1320 1282 1321 
11083 2254 2247 2255 
11084 2667 2670 3611 
11085 3338 3273 3426 
11086 3865 2536 4760 
11087 2395 2394 2396 
11088 3951 4818 4819 
11089 6256 6250 6259 
11090 596 595 597 
11091 753 752 754 
11092 1286 3062 7529 
11093 1893 1894 1896 
11094 4074 4075 5669 
11095 6479 6281 6666 
11096 7605 8657 8861 
11097 3171 2981 3172 
11098 2124 2125 2126 
11099 1347 1184 1349 
11100 1857 2415 2746 
11101 4088 5379 5380 
11102 1152 1151 1153 
11103 2840 3114 7311 
11104 3288 3290 3370 
11105 3456 3454 3882 
11106 940 4154 6740 
11107 1717 1718 1719 
11108 3311 3313 3314 
11109 5748 5749 5755 
11110 6025 6026 6027 
11111 3927 4498 4886 
11112 655 654 656 
11113 1318 1455 6432 
11114 1885 1884 1886 
11115 2243 2245 2256 
11116 2519 2523 2920 
11117 2563 2564 2565 
11118 833 832 834 
11119 2047 2049 2900 
11120 2175 2176 2181 
11121 3360 3342 4008 
11122 1353 1352 1354 
11123 936 935 937 
11124 1247 1357 1359 
11125 1339 1341 1343 
11126 2371 1590 2689 
11127 2922 3507 3508 
11128 1356 1384 7445 
11129 1372 1371 1536 
11130 2242 2686 2687 
11131 1366 1367 1436 
11132 2591 2592 2593 
11133 3519 3517 3520 
11134 9328 9320 9330 
11135 1006 1007 1008 
11136 2919 2918 3528 
11137 3696 5867 5868 
11138 1086 1106 1107 
11139 1711 3137 4164 
11140 1546 1547 1823 
11141 1869 1870 1871 
11142 2080 2081 2082 
11143 3177 2896 3580 
11144 5243 5242 7087 
11145 2769 2771 3001 
11146 2803 1841 3416 
11147 3048 3524 3525 
11148 2631 2632 6036 
11149 5346 2984 5347 
11150 2291 984 3498 
11151 1793 1791 7094 
11152 2171 2170 2172 
11153 3383 3382 4077 
11154 2746 2747 3007 
11155 1115 1113 4016 
11156 3993 3994 3995 
11157 4169 4919 4920 
11158 970 972 973 
11159 1491 2378 6128 
11160 2663 2664 2665 
11161 3987 4079 5317 
11162 5114 5113 5115 
11163 3527 2040 4698 
11164 7139 4869 7737 
11165 2019 2020 2021 
11166 2232 2206 3564 
11167 2663 2665 3595 
11168 3973 3972 3974 
11169 6846 6848 6850 
11170 741 739 7509 
11171 2708 2706 2709 
11172 2470 2472 2962 
11173 3672 4866 4867 
11174 3726 3725 4406 
11175 3818 3819 3821 
11176 3438 3593 3594 
11177 4798 4795 4799 
11178 1478 1479 1480 
11179 6903 6098 7845 
11180 1266 1265 1364 
11181 1680 1679 1741 
11182 3619 5914 7836 
11183 1373 1166 1374 
11184 2528 2527 2529 
11185 3833 7029 7030 
11186 2702 203 6810 
11187 1699 1512 1700 
11188 1762 1764 2875 
11189 2817 1959 3039 
11190 2210 2211 2212 
11191 3893 3468 5166 
11192 1958 1864 1977 
11193 3053 1948 3340 
11194 2088 2089 2090 
11195 2318 2316 2319 
11196 3573 2905 3574 
11197 3990 3660 4852 
11198 3535 3538 4645 
11199 1333 1331 3548 
11200 3562 1867 6633 
11201 5235 4519 5236 
11202 2217 2181 2218 
11203 432 433 6081 
11204 766 1756 3602 
11205 1194 1195 1196 
11206 1399 1397 1647 
11207 1785 1783 2977 
11208 4719 579 6524 
11209 1140 1143 2610 
11210 1217 1392 1393 
11211 2701 3699 3700 
11212 4227 6762 8110 
11213 4228 4230 4238 
11214 1093 983 1094 
11215 1548 1514 1550 
11216 1632 1633 1634 
11217 3049 2060 4023 
11218 2688 2686 2691 
11219 6548 4234 6549 
11220 1798 1797 1799 
11221 4315 4211 4316 
11222 2217 2218 2221 
11223 661 906 7084 
11224 859 863 7523 
11225 1579 1642 1810 
11226 3906 3474 4435 
11227 5746 5756 5757 
11228 1385 1383 1449 
11229 2618 1755 2619 
11230 3748 3388 3749 
11231 2027 2026 2028 
11232 7012 4787 7013 
11233 1662 1663 1664 
11234 2122 2124 2145 
11235 3246 3247 3248 
11236 3854 3855 3856 
11237 6691 4164 7648 
11238 532 530 7208 
11239 1539 1432 1540 
11240 1529 1528 1645 
11241 1626 1627 1628 
11242 3427 3446 3448 
11243 3839 3838 3840 
11244 1562 1566 1567 
11245 1690 1853 5437 
11246 1788 1787 1789 
11247 2530 2532 2533 
11248 3273 3272 3274 
11249 4466 4467 4468 
11250 4628 9320 9328 
11251 6925 6926 7630 
11252 671 662 672 
11253 1451 1452 1951 
11254 2983 3916 4324 
11255 4166 3637 4879 
11256 5070 3765 5071 
11257 2928 2927 3198 
11258 877 879 891 
11259 877 891 7112 
11260 3405 3404 3406 
11261 1131 1130 1132 
11262 731 3647 4267 
11263 2422 1299 7295 
11264 2187 2188 2189 
11265 2481 2482 2483 
11266 5925 2977 6606 
11267 564 2345 2346 
11268 1711 1176 1846 
11269 2197 2196 2235 
11270 2538 2539 2540 
11271 3901 3291 4817 
11272 2126 2128 2705 
11273 2254 2271 5795 
11274 3704 3703 3705 
11275 2350 2349 2351 
11276 2856 2858 3428 
11277 568 552 7052 
11278 879 880 881 
11279 1646 1715 2690 
11280 2749 2772 2773 
11281 4109 2963 7253 
11282 3960 3958 3963 
11283 7219 7218 7220 
11284 1824 1547 2582 
11285 2320 2321 2322 
11286 5074 5069 5075 
11287 881 884 3003 
11288 938 940 6740 
11289 1888 1938 1939 
11290 1937 2053 2840 
11291 2376 2680 2948 
11292 6596 6597 6598 
11293 1164 1171 3297 
11294 2505 2521 7290 
11295 6801 1814 6802 
11296 3367 3480 3481 
11297 3910 3881 4805 
11298 5450 7807 8434 
11299 1953 1619 1954 
11300 6845 4216 6846 
11301 672 662 673 
11302 1709 1708 1843 
11303 2683 1855 7476 
11304 2256 2257 2258 
11305 2647 2648 2925 
11306 4041 4575 6974 
11307 4150 6630 6631 
11308 5744 5748 5750 
11309 1406 1405 1533 
11310 3645 4351 4431 
11311 4048 4047 4049 
11312 4889 4988 4993 
11313 6846 6847 6848 
11314 2077 2075 2903 
11315 3895 3694 4520 
11316 4059 4060 4061 
11317 4974 3982 5008 
11318 4750 5769 5774 
11319 5659 5658 5660 
11320 6936 2610 7060 
11321 2833 2828 6944 
11322 627 628 638 
11323 2429 2428 6318 
11324 3976 3977 5278 
11325 4288 4168 4712 
11326 2010 2009 2414 
11327 3703 3702 5954 
11328 8953 6595 8954 
11329 2155 2154 2156 
11330 1438 1267 1440 
11331 6155 6152 6156 
11332 1569 1691 3332 
11333 2270 2850 2851 
11334 4070 4942 4943 
11335 1861 1862 1863 
11336 4353 3261 7474 
11337 1833 1707 1994 
11338 4301 4302 4303 
11339 5378 4087 5382 
11340 3349 3351 4290 
11341 1078 1079 1091 
11342 6218 6219 6220 
11343 1164 3297 7706 
11344 4793 2826 4794 
11345 5646 5647 5648 
11346 2219 2215 2220 
11347 3544 3739 3740 
11348 2875 1764 7570 
11349 1601 1600 1707 
11350 3293 1082 3643 
11351 2205 2207 2208 
11352 3688 2979 3689 
11353 3022 3020 3024 
11354 3716 3717 3719 
11355 6262 7161 7354 
11356 4340 4237 4342 
11357 1321 1282 1322 
11358 1777 7732 7917 
11359 3033 3035 4111 
11360 7674 6366 7679 
11361 3896 3895 3897 
11362 3011 2853 3013 
11363 2627 2625 2630 
11364 4349 3663 4833 
11365 7752 4891 7971 
11366 1079 1046 6513 
11367 1769 1767 6483 
11368 6396 3259 8732 
11369 6341 6339 6342 
11370 7767 7765 7768 
11371 817 1080 2940 
11372 2733 2731 2959 
11373 3428 3664 3665 
11374 3530 3532 7085 
11375 3098 3036 3102 
11376 2268 2269 2277 
11377 766 3602 6627 
11378 2572 2571 2989 
11379 2693 2694 4143 
11380 3253 6785 7349 
11381 5936 5937 5938 
11382 1089 903 1345 
11383 2914 3551 4310 
11384 3274 3272 3674 
11385 5097 5096 5586 
11386 5490 1177 7756 
11387 4904 8337 8338 
11388 3780 3779 3834 
11389 875 873 876 
11390 2445 2443 6282 
11391 4678 4679 5460 
11392 6150 6148 6157 
11393 2635 2634 2636 
11394 4895 4916 6700 
11395 7140 7097 8142 
11396 1857 1462 2415 
11397 1997 1998 1999 
11398 2580 5587 5588 
11399 3143 3971 3972 
11400 3852 3853 3854 
11401 6963 2485 7197 
11402 2082 2083 2084 
11403 2136 2137 2138 
11404 2801 3642 4344 
11405 3756 3869 4572 
11406 2334 2577 2578 
11407 2871 3386 3387 
11408 6470 6471 6472 
11409 2849 3444 3445 
11410 3522 3176 3702 
11411 4473 4603 4604 
11412 9537 7763 9541 
11413 5759 5732 7383 
11414 3413 3411 3926 
11415 1591 1592 1593 
11416 1724 1725 1726 
11417 3438 2835 3593 
11418 1810 1970 2704 
11419 2954 3656 4266 
11420 1242 1244 3243 
11421 4030 4032 5469 
11422 4439 4440 5452 
11423 4642 4641 5242 
11424 1728 1729 1730 
11425 6147 1877 6148 
11426 2481 2483 3181 
11427 4737 4738 4739 
11428 3427 3426 3446 
11429 3575 5309 8524 
11430 5618 5619 5622 
11431 1477 1475 1828 
11432 1429 3956 3957 
11433 3355 3356 3357 
11434 3695 4903 7484 
11435 3456 3882 3883 
11436 4650 4648 4651 
11437 6262 6252 7161 
11438 1024 1031 7198 
11439 1541 1540 1542 
11440 4228 4227 4229 
11441 9252 9254 9255 
11442 2479 2478 2480 
11443 3918 2797 4697 
11444 3307 3309 3310 
11445 3052 2279 7128 
11446 862 1040 1041 
11447 3808 3805 7213 
11448 8007 7905 8428 
11449 1807 1801 2742 
11450 2562 2559 2570 
11451 2569 2566 2571 
11452 4665 3707 4666 
11453 2866 2003 3085 
11454 2432 3981 4688 
11455 3708 3537 6969 
11456 4522 4521 4893 
11457 5118 5117 5119 
11458 1597 1867 2697 
11459 2987 2744 2995 
11460 2795 2806 6778 
11461 7601 7382 7754 
11462 5254 5255 6607 
11463 8219 8218 9242 
11464 4634 4636 5129 
11465 2753 2754 2755 
11466 7036 1380 7325 
11467 1476 1475 1477 
11468 4646 3538 4647 
11469 1687 1686 1696 
11470 2176 2179 6490 
11471 2353 3494 3504 
11472 3988 3371 4148 
11473 3911 4019 5258 
11474 4622 4744 6605 
11475 1509 1508 1517 
11476 2008 1837 2604 
11477 3549 3550 4044 
11478 2251 2250 2252 
11479 1728 1730 2584 
11480 2932 7064 7065 
11481 3490 3340 3491 
11482 3781 3783 5003 
11483 4048 4052 4377 
11484 4639 3555 5360 
11485 4262 4392 7248 
11486 1671 1670 1694 
11487 2105 2342 2939 
11488 4812 4369 4813 
11489 4805 5898 6722 
11490 4086 4861 4862 
11491 4742 4024 7042 
11492 3279 3277 4412 
11493 3399 3296 4824 
11494 2596 2594 2597 
11495 1982 1830 2102 
11496 2910 2908 2911 
11497 5403 5402 5404 
11498 1286 1110 1442 
11499 3250 3252 3938 
11500 4563 4556 5508 
11501 9488 9487 9489 
11502 885 860 886 
11503 4919 8264 8433 
11504 1116 1117 1118 
11505 1668 1667 1670 
11506 1806 1801 1807 
11507 2242 2685 2686 
11508 4461 3688 4908 
11509 4424 4397 4425 
11510 3286 3285 3287 
11511 675 676 7159 
11512 1963 1698 6725 
11513 1749 1750 1751 
11514 3014 3012 3015 
11515 897 896 6836 
11516 2326 2325 2327 
11517 5777 1849 6971 
11518 2537 3373 7797 
11519 3229 3342 3360 
11520 3304 3302 4881 
11521 4836 3755 4837 
11522 5245 5243 5248 
11523 731 3260 3647 
11524 1481 1386 4379 
11525 5373 1641 6832 
11526 2995 2744 3153 
11527 3107 2842 3117 
11528 928 929 930 
11529 1020 2305 6724 
11530 4173 3579 4779 
11531 5864 4825 7535 
11532 4589 3718 7665 
11533 2359 797 2437 
11534 2159 5528 6401 
11535 1596 1947 2368 
11536 1662 1664 2370 
11537 2517 2515 2863 
11538 4622 3331 4744 
11539 5021 4989 5594 
11540 5023 4992 5024 
11541 664 725 7300 
11542 1362 1603 1705 
11543 1976 1951 3134 
11544 4187 4188 4388 
11545 740 737 7669 
11546 1043 1045 1530 
11547 1389 1574 1575 
11548 3422 3039 3478 
11549 7339 5673 7962 
11550 2446 2447 2448 
11551 4119 4120 4121 
11552 271 2058 2059 
11553 2550 2549 2551 
11554 1469 2426 2427 
11555 1696 1686 7238 
11556 3628 3627 3678 
11557 3471 3470 3472 
11558 1658 1660 1669 
11559 4140 6936 7986 
11560 4585 4586 4587 
11561 2122 2145 6512 
11562 4155 4156 4329 
11563 1519 1594 1834 
11564 2544 2798 7361 
11565 2736 2735 2740 
11566 4093 4092 4713 
11567 2287 2383 2402 
11568 4721 2065 6784 
11569 2740 2735 4730 
11570 1704 1937 2848 
11571 3985 6152 6155 
11572 6327 4802 6328 
11573 2896 2383 7423 
11574 3720 3721 3776 
11575 6089 6090 6091 
11576 1600 1598 1617 
11577 3226 3225 3227 
11578 3455 3027 3767 
11579 3314 3315 3316 
11580 1735 2874 3962 
11581 4695 4693 5202 
11582 4725 4013 4726 
11583 7927 4602 8031 
11584 3164 3166 3167 
11585 3889 3732 3890 
11586 4062 4064 4068 
11587 4445 4447 4449 
11588 2250 2249 2273 
11589 1936 1993 2418 
11590 2667 2669 2670 
11591 4816 6513 8332 
11592 2775 2774 2776 
11593 4088 4087 5378 
11594 2907 2597 3335 
11595 4424 4425 4426 
11596 5916 5915 6295 
11597 3019 3018 3020 
11598 2466 2467 2468 
11599 5020 4989 5021 
11600 5591 5061 6126 
11601 6170 5826 7584 
11602 680 2044 2114 
11603 2909 2336 7643 
11604 4542 5158 8652 
11605 1506 1507 1688 
11606 6598 6597 6599 
11607 2836 2815 2838 
11608 6026 6030 6048 
11609 1980 1962 1981 
11610 3074 3075 3607 
11611 378 329 7624 
11612 2019 1988 2020 
11613 3018 3016 3023 
11614 4547 4609 4610 
11615 831 598 832 
11616 3191 1168 3651 
11617 2562 2570 7427 
11618 2856 3432 5699 
11619 4002 4000 4003 
11620 6365 1470 6777 
11621 3294 378 4367 
11622 3114 3113 3777 
11623 1519 1834 1835 
11624 1545 1544 1674 
11625 7500 2722 7501 
11626 4494 3923 6182 
11627 1923 1921 4333 
11628 3506 4667 4668 
11629 4051 4358 4359 
11630 1724 1726 1943 
11631 2758 2760 8680 
11632 4777 6201 7919 
11633 1542 1540 4366 
11634 1749 1751 3064 
11635 4734 2916 4735 
11636 3624 3628 6683 
11637 1164 1170 1171 
11638 1957 1969 2001 
11639 842 840 844 
11640 4681 5015 5299 
11641 4379 1386 7089 
11642 4617 4618 5101 
11643 1926 1758 1927 
11644 3535 3536 3538 
11645 5620 5616 7379 
11646 2991 2992 5509 
11647 3276 3275 3277 
11648 3993 3992 3994 
11649 4416 4418 5164 
11650 7116 2306 7117 
11651 2478 2477 2862 
11652 1986 1985 2983 
11653 4714 4713 5789 
11654 2639 590 2640 
11655 1184 1094 1812 
11656 4071 3198 4114 
11657 8791 9431 9434 
11658 4176 2317 4177 
11659 2156 2375 2376 
11660 3236 3235 3934 
11661 3785 3786 3787 
11662 4776 7839 8164 
11663 3137 3154 3911 
11664 3477 4451 4452 
11665 2355 228 6283 
11666 3615 3614 3616 
11667 7865 4364 8142 
11668 4620 4619 4950 
11669 5556 5557 5558 
11670 2470 2471 2472 
11671 3537 3534 6969 
11672 7245 8036 8071 
11673 1842 2803 7521 
11674 4368 3829 7909 
11675 3307 3308 3309 
11676 3671 3672 6899 
11677 6423 4411 7278 
11678 4657 4656 4658 
11679 3109 3110 3759 
11680 2753 2755 2767 
11681 5976 5983 5984 
11682 6877 6635 7641 
11683 991 990 992 
11684 2027 2334 3604 
11685 2660 2659 2668 
11686 2833 7378 7441 
11687 4327 3656 4355 
11688 4681 5299 6298 
11689 3106 3752 3753 
11690 4679 3512 4680 
11691 9274 9273 9275 
11692 2989 3296 3398 
11693 3465 3464 4615 
11694 2682 2683 8322 
11695 698 697 6627 
11696 3014 3015 3055 
11697 1859 1860 1861 
11698 5633 6718 6773 
11699 1409 1411 7376 
11700 2644 2643 2929 
11701 1576 1446 1577 
11702 3778 3777 4980 
11703 5744 5745 5748 
11704 1430 2658 5719 
11705 2454 2450 7503 
11706 7478 2900 8130 
11707 3644 2975 3645 
11708 3257 6989 8161 
11709 4027 4025 4559 
11710 5628 5815 5850 
11711 5650 5649 5651 
11712 2878 2912 3129 
11713 5151 4626 5152 
11714 5734 5733 5735 
11715 2151 2152 3056 
11716 2779 2777 4029 
11717 3756 3117 3757 
11718 3232 4311 5944 
11719 4182 4180 4183 
11720 3131 3893 7701 
11721 3584 4921 4922 
11722 2160 612 2161 
11723 1792 1791 1793 
11724 549 568 7021 
11725 2924 910 6750 
11726 1715 1716 1717 
11727 3216 2831 4673 
11728 3019 3020 3021 
11729 3266 3267 3268 
11730 3704 3705 3706 
11731 6168 6167 7913 
11732 6342 7675 7676 
11733 595 591 5785 
11734 5249 5246 5250 
11735 6566 7496 7731 
11736 9274 9276 9278 
11737 509 521 6125 
11738 1372 1537 1578 
11739 2118 2120 3183 
11740 3173 3174 3175 
11741 3648 3260 4815 
11742 4086 3077 4861 
11743 3387 3386 3388 
11744 5749 5751 5752 
11745 7063 6603 7860 
11746 201 4490 4491 
11747 1350 1166 1373 
11748 1278 1407 1602 
11749 2535 2537 2538 
11750 3612 2670 3613 
11751 3818 3823 7029 
11752 1508 1447 1510 
11753 3145 2058 5329 
11754 5300 5315 7779 
11755 861 5865 6171 
11756 3111 4846 4847 
11757 3158 3160 4244 
11758 4017 4170 4171 
11759 2715 2717 2718 
11760 2914 3123 3551 
11761 3911 3154 4019 
11762 3903 5054 5303 
11763 1562 1567 1569 
11764 2308 2309 2310 
11765 3912 3197 3913 
11766 4927 4796 4928 
11767 6253 6260 6261 
11768 598 6419 7055 
11769 2570 6765 7596 
11770 2921 2922 3557 
11771 3628 4755 6683 
11772 1957 2001 2018 
11773 928 930 946 
11774 2012 2867 2960 
11775 4776 4777 7919 
11776 9280 9296 9297 
11777 3726 4433 4870 
11778 6850 6854 6868 
11779 703 2332 2333 
11780 3598 6877 7641 
11781 238 3725 3726 
11782 2508 2511 7043 
11783 3215 2839 3442 
11784 6850 6848 6851 
11785 7906 9528 9529 
11786 1563 2060 3048 
11787 3486 3513 4623 
11788 1240 516 1434 
11789 3585 3065 4152 
11790 3781 3782 3783 
11791 5790 7004 7005 
11792 1873 1875 7827 
11793 2079 2078 2080 
11794 2897 2896 3177 
11795 4443 4442 4444 
11796 2811 2809 2812 
11797 6631 6630 7439 
11798 2840 3113 3114 
11799 3541 3540 3542 
11800 4633 4160 4634 
11801 2087 2088 2091 
11802 1284 843 7407 
11803 2099 2841 2849 
11804 4067 4065 4631 
11805 2229 2748 2794 
11806 1119 1169 1172 
11807 2668 2659 2674 
11808 3288 3289 3290 
11809 2472 2473 2474 
11810 2964 2963 3653 
11811 3508 3941 3942 
11812 1560 1555 7513 
11813 2657 7053 7054 
11814 3467 3466 3874 
11815 6566 1024 7198 
11816 1933 1932 1934 
11817 6858 6863 6929 
11818 7762 6864 7763 
11819 3904 3885 5127 
11820 1840 1577 1841 
11821 1364 1265 1740 
11822 6216 6217 6218 
11823 2828 2825 6944 
11824 2796 2795 2998 
11825 5148 3925 8352 
11826 9302 9301 9303 
11827 3106 3753 3754 
11828 2993 3667 3668 
11829 4334 6144 7611 
11830 1330 1329 1331 
11831 3160 3163 3164 
11832 2333 2609 2973 
11833 4409 4458 6430 
11834 6040 6038 6045 
11835 6348 6349 6353 
11836 3540 3537 3708 
11837 258 3240 6734 
11838 3643 1082 4243 
11839 4180 4179 4181 
11840 4617 5101 5124 
11841 3824 3827 3872 
11842 3100 3103 3452 
11843 5073 5591 5592 
11844 6862 6857 6867 
11845 2865 2003 2866 
11846 6675 4164 6676 
11847 4684 8426 8535 
11848 3495 3479 4624 
11849 3932 4531 4536 
11850 796 822 7191 
11851 4064 4065 4066 
11852 1589 1456 7201 
11853 1881 3209 8022 
11854 1859 1861 4122 
11855 1745 1747 2923 
11856 2780 2782 3009 
11857 2932 633 7064 
11858 9282 9302 9308 
11859 4653 4654 4655 
11860 5196 5195 6186 
11861 3950 3500 3951 
11862 5413 5517 5518 
11863 6852 6851 6853 
11864 5244 5243 5245 
11865 7676 7977 8576 
11866 1551 1549 1552 
11867 3766 4975 4976 
11868 6303 6301 6304 
11869 3768 3767 3770 
11870 3105 1945 7521 
11871 4700 3055 5609 
11872 1295 1297 7755 
11873 4037 4036 4038 
11874 4209 5520 6098 
11875 8764 5119 8862 
11876 2960 2867 3475 
11877 1270 1451 6622 
11878 4768 4769 5820 
11879 2776 2778 2780 
11880 2006 1843 2886 
11881 3891 3213 4702 
11882 3874 3466 4270 
11883 8837 8836 8838 
11884 1927 1758 1929 
11885 1247 1246 1357 
11886 3541 3542 3543 
11887 9246 9245 9247 
11888 2494 2492 7187 
11889 2857 3497 6717 
11890 5696 7814 8095 
11891 2991 1991 2992 
11892 1839 1577 1840 
11893 2047 2048 2049 
11894 1941 1702 1942 
11895 1952 2884 5828 
11896 6021 6020 6022 
11897 1078 1091 7706 
11898 8355 6000 8423 
11899 2065 2062 6784 
11900 4203 4204 4206 
11901 4852 4853 5530 
11902 7381 6410 8003 
11903 6484 462 6552 
11904 2617 1755 2618 
11905 6819 949 7194 
11906 2009 1948 3053 
11907 3558 4101 4102 
11908 4852 3660 4853 
11909 6659 6650 6660 
11910 9249 9286 9287 
11911 2782 2783 2784 
11912 5108 5107 5109 
11913 6153 6151 6154 
11914 2223 2224 2225 
11915 5104 3931 5105 
11916 6784 6549 7409 
11917 1808 1627 2678 
11918 4811 7171 7327 
11919 4903 3697 4904 
11920 1052 1051 7240 
11921 3101 3418 6925 
11922 3614 3613 3620 
11923 4895 3683 4916 
11924 3291 2146 6536 
11925 2247 2238 3063 
11926 4803 4802 6327 
11927 6117 7829 8073 
11928 309 310 7024 
11929 1228 4297 7246 
11930 3728 4112 4934 
11931 7270 7265 7271 
11932 4133 1178 6798 
11933 1766 1765 1767 
11934 6629 5454 7896 
11935 2290 789 2915 
11936 3059 3058 3060 
11937 7026 3659 7595 
11938 5413 5518 8961 
11939 503 1968 8308 
11940 4017 3586 4170 
11941 5187 5186 5351 
11942 5651 5649 5665 
11943 1972 2014 2921 
11944 4088 5380 6985 
11945 6452 1999 6455 
11946 2724 2723 2725 
11947 2856 3428 3432 
11948 3149 3148 3555 
11949 1693 883 1987 
11950 4248 4249 4250 
11951 4934 4112 4935 
11952 4805 4810 5898 
11953 1100 4191 6791 
11954 1977 1864 2845 
11955 3934 4632 6665 
11956 2939 2342 7839 
11957 3240 6728 6729 
11958 2098 2097 2869 
11959 2825 2834 6944 
11960 5689 3203 7317 
11961 3481 4035 4547 
11962 4949 4947 5674 
11963 6393 6391 8084 
11964 4628 5097 9320 
11965 4750 5768 5769 
11966 4045 4046 4047 
11967 769 727 6436 
11968 2614 2612 6413 
11969 4560 3752 6692 
11970 814 4248 7200 
11971 5742 5743 5744 
11972 3573 3574 3927 
11973 4334 5893 7386 
11974 3953 3954 3955 
11975 4624 3479 4626 
11976 7675 7679 7680 
11977 7161 3312 7354 
11978 6856 6853 9074 
11979 1652 1655 1656 
11980 2928 3199 3284 
11981 3532 3535 7085 
11982 2603 5468 6792 
11983 3111 4847 4848 
11984 4634 4635 4636 
11985 474 6797 8436 
11986 3690 752 7428 
11987 2912 2913 3142 
11988 6216 6218 6234 
11989 6283 226 6488 
11990 4760 2536 5227 
11991 3274 4299 7234 
11992 7172 3052 7717 
11993 5134 5135 5136 
11994 2750 2252 3083 
11995 3194 3193 3195 
11996 5284 5285 5286 
11997 3636 4036 4037 
11998 4397 4396 7212 
11999 2376 2377 2680 
12000 3274 3675 4299 
12001 5195 5197 5292 
12002 2045 6382 8531 
12003 2062 2061 6784 
12004 7224 6907 7227 
12005 4352 5774 7805 
12006 6395 317 7175 
12007 5552 2251 5553 
12008 2954 2953 3649 
12009 4115 4139 5957 
12010 4632 5184 5281 
12011 3601 4369 4812 
12012 3976 3202 3977 
12013 2416 1933 2417 
12014 3403 3404 3405 
12015 7614 7613 7619 
12016 3336 3335 3395 
12017 5399 5398 5401 
12018 6344 7677 7678 
12019 6348 6353 6356 
12020 2105 2104 2106 
12021 5920 5921 6431 
12022 3014 3055 3598 
12023 5411 8834 8840 
12024 2325 2323 7083 
12025 3256 3255 3691 
12026 6238 6450 7503 
12027 7271 7265 7272 
12028 4817 3291 6536 
12029 4999 4586 5000 
12030 3100 3101 3103 
12031 1856 1797 7105 
12032 4454 3687 5536 
12033 4039 4038 4041 
12034 9139 9138 9140 
12035 3086 3730 3731 
12036 3194 3195 3382 
12037 3560 7437 8385 
12038 747 2054 6842 
12039 2116 2115 2117 
12040 3487 3130 3902 
12041 2285 2284 2287 
12042 4430 4829 4831 
12043 5111 5113 5114 
12044 257 262 6790 
12045 1896 1898 6500 
12046 4374 3889 5092 
12047 3608 4855 4856 
12048 4001 4000 4002 
12049 5300 5301 5315 
12050 3120 2057 3121 
12051 8279 6613 8342 
12052 3513 4223 4224 
12053 3757 3117 3758 
12054 6049 6042 6050 
12055 2834 4212 6944 
12056 1456 1458 7201 
12057 5977 5976 8020 
12058 9482 9483 9484 
12059 1476 2650 6275 
12060 4006 4539 5180 
12061 5106 5107 5108 
12062 4643 4644 5314 
12063 1651 1654 7708 
12064 4430 3607 4829 
12065 4273 4272 4274 
12066 4569 4570 4571 
12067 436 474 6590 
12068 1197 2387 7896 
12069 5938 5937 6123 
12070 3363 6249 6250 
12071 3764 3759 3784 
12072 1614 1615 1616 
12073 4716 3126 4717 
12074 6246 6245 7599 
12075 2317 2316 2318 
12076 1474 1437 1475 
12077 1596 1706 1947 
12078 3357 3623 4136 
12079 254 1738 6479 
12080 2336 2335 2646 
12081 8585 4541 8648 
12082 1654 3789 3790 
12083 2546 2426 3264 
12084 1283 843 1284 
12085 3338 4825 5864 
12086 4280 4282 4284 
12087 4824 7633 7789 
12088 727 2424 6436 
12089 2035 2005 3210 
12090 2889 2888 3516 
12091 4264 4263 4265 
12092 1533 1405 1573 
12093 2349 2347 2877 
12094 5739 5740 5741 
12095 5912 7247 7728 
12096 831 3155 5688 
12097 1803 1573 6439 
12098 2635 2636 2637 
12099 3349 3348 3350 
12100 9140 9138 9145 
12101 797 796 7191 
12102 2606 1986 2607 
12103 1751 1752 1753 
12104 2246 2238 2247 
12105 3322 3449 7375 
12106 6900 5884 8012 
12107 243 2419 6696 
12108 624 295 7081 
12109 5997 4364 5998 
12110 2374 359 6791 
12111 3304 4881 4882 
12112 4797 4795 4798 
12113 925 3146 3204 
12114 2668 3071 5799 
12115 6225 6226 6232 
12116 7717 3052 8063 
12117 2595 2594 2596 
12118 6652 7400 7401 
12119 3043 3662 4347 
12120 4057 4058 4059 
12121 7764 7762 7765 
12122 3726 4870 7495 
12123 2307 469 7034 
12124 3898 3944 5146 
12125 4497 4339 4937 
12126 3665 4888 4889 
12127 3723 3724 4438 
12128 1027 7314 7315 
12129 826 2061 2062 
12130 5249 5250 5251 
12131 6245 1950 7599 
12132 2779 4029 5223 
12133 4269 4790 4834 
12134 217 215 7625 
12135 2264 2262 3523 
12136 3741 3104 6925 
12137 2107 6418 8281 
12138 3048 3525 7578 
12139 4543 3751 6985 
12140 3927 4886 5361 
12141 3727 4746 4747 
12142 6451 6452 6464 
12143 3406 3404 4499 
12144 3727 4745 4746 
12145 3353 3355 4140 
12146 4963 4117 4964 
12147 2969 1789 7412 
12148 4274 4272 4275 
12149 3589 2689 4931 
12150 3135 3291 3900 
12151 4757 3679 6405 
12152 3716 3715 3717 
12153 4518 3929 4533 
12154 5819 740 7669 
12155 4049 4047 4050 
12156 4558 5372 8894 
12157 3454 3027 3455 
12158 5114 5115 5116 
12159 3542 3540 7373 
12160 900 897 6836 
12161 1595 5069 5074 
12162 3268 3267 3652 
12163 3863 3861 6906 
12164 8549 5874 8597 
12165 9329 9328 9330 
12166 3558 4102 4106 
12167 4683 3966 4684 
12168 2368 2914 7360 
12169 3483 3484 4056 
12170 4492 4490 8507 
12171 4551 4434 4552 
12172 4026 5342 7042 
12173 4201 4202 4203 
12174 4693 4470 4694 
12175 5318 3947 5422 
12176 3269 3270 3271 
12177 4097 3485 4416 
12178 636 620 7312 
12179 5804 3915 6626 
12180 988 723 7073 
12181 3239 3237 7576 
12182 1745 1746 1747 
12183 4045 4047 4048 
12184 6571 5700 8206 
12185 5682 4259 7347 
12186 7091 5088 7092 
12187 2256 2258 6176 
12188 3086 3729 3730 
12189 3912 5240 5241 
12190 4851 4189 4872 
12191 3988 4783 5678 
12192 3876 3877 3878 
12193 5521 3096 8736 
12194 6276 3207 6277 
12195 3530 3529 3531 
12196 3640 3639 4456 
12197 6568 6569 6570 
12198 2719 2717 7500 
12199 4150 1186 6630 
12200 9482 9484 9485 
12201 4314 1560 7513 
12202 1927 1929 1930 
12203 3203 2911 3371 
12204 9543 9544 9545 
12205 453 613 7027 
12206 3080 3082 3671 
12207 3665 4887 4888 
12208 4509 3737 4554 
12209 8430 6500 8473 
12210 6212 6211 6213 
12211 6280 6279 6281 
12212 5936 4715 5937 
12213 620 518 7313 
12214 1070 1068 6798 
12215 2561 6502 6503 
12216 6347 6351 6352 
12217 6926 6927 6928 
12218 2223 2225 2248 
12219 2426 1466 6912 
12220 3830 3829 4368 
12221 1976 3909 6622 
12222 3630 3072 3631 
12223 3584 4922 4923 
12224 6521 4118 7122 
12225 4158 2393 6624 
12226 4193 4194 4393 
12227 9135 9138 9139 
12228 7232 7222 9082 
12229 3473 3104 3474 
12230 5914 5913 6871 
12231 4196 4197 4198 
12232 5401 5398 5402 
12233 3150 2600 3190 
12234 1916 1919 6820 
12235 7761 7762 7764 
12236 7903 7904 7905 
12237 768 263 7068 
12238 2464 2445 6282 
12239 2721 2735 2736 
12240 3169 1699 4105 
12241 4187 4388 5426 
12242 4739 4738 4740 
12243 2672 1302 7281 
12244 3248 3247 3249 
12245 1877 1122 7557 
12246 3637 1979 7080 
12247 3695 7484 7485 
12248 2921 3557 3558 
12249 4841 4812 5994 
12250 5889 5888 5890 
12251 1116 1118 5611 
12252 2611 2970 2971 
12253 3999 5873 5874 
12254 4696 8320 8452 
12255 4941 8317 8751 
12256 3197 4083 6493 
12257 4094 5506 5507 
12258 4318 5228 7936 
12259 3429 3436 3864 
12260 1551 2034 3599 
12261 3036 3034 7136 
12262 2861 3118 3119 
12263 3891 4702 4703 
12264 8546 7342 9390 
12265 576 2103 6958 
12266 2210 2212 2216 
12267 1114 1113 1115 
12268 2219 2226 2240 
12269 3946 4080 4081 
12270 6712 6714 6715 
12271 2928 3198 3199 
12272 2870 2011 6977 
12273 3359 5694 5695 
12274 3508 3942 3943 
12275 3008 3572 3750 
12276 6758 3204 7196 
12277 4290 3351 7532 
12278 912 1525 6750 
12279 2723 2716 6065 
12280 3964 3967 3968 
12281 5174 5176 7710 
12282 6312 4496 6313 
12283 3791 3793 3795 
12284 5652 5653 5654 
12285 4571 4707 4708 
12286 4274 4275 4276 
12287 440 2696 6797 
12288 1151 1148 8317 
12289 1242 3243 7019 
12290 2405 1203 7006 
12291 1994 1707 3051 
12292 1990 1695 1991 
12293 4474 4008 5635 
12294 6343 6341 6344 
12295 4127 4128 4129 
12296 2794 2748 3561 
12297 2288 8441 8742 
12298 6002 6004 6008 
12299 495 6601 8234 
12300 4360 5532 5534 
12301 4377 4052 4411 
12302 4710 5931 5933 
12303 4346 5177 5178 
12304 3921 3920 3922 
12305 3111 2582 4846 
12306 5176 5195 5196 
12307 7364 6813 7990 
12308 4059 4061 4671 
12309 6301 6300 6305 
12310 5654 5655 5656 
12311 1743 1814 6801 
12312 6536 2137 6667 
12313 1233 6776 7573 
12314 2573 556 6204 
12315 3741 6925 7630 
12316 4235 4236 5436 
12317 5674 4947 5675 
12318 1400 3617 7696 
12319 4009 3883 4010 
12320 4905 4146 4906 
12321 4149 348 6706 
12322 3477 3132 4332 
12323 1944 6426 6972 
12324 3376 3733 3734 
12325 4548 4134 4566 
12326 3004 1317 6891 
12327 5615 5614 5616 
12328 4164 3137 7648 
12329 1654 3790 3802 
12330 4538 3897 6897 
12331 4116 4117 4528 
12332 4752 1902 7236 
12333 3070 3588 4365 
12334 2598 2910 7846 
12335 4186 3648 7551 
12336 2180 2944 6762 
12337 3317 3315 6623 
12338 2613 3511 6725 
12339 3070 3144 3588 
12340 5404 6582 7541 
12341 5319 3926 5320 
12342 5529 393 6639 
12343 3629 3072 3630 
12344 3590 3417 3591 
12345 7352 1563 7578 
12346 2420 283 7000 
12347 1611 1613 8026 
12348 2712 2715 7153 
12349 5905 2927 6412 
12350 589 2579 6779 
12351 2456 2463 6581 
12352 3187 3065 3585 
12353 3862 3861 3863 
12354 4161 2106 6956 
12355 5227 2536 7290 
12356 3341 2720 4480 
12357 585 2639 6591 
12358 5739 5741 5754 
12359 2775 2776 7544 
12360 4443 4444 4445 
12361 945 943 7194 
12362 3617 4613 5087 
12363 4004 4003 4005 
12364 4138 4043 4749 
12365 3716 3719 3720 
12366 4883 4274 7622 
12367 2281 3052 7172 
12368 5719 5832 7539 
12369 3409 2995 3410 
12370 3483 4056 4346 
12371 2473 2963 2964 
12372 9280 9297 9315 
12373 5752 5760 5761 
12374 247 243 6696 
12375 2727 2725 2955 
12376 5660 5658 5666 
12377 9136 8241 9137 
12378 5926 8152 8189 
12379 3526 5823 5824 
12380 4255 4256 4471 
12381 5747 5742 7716 
12382 7343 9334 9335 
12383 2776 2777 2778 
12384 4150 6773 7086 
12385 4980 3777 5272 
12386 5161 3901 5163 
12387 4361 4109 4362 
12388 6386 6385 7316 
12389 7766 7903 8132 
12390 1134 1132 6807 
12391 1702 1703 7137 
12392 3134 1951 3738 
12393 2776 2780 7544 
12394 4534 3410 4952 
12395 5646 5645 5647 
12396 9278 9276 9279 
12397 1085 2043 6485 
12398 2205 2206 2207 
12399 4649 4648 4650 
12400 986 643 6884 
12401 1666 1667 1668 
12402 2903 2075 7145 
12403 4819 5292 8411 
12404 6072 4223 7522 
12405 2745 3148 3149 
12406 4393 7524 7525 
12407 3578 3577 6760 
12408 5180 4539 5181 
12409 3128 2968 3393 
12410 6965 3735 6966 
12411 3534 3533 6969 
12412 3909 4771 6400 
12413 2013 5573 7979 
12414 6218 6220 7335 
12415 3621 3068 3622 
12416 238 3201 3725 
12417 3008 3571 3572 
12418 4590 4592 5903 
12419 3749 3388 4436 
12420 4512 4511 4941 
12421 1107 1320 6873 
12422 1805 1641 1964 
12423 1443 1442 1505 
12424 4322 5486 5487 
12425 7816 6593 8077 
12426 4382 4233 4383 
12427 1341 6170 7584 
12428 3645 2975 3646 
12429 1521 1385 6997 
12430 4682 3966 4683 
12431 3985 3986 6152 
12432 5105 7705 7877 
12433 4741 4766 7587 
12434 7870 7099 8019 
12435 545 2339 6184 
12436 2746 3007 3298 
12437 5906 4362 6068 
12438 3193 889 7114 
12439 6220 6219 6223 
12440 4091 3173 7250 
12441 4185 3648 4186 
12442 3186 1355 4823 
12443 5089 4435 7547 
12444 6210 6209 6211 
12445 6212 6214 6228 
12446 2805 2809 2810 
12447 5103 3931 5104 
12448 1889 6494 7109 
12449 2379 456 8083 
12450 5566 5567 5568 
12451 5372 4558 8784 
12452 3060 3058 4775 
12453 7765 7762 9535 
12454 7342 1736 7343 
12455 2961 7627 7753 
12456 1832 1743 6801 
12457 6187 6445 6446 
12458 4259 7191 7347 
12459 3754 3871 4450 
12460 9247 9245 9259 
12461 1247 1359 1587 
12462 6907 7212 7227 
12463 1109 1711 6675 
12464 6373 3655 6374 
12465 7227 7212 7228 
12466 2985 3091 3695 
12467 3922 3920 3923 
12468 3642 3736 4137 
12469 1945 1842 7521 
12470 2108 1189 6127 
12471 5176 5194 5195 
12472 1186 1025 6630 
12473 4340 4342 4776 
12474 5830 2884 6677 
12475 8363 3657 8615 
12476 7661 5958 8345 
12477 2796 2999 3000 
12478 7251 6814 7303 
12479 9252 9250 9253 
12480 6374 3655 7564 
12481 4479 3380 8351 
12482 2929 2643 2931 
12483 493 495 8234 
12484 3549 4044 4763 
12485 3893 5171 5172 
12486 7687 8207 8248 
12487 2728 2729 2730 
12488 9251 9250 9252 
12489 3381 3415 3420 
12490 3787 3788 3791 
12491 2425 611 6875 
12492 840 838 6770 
12493 4568 4569 4972 
12494 3520 4463 4677 
12495 2026 2008 7452 
12496 3785 3787 4298 
12497 5665 5649 7554 
12498 1102 2985 2986 
12499 3515 3929 4518 
12500 4466 4465 4467 
12501 5975 5977 5980 
12502 3442 2839 7853 
12503 1855 1589 7476 
12504 3586 956 7380 
12505 7766 7765 7767 
12506 3773 3029 4195 
12507 4732 5806 8380 
12508 5942 5941 5943 
12509 5853 4627 5854 
12510 3770 3767 4578 
12511 6002 6003 6004 
12512 5825 3548 7826 
12513 4071 4114 4337 
12514 4662 5576 5860 
12515 5647 5663 7554 
12516 5830 4108 8407 
12517 579 580 6591 
12518 9318 9319 9321 
12519 5471 3566 7419 
12520 3232 378 3294 
12521 4245 6608 7538 
12522 2372 6279 6280 
12523 4378 8128 8193 
12524 808 806 6061 
12525 4139 4807 7012 
12526 4163 1223 7019 
12527 4567 4403 6967 
12528 3754 3755 3871 
12529 3611 3612 7111 
12530 3202 2911 3203 
12531 5110 5109 5111 
12532 655 3378 6751 
12533 7217 7219 7229 
12534 1220 1204 6741 
12535 1531 1179 1679 
12536 4796 3290 6165 
12537 1451 1951 1976 
12538 7131 4562 7135 
12539 1514 1449 7163 
12540 4741 4740 4766 
12541 2805 2808 2809 
12542 409 394 6759 
12543 4178 4179 4180 
12544 1271 757 7183 
12545 4375 3918 4464 
12546 6367 6368 6369 
12547 5855 1322 7654 
12548 2259 2262 2263 
12549 3109 3759 3764 
12550 4255 4471 4472 
12551 7095 5979 7096 
12552 6830 489 6831 
12553 5310 5231 5311 
12554 1826 1961 6433 
12555 4768 5820 6192 
12556 2225 2237 2239 
12557 2846 3429 3430 
12558 4090 2514 6742 
12559 451 453 7027 
12560 3869 4599 4973 
12561 3912 3913 5240 
12562 1258 3168 7337 
12563 7273 7266 7275 
12564 6242 6240 8224 
12565 2869 2097 7195 
12566 4246 5632 5849 
12567 4115 5957 5958 
12568 3067 6188 6189 
12569 4250 4252 7795 
12570 4468 4469 7789 
12571 6157 6148 7557 
12572 1694 1670 1695 
12573 4432 3776 4885 
12574 4784 4785 7750 
12575 5746 5753 5756 
12576 3658 2958 3659 
12577 4950 4619 5491 
12578 6389 2405 7252 
12579 2816 2815 2836 
12580 4287 4268 7028 
12581 3369 2005 7858 
12582 2437 797 7191 
12583 5975 5976 5977 
12584 283 281 7000 
12585 7421 4338 7422 
12586 2284 2281 7172 
12587 2649 6438 8829 
12588 3932 4536 5324 
12589 3879 3939 3940 
12590 5732 5734 7383 
12591 3563 2925 7550 
12592 3173 3175 7250 
12593 4792 4791 7339 
12594 2941 1769 6483 
12595 6413 2612 7336 
12596 4351 4352 5387 
12597 3556 3919 3920 
12598 3400 3276 6886 
12599 6010 6009 6012 
12600 631 632 6843 
12601 3466 2577 7510 
12602 731 4267 7512 
12603 5485 4728 8359 
12604 3991 3904 3992 
12605 4450 5055 5056 
12606 2993 3666 3667 
12607 4663 3707 4665 
12608 5484 4728 5485 
12609 281 357 7000 
12610 3723 4438 4482 
12611 1137 1134 6807 
12612 5215 5214 5262 
12613 3170 2976 3390 
12614 8074 6057 8161 
12615 1924 5515 7860 
12616 2698 6879 7653 
12617 4819 4818 7684 
12618 6122 5938 6123 
12619 4184 4183 6085 
12620 5923 5924 7776 
12621 1673 1671 7683 
12622 910 912 6750 
12623 3192 1216 4727 
12624 6319 7480 8528 
12625 2816 2837 6635 
12626 4840 4839 7890 
12627 3271 3338 5864 
12628 3396 3937 5294 
12629 3668 4074 4772 
12630 844 840 6770 
12631 1763 1401 6880 
12632 4516 4515 4897 
12633 6225 6232 6233 
12634 3528 2918 3933 
12635 3090 3076 3710 
12636 3622 4788 4789 
12637 2276 2275 2965 
12638 1791 2969 7094 
12639 5676 4442 8133 
12640 4805 3881 4810 
12641 1723 2901 7385 
12642 2631 2628 2632 
12643 6281 6279 6666 
12644 2430 807 7200 
12645 2432 5289 7022 
12646 3940 5100 5189 
12647 312 309 7024 
12648 6485 2043 8264 
12649 6170 1335 6558 
12650 4433 8131 8139 
12651 4264 7518 7519 
12652 2771 2796 7729 
12653 6040 6045 9148 
12654 8604 1856 8634 
12655 5021 5595 5596 
12656 5753 5960 5961 
12657 4674 5383 6052 
12658 3556 3920 3921 
12659 5452 3687 8322 
12660 4663 5191 6934 
12661 4169 4920 5232 
12662 7713 7051 7770 
12663 3191 5685 5686 
12664 380 387 6989 
12665 4561 4556 4563 
12666 3242 170 7320 
12667 2693 4143 4144 
12668 3161 2539 3600 
12669 1474 1476 6275 
12670 6912 7203 7364 
12671 5533 7148 7531 
12672 3581 2904 3582 
12673 3592 2932 7065 
12674 7069 202 7070 
12675 2017 3234 6882 
12676 5597 8080 8200 
12677 6855 6853 6856 
12678 1470 1469 6777 
12679 2506 2508 7043 
12680 5210 8367 8385 
12681 5511 5512 8744 
12682 6010 6012 9188 
12683 3011 5027 7166 
12684 6257 6256 6258 
12685 5456 5455 8182 
12686 6900 255 7960 
12687 4215 4217 4979 
12688 3210 2005 3369 
12689 903 900 7160 
12690 4030 3258 4031 
12691 4662 5860 7668 
12692 7401 8218 8219 
12693 6189 6680 7935 
12694 3450 3434 4419 
12695 3104 3101 6925 
12696 3820 7260 7277 
12697 4467 4465 8340 
12698 1669 1660 8745 
12699 960 4415 7235 
12700 3902 3130 4014 
12701 4576 4577 4991 
12702 4317 6246 7599 
12703 6244 2037 6982 
12704 898 2291 7167 
12705 3122 4605 5155 
12706 4821 4621 5183 
12707 4319 4318 4320 
12708 687 685 6749 
12709 4170 4786 6600 
12710 1693 2019 5844 
12711 3602 1756 3603 
12712 1300 2672 7594 
12713 6953 3282 7728 
12714 5954 3702 7186 
12715 3952 3908 5193 
12716 2407 451 7027 
12717 4232 4219 4233 
12718 3397 4529 5640 
12719 511 510 6105 
12720 560 566 5952 
12721 531 2602 6993 
12722 7768 7765 9535 
12723 2383 2284 7172 
12724 7099 2400 8019 
12725 2771 2795 2796 
12726 3194 3382 3383 
12727 5583 5582 5584 
12728 1701 1512 6895 
12729 6961 3084 7709 
12730 3830 4394 4395 
12731 4278 4277 4279 
12732 5750 6712 6713 
12733 1711 4164 6675 
12734 3261 2952 3380 
12735 670 728 6554 
12736 4137 7486 8406 
12737 3940 5099 5100 
12738 2846 2852 3429 
12739 6585 6586 6587 
12740 3468 3132 3477 
12741 1927 1930 1931 
12742 5389 8265 8631 
12743 5831 4335 7828 
12744 949 945 7194 
12745 3518 3989 4706 
12746 4690 2074 4692 
12747 5554 5555 5556 
12748 3981 6385 6386 
12749 3602 5900 7914 
12750 1936 1992 1993 
12751 2992 1991 2994 
12752 3653 2963 4109 
12753 4984 4983 4985 
12754 4686 6655 6656 
12755 7699 7054 8190 
12756 2780 3009 7544 
12757 1178 1070 6798 
12758 6366 6367 7679 
12759 4507 5700 6571 
12760 5073 6469 7851 
12761 3127 2968 3128 
12762 5050 5048 5051 
12763 7499 5958 7651 
12764 657 661 7084 
12765 5046 5048 5049 
12766 5134 8621 8771 
12767 2892 2738 2893 
12768 3162 6116 6117 
12769 2843 6372 6582 
12770 5752 5761 5762 
12771 8638 4524 8653 
12772 7692 7795 8158 
12773 4168 4169 7310 
12774 1464 1461 7203 
12775 3258 2435 7171 
12776 5956 4142 8046 
12777 1909 1910 6951 
12778 895 322 6530 
12779 3652 3267 4838 
12780 4678 3512 4679 
12781 4692 2074 6782 
12782 4654 4652 8872 
12783 4939 4940 5435 
12784 3746 3421 4555 
12785 295 293 7081 
12786 5814 6207 6238 
12787 2018 3488 7581 
12788 2539 2537 7797 
12789 1698 2613 6725 
12790 4779 3579 6818 
12791 3023 3016 7166 
12792 7320 175 7424 
12793 4606 2050 6640 
12794 3837 3841 6695 
12795 4072 6693 7119 
12796 713 2601 7044 
12797 3383 4384 4385 
12798 4659 5053 5095 
12799 7469 6226 9351 
12800 3535 4645 7085 
12801 3043 4347 7452 
12802 6200 3206 6915 
12803 7057 4537 7058 
12804 946 930 6811 
12805 4288 4712 5344 
12806 1350 1485 6197 
12807 4400 5454 6629 
12808 5971 5972 5973 
12809 346 364 6835 
12810 5149 4837 5150 
12811 3577 4172 6760 
12812 3916 4131 6202 
12813 4698 5280 5701 
12814 3475 2867 3476 
12815 9288 9289 9290 
12816 7375 4887 8052 
12817 4438 4439 4478 
12818 2956 5681 7254 
12819 1506 1688 1690 
12820 3509 2997 3510 
12821 1967 4710 5165 
12822 2142 6001 6002 
12823 737 735 7669 
12824 2353 3504 3505 
12825 6202 4131 6203 
12826 2612 1564 7336 
12827 2462 2457 7730 
12828 5382 7079 7180 
12829 4329 4330 4398 
12830 1337 1335 6170 
12831 4054 3778 8045 
12832 1851 1284 7407 
12833 3924 3925 4434 
12834 4544 6087 6088 
12835 4730 7500 7501 
12836 3436 4549 4550 
12837 980 979 7686 
12838 1369 1147 7785 
12839 5535 7770 8485 
12840 4523 3733 4822 
12841 7460 5392 7782 
12842 6734 6730 6735 
12843 5187 8246 8414 
12844 1622 6687 6688 
12845 2578 4263 4264 
12846 1335 1333 6558 
12847 2743 3389 6924 
12848 920 1120 7756 
12849 6677 1955 7581 
12850 1334 1336 6378 
12851 7758 3188 8105 
12852 3677 5962 7882 
12853 3237 1759 7749 
12854 3240 6730 6734 
12855 3397 3221 4350 
12856 3516 2888 4427 
12857 3718 3715 7665 
12858 5028 5029 5030 
12859 1858 3215 6408 
12860 5820 5821 6398 
12861 1175 1108 7247 
12862 1982 2102 2701 
12863 7506 4309 7709 
12864 5334 5335 7390 
12865 6999 4775 7430 
12866 4022 4020 4153 
12867 3713 4513 4514 
12868 4806 3210 7899 
12869 2602 533 7144 
12870 1035 8358 8376 
12871 2329 2325 7083 
12872 3390 2976 3391 
12873 4350 3221 4845 
12874 2797 2102 6131 
12875 3432 3428 7850 
12876 5614 5617 7379 
12877 6791 4191 7752 
12878 1799 1856 7076 
12879 7261 7268 7269 
12880 3168 6300 6301 
12881 1706 1481 7858 
12882 4789 6814 7251 
12883 2575 4138 7210 
12884 7226 7217 7229 
12885 3979 4323 4901 
12886 4692 6782 8233 
12887 1250 3122 8039 
12888 2384 6979 6980 
12889 230 2355 6955 
12890 4516 4898 5528 
12891 329 327 7624 
12892 3222 511 6105 
12893 723 1559 7073 
12894 4675 4676 5230 
12895 4958 5275 5808 
12896 3720 3776 4432 
12897 4599 5394 5415 
12898 4422 5465 5466 
12899 1121 1869 6495 
12900 3528 4018 6563 
12901 5111 5109 5112 
12902 3497 3866 4660 
12903 7528 3684 7995 
12904 5585 5584 6838 
12905 2736 2740 7142 
12906 6517 1828 8529 
12907 2153 4753 4754 
12908 2999 3413 6793 
12909 4399 4400 4401 
12910 3663 2604 7420 
12911 7145 4721 8055 
12912 6322 7480 8527 
12913 7023 1423 7586 
12914 4003 4000 8049 
12915 8312 4369 8710 
12916 5114 5116 5546 
12917 7944 6139 8153 
12918 6211 6209 6229 
12919 899 902 7671 
12920 5981 5977 5982 
12921 5642 4082 5643 
12922 4240 4269 7496 
12923 5905 4752 6084 
12924 4889 4993 4994 
12925 4283 4521 4522 
12926 4385 4718 5561 
12927 3734 4525 7588 
12928 924 923 7369 
12929 5635 4008 5636 
12930 4658 8914 8920 
12931 2657 1415 7053 
12932 6526 2541 6527 
12933 6173 4326 6174 
12934 4532 5214 5215 
12935 4946 3739 4948 
12936 8129 4894 8221 
12937 1914 1912 6941 
12938 7261 7269 9509 
12939 4162 6308 6945 
12940 3617 5088 7696 
12941 3893 5166 5171 
12942 5642 5643 5644 
12943 3214 5713 7396 
12944 3424 4134 4548 
12945 3951 3500 4818 
12946 8713 4953 8778 
12947 5772 8047 8069 
12948 3381 3420 4767 
12949 4172 5374 7636 
12950 7280 4328 7498 
12951 3426 3273 7234 
12952 4362 4109 7254 
12953 5876 5877 6994 
12954 4683 4685 4686 
12955 7272 7957 9496 
12956 730 751 7556 
12957 2579 6952 7139 
12958 8098 7202 8365 
12959 4785 360 6739 
12960 5221 4108 7549 
12961 1623 1622 7454 
12962 4055 4054 4600 
12963 4127 4129 7185 
12964 1646 2690 6406 
12965 3580 2896 7423 
12966 2949 5878 5885 
12967 4274 4276 7622 
12968 7333 4808 7563 
12969 1559 6381 7073 
12970 2491 6833 7197 
12971 5370 2903 6557 
12972 6718 4152 6720 
12973 2419 241 8012 
12974 2266 6136 7128 
12975 6012 6013 6014 
12976 4843 4582 7444 
12977 3923 3920 6182 
12978 2793 2751 7309 
12979 2143 2134 8297 
12980 4259 2437 7191 
12981 2361 2363 7526 
12982 4041 4038 4335 
12983 4708 5269 5270 
12984 3640 4675 4689 
12985 7070 2409 7788 
12986 6005 6011 6375 
12987 2685 4228 7562 
12988 6635 4143 6636 
12989 7002 4702 7003 
12990 5438 5439 5440 
12991 7201 5934 7202 
12992 1099 412 7396 
12993 6237 2454 6450 
12994 2982 5911 5951 
12995 7264 7266 7267 
12996 2159 1409 7376 
12997 1797 1795 7105 
12998 4357 4360 4816 
12999 4139 7012 7013 
13000 2650 1478 7190 
13001 2010 4716 5904 
13002 3312 3311 7354 
13003 6983 3187 7363 
13004 5251 5252 8699 
13005 270 268 7582 
13006 1248 1288 7745 
13007 3569 7773 7991 
13008 5494 5493 7668 
13009 2359 2438 7384 
13010 2766 5989 5992 
13011 5571 1669 8745 
13012 3257 377 6989 
13013 8498 5367 8654 
13014 5943 8495 8805 
13015 5934 1857 7494 
13016 2540 3161 5862 
13017 5632 5633 7104 
13018 2384 338 6979 
13019 1488 346 6835 
13020 228 226 6283 
13021 8050 4151 8145 
13022 1795 2988 7105 
13023 1026 1028 7439 
13024 6125 4096 7243 
13025 6494 1907 8206 
13026 4264 4265 7518 
13027 4602 3873 5058 
13028 4011 4725 8051 
13029 6167 6166 6621 
13030 9486 9484 9487 
13031 6958 2103 7123 
13032 4785 6604 7750 
13033 7686 979 7771 
13034 7989 3153 8482 
13035 6817 4779 6818 
13036 5406 5404 7541 
13037 943 4774 7194 
13038 2090 2406 6920 
13039 2635 2637 6028 
13040 5233 3945 5234 
13041 1824 2583 7447 
13042 5654 5656 5657 
13043 7726 9328 9329 
13044 2967 2966 2968 
13045 1681 1444 6733 
13046 6147 6161 7852 
13047 3971 5373 5481 
13048 274 300 7199 
13049 7285 6238 7503 
13050 4628 5096 5097 
13051 4885 8646 8828 
13052 177 1310 7424 
13053 6107 6779 7737 
13054 3887 3393 4414 
13055 4123 4773 5839 
13056 5801 2148 8231 
13057 6724 2305 7453 
13058 6676 4164 6691 
13059 6188 6395 7393 
13060 6036 6037 7943 
13061 5816 5653 6870 
13062 1475 1437 8153 
13063 2542 5906 6068 
13064 3496 5295 8186 
13065 1127 6690 8583 
13066 4645 5526 6940 
13067 1436 1643 7098 
13068 3458 3041 8038 
13069 5671 5660 5723 
13070 1815 8694 8759 
13071 7176 2564 7427 
13072 5918 3690 5919 
13073 7366 6805 7821 
13074 6462 6455 7851 
13075 6747 5782 7746 
13076 6528 6527 8103 
13077 9281 8218 9350 
13078 4621 3331 4622 
13079 7679 6367 8007 
13080 578 576 6958 
13081 3488 3487 7124 
13082 5176 5196 7710 
13083 8770 2314 8850 
13084 3332 1691 8260 
13085 1848 7302 7663 
13086 4501 3988 5678 
13087 1015 1013 6724 
13088 4284 4286 5283 
13089 6258 7614 7615 
13090 6813 7969 7990 
13091 1090 1033 7387 
13092 6997 6999 7430 
13093 6469 6462 7851 
13094 3701 5500 5503 
13095 5802 3913 6493 
13096 322 6511 6530 
13097 3932 5324 7673 
13098 5928 2957 8081 
13099 5486 4320 7936 
13100 1011 1014 6950 
13101 6504 6502 6678 
13102 193 195 7512 
13103 2369 193 7512 
13104 5643 7077 8314 
13105 8792 8791 9436 
13106 6339 6337 7674 
13107 5884 6900 7960 
13108 5021 5594 5595 
13109 1189 1268 6127 
13110 7995 6402 8174 
13111 4736 4737 6284 
13112 6263 6264 8080 
13113 5656 5672 7610 
13114 3517 3516 5950 
13115 3498 3950 7583 
13116 8040 6616 8366 
13117 6428 6125 7243 
13118 1924 5514 5515 
13119 5935 3621 6618 
13120 734 4221 7300 
13121 6397 2909 8119 
13122 3831 3914 4503 
13123 1385 1450 6997 
13124 6799 5682 7347 
13125 4118 6521 7167 
13126 6441 4778 6790 
13127 540 614 6731 
13128 3318 3328 6938 
13129 4116 6670 7521 
13130 4636 5203 8602 
13131 4216 4215 7689 
13132 4100 3422 7402 
13133 3675 4326 6173 
13134 5550 8185 8318 
13135 7982 6241 8311 
13136 1048 1053 7125 
13137 5922 1375 6378 
13138 957 954 7018 
13139 7483 3284 7747 
13140 4935 6776 8560 
13141 1717 1720 7010 
13142 367 3282 6953 
13143 5595 5594 7046 
13144 5230 5231 5310 
13145 7229 7219 7230 
13146 1108 369 6953 
13147 3637 7080 7506 
13148 701 4113 6749 
13149 1638 1845 7067 
13150 2545 1915 6820 
13151 3175 4034 7250 
13152 4402 4403 4404 
13153 3858 3856 6723 
13154 1809 1808 7280 
13155 9133 9134 9141 
13156 4042 6974 6975 
13157 4466 7596 7720 
13158 3074 3607 4430 
13159 5261 8233 8765 
13160 3008 3750 7635 
13161 8315 2385 8387 
13162 2526 2504 7284 
13163 2367 2023 6391 
13164 5792 5793 7407 
13165 3156 3158 7693 
13166 3481 4547 5086 
13167 4214 6845 7378 
13168 2029 5361 8286 
13169 4765 1926 7449 
13170 2608 965 7235 
13171 2958 1981 7408 
13172 5252 6858 6929 
13173 4283 4422 4521 
13174 6590 5961 8358 
13175 1905 2703 7155 
13176 2698 3439 6879 
13177 697 766 6627 
13178 3053 3492 7451 
13179 2380 5512 8756 
13180 5636 4008 7972 
13181 651 1430 7802 
13182 7016 5754 7017 
13183 3359 5693 5694 
13184 1480 2002 7190 
13185 5994 2344 7208 
13186 1917 1914 6941 
13187 3529 3528 6563 
13188 9274 9278 9293 
13189 2858 1942 7137 
13190 5593 3975 5897 
13191 7028 3649 7887 
13192 847 849 7753 
13193 3475 3888 6973 
13194 3089 435 6081 
13195 5096 4627 5853 
13196 2742 1801 7076 
13197 3084 7045 8041 
13198 2392 2400 7099 
13199 819 1087 7174 
13200 4379 7089 7090 
13201 2277 2278 6516 
13202 5504 5503 5549 
13203 4504 3746 4541 
13204 1849 1645 7056 
13205 4116 4528 6670 
13206 2895 3407 3408 
13207 4457 4110 6890 
13208 6581 2463 7714 
13209 6253 6261 7925 
13210 5933 5932 8213 
13211 449 2407 6510 
13212 492 490 7793 
13213 621 637 6751 
13214 5501 2775 7544 
13215 4239 4240 7496 
13216 2630 2625 7591 
13217 4643 5314 5624 
13218 583 578 6958 
13219 3227 4364 5997 
13220 603 605 8245 
13221 2948 7713 7770 
13222 3617 5087 5088 
13223 5128 7187 8703 
13224 3540 3708 7373 
13225 7689 4979 7690 
13226 6167 7842 7913 
13227 1179 1167 8353 
13228 6670 3105 7521 
13229 5939 3712 5940 
13230 5457 5458 5459 
13231 1451 1976 6622 
13232 4835 7747 7748 
13233 19 20 38 
13234 4789 6077 7988 
13235 6773 2937 7086 
13236 3581 3582 7838 
13237 293 4104 7081 
13238 189 7075 7164 
13239 1430 5719 7802 
13240 1924 5434 5514 
13241 1525 914 7448 
13242 465 468 7035 
13243 1710 6734 6735 
13244 2012 2960 6977 
13245 3412 2998 6778 
13246 3603 1756 3618 
13247 4772 4074 5812 
13248 1466 1464 6912 
13249 6845 6846 6868 
13250 1401 768 6880 
13251 3087 2020 6387 
13252 2245 2235 8204 
13253 189 191 7075 
13254 6790 4778 7249 
13255 1416 1527 7053 
13256 6479 1738 7834 
13257 9293 9278 9294 
13258 6933 4744 7577 
13259 5953 4295 7590 
13260 6760 4172 7636 
13261 4226 5418 6898 
13262 6997 6998 6999 
13263 5581 3991 6889 
13264 2406 6411 7828 
13265 7109 6494 7872 
13266 4036 6920 7662 
13267 6885 2940 7473 
13268 434 436 6590 
13269 1013 1020 6724 
13270 7401 7400 8183 
13271 2643 1824 7447 
13272 6799 3231 6800 
13273 6825 4819 8411 
13274 6753 5369 6754 
13275 6342 7674 7675 
13276 1902 1899 7236 
13277 7663 4741 7664 
13278 5248 5243 7087 
13279 4042 4041 6974 
13280 5998 4364 7865 
13281 268 267 7696 
13282 1597 2697 7507 
13283 5016 7724 7900 
13284 3186 6608 7602 
13285 2674 7054 7699 
13286 4245 4246 6608 
13287 4818 7606 7684 
13288 3163 3159 7377 
13289 4379 7090 7929 
13290 6614 7255 8635 
13291 2355 6283 7289 
13292 1478 1480 7190 
13293 3682 4895 8072 
13294 7009 750 8670 
13295 4753 2149 6104 
13296 1458 5934 7201 
13297 1028 1090 7439 
13298 4838 3267 7163 
13299 1343 3684 7528 
13300 3480 3366 6821 
13301 175 177 7424 
13302 7198 4239 7496 
13303 1103 913 7088 
13304 1169 919 8134 
13305 377 380 6989 
13306 646 664 6946 
13307 764 2743 6924 
13308 7252 4856 7821 
13309 3976 5278 5479 
13310 6342 7676 7677 
13311 2965 2275 4372 
13312 7970 5427 7975 
13313 6924 3389 7772 
13314 7312 620 7313 
13315 1502 2371 6733 
13316 4033 6487 6680 
13317 5358 6919 8062 
13318 1897 6067 7236 
13319 6530 5821 6531 
13320 4471 4924 8408 
13321 6827 7532 7986 
13322 8371 4130 8420 
13323 4051 4357 4358 
13324 5285 5288 7433 
13325 5655 5816 7177 
13326 5712 5711 7116 
13327 3943 6933 7296 
13328 4257 6560 8327 
13329 3657 6376 7945 
13330 1413 6790 7249 
13331 3764 3785 7414 
13332 3924 4434 4551 
13333 634 635 6874 
13334 2344 532 7208 
13335 2986 7486 7590 
13336 3830 4368 4394 
13337 1915 1916 6820 
13338 1942 1702 7137 
13339 6203 7308 7479 
13340 1133 1135 7759 
13341 618 1501 7045 
13342 7014 4266 7015 
13343 2910 3976 7846 
13344 1940 4314 7933 
13345 488 487 7901 
13346 4092 4094 7492 
13347 5816 4154 7177 
13348 3416 1841 7488 
13349 4005 4003 4967 
13350 8240 8241 9136 
13351 4215 4979 7689 
13352 5286 5285 7433 
13353 3230 3227 5997 
13354 4858 4229 4863 
13355 2580 5588 5589 
13356 6258 7613 7614 
13357 6657 6655 6658 
13358 6134 773 6199 
13359 7154 2199 7442 
13360 6810 4491 7299 
13361 6927 3418 6965 
13362 4791 3588 7334 
13363 21 22 34 
13364 1140 2610 6935 
13365 2879 1435 6732 
13366 1745 2923 7725 
13367 6258 6256 7613 
13368 2998 2795 6778 
13369 4736 6284 6285 
13370 3034 4125 7136 
13371 1329 1342 7542 
13372 4729 4501 8476 
13373 7075 8078 8339 
13374 7501 2739 8331 
13375 6846 6850 6868 
13376 7543 6890 8243 
13377 2874 1733 6384 
13378 4294 3480 6821 
13379 1047 1030 7039 
13380 5513 8856 8918 
13381 7555 6821 8221 
13382 5863 3186 7602 
13383 2690 7010 8328 
13384 6445 1482 7102 
13385 2011 2012 6977 
13386 4606 8906 8913 
13387 710 5773 6206 
13388 2726 2728 8272 
13389 4664 4663 6934 
13390 2816 6635 6636 
13391 2189 2195 7244 
13392 3895 4520 6897 
13393 4695 5202 8409 
13394 983 947 7338 
13395 1272 6583 7571 
13396 4174 4175 6761 
13397 1027 1019 7314 
13398 7355 4421 7918 
13399 4345 6695 8239 
13400 7829 6117 8033 
13401 7150 1298 7594 
13402 970 974 7179 
13403 327 3067 7624 
13404 580 585 6591 
13405 6785 6786 6787 
13406 2296 2294 6921 
13407 7762 7763 9535 
13408 3641 7095 7096 
13409 2717 2722 7500 
13410 2423 3379 3610 
13411 5778 6760 7636 
13412 1937 2840 7311 
13413 994 992 7405 
13414 8098 4478 8379 
13415 461 459 8496 
13416 5551 4806 7804 
13417 5005 3834 7559 
13418 4220 6508 8123 
13419 1457 1319 6812 
13420 5138 5140 5141 
13421 4269 4834 7731 
13422 7414 4298 7475 
13423 8577 7977 8578 
13424 2590 659 6620 
13425 7872 4431 8522 
13426 3027 3025 8014 
13427 4420 7524 8216 
13428 6481 1586 7803 
13429 4952 3410 4953 
13430 7184 1099 7967 
13431 4773 3564 7129 
13432 4291 6813 7364 
13433 2322 2324 8319 
13434 4111 3035 7324 
13435 3654 5392 7458 
13436 4159 8213 8783 
13437 5206 4336 8534 
13438 1094 983 7410 
13439 5470 3566 5471 
13440 7565 7567 7835 
13441 1116 5611 8290 
13442 9282 9301 9302 
13443 5626 3523 7637 
13444 458 6183 8083 
13445 9282 9308 9311 
13446 983 7338 7410 
13447 4590 4591 4592 
13448 2294 4126 6921 
13449 5958 5957 7651 
13450 4522 5720 5721 
13451 6 7 39 
13452 1310 6501 8424 
13453 3369 7858 7929 
13454 3654 5391 5392 
13455 4922 4921 8667 
13456 4966 7488 7489 
13457 5136 5139 8621 
13458 872 2380 8756 
13459 5008 5578 5579 
13460 2655 876 7575 
13461 1565 1972 6774 
13462 4399 4401 4402 
13463 7971 4891 8067 
13464 649 5787 7823 
13465 3499 3498 7583 
13466 5666 7036 7326 
13467 1345 8109 8746 
13468 5468 5898 6808 
13469 7761 6864 7762 
13470 3174 3696 7037 
13471 4402 4404 4557 
13472 1576 2000 7398 
13473 8 9 35 
13474 8047 3292 8069 
13475 4009 4011 8051 
13476 6385 1330 7316 
13477 4470 173 8148 
13478 1649 1651 7708 
13479 8488 4897 8586 
13480 2952 2249 6547 
13481 6768 1248 7745 
13482 6410 2158 8003 
13483 3702 3176 7037 
13484 5890 5888 7289 
13485 3961 3960 9340 
13486 6603 1884 7860 
13487 3620 7015 7572 
13488 4315 4317 7599 
13489 1818 980 7686 
13490 5240 3913 6896 
13491 6511 5821 6530 
13492 3018 3023 7331 
13493 4414 3393 4545 
13494 7139 7757 7758 
13495 5083 4257 5199 
13496 5345 7881 7882 
13497 8390 4951 8847 
13498 469 420 7034 
13499 2746 3298 7494 
13500 4144 4143 6877 
13501 5750 6711 6712 
13502 2383 7172 7423 
13503 712 730 7556 
13504 832 598 7055 
13505 1037 5543 8513 
13506 8103 4449 8538 
13507 2576 4239 7125 
13508 5681 5682 6800 
13509 3588 3144 7673 
13510 2274 2185 7181 
13511 7726 3968 9328 
13512 4276 4285 7622 
13513 8166 2372 8270 
13514 4019 4021 6970 
13515 643 670 6884 
13516 6593 2617 8077 
13517 7707 5822 7708 
13518 2888 2352 7848 
13519 5059 4128 7932 
13520 6401 4898 6402 
13521 5924 7351 7776 
13522 6319 5412 8527 
13523 4629 4630 6984 
13524 3447 3426 7234 
13525 4820 7312 7313 
13526 1303 1301 8368 
13527 3641 3327 7095 
13528 3742 2990 7415 
13529 4478 8098 8365 
13530 3897 3895 6897 
13531 680 2114 7159 
13532 7282 7281 8232 
13533 424 421 6917 
13534 670 6554 6884 
13535 1518 1562 7350 
13536 6256 6259 7613 
13537 2447 2465 7285 
13538 7111 3615 7374 
13539 5912 2335 7247 
13540 9319 9258 9339 
13541 7405 992 7515 
13542 2453 2456 6581 
13543 5924 5926 7351 
13544 4109 7253 7254 
13545 4118 4119 7122 
13546 1014 4135 6950 
13547 789 636 7312 
13548 4181 5267 5340 
13549 1135 5964 7759 
13550 6513 4816 8558 
13551 9490 9492 9511 
13552 7886 4031 8168 
13553 4600 4054 4601 
13554 1801 1799 7076 
13555 6163 6406 8015 
13556 3140 7697 7928 
13557 4132 7453 7808 
13558 5492 5174 7710 
13559 4403 5153 6967 
13560 5554 5556 5560 
13561 1331 1329 7542 
13562 7363 4245 7538 
13563 7592 3066 7836 
13564 1441 1106 6485 
13565 2423 3610 4864 
13566 5709 4243 8683 
13567 4145 4487 4488 
13568 9269 9301 9350 
13569 1374 1166 7413 
13570 7925 7923 7951 
13571 4929 8479 8594 
13572 2740 8097 8205 
13573 4105 5317 8362 
13574 7800 4423 8263 
13575 570 4089 6746 
13576 4222 957 7018 
13577 1302 1304 7281 
13578 3208 6073 7670 
13579 6451 1999 6452 
13580 6289 4595 8159 
13581 369 367 6953 
13582 5750 5748 6711 
13583 5658 5656 7610 
13584 328 330 6637 
13585 8576 7977 8577 
13586 2164 6448 8596 
13587 3155 833 7493 
13588 1589 7201 7476 
13589 2678 7454 7873 
13590 5492 7398 7701 
13591 3991 3993 6889 
13592 2542 2453 6581 
13593 1925 1084 7567 
13594 2380 7112 8744 
13595 6068 4362 8005 
13596 2037 2871 6982 
13597 7302 1848 7725 
13598 6118 7791 8033 
13599 6809 8741 8762 
13600 2074 2071 7847 
13601 4260 4262 7248 
13602 4011 4013 4725 
13603 255 232 6955 
13604 4106 4751 8508 
13605 8125 4939 8898 
13606 5696 5999 7814 
13607 3860 6904 6905 
13608 5962 4455 8078 
13609 7006 1218 7884 
13610 3550 2157 7148 
13611 4331 7395 8018 
13612 6047 6046 6299 
13613 4011 4012 4013 
13614 7033 2130 8299 
13615 2499 2494 7187 
13616 7123 2939 7868 
13617 1099 7545 7967 
13618 5964 4832 7759 
13619 2844 2265 7721 
13620 5940 3712 5941 
13621 9263 7469 9348 
13622 6980 4157 7539 
13623 7175 4033 7393 
13624 2656 7421 7422 
13625 4991 5026 8305 
13626 9343 9263 9344 
13627 4480 2720 7893 
13628 8574 7678 8576 
13629 5537 4597 5538 
13630 4367 378 7624 
13631 4818 3500 7671 
13632 5343 4174 6761 
13633 6180 1713 7629 
13634 2341 328 6637 
13635 4713 4092 7492 
13636 356 4309 7020 
13637 659 667 6620 
13638 3080 3671 8165 
13639 2109 6143 7386 
13640 4411 4459 7278 
13641 1461 1459 7203 
13642 4935 4112 7573 
13643 3228 7041 7552 
13644 2175 2217 7646 
13645 7142 2740 8205 
13646 4465 4391 8179 
13647 7980 6091 8283 
13648 6012 6009 6013 
13649 1006 2942 7291 
13650 7187 6602 8703 
13651 9342 9343 9346 
13652 4487 4929 8624 
13653 5559 2767 8754 
13654 7162 4838 7163 
13655 4579 4419 4580 
13656 1233 6775 6776 
13657 4292 3557 7296 
13658 2440 6799 7347 
13659 1583 951 6819 
13660 979 6752 7771 
13661 3858 6723 8960 
13662 5858 7741 7742 
13663 1415 1416 7053 
13664 2450 2448 7503 
13665 5671 5723 6588 
13666 7150 4786 7380 
13667 5894 4290 6827 
13668 3595 2665 7391 
13669 751 4078 7556 
13670 5807 682 6837 
13671 2673 7248 7720 
13672 558 5952 6204 
13673 2582 1547 7352 
13674 3877 5540 5541 
13675 5130 4325 5131 
13676 640 2590 6843 
13677 4707 5783 6480 
13678 7392 6883 7607 
13679 4824 7176 7427 
13680 1177 920 7756 
13681 6015 3136 6016 
13682 7803 1586 8068 
13683 7223 6907 7224 
13684 3635 3636 7829 
13685 637 655 6751 
13686 7008 5993 8013 
13687 9308 9309 9310 
13688 4114 5905 6084 
13689 6342 6339 7674 
13690 4223 2886 7522 
13691 6583 6584 7571 
13692 677 674 7394 
13693 5357 750 8550 
13694 4248 4250 7692 
13695 6464 7558 7931 
13696 4189 4186 7551 
13697 5826 5861 7584 
13698 2923 1747 6286 
13699 2251 2253 5553 
13700 6863 6864 7761 
13701 370 371 6839 
13702 450 2645 6295 
13703 4735 5210 8385 
13704 2690 1715 7010 
13705 3122 5156 8039 
13706 4771 3952 6314 
13707 6556 2111 7659 
13708 4307 4308 8966 
13709 2291 4118 7167 
13710 3310 3320 7434 
13711 3170 3396 6178 
13712 7189 4372 7811 
13713 7 8 65 
13714 1199 1197 7896 
13715 2935 8586 8697 
13716 1836 1834 6592 
13717 7329 5589 7330 
13718 6070 6068 8005 
13719 4395 4424 7638 
13720 3039 1959 7370 
13721 1023 1021 7381 
13722 4314 7514 7535 
13723 3363 6255 6938 
13724 598 597 6419 
13725 4872 4189 7551 
13726 6041 6040 9149 
13727 6259 6267 7613 
13728 6929 6863 8672 
13729 2578 4264 7585 
13730 8540 4762 8591 
13731 5565 7423 7717 
13732 2289 6903 7845 
13733 6475 2429 8383 
13734 1342 4376 7542 
13735 1527 6181 8030 
13736 7567 1105 7609 
13737 375 1100 6791 
13738 4925 7527 8116 
13739 4385 5562 7832 
13740 9532 7768 9535 
13741 3339 1858 6408 
13742 3044 542 6731 
13743 2984 7100 7101 
13744 6193 3646 7210 
13745 2213 2233 6074 
13746 3700 5456 5457 
13747 1899 1897 7236 
13748 6116 6118 8033 
13749 1432 1340 7406 
13750 6394 6393 8084 
13751 5216 4382 5217 
13752 520 8384 8459 
13753 1814 1696 7238 
13754 7613 6267 7619 
13755 2581 1235 7246 
13756 1948 1473 7395 
13757 9251 9300 9340 
13758 7565 1925 7567 
13759 5705 946 7077 
13760 900 6836 7160 
13761 214 7097 7140 
13762 4046 3550 7148 
13763 1040 850 7718 
13764 599 2386 7861 
13765 4234 893 6758 
13766 1459 4291 7203 
13767 470 1390 7157 
13768 4786 3586 7380 
13769 7382 4355 7754 
13770 4891 4757 8067 
13771 5887 7307 7916 
13772 6395 7175 7393 
13773 8187 6014 8253 
13774 3316 3319 7173 
13775 3700 5455 5456 
13776 1497 1133 7759 
13777 9318 9258 9319 
13778 2848 1937 7311 
13779 3965 2874 6384 
13780 3455 3870 6578 
13781 2127 2130 7033 
13782 9108 9118 9119 
13783 2367 6391 6393 
13784 5392 5393 7782 
13785 4112 5305 7573 
13786 6582 6372 7541 
13787 5662 6673 7704 
13788 1183 1348 6689 
13789 1586 1256 7337 
13790 3045 641 6874 
13791 858 885 7152 
13792 5962 8078 8170 
13793 6958 7123 7869 
13794 4184 6085 8423 
13795 4804 6616 7962 
13796 7541 2653 7870 
13797 2971 2970 7881 
13798 951 949 6819 
13799 6914 2390 8126 
13800 5372 4404 8894 
13801 2950 7688 7918 
13802 3701 5503 5504 
13803 1800 1806 6882 
13804 4138 6193 7210 
13805 3269 5864 6442 
13806 4591 4589 7926 
13807 5572 808 6061 
13808 3650 6529 7126 
13809 420 418 7034 
13810 4373 4327 7973 
13811 3744 3600 7833 
13812 4244 6782 7693 
13813 7173 6262 7354 
13814 2084 2087 7791 
13815 4411 4052 4459 
13816 4119 4193 7122 
13817 4489 6804 8167 
13818 3834 3779 7559 
13819 6174 4326 7810 
13820 5742 5744 7716 
13821 7724 3031 7900 
13822 3023 7598 8092 
13823 1624 1396 8277 
13824 3154 1846 7546 
13825 4449 8103 8160 
13826 359 375 6791 
13827 773 744 6199 
13828 3122 5155 5156 
13829 5027 5028 8025 
13830 3342 3343 7972 
13831 3812 3810 6567 
13832 7945 4826 7946 
13833 3664 4782 8052 
13834 3384 4502 7317 
13835 255 6955 7307 
13836 3613 7014 7015 
13837 7604 5717 7605 
13838 1563 3048 7578 
13839 4721 6784 7409 
13840 6587 8111 8350 
13841 6845 6868 7441 
13842 1210 1221 6960 
13843 5534 5535 8413 
13844 4169 5232 7310 
13845 3389 5706 7806 
13846 1098 937 6780 
13847 3082 3079 6390 
13848 6194 7082 8043 
13849 907 819 7174 
13850 1084 1105 7567 
13851 2835 2824 7062 
13852 4868 4869 7758 
13853 8152 6628 8189 
13854 1591 1683 7306 
13855 3321 3312 7161 
13856 4294 7927 8031 
13857 6946 664 7300 
13858 1213 1209 7603 
13859 20 21 64 
13860 3357 4136 7672 
13861 676 680 7159 
13862 1884 1882 7860 
13863 2158 7784 8003 
13864 3164 3167 7341 
13865 4349 7026 7595 
13866 785 793 7107 
13867 6835 8162 8605 
13868 1264 1294 6891 
13869 2106 2104 6956 
13870 2955 2725 5852 
13871 197 198 7069 
13872 5396 3758 7783 
13873 5565 3580 7423 
13874 7026 4349 7915 
13875 4835 6941 7483 
13876 5796 2215 6074 
13877 3993 5238 6889 
13878 8273 4873 8331 
13879 798 6577 7534 
13880 8796 9432 9433 
13881 9253 9250 9312 
13882 4823 1355 7445 
13883 8584 5947 8667 
13884 2740 4730 8097 
13885 1530 6140 6142 
13886 7655 4370 8543 
13887 5859 4538 8675 
13888 3333 1647 7504 
13889 2344 5994 7897 
13890 5460 4679 6298 
13891 9250 9249 9312 
13892 1654 3802 7708 
13893 4425 6907 7223 
13894 696 2315 7072 
13895 3463 2026 7452 
13896 4825 7859 7933 
13897 3219 484 6830 
13898 3448 5068 8065 
13899 4296 3322 7375 
13900 537 539 8386 
13901 542 540 6731 
13902 6814 1850 7303 
13903 7126 6529 7241 
13904 4301 4386 7719 
13905 5560 3153 8335 
13906 1095 1125 7894 
13907 8826 5435 8900 
13908 4741 7587 7664 
13909 1529 1646 6406 
13910 1281 2591 7353 
13911 5769 5770 8069 
13912 2342 2938 7839 
13913 334 336 6739 
13914 8573 8574 8575 
13915 4133 6798 7321 
13916 4244 3160 7341 
13917 3204 3980 7196 
13918 2573 8480 8640 
13919 3536 3539 6978 
13920 8501 7635 8555 
13921 4519 4505 8673 
13922 5612 1848 7663 
13923 4794 7987 8306 
13924 5320 3926 7790 
13925 7201 7202 7476 
13926 6566 7198 7496 
13927 3364 8129 8221 
13928 6721 2606 8107 
13929 6434 6435 8011 
13930 5608 4184 6000 
13931 1555 1553 7513 
13932 1017 4132 7314 
13933 1521 6997 7430 
13934 2173 2175 7646 
13935 4270 3466 7510 
13936 600 471 8469 
13937 3245 789 7312 
13938 3600 2539 7797 
13939 6532 3329 6533 
13940 2961 854 7856 
13941 1256 1258 7337 
13942 2931 2643 7447 
13943 1392 1391 7553 
13944 6994 2159 7376 
13945 1170 1123 8682 
13946 7165 4862 8203 
13947 962 960 7235 
13948 2158 6981 7784 
13949 530 524 6931 
13950 1875 1920 7827 
13951 2616 6560 6561 
13952 4353 7474 7938 
13953 4071 4337 7712 
13954 339 337 7297 
13955 7079 5583 7180 
13956 946 6811 8314 
13957 4785 6739 7715 
13958 4310 6296 8053 
13959 1907 1893 8430 
13960 4299 4301 7719 
13961 1437 7944 8153 
13962 6181 2413 8404 
13963 8374 4069 8507 
13964 5453 4540 8695 
13965 5515 6054 7063 
13966 4093 4778 6425 
13967 3781 5003 7559 
13968 5313 4247 7884 
13969 1019 1017 7314 
13970 2957 1779 7917 
13971 6803 1814 7238 
13972 4420 4322 7524 
13973 5872 5871 5951 
13974 6557 2903 8055 
13975 3882 3454 6578 
13976 232 230 6955 
13977 564 2346 7348 
13978 911 2651 7088 
13979 5618 5622 7491 
13980 1125 7438 7894 
13981 463 461 8150 
13982 225 227 8315 
13983 2604 1837 7420 
13984 7359 7360 8053 
13985 6183 4830 7911 
13986 1850 1419 7303 
13987 1105 1174 7609 
13988 934 936 6619 
13989 1575 1838 6487 
13990 7617 7614 7619 
13991 4881 3302 6895 
13992 6201 6200 7868 
13993 5603 5604 5605 
13994 5449 3910 8540 
13995 6145 4333 7886 
13996 3893 5172 7701 
13997 3187 4245 7363 
13998 7484 4903 8356 
13999 4291 6812 6813 
14000 5994 4812 7897 
14001 3176 3174 7037 
14002 3160 3164 7341 
14003 2973 2974 7147 
14004 936 981 6619 
14005 4089 567 6310 
14006 3162 6117 7444 
14007 5588 5587 7914 
14008 7593 4902 8115 
14009 6715 8307 8572 
14010 388 517 6949 
14011 4338 1636 7067 
14012 6346 6328 7520 
14013 4914 4031 7886 
14014 3188 7682 8105 
14015 5567 5565 7717 
14016 435 432 6081 
14017 6264 6254 7951 
14018 5882 7842 7912 
14019 4812 4813 7897 
14020 972 2603 6792 
14021 4181 5340 7825 
14022 2649 1000 7093 
14023 944 982 7007 
14024 4327 4355 7784 
14025 1053 2576 7125 
14026 1588 832 7055 
14027 2937 6718 6719 
14028 577 4719 7411 
14029 4331 3340 7395 
14030 1734 1736 7342 
14031 3807 3808 7443 
14032 7603 6389 7821 
14033 623 986 6875 
14034 7561 5396 7783 
14035 4817 6536 6667 
14036 1106 1085 6485 
14037 3045 6874 7639 
14038 267 1400 7696 
14039 722 720 7749 
14040 2656 1946 7421 
14041 1810 2704 7425 
14042 3715 2894 7665 
14043 5592 5591 6126 
14044 3275 5563 7657 
14045 7571 6584 7572 
14046 3875 3876 8151 
14047 3112 1836 6592 
14048 6941 2356 7483 
14049 4347 4614 6767 
14050 7396 5713 7545 
14051 5112 8137 8500 
14052 1221 4163 6960 
14053 7552 4851 7963 
14054 597 616 6419 
14055 7842 6621 7912 
14056 215 7495 7625 
14057 1471 1472 7336 
14058 5209 5211 5357 
14059 7248 2673 7293 
14060 3673 3082 6390 
14061 2534 2532 7813 
14062 4725 4726 6888 
14063 1345 7160 7937 
14064 245 6080 8701 
14065 1009 1004 7291 
14066 4115 5958 7661 
14067 3030 3031 7724 
14068 611 623 6875 
14069 4910 8347 8561 
14070 6547 1582 7404 
14071 2355 7289 7916 
14072 6847 4216 7689 
14073 6120 6119 7580 
14074 4390 4261 7432 
14075 1830 1536 7362 
14076 3548 1331 7542 
14077 191 2369 7075 
14078 3611 7111 7750 
14079 5398 5396 7561 
14080 7412 5923 7776 
14081 2969 7412 8139 
14082 6302 6303 7955 
14083 4856 7366 7821 
14084 1304 1581 7281 
14085 2798 3376 7361 
14086 3052 7128 8063 
14087 6550 6358 8793 
14088 2811 2813 7738 
14089 1837 1574 7420 
14090 1174 1252 7609 
14091 4374 5093 7928 
14092 1180 1275 7103 
14093 5250 5246 6867 
14094 4351 5387 8522 
14095 7382 7381 8003 
14096 2749 3701 7997 
14097 8791 9434 9436 
14098 6429 1313 7969 
14099 5741 5747 8088 
14100 2714 3329 6065 
14101 8453 2584 8587 
14102 7334 3588 7673 
14103 5497 5795 7437 
14104 3233 2879 6732 
14105 2847 5639 7721 
14106 522 3222 6931 
14107 1122 3205 7557 
14108 3936 7256 7910 
14109 8347 5702 8561 
14110 5772 6495 8047 
14111 214 216 7097 
14112 4418 3485 6973 
14113 5927 5928 7568 
14114 4640 3874 8287 
14115 3954 4381 7418 
14116 9282 9281 9301 
14117 3665 4889 7850 
14118 6969 4457 8146 
14119 3335 2597 7800 
14120 2660 2668 7688 
14121 3119 3457 7555 
14122 4135 1016 8341 
14123 3161 3745 5862 
14124 4033 1575 6487 
14125 3778 4980 8045 
14126 4673 2831 7048 
14127 1812 1094 7410 
14128 4113 6756 7631 
14129 1950 7392 7607 
14130 1825 1865 7370 
14131 4284 5283 5542 
14132 4743 5326 7723 
14133 5663 5645 8314 
14134 6406 2690 7890 
14135 4191 7703 7752 
14136 1423 1421 7586 
14137 2409 6747 7746 
14138 4846 2582 7352 
14139 7920 7615 7921 
14140 2307 7034 8050 
14141 8019 2400 8427 
14142 1504 1314 7970 
14143 2216 8761 8804 
14144 1857 2746 7494 
14145 2926 7013 7384 
14146 2995 3153 7989 
14147 4123 5839 5840 
14148 3364 3361 8129 
14149 6821 3366 8221 
14150 8317 4941 8738 
14151 1900 1901 7426 
14152 310 6523 7998 
14153 5459 3975 8798 
14154 3457 4602 7927 
14155 6337 6366 7674 
14156 7773 6285 7981 
14157 358 354 7020 
14158 262 6441 6790 
14159 9436 9434 9437 
14160 1371 4147 7362 
14161 685 701 6749 
14162 2171 2173 7078 
14163 1088 1097 7606 
14164 6841 3265 7514 
14165 765 763 7644 
14166 2676 217 7625 
14167 569 571 7455 
14168 978 1815 7446 
14169 7519 4367 7876 
14170 4867 4866 7565 
14171 273 270 7582 
14172 5979 5978 8143 
14173 7051 7050 8437 
14174 7362 4147 8282 
14175 2702 6810 7299 
14176 6843 2590 8102 
14177 3604 2334 7585 
14178 1288 1520 7745 
14179 1715 1717 7010 
14180 2389 3334 7809 
14181 3369 7929 7930 
14182 2411 417 7537 
14183 1161 1585 8300 
14184 1298 1300 7594 
14185 2059 4093 6425 
14186 7111 4784 7750 
14187 2881 6825 7388 
14188 3698 7165 8203 
14189 8097 4593 8205 
14190 1072 1429 7579 
14191 2504 2506 7284 
14192 2532 3502 7813 
14193 7053 1527 8190 
14194 7397 4366 8174 
14195 7239 5686 7241 
14196 7378 6845 7441 
14197 2713 2710 7862 
14198 902 1088 7606 
14199 5727 4691 7634 
14200 6498 2368 7360 
14201 7578 3525 7774 
14202 3306 3307 7434 
14203 1806 2017 6882 
14204 1373 1374 8292 
14205 1450 1515 6998 
14206 170 171 7320 
14207 2255 2247 7934 
14208 3185 1249 7824 
14209 3222 6105 8175 
14210 215 213 7495 
14211 632 640 6843 
14212 3428 3665 7850 
14213 913 911 7088 
14214 2689 1590 7306 
14215 5210 7656 8367 
14216 2662 2660 7688 
14217 8117 1821 8143 
14218 7395 7482 8018 
14219 9258 9256 9339 
14220 5822 7707 8256 
14221 7262 7261 9509 
14222 7325 3339 7326 
14223 8078 4455 8339 
14224 5087 4613 6515 
14225 7924 9505 9514 
14226 923 4235 7369 
14227 5815 4754 7497 
14228 2244 8113 8818 
14229 8146 6435 8474 
14230 5876 6994 7376 
14231 7297 4167 7298 
14232 3217 1603 7356 
14233 7572 6584 8104 
14234 6374 7564 8089 
14235 732 817 6885 
14236 6644 1428 6662 
14237 4348 4349 7595 
14238 4735 5209 5210 
14239 5283 3297 6243 
14240 6264 7951 7952 
14241 3501 5627 5629 
14242 4411 6423 6424 
14243 866 1978 8439 
14244 8566 4932 8629 
14245 3284 3286 7747 
14246 2128 2127 7033 
14247 7005 1413 7249 
14248 760 764 6894 
14249 4378 4894 8128 
14250 1444 1502 6733 
14251 297 625 8035 
14252 4735 5208 5209 
14253 1388 6737 8388 
14254 2333 2973 8184 
14255 527 499 8154 
14256 4466 4468 7596 
14257 7259 3825 7276 
14258 965 962 7235 
14259 5728 5727 7634 
14260 3913 3197 6493 
14261 4746 5385 7898 
14262 6621 2419 7912 
14263 1720 1719 8032 
14264 4311 3294 7735 
14265 196 194 6804 
14266 4154 942 7007 
14267 6715 6714 8469 
14268 2973 6700 8184 
14269 3687 2972 8322 
14270 2542 6068 6069 
14271 2308 2310 7333 
14272 2144 2140 8253 
14273 3801 3800 7638 
14274 5357 8550 8863 
14275 3188 779 7682 
14276 1383 1382 7162 
14277 3472 5809 8344 
14278 2555 2551 7293 
14279 2937 1440 7086 
14280 817 2940 6885 
14281 2335 1175 7247 
14282 1086 1107 6873 
14283 2305 6566 7731 
14284 2908 5704 7794 
14285 4617 5124 7837 
14286 3354 3352 7942 
14287 1822 1819 8117 
14288 6350 6333 7255 
14289 5088 5087 7092 
14290 2151 7358 7445 
14291 6430 8166 8270 
14292 9133 6041 9134 
14293 6785 3377 6786 
14294 2697 3047 8333 
14295 6880 768 7068 
14296 7921 7922 7923 
14297 4967 4003 8049 
14298 4291 1457 6812 
14299 2948 2680 7713 
14300 1504 6091 7980 
14301 5882 6482 7842 
14302 7253 2956 7254 
14303 2334 2578 7585 
14304 4846 7352 7578 
14305 1287 1251 8039 
14306 4363 2630 7591 
14307 1676 1544 7397 
14308 1308 1062 7239 
14309 7171 4811 8168 
14310 6127 1489 6128 
14311 974 978 7446 
14312 2653 2394 7099 
14313 2667 3611 7391 
14314 641 634 6874 
14315 1616 1631 7563 
14316 7770 7051 8485 
14317 1317 1264 6891 
14318 9308 9310 9311 
14319 2569 2572 7777 
14320 8249 6361 8400 
14321 6354 6685 8472 
14322 4679 4681 6298 
14323 8141 5437 8530 
14324 3844 3845 8064 
14325 3846 4443 7632 
14326 4834 6073 7808 
14327 5994 7208 7209 
14328 2706 2128 7702 
14329 1252 6481 7609 
14330 8557 5203 8830 
14331 4419 3434 7481 
14332 4748 5376 8604 
14333 5217 4382 7983 
14334 5519 8844 8989 
14335 6178 3396 7947 
14336 1935 1932 7328 
14337 2974 4407 7147 
14338 4612 3458 8402 
14339 4831 8497 8520 
14340 3779 3781 7559 
14341 1002 1009 7093 
14342 976 973 6792 
14343 875 877 7112 
14344 7351 4871 7776 
14345 2470 2962 7499 
14346 2488 2486 8323 
14347 7408 3006 7807 
14348 3158 4244 7693 
14349 6157 7557 7558 
14350 5559 8754 8897 
14351 3301 3299 7661 
14352 6806 3581 7838 
14353 7518 4265 7735 
14354 7237 4892 8192 
14355 1542 4366 7397 
14356 1553 6841 7513 
14357 4744 3331 7755 
14358 6866 6856 9547 
14359 2151 3056 7358 
14360 1590 1591 7306 
14361 7458 7465 8135 
14362 2748 2749 7997 
14363 904 3606 7621 
14364 6000 4184 8423 
14365 6710 8171 8391 
14366 7024 4833 7025 
14367 6554 823 7525 
14368 3367 3481 8002 
14369 1276 1181 8192 
14370 4676 4456 8369 
14371 1226 1228 7246 
14372 1959 1825 7370 
14373 8858 5169 8876 
14374 4503 5206 5571 
14375 6203 4131 7308 
14376 3024 3020 7331 
14377 474 438 6797 
14378 534 2344 8054 
14379 2438 2926 7384 
14380 349 266 7082 
14381 6203 7540 8419 
14382 5700 4431 8206 
14383 6455 1999 7851 
14384 5913 5912 7728 
14385 3020 3018 7331 
14386 4464 5294 8449 
14387 7606 1097 7684 
14388 7193 5545 8373 
14389 3302 1701 6895 
14390 3485 3475 6973 
14391 3142 3143 8452 
14392 8325 4356 8393 
14393 8188 9183 9188 
14394 1920 1879 8022 
14395 3732 4510 8004 
14396 1536 1371 7362 
14397 3604 7585 7935 
14398 1774 2881 7388 
14399 5985 3308 5987 
14400 441 439 8460 
14401 1564 1471 7336 
14402 3885 3140 7928 
14403 216 2338 7097 
14404 6381 1997 6451 
14405 539 541 8228 
14406 6423 3283 6424 
14407 4388 6089 7975 
14408 5666 5658 7610 
14409 2506 7043 7284 
14410 5423 4071 7712 
14411 7534 5755 8608 
14412 2217 3241 7646 
14413 1215 1213 6805 
14414 6420 5497 6421 
14415 3481 5086 8002 
14416 6057 6059 8161 
14417 8683 824 8685 
14418 4601 4054 8045 
14419 360 334 6739 
14420 1690 5437 8141 
14421 5841 7118 7647 
14422 4157 629 7802 
14423 3636 4040 7829 
14424 1230 1232 7346 
14425 6489 2222 7502 
14426 7406 7528 7995 
14427 4784 7111 7374 
14428 7419 3566 7727 
14429 2574 7091 7092 
14430 6788 8050 8145 
14431 1004 1006 7291 
14432 1135 1136 6935 
14433 4258 3239 7576 
14434 1850 6814 7435 
14435 2652 1086 6873 
14436 3328 3363 6938 
14437 4647 3538 6978 
14438 4835 7483 7747 
14439 5016 4680 7724 
14440 5239 5448 8289 
14441 1237 3281 7346 
14442 5107 5105 7877 
14443 6946 7300 7301 
14444 5930 4483 8302 
14445 3922 3924 7950 
14446 6156 7863 7864 
14447 4530 8275 8661 
14448 7609 6481 7835 
14449 7480 6319 8527 
14450 8091 1156 8251 
14451 7857 4453 8006 
14452 2501 2496 7711 
14453 5520 4197 7305 
14454 431 434 8358 
14455 7839 4776 7919 
14456 8480 6476 8640 
14457 6432 5427 7970 
14458 4499 6437 8515 
14459 6194 349 7082 
14460 7976 7680 7978 
14461 3716 3720 7734 
14462 4602 5123 8031 
14463 720 6399 7749 
14464 1981 3006 7408 
14465 1636 1638 7067 
14466 7034 4151 8050 
14467 7252 2405 7792 
14468 588 584 6915 
14469 4322 5487 7524 
14470 4530 4350 7772 
14471 2589 390 6949 
14472 6014 6013 7993 
14473 2574 275 7091 
14474 3307 3310 7434 
14475 7644 5552 8627 
14476 931 929 8318 
14477 2394 2392 7099 
14478 7179 974 7446 
14479 6571 1907 8430 
14480 4901 8169 8320 
14481 6871 5913 8043 
14482 5347 7101 8674 
14483 6440 5784 7623 
14484 6706 2374 7971 
14485 2048 2046 7188 
14486 4085 5679 7656 
14487 1700 1941 7120 
14488 4287 7028 7887 
14489 6919 3862 8062 
14490 6674 4127 7185 
14491 4782 6559 7895 
14492 3137 3911 7648 
14493 6322 6324 7480 
14494 1125 1278 7438 
14495 1759 722 7749 
14496 3340 1948 7395 
14497 6697 2390 8259 
14498 2953 6190 7887 
14499 3029 2277 6516 
14500 7059 5248 7087 
14501 4465 8179 8340 
14502 7203 4291 7364 
14503 3750 4564 7635 
14504 1928 4765 7475 
14505 3189 6296 8619 
14506 9249 9287 9312 
14507 692 699 7389 
14508 7546 6397 8119 
14509 4680 3512 7724 
14510 3512 3030 7724 
14511 2738 2736 7142 
14512 3402 4517 8552 
14513 1375 1334 6378 
14514 234 255 6900 
14515 7234 4299 7719 
14516 4490 4489 8374 
14517 2214 2219 7477 
14518 7811 4372 7934 
14519 4020 3154 7546 
14520 1865 6761 8196 
14521 192 190 6809 
14522 4445 4449 8024 
14523 7091 273 7582 
14524 3355 3357 7672 
14525 3183 2120 6512 
14526 7921 7615 7922 
14527 7395 1473 7482 
14528 3593 2835 7062 
14529 2668 5799 7688 
14530 1756 799 7991 
14531 6119 6993 7580 
14532 5262 1568 8883 
14533 3566 3565 7727 
14534 2375 2154 7106 
14535 7090 5945 7929 
14536 3086 3731 7697 
14537 8042 5312 8354 
14538 6582 5402 7561 
14539 332 331 6869 
14540 992 990 7515 
14541 4339 3922 7950 
14542 3299 4115 7661 
14543 6620 703 8184 
14544 3698 8203 8336 
14545 3911 5259 7648 
14546 7453 4834 7808 
14547 4781 5837 7751 
14548 8383 5412 8427 
14549 301 296 8027 
14550 1742 1745 7725 
14551 3573 3927 7965 
14552 3957 4313 7579 
14553 573 574 7411 
14554 1391 6805 7366 
14555 4824 7427 7633 
14556 4000 3999 8049 
14557 4314 7535 7933 
14558 1449 7162 7163 
14559 6215 6213 8429 
14560 6857 5250 6867 
14561 9108 9117 9118 
14562 6442 5864 7535 
14563 6114 2838 7738 
14564 5540 5838 7771 
14565 4802 4801 7520 
14566 5487 6554 7525 
14567 7390 2143 8297 
14568 6759 2589 8678 
14569 2669 2954 7014 
14570 2988 7094 8298 
14571 4797 4804 7962 
14572 3395 3335 8263 
14573 5694 5696 8095 
14574 4153 4020 7546 
14575 3964 3968 7726 
14576 2493 2525 6833 
14577 3140 2866 7697 
14578 3337 3374 8100 
14579 4808 1614 7563 
14580 2380 875 7112 
14581 7024 310 7915 
14582 4151 7184 8145 
14583 1481 4379 7858 
14584 2893 2738 7142 
14585 6933 4292 7296 
14586 3266 3269 6442 
14587 7495 4870 7625 
14588 438 440 6797 
14589 4155 4329 6914 
14590 6040 9148 9149 
14591 7264 7267 7956 
14592 6680 3604 7935 
14593 4270 7511 7885 
14594 3205 7073 7931 
14595 4684 7418 8426 
14596 4728 7838 8359 
14597 6424 3283 7340 
14598 6888 3028 7843 
14599 8128 7096 8193 
14600 5906 6581 7714 
14601 3618 1756 7991 
14602 6523 2615 7687 
14603 3331 1402 7755 
14604 4794 7748 7987 
14605 6779 2579 7737 
14606 7097 2338 7865 
14607 5867 5869 8384 
14608 5637 4863 8123 
14609 2099 2849 7880 
14610 7283 4378 8193 
14611 4148 3371 7794 
14612 3374 4811 7327 
14613 4308 8548 8966 
14614 5172 5492 7701 
14615 4247 3609 7667 
14616 194 2360 6804 
14617 1050 1077 6756 
14618 5420 3801 8475 
14619 6130 2431 8416 
14620 490 515 7793 
14621 1055 5863 7387 
14622 1402 1295 7755 
14623 3351 3353 7532 
14624 4265 4263 7899 
14625 171 175 7320 
14626 8566 7076 8604 
14627 2461 2641 8124 
14628 5579 5578 7999 
14629 5389 8631 8799 
14630 5001 5000 8562 
14631 2673 2555 7293 
14632 6495 1869 8047 
14633 7772 3389 7806 
14634 8228 905 8781 
14635 2286 2254 5795 
14636 393 395 6639 
14637 7449 2416 7879 
14638 5810 5811 8432 
14639 4149 7971 8067 
14640 7453 2305 7731 
14641 6635 2837 7641 
14642 860 859 7523 
14643 198 202 7069 
14644 2421 7382 7601 
14645 8337 6388 8338 
14646 3543 4617 7837 
14647 6620 8184 8364 
14648 1428 1427 6662 
14649 4155 6914 7809 
14650 2864 6674 7185 
14651 4344 3642 8406 
14652 4165 373 6839 
14653 4207 4204 7902 
14654 3074 4430 8107 
14655 5702 5785 8561 
14656 2897 3178 8194 
14657 8131 4406 8298 
14658 7903 7767 7904 
14659 3396 5294 7947 
14660 1129 1131 6992 
14661 2893 7142 7926 
14662 3343 3345 7611 
14663 9348 9351 9375 
14664 1483 2937 6719 
14665 5695 7564 7942 
14666 4110 3531 8136 
14667 2831 2832 7048 
14668 8218 8217 9350 
14669 3500 984 7671 
14670 6612 6614 8342 
14671 7272 7956 7957 
14672 4904 8197 8337 
14673 5258 4019 6970 
14674 2567 2700 8279 
14675 7427 2570 7633 
14676 3083 7490 7939 
14677 6411 2099 7880 
14678 1913 2544 6951 
14679 4582 3453 7377 
14680 4358 4357 7958 
14681 4373 7571 7572 
14682 891 8660 8695 
14683 7181 7244 8071 
14684 4057 4059 8010 
14685 6769 2605 8163 
14686 7566 4868 8105 
14687 1429 3957 7579 
14688 7139 6952 7757 
14689 6028 6029 8267 
14690 6995 7350 8343 
14691 4870 4871 8029 
14692 3311 3314 7354 
14693 9266 9270 9313 
14694 4016 7529 8743 
14695 9084 7225 9086 
14696 5891 4009 8051 
14697 3605 2181 6490 
14698 1614 1616 7563 
14699 6633 1169 8134 
14700 4700 7419 7727 
14701 6993 2602 7580 
14702 3294 7518 7735 
14703 7481 7292 8611 
14704 1604 1607 7356 
14705 4842 7370 8196 
14706 38 20 64 
14707 5884 5882 7912 
14708 7332 3002 8370 
14709 5587 6205 7914 
14710 6608 4246 7602 
14711 3568 690 7389 
14712 3878 3877 7736 
14713 486 489 6830 
14714 6491 2200 8008 
14715 2809 2808 7100 
14716 4853 3660 8248 
14717 4950 5491 8816 
14718 5858 4844 7741 
14719 5274 4859 8036 
14720 7286 1159 8300 
14721 5218 2248 7108 
14722 2313 6434 8011 
14723 39 7 65 
14724 2917 2117 7854 
14725 1388 8388 8477 
14726 5838 7686 7771 
14727 6351 6364 8672 
14728 3228 7552 7963 
14729 1639 1637 8440 
14730 2962 7400 8345 
14731 3083 2252 7490 
14732 6261 7921 7925 
14733 799 3569 7991 
14734 3621 3622 7988 
14735 5528 4898 6401 
14736 3748 8903 8905 
14737 8 35 65 
14738 2430 7692 8158 
14739 708 710 6206 
14740 337 4167 7297 
14741 3693 4662 7192 
14742 3345 4334 7611 
14743 1598 1597 7507 
14744 7358 4823 7445 
14745 3277 3275 7657 
14746 4992 4577 8092 
14747 7688 5799 7918 
14748 4879 3637 7506 
14749 2638 7329 7330 
14750 7611 6144 8518 
14751 4205 4201 7780 
14752 5843 5842 8544 
14753 5105 3931 7705 
14754 7379 8716 8750 
14755 3051 1707 7642 
14756 5889 5890 8081 
14757 809 8696 8768 
14758 3709 7349 8375 
14759 1397 1395 7504 
14760 1198 2412 6775 
14761 9536 7763 9537 
14762 6991 1673 7683 
14763 4149 6706 7971 
14764 7160 4828 7937 
14765 4335 4038 7662 
14766 2474 7457 7459 
14767 4195 3029 6516 
14768 4284 5542 7787 
14769 3877 5541 7736 
14770 172 3723 7645 
14771 6359 6349 8401 
14772 1820 2056 7283 
14773 8793 8789 8794 
14774 9255 9258 9317 
14775 2700 8040 8366 
14776 4412 3277 7657 
14777 6564 6565 8243 
14778 2491 2493 6833 
14779 2939 7839 7919 
14780 1925 7565 7566 
14781 1168 1047 7039 
14782 7465 7461 9356 
14783 1235 1226 7246 
14784 21 34 64 
14785 7575 8288 8490 
14786 7748 7658 7987 
14787 395 1034 6639 
14788 3924 4551 7950 
14789 1627 1623 7454 
14790 1852 6721 8099 
14791 1955 1957 7581 
14792 519 621 6638 
14793 3852 3854 8159 
14794 4834 7453 7731 
14795 3705 4481 7695 
14796 7073 6381 7931 
14797 6129 6130 7760 
14798 3314 3316 7173 
14799 4666 8309 8622 
14800 3430 7204 7206 
14801 4443 4445 8024 
14802 167 3054 8148 
14803 3656 3649 7754 
14804 8099 6721 8107 
14805 5525 7491 8595 
14806 7558 3205 7931 
14807 3254 3256 7192 
14808 2678 1627 7454 
14809 5744 5750 7716 
14810 3094 2048 7188 
14811 1990 2993 7874 
14812 9190 9183 9192 
14813 6197 6774 8212 
14814 1391 1215 6805 
14815 4566 4134 8370 
14816 4511 3399 7961 
14817 1970 1971 7357 
14818 524 522 6931 
14819 3780 4345 6879 
14820 3608 4856 7667 
14821 4676 8369 8669 
14822 7452 4347 7666 
14823 7676 7976 7977 
14824 1585 1180 7103 
14825 7531 2948 7770 
14826 1879 1881 8022 
14827 471 406 8307 
14828 5877 3403 7640 
14829 3505 7002 8631 
14830 4545 8363 8615 
14831 6167 6621 7842 
14832 4357 4816 7958 
14833 4847 4846 7774 
14834 6136 3523 7844 
14835 5886 5889 7732 
14836 2665 2667 7391 
14837 8185 1307 8318 
14838 1921 1900 7426 
14839 2421 1023 7381 
14840 3960 6654 9340 
14841 3506 4668 7643 
14842 1987 883 7841 
14843 3410 2995 7989 
14844 575 572 6746 
14845 4142 781 7107 
14846 6258 7615 7920 
14847 6345 8181 8635 
14848 3352 3359 7942 
14849 3353 4140 7532 
14850 937 935 6780 
14851 403 405 7861 
14852 5794 8560 8769 
14853 1600 1617 7642 
14854 6179 8612 8760 
14855 3513 4224 8227 
14856 6908 7228 8144 
14857 2411 7537 7760 
14858 3203 3384 7317 
14859 1352 6163 7799 
14860 3558 4106 7964 
14861 4889 4994 7850 
14862 4920 8433 8467 
14863 4872 7551 7788 
14864 6575 2144 7993 
14865 244 6628 8152 
14866 7157 1390 8120 
14867 2866 3086 7697 
14868 5799 7355 7918 
14869 6328 4802 7520 
14870 3023 7166 7598 
14871 8547 8546 9390 
14872 1841 1577 7488 
14873 4144 6877 8492 
14874 4059 4671 8010 
14875 8155 5949 8742 
14876 8203 4931 8336 
14877 2586 6834 8638 
14878 887 2436 8215 
14879 2120 2122 6512 
14880 2306 398 8655 
14881 6765 2673 7720 
14882 1997 1999 6451 
14883 373 370 6839 
14884 7100 4145 7101 
14885 4246 5849 7602 
14886 1978 8382 8443 
14887 6274 8178 9201 
14888 3764 7414 7879 
14889 1929 1758 6991 
14890 2849 3445 7880 
14891 3609 3608 7667 
14892 5550 4463 8185 
14893 4140 3355 7672 
14894 3206 588 6915 
14895 1580 1579 7425 
14896 3949 3948 8509 
14897 7630 6926 8109 
14898 4867 7565 7835 
14899 6877 3598 8492 
14900 6806 4727 7416 
14901 1275 1311 7980 
14902 6159 6162 7852 
14903 8100 3374 8115 
14904 4822 6757 8775 
14905 4371 7026 7998 
14906 4810 3881 7736 
14907 4268 1168 7039 
14908 1617 1598 7507 
14909 5024 7598 8025 
14910 1449 1383 7162 
14911 629 651 7802 
14912 1278 1602 7438 
14913 4864 4865 7740 
14914 5600 4756 7703 
14915 318 320 8237 
14916 6257 6258 7920 
14917 574 577 7411 
14918 2954 4266 7014 
14919 4333 1921 7426 
14920 2421 7381 7382 
14921 3582 8311 8359 
14922 3386 4460 7871 
14923 1393 6052 7416 
14924 2880 3601 7629 
14925 8311 6241 8359 
14926 4693 4694 7959 
14927 2894 2893 7665 
14928 1318 6432 7970 
14929 984 899 7671 
14930 4770 6625 8350 
14931 1136 1140 6935 
14932 2313 6890 7543 
14933 6954 1040 7718 
14934 8568 5160 8893 
14935 233 235 8166 
14936 236 234 6900 
14937 2796 3000 7729 
14938 4902 8100 8115 
14939 4426 7216 7948 
14940 4916 3683 8101 
14941 8229 5973 8545 
14942 2463 2458 8124 
14943 6618 3621 7988 
14944 2400 6475 8427 
14945 3643 4907 8692 
14946 9344 9263 9348 
14947 7351 5926 8189 
14948 9135 8658 9138 
14949 7810 1720 8032 
14950 3453 3163 7377 
14951 6672 1472 8911 
14952 7795 4472 8158 
14953 2716 2714 6065 
14954 5569 5626 8204 
14955 3598 4699 8492 
14956 3447 7234 7719 
14957 5311 5231 8284 
14958 5545 1977 8399 
14959 2340 2171 7078 
14960 5531 8207 8208 
14961 4790 5722 7670 
14962 3067 6189 7876 
14963 1501 4902 7593 
14964 5567 7717 8063 
14965 1910 1913 6951 
14966 1163 1160 8326 
14967 7508 2462 7730 
14968 335 332 6869 
14969 5127 3885 8398 
14970 7017 1035 8376 
14971 3933 2918 7357 
14972 5512 5510 8652 
14973 2785 2783 8671 
14974 354 356 7020 
14975 5865 4289 8381 
14976 1066 1064 7659 
14977 3495 4625 8118 
14978 1657 1655 8126 
14979 8070 7181 8071 
14980 8474 6435 8541 
14981 5255 5236 8593 
14982 6174 7810 8032 
14983 3701 5504 7997 
14984 8795 8790 8796 
14985 1809 7280 7498 
14986 5349 4057 8010 
14987 4533 3929 8157 
14988 2688 2693 7889 
14989 1421 1850 7586 
14990 4871 7351 8029 
14991 6707 6769 8018 
14992 3976 5479 7846 
14993 1157 1159 7286 
14994 1294 6947 7319 
14995 2592 4423 7800 
14996 4756 4891 7703 
14997 6229 6833 8180 
14998 3334 4155 7809 
14999 615 595 5785 
15000 5531 4853 8207 
15001 9299 6660 9313 
15002 6537 7699 8190 
15003 5451 3742 7415 
15004 5593 8304 8647 
15005 4389 4390 8079 
15006 429 1035 8274 
15007 1390 6638 7487 
15008 4039 4042 7744 
15009 7545 6787 7967 
15010 1314 1318 7970 
15011 1102 2986 7455 
15012 4904 3697 8336 
15013 2360 192 6809 
15014 4410 3618 7991 
15015 3538 3536 6978 
15016 4204 4209 7902 
15017 4382 4383 7983 
15018 1110 1076 7820 
15019 1569 3332 7350 
15020 1658 1669 7647 
15021 865 867 8614 
15022 3723 4482 7645 
15023 8571 7058 8686 
15024 4084 2116 7548 
15025 357 279 7953 
15026 4314 7513 7514 
15027 5770 5772 8069 
15028 1798 1800 7392 
15029 7622 6440 7623 
15030 3927 5361 7965 
15031 8096 4148 8122 
15032 2655 7575 8490 
15033 990 1496 7515 
15034 4423 6485 8264 
15035 5202 4693 7959 
15036 810 814 7200 
15037 7969 4390 7990 
15038 2689 7306 8197 
15039 1062 1060 7239 
15040 976 6808 7866 
15041 1114 1116 8290 
15042 4657 4659 8023 
15043 2585 1734 7342 
15044 4513 7734 8559 
15045 4586 3442 7853 
15046 556 558 6204 
15047 4280 4284 7787 
15048 8579 8580 9441 
15049 4433 4406 8131 
15050 8150 5943 8805 
15051 4863 7849 8123 
15052 2302 6714 8525 
15053 7535 4825 7933 
15054 8022 3209 8522 
15055 6811 5663 8314 
15056 9317 9258 9318 
15057 1398 8256 8277 
15058 2118 3183 7548 
15059 6833 2525 8180 
15060 1713 2880 7629 
15061 2720 2721 7893 
15062 2617 5668 8077 
15063 1099 7396 7545 
15064 4298 7403 8417 
15065 2970 3677 7881 
15066 5504 5549 8869 
15067 1848 1742 7725 
15068 3007 7635 8501 
15069 7265 7264 7956 
15070 2183 2274 6976 
15071 3282 6194 8043 
15072 6364 6929 8672 
15073 3546 3541 7837 
15074 1209 1207 7603 
15075 8362 5298 8679 
15076 3399 4824 7789 
15077 4354 860 7523 
15078 4361 5906 7714 
15079 7915 310 7998 
15080 4759 4153 8119 
15081 4880 4879 8041 
15082 1544 1542 7397 
15083 6389 7252 7821 
15084 6029 6047 8267 
15085 2984 2812 7100 
15086 9166 8230 9167 
15087 7766 7767 7903 
15088 4721 7409 8055 
15089 6684 6685 7322 
15090 5793 4718 6781 
15091 803 805 7399 
15092 1869 1871 8047 
15093 1647 1397 7504 
15094 7999 4994 8000 
15095 3575 3573 7965 
15096 1719 1722 8032 
15097 5558 8468 8482 
15098 2584 6701 8587 
15099 1562 1569 7350 
15100 5682 6799 6800 
15101 6281 6479 7834 
15102 781 785 7107 
15103 5881 5884 7960 
15104 5750 6713 7716 
15105 541 905 8228 
15106 4709 7901 8597 
15107 1131 1497 6992 
15108 535 565 7144 
15109 1957 2018 7581 
15110 7524 5487 7525 
15111 1339 1343 7528 
15112 1941 2857 7120 
15113 7692 4250 7795 
15114 8097 4730 8331 
15115 3454 3455 6578 
15116 5402 5398 7561 
15117 8079 1313 8192 
15118 4455 4454 8310 
15119 6073 7315 7808 
15120 821 794 7242 
15121 1311 1504 7980 
15122 5767 5765 8149 
15123 430 428 6377 
15124 3606 7359 8053 
15125 5872 8244 8405 
15126 4406 3725 7878 
15127 4375 4925 8116 
15128 6435 299 8541 
15129 6981 1272 7973 
15130 6073 4790 7670 
15131 2976 1852 8099 
15132 1000 1002 7093 
15133 2373 1847 8471 
15134 942 944 7007 
15135 4903 4904 8338 
15136 7485 7484 8406 
15137 5909 3682 8072 
15138 3549 4763 7840 
15139 275 273 7091 
15140 3962 3964 7726 
15141 7728 3282 8043 
15142 4919 3395 8263 
15143 4113 1050 6756 
15144 3064 7816 7981 
15145 7596 6765 7720 
15146 7027 613 8444 
15147 8505 4934 8641 
15148 7568 5890 8313 
15149 6013 8138 8410 
15150 1678 6697 8061 
15151 2053 2373 5846 
15152 7576 6399 8568 
15153 7707 4413 8256 
15154 8662 4921 8697 
15155 4668 5260 7569 
15156 7228 7212 8144 
15157 3458 8038 8402 
15158 6110 6111 8276 
15159 5890 7289 8313 
15160 5953 7590 8481 
15161 2181 2176 6490 
15162 4197 4195 7305 
15163 2071 2072 7847 
15164 7370 1865 8196 
15165 4203 4208 7780 
15166 1354 1352 7799 
15167 7414 4765 7879 
15168 528 908 7178 
15169 5085 4657 8023 
15170 5636 7972 8518 
15171 6551 6550 8793 
15172 2283 2289 7845 
15173 2656 7422 7877 
15174 4895 7147 8072 
15175 6030 8925 8933 
15176 7401 8217 8218 
15177 1496 6531 8111 
15178 3041 3106 8038 
15179 3711 4910 8093 
15180 7694 3546 8704 
15181 8539 2526 8690 
15182 8687 5139 8859 
15183 5618 7491 7775 
15184 1382 1354 7799 
15185 1577 1446 7488 
15186 5225 4358 7958 
15187 6176 6177 8113 
15188 6336 6345 7255 
15189 6043 6039 9132 
15190 6997 1450 6998 
15191 7625 4870 8029 
15192 1370 1157 7286 
15193 7473 2940 8508 
15194 761 748 7009 
15195 3825 3822 7276 
15196 6014 8187 8188 
15197 6571 8430 8473 
15198 2556 8291 8651 
15199 7557 3205 7558 
15200 1890 6404 7996 
15201 6840 2584 8453 
15202 1765 1763 7600 
15203 3469 2309 7705 
15204 3070 4365 7777 
15205 4326 4462 7810 
15206 6687 3185 7982 
15207 4894 7555 8221 
15208 6439 1573 7589 
15209 4366 7406 7995 
15210 1251 1250 8039 
15211 4685 4684 8535 
15212 5782 3228 7963 
15213 3541 3543 7837 
15214 6942 4149 8067 
15215 6086 4183 7825 
15216 6376 4372 7189 
15217 4422 5466 8443 
15218 1618 2887 7102 
15219 2235 2196 8204 
15220 376 363 7368 
15221 6139 4077 7660 
15222 8160 8103 8239 
15223 5958 7499 8345 
15224 3279 4412 8155 
15225 973 972 6792 
15226 7278 4459 7830 
15227 3439 3780 6879 
15228 2572 3070 7777 
15229 5515 7063 7860 
15230 6482 3069 7913 
15231 1340 1339 7528 
15232 1738 6942 8271 
15233 7036 7325 7326 
15234 7359 6498 7360 
15235 7254 5681 8005 
15236 1613 4809 8026 
15237 1390 519 6638 
15238 1641 1537 6832 
15239 2150 2155 7840 
15240 6369 6368 8132 
15241 6317 6684 7322 
15242 3332 8255 8343 
15243 3544 3740 6959 
15244 5158 4495 8125 
15245 2113 5780 8147 
15246 6260 6262 7698 
15247 2116 2118 7548 
15248 5406 7541 7870 
15249 3589 4931 8254 
15250 8018 6769 8163 
15251 387 389 8074 
15252 4923 5946 8519 
15253 7789 4469 7961 
15254 7406 1340 7528 
15255 4153 7546 8119 
15256 6103 5390 8702 
15257 8410 5332 8601 
15258 8183 2474 8217 
15259 3286 3288 7658 
15260 4866 4868 7566 
15261 422 470 7157 
15262 852 2961 7753 
15263 6902 8454 8491 
15264 2190 2228 8258 
15265 3622 4789 7988 
15266 376 7368 7941 
15267 2731 2729 8140 
15268 2111 1066 7659 
15269 7703 4891 7752 
15270 6522 7122 8028 
15271 2336 2647 7643 
15272 1405 1403 7589 
15273 4201 4203 7780 
15274 5900 5588 7914 
15275 2794 3561 7949 
15276 1359 1379 6132 
15277 1253 1287 8238 
15278 292 8705 8850 
15279 8241 6793 8242 
15280 807 810 7200 
15281 6774 7964 8212 
15282 1309 6057 8074 
15283 7790 3412 8897 
15284 6343 6344 8400 
15285 6508 2178 6976 
15286 4355 3656 7754 
15287 6310 564 7348 
15288 9314 9280 9315 
15289 4625 5296 8118 
15290 4758 5368 7867 
15291 5469 4032 8739 
15292 7551 4815 7788 
15293 5731 5759 6962 
15294 1603 1604 7356 
15295 4038 4036 7662 
15296 1525 7448 7450 
15297 8100 4902 8101 
15298 3069 7600 7913 
15299 3605 6490 8422 
15300 7061 5947 8584 
15301 3791 3795 7403 
15302 6796 5990 9199 
15303 7920 6261 8235 
15304 5334 8296 8601 
15305 7842 6482 7913 
15306 4473 4604 8684 
15307 4937 7560 8682 
15308 8011 6435 8146 
15309 4457 8011 8146 
15310 2691 2686 7562 
15311 390 388 6949 
15312 4486 4485 8526 
15313 1950 1798 7392 
15314 1557 1595 7417 
15315 4902 4408 8101 
15316 3999 5874 8049 
15317 5193 3908 7456 
15318 4209 6903 7902 
15319 6664 2388 8519 
15320 7482 6707 8018 
15321 9134 6041 9149 
15322 3253 3251 6785 
15323 3559 3495 8118 
15324 4103 6820 7323 
15325 1232 1237 7346 
15326 5090 4669 8788 
15327 2372 6280 8270 
15328 8313 6488 8397 
15329 1207 6389 7603 
15330 2107 8281 8408 
15331 5883 5881 7960 
15332 2101 6187 7984 
15333 5870 5872 8405 
15334 791 6297 7242 
15335 4331 8018 8163 
15336 5114 5546 7966 
15337 2579 7139 7737 
15338 1587 1359 6132 
15339 4765 7414 7475 
15340 2686 2685 7562 
15341 2729 5330 8140 
15342 1821 1820 7283 
15343 2909 7643 8316 
15344 7173 3319 7698 
15345 7675 7680 7976 
15346 5093 5098 8398 
15347 2993 3668 7874 
15348 1305 1306 7110 
15349 7542 4376 7826 
15350 8351 5919 8553 
15351 4233 4219 7940 
15352 4515 3406 8662 
15353 7077 946 8314 
15354 5797 4029 5798 
15355 2019 2021 7367 
15356 3668 4772 7874 
15357 690 692 7389 
15358 1707 1600 7642 
15359 9279 9276 9372 
15360 4616 3464 8261 
15361 3251 3377 6785 
15362 7272 7265 7956 
15363 6787 7545 8375 
15364 7286 5636 8518 
15365 1124 8437 8649 
15366 241 236 8012 
15367 1541 5731 6962 
15368 8835 8528 8836 
15369 5325 8664 8775 
15370 3545 3544 6959 
15371 2503 2501 7812 
15372 4530 7772 7806 
15373 4085 7656 8863 
15374 533 535 7144 
15375 8789 8790 8794 
15376 1082 829 8683 
15377 4535 4938 8626 
15378 6347 6352 7985 
15379 572 570 6746 
15380 2709 2706 7702 
15381 6370 6360 8291 
15382 7882 5962 8170 
15383 236 6900 8012 
15384 4247 7792 7884 
15385 2385 6932 8089 
15386 2966 3657 8363 
15387 3526 7193 8373 
15388 3134 3905 7456 
15389 7026 7915 7998 
15390 5814 6238 7285 
15391 7103 8283 8442 
15392 2049 3095 7121 
15393 7978 7680 8428 
15394 7243 4729 8476 
15395 4843 8073 8378 
15396 3399 7789 7961 
15397 4938 4534 8740 
15398 4894 3119 7555 
15399 1163 8326 8340 
15400 3368 3367 8002 
15401 4843 7444 8073 
15402 6090 4476 8283 
15403 1398 5822 8256 
15404 3459 4612 7857 
15405 8195 3408 8916 
15406 4899 4900 8120 
15407 7757 3188 7758 
15408 7574 3081 8284 
15409 7212 4396 8144 
15410 6835 3257 8162 
15411 4355 7382 8003 
15412 4346 5178 7910 
15413 5621 8448 8625 
15414 3429 3864 7204 
15415 6418 7399 8281 
15416 8065 5068 8066 
15417 2072 6507 7847 
15418 1482 1618 7102 
15419 7803 4867 7835 
15420 7340 649 7823 
15421 2376 2948 8021 
15422 5786 1387 7891 
15423 5811 8054 8432 
15424 1313 1276 8192 
15425 6044 7729 8230 
15426 2311 475 8447 
15427 9256 9326 9339 
15428 1579 1810 7425 
15429 3712 3711 8093 
15430 3391 2976 8099 
15431 2465 5814 7285 
15432 2200 2202 8008 
15433 2473 2964 7457 
15434 2187 2189 7244 
15435 3678 7733 8094 
15436 1489 1491 6128 
15437 389 1309 8074 
15438 3720 4432 7734 
15439 4730 7501 8331 
15440 1060 1052 7240 
15441 8267 6047 8268 
15442 7289 5888 7916 
15443 7784 4355 8003 
15444 1018 1185 8341 
15445 805 2430 7399 
15446 237 6430 8225 
15447 5427 4388 7975 
15448 1722 1724 8280 
15449 2648 3619 7836 
15450 6187 6446 7984 
15451 433 6377 8303 
15452 6531 4770 8111 
15453 5990 2764 8075 
15454 679 656 7211 
15455 3081 5634 8354 
15456 5408 5406 7870 
15457 2214 7477 8761 
15458 7547 4435 8692 
15459 4859 4858 8070 
15460 4271 2979 7841 
15461 7486 4137 8481 
15462 8594 2244 8624 
15463 7680 7679 8007 
15464 5787 4044 6937 
15465 2215 2213 6074 
15466 4390 7432 7990 
15467 4090 6742 8656 
15468 8342 6614 8504 
15469 363 1584 7368 
15470 5111 5114 7966 
15471 4545 8615 8804 
15472 6280 6281 8094 
15473 5723 6408 6588 
15474 6388 2052 8338 
15475 4294 6821 7927 
15476 748 750 7009 
15477 8338 2052 8356 
15478 8892 4968 8908 
15479 4032 4914 8686 
15480 2900 5788 8130 
15481 1137 6807 8693 
15482 7777 4365 8040 
15483 4029 2777 5798 
15484 3076 2607 7440 
15485 3671 7955 8165 
15486 5024 4992 8092 
15487 6690 2038 8346 
15488 224 7071 8095 
15489 682 678 6837 
15490 4626 3479 8155 
15491 8796 8797 9432 
15492 8240 6793 8241 
15493 3153 2744 8335 
15494 7676 7675 7976 
15495 515 488 7901 
15496 3548 7542 7826 
15497 6722 4762 8540 
15498 4390 7969 8079 
15499 3359 5695 7942 
15500 1819 1821 8117 
15501 3802 7707 7708 
15502 3211 8237 8536 
15503 4846 7578 7774 
15504 1871 3292 8047 
15505 9189 9190 9191 
15506 2145 7655 8543 
15507 2405 7006 7792 
15508 1361 1305 7110 
15509 1437 1367 7944 
15510 405 599 7861 
15511 6774 1972 7964 
15512 849 852 7753 
15513 4383 5207 7983 
15514 3671 6899 7955 
15515 5675 8770 8850 
15516 6834 8610 8638 
15517 5110 5111 7966 
15518 4505 4506 8633 
15519 4437 4436 8016 
15520 7215 5421 8598 
15521 975 976 6752 
15522 4427 7848 8265 
15523 1065 1067 8082 
15524 7279 1695 7994 
15525 8072 4407 8250 
15526 1691 3676 8260 
15527 7854 4743 8355 
15528 6484 6552 8309 
15529 3000 2999 6793 
15530 4868 7758 8105 
15531 3872 8858 8876 
15532 2972 2682 8322 
15533 2502 2526 8457 
15534 1447 1378 8252 
15535 8716 1220 8750 
15536 1124 1092 7345 
15537 7513 6841 7514 
15538 8150 461 8496 
15539 7895 4296 8052 
15540 7877 7422 8137 
15541 6280 7733 8270 
15542 2260 7292 7481 
15543 4948 8541 8737 
15544 8324 5551 8325 
15545 6437 8552 8588 
15546 8075 6274 9201 
15547 2819 1992 7032 
15548 8279 2700 8366 
15549 8734 5451 8751 
15550 278 280 7543 
15551 6782 4244 8233 
15552 4365 4792 8040 
15553 6936 7060 7986 
15554 7964 4106 8212 
15555 3209 7109 7872 
15556 4659 5095 8023 
15557 4666 3707 7695 
15558 1272 7571 7973 
15559 5717 5718 8360 
15560 4953 3410 7989 
15561 6426 3459 8006 
15562 7849 4863 8110 
15563 5697 8315 8387 
15564 3524 3526 8373 
15565 8254 4861 8420 
15566 6012 6014 8188 
15567 2573 6204 8480 
15568 7195 2100 7722 
15569 7350 3332 8343 
15570 5317 4079 8362 
15571 3314 7173 7354 
15572 8203 4862 8254 
15573 2587 6972 8017 
15574 3047 6407 8210 
15575 3929 4674 8157 
15576 5976 5984 8020 
15577 7987 4926 8306 
15578 6808 4810 7866 
15579 7733 6280 8094 
15580 6345 6338 6641 
15581 484 486 6830 
15582 7151 5199 8827 
15583 4296 7375 8052 
15584 4907 7547 8692 
15585 2900 2049 7121 
15586 7597 4911 7649 
15587 6496 7814 7815 
15588 3474 3741 6988 
15589 2683 7476 8098 
15590 6428 7243 8476 
15591 2737 2895 7893 
15592 1263 3392 6947 
15593 5913 7728 8043 
15594 6834 1139 8610 
15595 8054 7897 8432 
15596 6579 8461 8464 
15597 5376 8566 8604 
15598 8890 6093 8907 
15599 9285 9312 9341 
15600 2911 2908 7794 
15601 3412 6778 8786 
15602 4484 4331 8163 
15603 3707 3705 7695 
15604 3620 3613 7015 
15605 3854 3857 8159 
15606 8831 5502 8887 
15607 4496 3691 8493 
15608 4674 6052 8156 
15609 5479 7170 7846 
15610 2676 7625 8029 
15611 1595 5074 7417 
15612 7575 874 8288 
15613 605 771 8245 
15614 6700 4916 8364 
15615 6568 6570 8211 
15616 7237 1163 8179 
15617 3931 3469 7705 
15618 3804 4413 7707 
15619 4408 6843 8102 
15620 5986 5985 5987 
15621 8099 8107 8520 
15622 3211 318 8237 
15623 3727 4747 7878 
15624 5673 4797 7962 
15625 3841 7632 8024 
15626 1850 7435 7586 
15627 6338 6340 6641 
15628 8269 5691 8328 
15629 7907 2418 7908 
15630 5943 5941 8495 
15631 3802 3804 7707 
15632 3730 3729 8603 
15633 2759 3002 7332 
15634 1978 6171 8382 
15635 1932 1930 7328 
15636 3936 3235 7256 
15637 2765 2761 7332 
15638 1506 1690 8141 
15639 1322 1282 7353 
15640 1667 2807 7994 
15641 4782 7895 8052 
15642 4765 7449 7879 
15643 5615 5618 7775 
15644 428 2301 6377 
15645 3561 2748 7997 
15646 2185 2187 7181 
15647 3388 3386 7871 
15648 2464 6282 8663 
15649 3069 1765 7600 
15650 5263 4294 8031 
15651 3492 3490 7992 
15652 4353 7938 7939 
15653 1096 1089 8746 
15654 7477 4933 8761 
15655 2382 6484 8636 
15656 2742 7076 8566 
15657 4032 8686 8739 
15658 4407 4507 8250 
15659 1370 7286 8518 
15660 5787 6937 7823 
15661 1503 1445 8879 
15662 2921 3558 7964 
15663 6787 6786 7967 
15664 7162 1382 7968 
15665 501 503 8308 
15666 7128 6136 8063 
15667 4435 3474 6988 
15668 1655 6444 8126 
15669 2288 2184 8441 
15670 4486 8526 8546 
15671 2370 1664 7604 
15672 4178 4182 7294 
15673 5945 4311 7930 
15674 4458 6374 8225 
15675 5844 2019 7367 
15676 6038 2632 6705 
15677 7400 2962 8183 
15678 5888 5887 7916 
15679 4911 3710 7649 
15680 2177 2174 7127 
15681 4469 4917 8251 
15682 778 776 8489 
15683 2918 1970 7357 
15684 935 933 8295 
15685 7568 8313 8397 
15686 4917 4467 8340 
15687 7565 4866 7566 
15688 7890 4839 8015 
15689 9535 7763 9536 
15690 169 167 8148 
15691 2962 2472 8183 
15692 2390 1657 8126 
15693 4505 8633 8673 
15694 5317 6717 8262 
15695 7540 1127 8419 
15696 1930 4095 7328 
15697 8176 4573 8177 
15698 2597 2594 7800 
15699 854 856 7856 
15700 6060 5829 8407 
15701 2647 3506 7643 
15702 4816 4360 8558 
15703 1033 1055 7387 
15704 809 780 7875 
15705 2744 765 8335 
15706 1573 1405 7589 
15707 6926 6928 8109 
15708 2474 2473 7457 
15709 3881 3878 7736 
15710 4927 8456 8484 
15711 6563 6564 8136 
15712 8029 7351 8189 
15713 6481 7803 7835 
15714 1972 2921 7964 
15715 4660 7855 8262 
15716 4943 4942 8762 
15717 8444 613 8491 
15718 1138 1137 8392 
15719 6671 2208 7801 
15720 6820 1919 7323 
15721 4267 5345 7882 
15722 8578 8579 9441 
15723 4711 6376 7189 
15724 3725 3727 7878 
15725 6728 249 7138 
15726 6500 3372 8473 
15727 3459 7857 8006 
15728 3181 2483 6963 
15729 979 975 6752 
15730 6355 6347 7985 
15731 4651 8822 8866 
15732 4436 3388 7871 
15733 2622 3081 7574 
15734 2385 8089 8387 
15735 758 760 6894 
15736 3064 6593 7816 
15737 3678 3627 7733 
15738 703 2333 8184 
15739 3259 7179 8659 
15740 3635 7829 8033 
15741 7804 4806 8108 
15742 2031 5813 8802 
15743 8447 5192 8622 
15744 7032 8753 8848 
15745 6943 520 8459 
15746 5464 4984 5791 
15747 4049 4051 8037 
15748 7422 4338 8500 
15749 3235 2899 7256 
15750 6890 4110 8243 
15751 5232 4920 8223 
15752 1822 8229 8545 
15753 5048 5047 8483 
15754 2431 427 8274 
15755 3361 3641 8129 
15756 7571 4373 7973 
15757 4442 4441 8133 
15758 571 1102 7455 
15759 7429 4696 8452 
15760 4449 4447 8538 
15761 4913 4912 8470 
15762 7372 8288 8425 
15763 3876 3879 8151 
15764 6894 4845 7183 
15765 3670 3080 8165 
15766 6175 6173 8361 
15767 7969 1313 8079 
15768 3106 3754 8038 
15769 6737 6738 8388 
15770 6051 5059 7932 
15771 2436 3194 7832 
15772 1620 2047 7478 
15773 1735 3962 9352 
15774 4176 4178 7294 
15775 5686 7126 7241 
15776 3403 3405 7640 
15777 4194 5187 8216 
15778 4984 4985 5791 
15779 7202 7494 8365 
15780 1992 2031 7032 
15781 3066 2648 7836 
15782 468 526 8487 
15783 4795 4794 8306 
15784 7313 2307 8329 
15785 5000 4586 7853 
15786 1656 1658 7647 
15787 7868 6200 7869 
15788 3434 2850 7481 
15789 1545 1675 7505 
15790 4455 8310 8339 
15791 7669 4124 8209 
15792 4839 4838 7968 
15793 6712 6715 8477 
15794 4920 4919 8433 
15795 761 7009 8689 
15796 4285 7787 8478 
15797 1396 1398 8277 
15798 6658 8173 9355 
15799 3708 6969 8146 
15800 6404 7008 8013 
15801 2568 2567 8279 
15802 5620 8750 8801 
15803 7512 4267 8170 
15804 5293 4860 8451 
15805 6264 7952 8198 
15806 908 2924 7178 
15807 7448 5356 7450 
15808 3754 4450 8038 
15809 180 245 8551 
15810 7306 1683 8337 
15811 280 2313 7543 
15812 5971 5973 8229 
15813 5941 3712 8093 
15814 7164 7075 8339 
15815 6219 6217 8539 
15816 5795 4734 7437 
15817 2594 2592 7800 
15818 4548 4566 8880 
15819 5999 5998 7815 
15820 3890 3732 8004 
15821 1788 1965 8246 
15822 2699 8458 8593 
15823 7319 4857 8890 
15824 6643 6653 8486 
15825 3031 3033 7900 
15826 4892 4389 8079 
15827 2219 2240 7477 
15828 6783 3219 8467 
15829 8619 5498 8663 
15830 4777 4342 7436 
15831 3709 3255 7349 
15832 4936 4934 8505 
15833 8580 7978 9548 
15834 4593 4591 8205 
15835 6004 6006 9192 
15836 4871 4433 8139 
15837 8067 4757 8271 
15838 8217 7459 9350 
15839 6211 6229 8180 
15840 3683 3337 8100 
15841 3255 3253 7349 
15842 4342 4733 7436 
15843 2324 2868 8319 
15844 7997 5504 8800 
15845 314 312 7025 
15846 296 297 8027 
15847 7484 4344 8406 
15848 6296 7621 8053 
15849 6333 6336 7255 
15850 4482 8501 8555 
15851 8325 8393 8877 
15852 6797 2696 8244 
15853 7457 2964 8135 
15854 3479 3279 8155 
15855 6726 4484 8171 
15856 6497 4344 8356 
15857 4531 5451 8734 
15858 7459 8372 9269 
15859 6241 5485 8359 
15860 421 422 6917 
15861 2155 3549 7840 
15862 3814 3815 7257 
15863 9116 6043 9132 
15864 6309 6310 7348 
15865 6804 2360 8167 
15866 6809 6555 8741 
15867 3430 3429 7204 
15868 5597 5595 7047 
15869 4530 7806 8275 
15870 7660 4936 8412 
15871 5629 7371 8543 
15872 4892 8079 8192 
15873 2301 6918 8647 
15874 3811 3813 8581 
15875 8288 874 8425 
15876 2119 2917 6704 
15877 2790 3424 8176 
15878 2352 2353 7848 
15879 1158 1155 8091 
15880 8027 297 8035 
15881 4180 4181 7825 
15882 6262 7173 7698 
15883 4163 7019 8625 
15884 2721 2737 7893 
15885 1813 493 8234 
15886 7709 3084 8041 
15887 7624 3067 7876 
15888 1934 1936 7907 
15889 7605 8360 8657 
15890 2178 2183 6976 
15891 4754 6071 7497 
15892 8585 5453 8660 
15893 1754 1752 8570 
15894 3256 3693 7192 
15895 8486 4687 8510 
15896 7444 6117 8073 
15897 3178 3400 8194 
15898 7621 3606 8053 
15899 7096 5979 8143 
15900 7459 7457 8372 
15901 6663 3211 8390 
15902 8470 5817 8679 
15903 6964 1571 8646 
15904 2850 2260 7481 
15905 4928 5251 8699 
15906 5025 5024 8025 
15907 8024 4449 8160 
15908 3829 4336 7909 
15909 4371 7687 8248 
15910 8266 2677 8571 
15911 4298 3787 7403 
15912 1446 1279 7489 
15913 5917 1568 8567 
15914 4910 7891 8093 
15915 5978 5971 8229 
15916 5366 3391 8497 
15917 5916 2645 8654 
15918 2935 1974 8586 
15919 8441 5152 8742 
15920 2107 8408 8489 
15921 1282 1281 7353 
15922 7682 5776 8105 
15923 7906 9529 9548 
15924 2132 2143 8299 
15925 4381 6537 8030 
15926 8493 7117 8787 
15927 2701 3700 8330 
15928 8570 5707 8626 
15929 5611 5612 7664 
15930 4192 6556 8009 
15931 3371 2911 7794 
15932 7239 1060 7240 
15933 6344 7678 8249 
15934 6552 2311 8309 
15935 8222 7318 8763 
15936 2483 2485 6963 
15937 448 446 8498 
15938 7243 4096 8247 
15939 2458 2461 8124 
15940 4962 4552 8930 
15941 794 791 7242 
15942 6213 6211 8180 
15943 1255 1253 8238 
15944 5437 5438 8530 
15945 1159 1161 8300 
15946 4815 7070 7788 
15947 5788 4906 8130 
15948 4623 3513 8227 
15949 4757 6405 8271 
15950 2904 2678 7873 
15951 6223 8715 8782 
15952 6406 7890 8015 
15953 7476 7202 8098 
15954 2153 4754 7106 
15955 6277 5432 8613 
15956 2262 2257 7637 
15957 8276 1624 8277 
15958 8409 3400 8749 
15959 2047 2900 7478 
15960 5932 1740 8830 
15961 5909 8072 8250 
15962 408 411 8572 
15963 5754 5741 8088 
15964 9484 9483 9510 
15965 6584 6585 8104 
15966 3062 8141 8530 
15967 2363 2391 7526 
15968 3089 6081 8182 
15969 3490 3886 7992 
15970 8807 7645 8896 
15971 763 767 7644 
15972 8343 4884 8377 
15973 3464 3060 8261 
15974 2167 2165 8592 
15975 3370 4926 7987 
15976 8457 6231 8502 
15977 2145 2124 7655 
15978 4412 7657 8048 
15979 1233 1196 6775 
15980 1827 1545 7505 
15981 2261 2236 8594 
15982 2250 2273 7490 
15983 479 1037 8513 
15984 6173 6174 8361 
15985 6988 3741 8666 
15986 3683 8100 8101 
15987 4439 5452 8379 
15988 8715 6230 8782 
15989 224 222 7071 
15990 2524 2475 8663 
15991 3219 8223 8467 
15992 6714 6711 8525 
15993 4857 8434 8890 
15994 8250 4507 8473 
15995 6156 6152 7863 
15996 2403 6960 8448 
15997 7873 6688 8311 
15998 5466 8425 8438 
15999 8777 4135 8825 
16000 7412 7776 8139 
16001 1092 1414 7345 
16002 4945 3472 8312 
16003 2767 8676 8754 
16004 885 887 8215 
16005 1265 1243 8557 
16006 5334 7390 8296 
16007 2979 1987 7841 
16008 7050 4497 8649 
16009 2353 3505 7848 
16010 7921 7923 7925 
16011 3372 5909 8250 
16012 8173 6653 9355 
16013 7390 5335 8757 
16014 1301 2422 8368 
16015 8078 2369 8170 
16016 1141 1142 8681 
16017 312 7024 7025 
16018 7849 4220 8123 
16019 853 851 7652 
16020 7537 6129 7760 
16021 4838 7162 7968 
16022 3879 3940 8151 
16023 8162 7141 8605 
16024 2812 2809 7100 
16025 2485 2487 7197 
16026 2472 2474 8183 
16027 3033 4111 7900 
16028 3940 5189 8151 
16029 2391 4158 7526 
16030 5595 7046 7047 
16031 5069 5077 7883 
16032 8128 4894 8129 
16033 8184 6700 8364 
16034 1822 8117 8229 
16035 6045 6038 6705 
16036 4828 4701 8666 
16037 2957 7917 8081 
16038 4908 6772 8255 
16039 8326 4917 8340 
16040 3343 7611 7972 
16041 3743 4758 8871 
16042 3372 8250 8473 
16043 454 458 8083 
16044 1294 1263 6947 
16045 7123 7868 7869 
16046 9137 8241 9150 
16047 4873 4593 8097 
16048 4179 4177 6878 
16049 6422 4670 8202 
16050 7184 7967 8145 
16051 235 2372 8166 
16052 5298 4913 8679 
16053 3223 7140 8142 
16054 5730 5091 8536 
16055 7886 4333 8266 
16056 6437 6436 8515 
16057 3531 3529 8136 
16058 1358 1246 7560 
16059 4783 4148 8096 
16060 409 6313 8655 
16061 5634 8042 8354 
16062 3366 3364 8221 
16063 2739 8273 8331 
16064 4701 6988 8666 
16065 9192 6006 9193 
16066 2134 2136 8297 
16067 4244 7341 8233 
16068 7612 4938 8735 
16069 4938 7612 8626 
16070 2247 3063 7934 
16071 5410 5408 8019 
16072 7924 9514 9515 
16073 6628 2676 8189 
16074 4718 4384 6781 
16075 9532 9535 9536 
16076 8272 6082 8273 
16077 2500 8457 8502 
16078 8211 7268 8236 
16079 3582 2904 7873 
16080 7094 2969 8131 
16081 5562 7152 8215 
16082 1581 5817 8470 
16083 3641 7096 8128 
16084 7235 4415 8395 
16085 2126 2705 7655 
16086 5356 5689 7450 
16087 6020 6019 7819 
16088 6616 6615 8366 
16089 3841 8024 8160 
16090 5926 5927 8152 
16091 1074 1065 8082 
16092 1758 1673 6991 
16093 2429 6320 8383 
16094 173 169 8148 
16095 7301 4221 7798 
16096 1035 431 8358 
16097 3383 4385 7832 
16098 5412 8383 8527 
16099 4147 7778 8282 
16100 5718 7475 8417 
16101 517 5930 8302 
16102 5432 8118 8613 
16103 5704 4288 8122 
16104 5410 8019 8427 
16105 1148 1149 8317 
16106 2951 1442 7820 
16107 6729 6728 7138 
16108 4743 7723 8355 
16109 2369 7512 8170 
16110 6447 6663 8390 
16111 4409 6430 8270 
16112 6306 4130 8371 
16113 6574 6575 8296 
16114 4421 4287 7888 
16115 1246 1170 7560 
16116 3627 4409 7733 
16117 8307 6715 8469 
16118 5451 4512 8751 
16119 3421 884 8090 
16120 7883 5077 8065 
16121 5806 6837 8380 
16122 7632 4443 8024 
16123 6430 4458 8225 
16124 2541 7653 8512 
16125 3288 3370 7658 
16126 5357 5211 8670 
16127 7844 5567 8063 
16128 4364 3225 8142 
16129 6364 8691 8699 
16130 8080 6264 8198 
16131 9275 9273 9314 
16132 222 225 7071 
16133 8197 4904 8336 
16134 5438 5441 8530 
16135 3658 4371 8248 
16136 666 2933 7211 
16137 4931 2689 8197 
16138 4801 4799 8484 
16139 7917 5889 8081 
16140 6440 4285 8478 
16141 6529 4192 8009 
16142 2633 2620 7574 
16143 3139 3912 7781 
16144 8477 6715 8572 
16145 6030 8809 8925 
16146 7051 8437 8485 
16147 3908 3134 7456 
16148 4362 7254 8005 
16149 4883 7622 7623 
16150 7499 2962 8345 
16151 7043 6230 8715 
16152 6271 7996 8013 
16153 4366 7995 8174 
16154 8223 4920 8467 
16155 4799 4795 8306 
16156 4931 8203 8254 
16157 8586 4897 8697 
16158 750 729 8550 
16159 7045 1501 7593 
16160 3529 6563 8136 
16161 2676 8029 8189 
16162 3817 3814 7257 
16163 2487 2491 7197 
16164 7787 5542 8478 
16165 4669 8261 8788 
16166 6902 2382 8454 
16167 7186 5868 8445 
16168 8256 6110 8277 
16169 5178 5179 8537 
16170 9342 9263 9343 
16171 4580 4419 8611 
16172 8049 5874 8817 
16173 6283 6488 8313 
16174 8454 4481 8491 
16175 7018 2882 8714 
16176 3870 3768 8461 
16177 4748 8604 8634 
16178 7887 6190 7888 
16179 7733 4409 8270 
16180 5452 8322 8379 
16181 5634 2631 8042 
16182 4486 8546 8547 
16183 7373 3708 8474 
16184 8237 5730 8536 
16185 4293 4179 6878 
16186 724 663 8758 
16187 4413 6110 8256 
16188 4367 7624 7876 
16189 4879 7506 7709 
16190 8388 6738 8389 
16191 7598 5024 8092 
16192 5408 7870 8019 
16193 4398 4399 8599 
16194 6942 8067 8271 
16195 4909 4911 8346 
16196 7732 5889 7917 
16197 3225 3223 8142 
16198 1442 1110 7820 
16199 7318 3875 8763 
16200 456 454 8083 
16201 6695 3841 8160 
16202 6786 6788 8145 
16203 6570 7231 8211 
16204 8163 2605 8391 
16205 2764 6274 8075 
16206 1695 1670 7994 
16207 1016 1018 8341 
16208 4344 7484 8356 
16209 6510 2407 8431 
16210 4343 3551 8620 
16211 1828 1475 8153 
16212 2474 7459 8217 
16213 7118 1656 7647 
16214 5765 5766 8149 
16215 613 6902 8491 
16216 6179 2531 8612 
16217 406 408 8307 
16218 4263 3295 8108 
16219 767 5552 7644 
16220 3697 3698 8336 
16221 5668 2633 8369 
16222 4831 5916 8497 
16223 9260 9354 9367 
16224 2390 6914 8259 
16225 8596 5234 8711 
16226 4553 4437 8730 
16227 2959 2731 8140 
16228 4267 7882 8170 
16229 2813 2846 7954 
16230 2486 2543 8323 
16231 2590 6620 8364 
16232 7269 8516 8517 
16233 4183 4180 7825 
16234 5107 7877 8137 
16235 6363 7520 8456 
16236 1683 6388 8337 
16237 7597 8419 8583 
16238 5387 8022 8522 
16239 8167 2360 8762 
16240 2917 6085 6704 
16241 7147 4407 8072 
16242 5224 5819 8209 
16243 5899 4477 8453 
16244 4817 5725 8301 
16245 1510 1447 8252 
16246 2154 2153 7106 
16247 6437 4499 8552 
16248 2344 7897 8054 
16249 5274 8036 8479 
16250 8302 4483 8711 
16251 8188 6008 9183 
16252 8449 445 8460 
16253 4218 7282 7940 
16254 2846 3430 7954 
16255 3025 4576 8014 
16256 9312 9287 9341 
16257 7792 7006 7884 
16258 1472 1373 8292 
16259 6488 244 8397 
16260 9251 9252 9300 
16261 4751 7473 8508 
16262 5421 5420 8598 
16263 881 3003 7628 
16264 9351 9345 9375 
16265 6118 2082 7791 
16266 5462 8228 8781 
16267 1358 7560 8642 
16268 5779 8582 8603 
16269 8288 4387 8490 
16270 4472 4471 8408 
16271 4429 4427 8265 
16272 4495 4939 8125 
16273 4478 8365 8403 
16274 9273 9280 9314 
16275 7738 2813 7954 
16276 6917 422 7157 
16277 8152 5927 8397 
16278 4825 3427 7859 
16279 8621 5139 8687 
16280 5075 5069 7883 
16281 6469 6470 8396 
16282 4460 5462 8781 
16283 4484 8163 8391 
16284 3523 2262 7637 
16285 8579 7978 8580 
16286 6780 935 8295 
16287 1139 5469 8610 
16288 4536 4960 8664 
16289 2252 2250 7490 
16290 6501 3244 8310 
16291 7961 4469 8251 
16292 5481 2051 8813 
16293 3424 4573 8176 
16294 5428 7741 8378 
16295 5829 5830 8407 
16296 3576 3575 8524 
16297 7010 1720 8269 
16298 6152 6158 7863 
16299 2136 6574 8297 
16300 6130 8088 8114 
16301 9190 9192 9193 
16302 2693 4144 7889 
16303 2739 2726 8272 
16304 5756 8415 8436 
16305 7978 8428 9548 
16306 6269 6257 8235 
16307 4396 4394 8172 
16308 8441 2182 8592 
16309 2583 3111 7892 
16310 1635 2029 8286 
16311 3660 3658 8248 
16312 4934 4935 8641 
16313 7520 4801 8456 
16314 5498 2524 8663 
16315 4546 4479 8609 
16316 7929 5945 7930 
16317 6204 5953 8480 
16318 5312 5311 8354 
16319 6359 8401 8472 
16320 2403 8448 8801 
16321 7955 6303 8165 
16322 1821 7283 8193 
16323 3244 7164 8339 
16324 824 800 8685 
16325 1637 1635 8286 
16326 5868 5867 8431 
16327 2944 2177 7127 
16328 4508 4896 8760 
16329 227 2385 8315 
16330 1936 2418 7907 
16331 5620 7379 8750 
16332 6320 6322 8527 
16333 6568 8211 8236 
16334 2807 5523 8926 
16335 8080 8198 8200 
16336 2184 2182 8441 
16337 2608 7235 8395 
16338 2407 7027 8445 
16339 4549 5348 8823 
16340 6013 6009 8138 
16341 8560 6776 8769 
16342 4941 8650 8738 
16343 2882 6686 8714 
16344 678 677 6837 
16345 3787 3791 7403 
16346 1069 1075 7115 
16347 8573 7678 8574 
16348 8255 3332 8260 
16349 1893 1896 8430 
16350 5980 5981 8759 
16351 7281 1581 8232 
16352 7721 5639 8623 
16353 4051 4359 8037 
16354 4879 7709 8041 
16355 6079 4695 8409 
16356 1142 8664 8681 
16357 4912 8232 8470 
16358 3552 3123 8639 
16359 7269 7268 8516 
16360 7926 7142 8205 
16361 1067 1069 7115 
16362 9439 9433 9440 
16363 4075 5453 8585 
16364 8433 6094 8467 
16365 1670 1667 7994 
16366 6647 9294 9368 
16367 6503 6504 8181 
16368 5961 6590 8415 
16369 9355 6653 9357 
16370 7304 2877 8853 
16371 5112 5109 8137 
16372 7372 4387 8288 
16373 9487 9484 9510 
16374 2142 6002 8187 
16375 757 758 7183 
16376 8036 4859 8071 
16377 3062 1443 8141 
16378 7643 4668 8316 
16379 2755 2758 8676 
16380 8426 6996 8535 
16381 3815 6568 8236 
16382 4356 4640 8393 
16383 4687 4685 8510 
16384 499 501 8154 
16385 7830 8418 8531 
16386 3925 4494 8352 
16387 5430 5433 8499 
16388 2554 2553 8651 
16389 7838 3582 8359 
16390 6906 3861 8220 
16391 6589 693 7344 
16392 4736 6285 7773 
16393 5927 7568 8397 
16394 2605 6709 8391 
16395 6513 1046 8332 
16396 3047 8210 8333 
16397 3912 5241 7781 
16398 3374 7327 8115 
16399 4524 4523 8653 
16400 244 8152 8397 
16401 6917 7157 8494 
16402 7289 6283 8313 
16403 2216 2212 8761 
16404 3088 8174 8488 
16405 6136 7844 8063 
16406 6743 1220 8716 
16407 3207 182 8551 
16408 7075 2369 8078 
16409 2710 2712 7862 
16410 467 463 8150 
16411 4841 7209 8175 
16412 6114 7738 7954 
16413 8144 4396 8172 
16414 891 879 7628 
16415 5687 445 8449 
16416 6026 6048 9173 
16417 7776 4871 8139 
16418 1046 1044 8332 
16419 5495 5497 6420 
16420 8244 2696 8405 
16421 1508 1510 8774 
16422 2712 7153 7862 
16423 5869 5870 8459 
16424 4631 6540 8629 
16425 7470 9263 9342 
16426 6692 4528 8888 
16427 6377 2301 8304 
16428 8091 4917 8326 
16429 1736 1735 9352 
16430 4806 7899 8108 
16431 172 7645 8807 
16432 6613 6612 8342 
16433 7574 8284 8669 
16434 6762 2944 8110 
16435 7996 6404 8013 
16436 5181 4539 8503 
16437 1755 1754 7612 
16438 5785 5786 8561 
16439 2501 7711 7812 
16440 8302 5859 8675 
16441 6886 5431 8749 
16442 4873 8097 8331 
16443 7149 4774 8702 
16444 1443 1506 8141 
16445 2194 2190 8258 
16446 7890 2690 8328 
16447 6362 6361 8249 
16448 5184 7910 8537 
16449 6695 8160 8239 
16450 5967 5217 8471 
16451 1527 8030 8190 
16452 711 4085 8550 
16453 1357 1358 8873 
16454 7848 3505 8265 
16455 4917 8091 8251 
16456 6361 6357 8401 
16457 4937 4339 8642 
16458 4221 6519 7798 
16459 7457 8135 8372 
16460 762 759 7404 
16461 7527 3089 8116 
16462 7399 2430 8158 
16463 427 429 8274 
16464 6091 6090 8283 
16465 5617 5794 8628 
16466 7152 885 8215 
16467 4864 7740 8422 
16468 8382 4521 8443 
16469 2218 3605 7502 
16470 4219 4218 7940 
16471 693 691 7344 
16472 4438 4478 8403 
16473 6960 4163 8448 
16474 7459 9269 9350 
16475 7560 4937 8642 
16476 8310 3244 8339 
16477 3565 4123 8506 
16478 7437 4734 8385 
16479 7949 4767 8868 
16480 6231 6215 8429 
16481 6607 5255 8353 
16482 8061 4398 8599 
16483 3945 5859 8711 
16484 2130 2132 8299 
16485 4287 7887 7888 
16486 7658 3370 7987 
16487 6174 8280 8361 
16488 6281 7834 8094 
16489 6574 8296 8297 
16490 3063 7811 7934 
16491 1856 7105 8634 
16492 4674 8156 8157 
16493 9252 9255 9300 
16494 6360 6359 8630 
16495 3132 2587 8017 
16496 8312 3472 8344 
16497 1679 1179 8458 
16498 6802 6803 8882 
16499 3427 3448 7859 
16500 6085 2917 8423 
16501 6778 2806 8707 
16502 4529 4530 8661 
16503 9182 6010 9188 
16504 7016 7017 8376 
16505 4332 3132 8017 
16506 7471 7470 9342 
16507 4910 4909 8347 
16508 1896 6500 8430 
16509 8365 3298 8403 
16510 5294 5687 8449 
16511 2052 6497 8356 
16512 8321 3709 8375 
16513 7301 4854 8226 
16514 6653 8173 8486 
16515 4482 4438 8403 
16516 6642 8486 8510 
16517 7371 2145 8543 
16518 7818 433 8303 
16519 4492 8507 8607 
16520 6202 6203 8419 
16521 4417 4416 8191 
16522 8296 7390 8297 
16523 7901 487 8597 
16524 7536 4341 8202 
16525 5466 5465 8425 
16526 446 8285 8498 
16527 1307 931 8318 
16528 8553 7428 8609 
16529 2944 7127 7849 
16530 7740 3605 8422 
16531 5508 4556 8090 
16532 4799 8306 8484 
16533 8644 4498 8645 
16534 4942 8167 8762 
16535 4329 4398 8259 
16536 3129 2912 8169 
16537 2082 2084 7791 
16538 7345 1414 8413 
16539 7181 2187 7244 
16540 4576 4991 8305 
16541 4946 4948 8737 
16542 5340 5267 5698 
16543 8038 4450 8402 
16544 8353 5255 8458 
16545 8582 4510 8603 
16546 6382 7830 8531 
16547 4328 3515 8569 
16548 8207 2615 8208 
16549 2525 2495 8502 
16550 3569 4736 7773 
16551 539 8228 8386 
16552 5753 5961 8415 
16553 1160 1158 8326 
16554 4935 8560 8641 
16555 1190 888 8826 
16556 6501 8310 8424 
16557 8143 1821 8193 
16558 1989 1639 8440 
16559 6257 7920 8235 
16560 7559 5003 8293 
16561 4916 8101 8102 
16562 2675 2621 8735 
16563 7209 3222 8175 
16564 7157 8120 8494 
16565 5691 4840 8328 
16566 2140 2142 8253 
16567 7905 7906 8428 
16568 7928 5093 8398 
16569 4761 7517 8591 
16570 7511 3463 7666 
16571 4454 5536 8424 
16572 1724 1943 8280 
16573 2222 2218 7502 
16574 3641 8128 8129 
16575 4886 4498 8644 
16576 1488 8605 8700 
16577 6462 6469 8396 
16578 7824 6242 8224 
16579 4360 5534 8558 
16580 656 666 7211 
16581 8306 4926 8484 
16582 7341 3167 8765 
16583 8030 6181 8404 
16584 4604 5046 8696 
16585 3691 3709 8493 
16586 8932 9108 9165 
16587 2940 6198 8508 
16588 5465 7372 8425 
16589 1123 1124 8682 
16590 7426 2677 8266 
16591 1644 5967 8471 
16592 4490 8374 8507 
16593 5480 5521 8733 
16594 2043 6094 8433 
16595 520 6510 8384 
16596 3194 3383 7832 
16597 3901 4817 8301 
16598 7486 7485 8406 
16599 7878 4747 8511 
16600 5758 5756 8436 
16601 7494 3298 8365 
16602 6476 4509 8640 
16603 7222 7225 9084 
16604 4289 853 7652 
16605 3638 5551 8324 
16606 3497 4660 8262 
16607 8927 5447 8928 
16608 6528 8103 8538 
16609 7597 6202 8419 
16610 5312 8042 8668 
16611 4860 5225 8451 
16612 4941 4511 8650 
16613 8321 7117 8493 
16614 475 477 8447 
16615 4354 5435 8826 
16616 4656 4654 8889 
16617 1191 1190 8532 
16618 7488 1446 7489 
16619 1196 1198 6775 
16620 2761 2759 7332 
16621 1153 1151 8738 
16622 1815 1816 8694 
16623 6585 6587 8350 
16624 8117 5978 8229 
16625 4489 8167 8374 
16626 8261 3060 8788 
16627 8871 4758 8905 
16628 4844 4843 8378 
16629 8819 3435 8823 
16630 4447 4508 8538 
16631 5747 7716 8389 
16632 3257 8161 8162 
16633 5001 8562 8563 
16634 7342 7343 9390 
16635 6002 6008 8187 
16636 3938 5495 6420 
16637 7105 2988 8511 
16638 6177 3414 8780 
16639 6349 6343 8400 
16640 6633 8134 8752 
16641 5612 7663 7664 
16642 8076 4380 8077 
16643 6717 3497 8262 
16644 8310 4454 8424 
16645 2038 5702 8347 
16646 7967 6786 8145 
16647 2615 303 8208 
16648 5319 5320 8680 
16649 2645 448 8498 
16650 8664 4960 8681 
16651 5556 5558 8482 
16652 8034 5274 8479 
16653 517 8302 8675 
16654 2199 2242 7442 
16655 4670 7536 8202 
16656 5344 8096 8122 
16657 2677 7155 8571 
16658 5870 8405 8459 
16659 6625 8104 8350 
16660 8517 8516 9512 
16661 8138 2959 8140 
16662 5756 5753 8415 
16663 5113 5112 8600 
16664 8392 4822 8775 
16665 5005 7559 8293 
16666 4067 4631 8607 
16667 5899 8453 8587 
16668 2142 8187 8253 
16669 5152 4626 8742 
16670 8495 1387 8805 
16671 5236 4519 8593 
16672 658 648 7540 
16673 6364 6363 8691 
16674 5749 5752 8608 
16675 4715 4698 8334 
16676 4483 2162 8596 
16677 4406 7878 8298 
16678 1029 8829 8866 
16679 4539 5445 8503 
16680 4919 8263 8264 
16681 4437 8016 8257 
16682 8569 4518 8665 
16683 7155 7058 8571 
16684 1568 1561 8883 
16685 9306 9303 9353 
16686 8120 4900 8494 
16687 3111 4848 7892 
16688 5695 5697 8387 
16689 7741 4844 8378 
16690 303 301 8208 
16691 8499 245 8701 
16692 4461 4908 8455 
16693 6560 2616 8327 
16694 3874 4270 8287 
16695 3125 3496 8710 
16696 4522 5721 8106 
16697 6357 6354 8472 
16698 8676 5320 8754 
16699 2802 8275 8570 
16700 1486 5674 8808 
16701 2943 5720 8112 
16702 6362 8789 8793 
16703 2912 3142 8169 
16704 3864 3436 7974 
16705 8388 6713 8477 
16706 4543 6986 8851 
16707 1179 8353 8458 
16708 786 787 8687 
16709 4130 3589 8420 
16710 5109 5107 8137 
16711 5713 5712 8321 
16712 2370 7604 7605 
16713 2620 2622 7574 
16714 5590 8713 8778 
16715 9132 6041 9133 
16716 3463 7452 7666 
16717 6713 6712 8477 
16718 5621 5620 8801 
16719 5973 5975 8545 
16720 7096 8143 8193 
16721 2752 2750 8820 
16722 7695 4481 8454 
16723 4637 3524 8373 
16724 6035 5312 8668 
16725 9108 8268 9117 
16726 9353 7465 9356 
16727 6400 4771 8044 
16728 6217 6231 8539 
16729 2616 4629 8327 
16730 1142 1138 8392 
16731 4285 4278 7787 
16732 2290 2915 8367 
16733 4953 7989 8468 
16734 1847 1644 8471 
16735 8370 3002 8887 
16736 4805 6722 8540 
16737 487 485 8549 
16738 8448 5621 8801 
16739 3832 3831 8657 
16740 4481 5954 8491 
16741 7399 8158 8281 
16742 846 844 7169 
16743 1845 6632 8755 
16744 1535 6995 8377 
16745 4499 3404 8552 
16746 4926 4927 8484 
16747 3094 8505 8641 
16748 699 694 7072 
16749 2867 2013 7979 
16750 2500 2502 8457 
16751 4567 8855 8894 
16752 4450 5056 8402 
16753 1737 582 8698 
16754 2413 6996 8426 
16755 3582 7873 8311 
16756 7268 8211 8516 
16757 7948 7215 8598 
16758 6575 7993 8410 
16759 2583 7892 8349 
16760 2968 2966 8363 
16761 7891 4910 8561 
16762 4288 5344 8122 
16763 1124 7345 8437 
16764 3496 8186 8772 
16765 2210 2216 7801 
16766 7545 5713 8375 
16767 5431 5430 8499 
16768 6642 6643 8486 
16769 1294 7319 8907 
16770 7897 4813 8432 
16771 7030 8569 8665 
16772 8494 4900 8647 
16773 6314 4323 8357 
16774 3948 5222 8509 
16775 5960 7016 8376 
16776 8705 5675 8850 
16777 5707 4535 8626 
16778 8088 6130 8416 
16779 7729 3000 8230 
16780 4278 4280 7787 
16781 8674 6177 8780 
16782 2945 5956 8046 
16783 798 7534 8766 
16784 6928 6927 8803 
16785 7345 8413 8485 
16786 4921 8662 8667 
16787 471 8307 8469 
16788 7687 2615 8207 
16789 3297 1171 6243 
16790 2242 2687 7442 
16791 2696 6943 8405 
16792 292 294 8705 
16793 783 809 8768 
16794 4698 5701 8334 
16795 5954 8444 8491 
16796 4669 4258 8893 
16797 4945 8710 8772 
16798 396 409 8655 
16799 4480 7893 8533 
16800 4840 7890 8328 
16801 8675 4538 8731 
16802 6402 4898 8488 
16803 844 6770 7169 
16804 4578 8014 8305 
16805 8839 8838 9439 
16806 437 3089 7527 
16807 4927 4928 8691 
16808 4123 5840 8506 
16809 2683 8098 8379 
16810 8179 1163 8340 
16811 6224 6223 8782 
16812 2495 2500 8502 
16813 5412 5410 8427 
16814 439 437 7527 
16815 525 467 8805 
16816 5163 3901 8301 
16817 5051 5048 8483 
16818 8030 6537 8190 
16819 5523 1678 8854 
16820 4507 6571 8473 
16821 2236 2244 8594 
16822 1571 5917 8828 
16823 3436 4550 7974 
16824 8158 4472 8281 
16825 4282 4283 8106 
16826 2944 7849 8110 
16827 7067 1845 8600 
16828 4485 5899 8587 
16829 3885 7928 8398 
16830 4668 7569 8316 
16831 5975 5980 8545 
16832 7814 5999 7815 
16833 6995 8343 8377 
16834 8578 7977 8579 
16835 4426 7948 8598 
16836 758 6894 7183 
16837 8437 7345 8485 
16838 4900 5593 8647 
16839 7017 5754 8416 
16840 6653 6645 9357 
16841 2631 6036 8042 
16842 7645 4482 8555 
16843 1582 762 7404 
16844 7910 5178 8537 
16845 4545 3393 8363 
16846 8758 5150 8923 
16847 3298 3007 8501 
16848 8428 7906 9548 
16849 2946 1114 8290 
16850 4948 7373 8474 
16851 8621 787 8771 
16852 4547 4610 8858 
16853 4948 8474 8541 
16854 5390 5389 8799 
16855 3801 7638 8475 
16856 8283 4476 8442 
16857 8174 6402 8488 
16858 5519 8843 8844 
16859 2124 2126 7655 
16860 4556 3421 8090 
16861 8171 4484 8391 
16862 3860 6905 8220 
16863 6711 5755 8525 
16864 4145 4488 7101 
16865 9348 7469 9351 
16866 4137 6476 8481 
16867 2619 1755 7612 
16868 3028 3019 7843 
16869 9294 9278 9354 
16870 3380 2952 8351 
16871 8103 6527 8239 
16872 4933 4545 8804 
16873 8608 5762 8766 
16874 7976 7978 8579 
16875 1280 1126 8747 
16876 2412 8628 8769 
16877 5842 3907 8544 
16878 8154 501 8308 
16879 8755 6632 8812 
16880 7591 2675 8677 
16881 485 1526 8549 
16882 6009 2959 8138 
16883 7231 9503 9512 
16884 5553 5554 8627 
16885 3476 2867 7979 
16886 6094 6783 8467 
16887 6110 8276 8277 
16888 4341 4340 8164 
16889 2767 2755 8676 
16890 8650 1156 8738 
16891 5050 5134 8771 
16892 7188 6517 8529 
16893 1149 1146 8717 
16894 6701 2585 8526 
16895 8281 4472 8408 
16896 8251 1156 8650 
16897 1488 6835 8605 
16898 1158 8091 8326 
16899 4193 4393 8028 
16900 6950 4135 8777 
16901 3404 3402 8552 
16902 8581 3833 8665 
16903 6223 6219 8690 
16904 6914 4329 8259 
16905 5124 5125 8704 
16906 4635 4160 8783 
16907 1739 6946 8226 
16908 871 868 8438 
16909 6268 8002 8814 
16910 2654 865 8614 
16911 5946 6664 8519 
16912 6690 8346 8583 
16913 5709 8683 8685 
16914 4820 7313 8329 
16915 6282 3189 8619 
16916 5192 4665 8622 
16917 6738 7760 8114 
16918 8440 4886 8644 
16919 5625 5314 8764 
16920 4416 5164 8191 
16921 801 8588 8685 
16922 1968 6428 8476 
16923 6694 2877 8912 
16924 7694 5126 8822 
16925 2424 7061 8584 
16926 5000 8554 8562 
16927 4338 7067 8500 
16928 6655 4687 8173 
16929 9442 8580 9549 
16930 8004 4510 8523 
16931 2821 166 8807 
16932 4503 5571 8861 
16933 8405 6943 8459 
16934 5714 2699 8673 
16935 2201 2198 7154 
16936 4340 4776 8164 
16937 2619 7612 8735 
16938 1989 8440 8644 
16939 8346 2038 8347 
16940 6036 7943 8668 
16941 694 696 7072 
16942 7076 1856 8604 
16943 8447 477 8513 
16944 8101 4408 8102 
16945 7101 4488 8674 
16946 7727 3565 8506 
16947 4591 7926 8205 
16948 6879 4345 8512 
16949 7652 2943 8112 
16950 5510 4542 8652 
16951 2182 2167 8592 
16952 5794 3685 8560 
16953 7626 4820 8329 
16954 7337 6302 8068 
16955 8429 2525 8502 
16956 6059 7141 8162 
16957 8298 7878 8511 
16958 6144 1370 8518 
16959 729 711 8550 
16960 6576 1488 8700 
16961 1585 7103 8442 
16962 7428 761 8609 
16963 8275 2802 8661 
16964 4857 5450 8434 
16965 5874 5873 8597 
16966 4498 4544 8645 
16967 4865 7739 7740 
16968 7030 7031 8632 
16969 8696 5049 8768 
16970 4758 7867 8905 
16971 4500 8584 8667 
16972 6077 2945 8046 
16973 648 1127 7540 
16974 7141 4944 8605 
16975 8400 6361 8401 
16976 8089 7564 8387 
16977 8655 6313 8787 
16978 8605 4944 8700 
16979 6897 4520 8678 
16980 6918 6917 8494 
16981 662 658 7479 
16982 8390 3211 8536 
16983 3861 3860 8220 
16984 5141 5142 8913 
16985 299 6679 8541 
16986 4893 4521 8382 
16987 7308 673 7479 
16988 5859 8302 8711 
16989 7587 2946 8290 
16990 9259 9245 9355 
16991 6303 6304 8394 
16992 9441 8580 9442 
16993 3515 4518 8569 
16994 4970 4930 8871 
16995 7122 4193 8028 
16996 3262 4558 8894 
16997 4931 8197 8336 
16998 8159 3857 8617 
16999 4513 8559 8567 
17000 4289 7652 8112 
17001 2388 6939 8865 
17002 5797 5102 8706 
17003 6807 2586 8653 
17004 5813 5669 8648 
17005 3910 4805 8540 
17006 5322 4836 8712 
17007 5675 4947 8770 
17008 7612 1754 8626 
17009 4647 7694 8822 
17010 7564 5695 8387 
17011 4565 4414 8881 
17012 776 2107 8489 
17013 5791 4985 8554 
17014 645 2303 8785 
17015 4521 4422 8443 
17016 4381 8030 8404 
17017 8135 7465 8372 
17018 9365 7468 9366 
17019 4529 8661 8733 
17020 4424 4426 8475 
17021 6722 3576 8524 
17022 6658 6655 8173 
17023 7424 1310 8446 
17024 8104 6585 8350 
17025 6710 514 8450 
17026 2208 2210 7801 
17027 7418 4381 8404 
17028 677 7394 8380 
17029 3552 5159 8886 
17030 5895 3638 8542 
17031 6313 4496 8787 
17032 3094 7188 8505 
17033 7977 7976 8579 
17034 8457 2526 8539 
17035 2412 6743 8628 
17036 4558 7279 8784 
17037 6039 6041 9132 
17038 445 441 8460 
17039 8835 8837 8845 
17040 879 881 7628 
17041 7002 7003 8631 
17042 4546 5513 8918 
17043 5237 4636 8602 
17044 8780 3414 8819 
17045 8413 5535 8485 
17046 5779 1967 8582 
17047 801 6437 8588 
17048 2157 2156 8021 
17049 3813 3833 8581 
17050 5954 7186 8444 
17051 5359 7424 8446 
17052 1974 3088 8586 
17053 8838 8836 8842 
17054 4031 3258 8168 
17055 6757 5325 8775 
17056 6289 8159 8617 
17057 4696 3979 8320 
17058 5501 7544 8815 
17059 2036 5625 8862 
17060 3000 6793 8240 
17061 8280 1943 8361 
17062 568 8718 8806 
17063 1965 6754 8414 
17064 7899 4263 8108 
17065 5593 5897 8304 
17066 6080 6079 8701 
17067 8263 4423 8264 
17068 4897 4515 8697 
17069 1009 7291 8914 
17070 6436 2424 8515 
17071 5819 7669 8209 
17072 5990 8075 9199 
17073 6072 1989 8644 
17074 2671 4961 8901 
17075 8285 5367 8498 
17076 2045 8531 8589 
17077 6175 8361 8590 
17078 4532 5215 8521 
17079 3258 7171 8168 
17080 8232 1581 8470 
17081 4534 4952 8740 
17082 5211 5212 8670 
17083 166 168 8807 
17084 4929 4781 8034 
17085 3975 3972 8798 
17086 2699 1679 8458 
17087 673 662 7479 
17088 4936 8505 8529 
17089 182 180 8551 
17090 9259 9355 9357 
17091 514 6913 8450 
17092 4918 6990 8773 
17093 477 479 8513 
17094 4859 8070 8071 
17095 1662 2370 8745 
17096 8134 5132 8752 
17097 302 1486 8808 
17098 1967 5165 8582 
17099 4387 5483 8490 
17100 6231 8429 8502 
17101 568 7052 8718 
17102 1192 1194 7011 
17103 5713 8321 8375 
17104 7052 2573 8640 
17105 5590 4363 8713 
17106 5066 8719 8720 
17107 5947 4922 8667 
17108 6547 5919 8351 
17109 8836 8841 8842 
17110 1194 1233 7011 
17111 1586 7337 8068 
17112 8753 4555 8848 
17113 4771 6314 8357 
17114 8631 7003 8799 
17115 8037 4359 8418 
17116 1532 6642 8510 
17117 7628 4504 8660 
17118 6171 5865 8381 
17119 1388 8477 8572 
17120 2198 2199 7154 
17121 4809 7700 8772 
17122 8664 1142 8775 
17123 8789 8575 8790 
17124 5554 5560 8627 
17125 2475 2464 8663 
17126 3833 7030 8665 
17127 4616 8261 8893 
17128 4333 7426 8266 
17129 3185 7824 8224 
17130 4544 8643 8645 
17131 870 869 8756 
17132 6996 1532 8535 
17133 1660 1662 8745 
17134 8515 2424 8584 
17135 1358 8642 8810 
17136 5112 8500 8600 
17137 7035 468 8487 
17138 8275 5707 8570 
17139 4540 5511 8744 
17140 5524 5525 8595 
17141 2314 290 8850 
17142 4510 3730 8603 
17143 6685 2554 8630 
17144 8303 6377 8304 
17145 5134 5136 8621 
17146 8532 8900 8922 
17147 5892 6195 8892 
17148 9082 7222 9084 
17149 5573 5183 8214 
17150 8691 4928 8699 
17151 4929 8034 8479 
17152 4283 4522 8106 
17153 5995 8581 8665 
17154 6349 8400 8401 
17155 4909 8346 8347 
17156 3393 2968 8363 
17157 6946 7301 8226 
17158 1740 1265 8557 
17159 4908 8255 8260 
17160 3019 3021 7843 
17161 3670 8165 8394 
17162 5754 8088 8416 
17163 6092 4100 8874 
17164 5502 5505 8887 
17165 6448 5234 8596 
17166 7760 6130 8114 
17167 3088 8488 8586 
17168 8044 4771 8357 
17169 1083 827 8859 
17170 8480 5953 8481 
17171 6801 6802 8860 
17172 8401 6357 8472 
17173 7982 3185 8224 
17174 1951 1452 7822 
17175 3738 1951 7822 
17176 4126 6964 8646 
17177 8241 8242 9150 
17178 7489 1280 8776 
17179 7635 4564 8555 
17180 411 1388 8572 
17181 2988 8298 8511 
17182 4781 7751 8034 
17183 5834 2655 8556 
17184 582 592 8698 
17185 5253 4842 8915 
17186 5867 8384 8431 
17187 1144 8681 8717 
17188 3979 4901 8320 
17189 7653 6879 8512 
17190 6504 6678 8504 
17191 8187 6008 8188 
17192 4563 6394 8857 
17193 8559 5917 8567 
17194 6533 6535 8757 
17195 7961 8251 8650 
17196 3415 4546 8918 
17197 3551 3552 8620 
17198 8681 4960 8717 
17199 7716 6713 8389 
17200 8173 4687 8486 
17201 4482 8403 8501 
17202 8794 8790 8795 
17203 7105 8511 8634 
17204 4544 6088 8643 
17205 6024 2328 8809 
17206 4328 8569 8632 
17207 8526 2585 8546 
17208 3709 8321 8493 
17209 4336 5841 8534 
17210 6476 8480 8481 
17211 8720 8719 8884 
17212 4762 4761 8591 
17213 8309 2311 8622 
17214 4488 4487 8624 
17215 9431 8578 9441 
17216 3748 3749 8903 
17217 4025 3591 8882 
17218 996 998 8829 
17219 5376 4932 8566 
17220 6072 8644 8645 
17221 5167 4609 8688 
17222 8580 9548 9549 
17223 9245 6658 9355 
17224 3589 8254 8420 
17225 7058 4537 8686 
17226 2952 6547 8351 
17227 7292 2844 8611 
17228 8186 4809 8772 
17229 4541 3746 8753 
17230 4258 7576 8568 
17231 8822 5126 8866 
17232 6837 677 8380 
17233 6602 4090 8703 
17234 4606 6640 8906 
17235 8061 8599 8854 
17236 3209 7872 8522 
17237 8014 4576 8305 
17238 398 396 8655 
17239 7656 5210 8863 
17240 6775 2412 8769 
17241 4270 7885 8287 
17242 5949 2288 8742 
17243 4518 5995 8665 
17244 800 801 8685 
17245 6050 8658 9135 
17246 2800 4970 8875 
17247 4399 4402 8599 
17248 5367 5366 8654 
17249 5347 8674 8780 
17250 7027 8444 8445 
17251 3167 4956 8821 
17252 7993 6013 8410 
17253 829 824 8683 
17254 6352 6351 8672 
17255 8510 4685 8535 
17256 5279 4225 8643 
17257 4651 4648 8822 
17258 8779 6053 8875 
17259 2337 6447 8847 
17260 2156 2376 8021 
17261 4952 4953 8713 
17262 8855 6968 8922 
17263 5325 4536 8664 
17264 8211 7231 8516 
17265 787 8621 8687 
17266 8526 4485 8587 
17267 8541 6679 8737 
17268 8765 3167 8821 
17269 6776 6775 8769 
17270 1828 8153 8412 
17271 8383 6320 8527 
17272 4654 8872 8889 
17273 5126 1029 8866 
17274 8403 3298 8501 
17275 7112 891 8695 
17276 2226 2229 8852 
17277 1943 6840 8590 
17278 4125 6672 8891 
17279 8360 3832 8657 
17280 8249 7678 8573 
17281 2917 7854 8423 
17282 1144 1141 8681 
17283 8661 5480 8733 
17284 4553 8779 8875 
17285 3414 2851 8819 
17286 8161 6059 8162 
17287 8538 4508 8612 
17288 8381 4893 8382 
17289 2844 7721 8623 
17290 2739 8272 8273 
17291 4747 4748 8634 
17292 4027 4559 8909 
17293 3123 3970 8639 
17294 6231 8457 8539 
17295 5046 5049 8696 
17296 2792 2785 8671 
17297 4225 6072 8645 
17298 8643 4225 8645 
17299 5640 4529 8733 
17300 4559 6803 8901 
17301 9138 8658 9166 
17302 8545 5980 8694 
17303 5981 5982 8732 
17304 5552 5553 8627 
17305 8560 3685 8641 
17306 8610 4526 8638 
17307 8718 4554 8806 
17308 4960 4531 8734 
17309 8569 7030 8632 
17310 3685 3094 8641 
17311 7379 5617 8716 
17312 5304 5303 8879 
17313 5786 7891 8561 
17314 4554 8730 8806 
17315 4911 7597 8583 
17316 3657 7945 8615 
17317 8516 7231 9512 
17318 8761 4933 8804 
17319 886 4354 8826 
17320 5817 3169 8679 
17321 6632 2036 8812 
17322 5752 5762 8608 
17323 8346 4911 8583 
17324 3259 8659 8732 
17325 5669 4075 8648 
17326 5170 5053 8825 
17327 2531 6528 8612 
17328 5234 3945 8711 
17329 2585 7342 8546 
17330 4944 4943 8700 
17331 4075 8585 8648 
17332 5827 4560 8921 
17333 409 6759 8616 
17334 6949 517 8675 
17335 5874 8549 8817 
17336 8456 4927 8691 
17337 9358 7464 9359 
17338 7461 7464 9356 
17339 1156 1153 8738 
17340 8607 4631 8629 
17341 4666 7695 8636 
17342 8507 4067 8607 
17343 8676 2758 8680 
17344 3831 4503 8657 
17345 4701 3643 8692 
17346 5519 8840 8843 
17347 7945 7946 8615 
17348 5314 4644 8764 
17349 4506 5640 8736 
17350 1149 8734 8751 
17351 869 872 8756 
17352 4970 8871 8905 
17353 5549 8820 8869 
17354 8260 3676 8455 
17355 6171 8381 8382 
17356 2655 8490 8556 
17357 8118 5296 8613 
17358 6742 2920 8656 
17359 4526 4524 8638 
17360 4363 7591 8677 
17361 2051 1982 8330 
17362 8153 6139 8412 
17363 8500 7067 8600 
17364 8705 298 8808 
17365 2328 2327 8809 
17366 2212 2214 8761 
17367 8230 3000 8240 
17368 9290 9289 9367 
17369 3406 4500 8662 
17370 8165 6303 8394 
17371 4959 4955 8748 
17372 6803 7238 8901 
17373 5348 5347 8780 
17374 905 6185 8781 
17375 9278 9279 9354 
17376 3821 3824 8876 
17377 6948 3392 8910 
17378 3562 6633 8752 
17379 1146 1144 8717 
17380 5431 8701 8749 
17381 5210 5209 8863 
17382 6701 8526 8587 
17383 2621 2619 8735 
17384 4921 2935 8697 
17385 4029 5797 8706 
17386 4325 4918 8773 
17387 4554 3737 8779 
17388 8246 1965 8414 
17389 4339 7950 8642 
17390 8684 4604 8696 
17391 5165 8523 8582 
17392 7954 3430 8606 
17393 5320 8676 8680 
17394 6139 7660 8412 
17395 8261 4669 8893 
17396 8361 1943 8590 
17397 7475 4298 8417 
17398 357 7146 8904 
17399 7837 5124 8704 
17400 4459 8037 8418 
17401 7179 7446 8659 
17402 5188 5360 8709 
17403 4363 8677 8713 
17404 3392 1261 8910 
17405 8615 7946 8804 
17406 8701 6079 8749 
17407 8767 6766 8816 
17408 8523 4510 8582 
17409 8878 3004 8895 
17410 6918 8494 8647 
17411 2526 7284 8690 
17412 9189 9183 9190 
17413 4945 8312 8710 
17414 6927 6966 8803 
17415 4537 4526 8739 
17416 3417 3743 8867 
17417 1259 1277 8910 
17418 8623 5639 8708 
17419 5897 8303 8304 
17420 4222 7018 8714 
17421 3690 7428 8553 
17422 1816 1822 8694 
17423 3638 8324 8542 
17424 7946 2216 8804 
17425 3639 4380 8076 
17426 7734 4432 8559 
17427 8573 8575 8789 
17428 3597 7149 8702 
17429 8844 8845 8846 
17430 6939 798 8766 
17431 8834 8528 8835 
17432 2942 6950 8777 
17433 4456 3639 8076 
17434 8384 6510 8431 
17435 3096 5714 8633 
17436 4509 4554 8718 
17437 1374 7413 8917 
17438 8511 4747 8634 
17439 5466 8438 8439 
17440 6713 8388 8389 
17441 891 7628 8660 
17442 8593 4519 8673 
17443 1982 2701 8330 
17444 3971 5481 8798 
17445 4915 5293 8589 
17446 8730 8257 8806 
17447 6030 6024 8809 
17448 7638 4424 8475 
17449 4827 4658 8920 
17450 8776 6966 8824 
17451 1822 8545 8694 
17452 2895 3408 8533 
17453 8505 7188 8529 
17454 8600 1845 8755 
17455 9108 9119 9165 
17456 294 298 8705 
17457 4966 8776 8824 
17458 4135 8341 8825 
17459 7937 4828 8666 
17460 2802 5480 8661 
17461 4951 4950 8847 
17462 5066 5064 8719 
17463 8242 6794 9150 
17464 1126 1096 8747 
17465 8702 5390 8799 
17466 4962 8252 8873 
17467 1445 1377 8878 
17468 6227 8833 9345 
17469 4402 4557 8599 
17470 8448 4163 8625 
17471 8686 4537 8739 
17472 4511 7961 8650 
17473 4520 8616 8678 
17474 8677 4952 8713 
17475 6679 2314 8737 
17476 4523 4822 8693 
17477 8291 6360 8651 
17478 827 786 8687 
17479 4497 4937 8649 
17480 818 788 8923 
17481 5558 5557 8786 
17482 1532 8510 8535 
17483 5919 3690 8553 
17484 7000 357 8904 
17485 8903 4970 8905 
17486 6968 8532 8922 
17487 1149 8717 8734 
17488 6555 6576 8741 
17489 8504 6614 8635 
17490 7021 568 8806 
17491 6645 6647 9357 
17492 8812 2036 8862 
17493 4953 8468 8778 
17494 8764 4644 8853 
17495 8829 6438 8866 
17496 6093 6892 8907 
17497 8832 2819 8848 
17498 6741 2403 8801 
17499 5332 5331 8601 
17500 4553 8730 8779 
17501 2699 8593 8673 
17502 7893 2895 8533 
17503 8843 8835 8845 
17504 5256 3420 8918 
17505 9548 9529 9549 
17506 8252 1378 8873 
17507 5304 8878 8895 
17508 4954 5261 8765 
17509 3597 8702 8799 
17510 4551 4962 8810 
17511 3746 4555 8753 
17512 4967 8049 8817 
17513 1517 1508 8774 
17514 5049 5050 8771 
17515 4908 8260 8455 
17516 8444 7186 8445 
17517 7284 7043 8715 
17518 2589 6949 8731 
17519 8748 4955 8821 
17520 5411 6319 8834 
17521 7417 5074 8719 
17522 8750 6741 8801 
17523 3875 8151 8763 
17524 8860 3743 8871 
17525 5335 6533 8757 
17526 4837 5827 8919 
17527 8042 6036 8668 
17528 4896 8656 8760 
17529 8554 4985 8562 
17530 2819 7032 8848 
17531 6551 8793 8794 
17532 6362 8249 8573 
17533 5223 4029 8706 
17534 6528 8538 8612 
17535 3546 7837 8704 
17536 7700 4945 8772 
17537 1124 8649 8682 
17538 7523 2654 8898 
17539 5981 8659 8759 
17540 7052 8640 8718 
17541 788 724 8758 
17542 8327 4629 8827 
17543 809 7875 8684 
17544 7032 2031 8802 
17545 8454 2382 8636 
17546 8700 4943 8741 
17547 4564 8851 8896 
17548 7117 2306 8787 
17549 2360 6809 8762 
17550 4947 4946 8770 
17551 5537 5538 8811 
17552 5505 8370 8887 
17553 2806 5590 8778 
17554 8719 5074 8884 
17555 5331 5334 8601 
17556 5115 5113 8755 
17557 9306 9356 9358 
17558 5231 4676 8669 
17559 1486 6766 8767 
17560 5115 8755 8812 
17561 868 866 8439 
17562 6227 6224 8782 
17563 8609 761 8689 
17564 7974 4550 8637 
17565 1287 8039 8877 
17566 5064 7417 8719 
17567 4552 4434 8195 
17568 5138 5141 8870 
17569 8181 6504 8635 
17570 1387 525 8805 
17571 5941 8093 8495 
17572 5348 8780 8819 
17573 7003 3597 8799 
17574 9356 7464 9358 
17575 1526 5892 8908 
17576 8257 7021 8806 
17577 3482 3128 8856 
17578 2654 8125 8898 
17579 3735 3102 8849 
17580 6778 8707 8786 
17581 663 645 8785 
17582 6576 8700 8741 
17583 8640 4509 8718 
17584 5320 7790 8754 
17585 168 172 8807 
17586 5431 8499 8701 
17587 8521 1510 8930 
17588 6363 8456 8691 
17589 6042 6044 8658 
17590 5917 8559 8828 
17591 2920 6179 8760 
17592 6307 8831 8887 
17593 4562 2819 8832 
17594 787 783 8768 
17595 6319 8528 8834 
17596 7446 1815 8759 
17597 8468 5558 8707 
17598 7939 7938 8800 
17599 8530 5441 8743 
17600 7035 5447 8927 
17601 8213 5932 8783 
17602 1220 6741 8750 
17603 8002 5086 8814 
17604 4437 8257 8730 
17605 5131 4325 8773 
17606 5617 8628 8716 
17607 8824 3735 8849 
17608 8611 2844 8623 
17609 8733 5521 8736 
17610 8330 5457 8813 
17611 5113 8600 8755 
17612 6504 8504 8635 
17613 4966 7489 8776 
17614 8707 2806 8778 
17615 7695 8454 8636 
17616 9306 9353 9356 
17617 4956 8748 8821 
17618 8658 6044 9166 
17619 298 302 8808 
17620 8849 3102 8864 
17621 4580 8611 8623 
17622 2942 8777 8920 
17623 8468 8707 8778 
17624 9307 9306 9358 
17625 3737 6053 8779 
17626 5762 5763 8865 
17627 2821 8807 8896 
17628 8870 5141 8906 
17629 8599 4557 8854 
17630 8867 6802 8882 
17631 4955 4954 8821 
17632 8630 2554 8651 
17633 7830 4459 8418 
17634 8633 5714 8673 
17635 1029 996 8829 
17636 8497 5916 8654 
17637 8109 6928 8746 
17638 6360 8630 8651 
17639 5257 8852 8868 
17640 7544 3009 8815 
17641 8659 7446 8759 
17642 466 7035 8927 
17643 6766 2337 8816 
17644 8656 2920 8760 
17645 4434 5148 8195 
17646 8628 6743 8716 
17647 6403 5090 8788 
17648 8317 1149 8751 
17649 8151 5189 8763 
17650 8811 4550 8823 
17651 7135 4562 8832 
17652 5121 6694 8912 
17653 6223 8690 8715 
17654 4952 8677 8740 
17655 8659 5981 8732 
17656 8717 4960 8734 
17657 5366 8497 8654 
17658 6079 8409 8749 
17659 8677 2675 8740 
17660 2851 3435 8819 
17661 6048 6030 8933 
17662 5006 4580 8708 
17663 7891 1387 8495 
17664 4488 8624 8818 
17665 8844 8843 8845 
17666 6949 8675 8731 
17667 3972 3971 8798 
17668 5117 5115 8812 
17669 6966 3735 8824 
17670 4954 8765 8821 
17671 4965 4966 8824 
17672 4526 8610 8739 
17673 3412 8786 8897 
17674 8341 5170 8825 
17675 2750 3083 8820 
17676 8616 6759 8678 
17677 8610 5469 8739 
17678 3184 473 8927 
17679 6050 6042 8658 
17680 8745 2370 8861 
17681 8393 1287 8877 
17682 5117 8812 8862 
17683 809 8684 8696 
17684 7994 2807 8784 
17685 4175 8909 8915 
17686 6807 8653 8693 
17687 8642 7950 8810 
17688 8777 4827 8920 
17689 4561 8832 8848 
17690 6230 6221 8833 
17691 4546 8609 8689 
17692 4648 4647 8822 
17693 1678 8061 8854 
17694 4564 4543 8851 
17695 8919 5827 8921 
17696 4550 4549 8823 
17697 4644 7304 8853 
17698 4610 5169 8858 
17699 8490 5483 8556 
17700 8730 4554 8779 
17701 6227 8782 8833 
17702 6115 6114 8606 
17703 2327 2629 8809 
17704 8800 5504 8869 
17705 8776 1280 8803 
17706 3102 7136 8864 
17707 8782 6230 8833 
17708 8851 2821 8896 
17709 290 292 8850 
17710 7158 8849 8864 
17711 6053 2800 8875 
17712 4629 6984 8827 
17713 4930 6801 8860 
17714 6307 3097 8831 
17715 6114 7954 8606 
17716 888 886 8826 
17717 5513 3482 8856 
17718 5538 8637 8811 
17719 4842 8196 8915 
17720 8690 7284 8715 
17721 4430 4831 8520 
17722 8093 7891 8495 
17723 4965 8824 8849 
17724 6044 8230 9166 
17725 8662 4500 8667 
17726 8559 4432 8828 
17727 4946 8737 8770 
17728 8707 5558 8786 
17729 7529 3062 8743 
17730 4532 8521 8916 
17731 8549 1526 8817 
17732 8737 2314 8770 
17733 5360 3501 8709 
17734 5119 5117 8862 
17735 6048 8932 9165 
17736 4432 4885 8828 
17737 6362 8573 8789 
17738 8113 6177 8818 
17739 7158 4965 8849 
17740 7950 4551 8810 
17741 3002 6307 8887 
17742 8531 4915 8589 
17743 4555 4561 8848 
17744 9182 9188 9189 
17745 9260 9259 9368 
17746 1096 8746 8747 
17747 3501 5629 8709 
17748 4561 4563 8857 
17749 9175 9119 9176 
17750 9370 9279 9372 
17751 2051 8330 8813 
17752 1561 1517 8883 
17753 4404 4567 8894 
17754 3062 8530 8743 
17755 5139 5138 8870 
17756 1142 8392 8775 
17757 8820 3083 8869 
17758 1128 1083 8859 
17759 6438 4651 8866 
17760 7279 7994 8784 
17761 5056 6681 8899 
17762 4964 7158 8864 
17763 6892 6891 8907 
17764 1377 3004 8878 
17765 1517 8774 8883 
17766 6966 8776 8803 
17767 5457 5459 8813 
17768 2229 2794 8852 
17769 8532 1190 8900 
17770 2629 2635 8925 
17771 7472 3262 8855 
17772 4971 4548 8880 
17773 8852 2794 8868 
17774 3591 3417 8867 
17775 8874 7402 8895 
17776 9145 9166 9167 
17777 7238 2671 8901 
17778 5074 5075 8884 
17779 4100 7402 8874 
17780 5571 8745 8861 
17781 8653 4523 8693 
17782 9357 6647 9368 
17783 8107 4430 8520 
17784 7093 1009 8889 
17785 6048 9165 9173 
17786 2649 7093 8872 
17787 5435 4940 8900 
17788 8768 5049 8771 
17789 8875 4970 8903 
17790 8438 868 8439 
17791 4504 8585 8660 
17792 5160 4616 8893 
17793 8753 7032 8802 
17794 8746 6928 8747 
17795 8637 4550 8811 
17796 8292 1374 8888 
17797 8284 5231 8669 
17798 4541 8753 8802 
17799 3747 6093 8890 
17800 3004 6892 8895 
17801 8434 3747 8890 
17802 4969 4968 8928 
17803 5640 8733 8736 
17804 8649 4937 8682 
17805 6195 3184 8892 
17806 5203 4635 8830 
17807 6892 8874 8895 
17808 8196 4175 8915 
17809 1128 8870 8906 
17810 8878 5304 8879 
17811 3824 3872 8876 
17812 2370 7605 8861 
17813 8674 4488 8818 
17814 1378 1357 8873 
17815 7472 8855 8922 
17816 4950 8816 8847 
17817 4612 8402 8899 
17818 9188 9183 9189 
17819 6640 1128 8906 
17820 7136 4125 8891 
17821 3009 2782 8929 
17822 7402 5304 8895 
17823 4580 8623 8708 
17824 5209 5357 8863 
17825 9145 9138 9166 
17826 8402 5056 8899 
17827 8039 5156 8877 
17828 8555 4564 8896 
17829 4175 4027 8909 
17830 7477 2240 8881 
17831 9354 9279 9367 
17832 787 8768 8771 
17833 4560 6692 8917 
17834 2794 7949 8868 
17835 1445 8878 8879 
17836 8891 6672 8911 
17837 6538 5121 8912 
17838 9327 9318 9369 
17839 9259 9357 9368 
17840 9318 9321 9369 
17841 8766 5762 8865 
17842 3749 4553 8903 
17843 1261 1259 8910 
17844 4963 4964 8911 
17845 4968 4967 8908 
17846 8230 8240 9167 
17847 4964 8864 8891 
17848 8817 1526 8908 
17849 7001 7000 8904 
17850 8864 7136 8891 
17851 4354 7523 8898 
17852 4658 4656 8914 
17853 5159 4606 8913 
17854 6891 1294 8907 
17855 7867 3748 8905 
17856 7645 8555 8896 
17857 8872 7093 8889 
17858 7135 8832 8857 
17859 3420 3415 8918 
17860 8783 5932 8830 
17861 4967 8817 8908 
17862 5557 5559 8897 
17863 6177 8674 8818 
17864 7291 2942 8920 
17865 8900 4940 8922 
17866 5150 4837 8919 
17867 8816 2337 8847 
17868 6939 8766 8865 
17869 3083 7939 8869 
17870 8832 4561 8857 
17871 7413 2695 8921 
17872 8859 5139 8870 
17873 2695 818 8923 
17874 4930 8860 8871 
17875 2695 8919 8921 
17876 4940 7472 8922 
17877 1128 8859 8870 
17878 4635 8783 8830 
17879 8932 8268 9108 
17880 4552 8195 8916 
17881 4956 4957 8924 
17882 2635 6028 8925 
17883 8886 5159 8913 
17884 5142 8886 8913 
17885 8786 5557 8897 
17886 3591 8867 8882 
17887 4968 8892 8928 
17888 4553 8875 8903 
17889 7939 8800 8869 
17890 8880 3009 8929 
17891 9290 9367 9370 
17892 8925 6028 8933 
17893 5523 8854 8926 
17894 8240 9136 9167 
17895 4964 8891 8911 
17896 6692 8888 8917 
17897 4971 8880 8929 
17898 473 466 8927 
17899 9367 9279 9370 
17900 5447 4969 8928 
17901 9345 8833 9371 
17902 9131 9133 9168 
17903 2782 2784 8929 
17904 8892 3184 8928 
17905 8889 1009 8914 
17906 4557 5372 8926 
17907 4656 8889 8914 
17908 8748 4956 8924 
17909 8888 1374 8917 
17910 9133 9141 9168 
17911 8919 2695 8923 
17912 5150 8919 8923 
17913 8267 8268 8932 
17914 8833 6221 9371 
17915 6027 6026 9173 
17916 9189 9191 9194 
17917 8854 4557 8926 
17918 8857 6394 8934 
17919 4552 8916 8930 
17920 6028 8267 8933 
17921 8932 6048 8933 
17922 9182 9189 9194 
17923 9128 6027 9173 
17924 8916 8521 8930 
17925 8267 8932 8933 
17926 7135 8857 8934 
17927 162 164 8936 
17928 9127 9128 9179 
17929 9174 9119 9175 
17930 9173 9165 9174 
17931 4972 4569 8935 
17932 9128 9173 9174 
17933 9165 9119 9174 
17934 8851 6986 8936 
17935 164 2821 8936 
17936 9128 9178 9179 
17937 4569 4571 8935 
17938 9174 9175 9178 
17939 2821 8851 8936 
17940 9128 9174 9178 
17941 163 901 8937 
17942 5270 3054 8937 
17943 165 163 8937 
17944 4708 5270 8938 
17945 901 8935 8938 
17946 8935 4571 8938 
17947 3054 165 8937 
17948 4571 4708 8938 
17949 8939 650 8942 
17950 8935 901 8940 
17951 8941 6986 8942 
17952 5380 5381 8939 
17953 4972 8935 8940 
17954 650 160 8941 
17955 8936 6986 8941 
17956 160 162 8941 
17957 6985 5380 8942 
17958 650 8941 8942 
17959 162 8936 8941 
17960 6986 6985 8942 
17961 2823 8946 8947 
17962 4972 8944 8945 
17963 4572 3869 8943 
17964 157 1513 8944 
17965 4972 8940 8944 
17966 159 157 8944 
17967 8944 1513 8945 
17968 3869 4973 8943 
17969 8940 159 8944 
17970 4568 4972 8945 
17971 2823 156 8946 
17972 4572 8943 8947 
17973 650 8939 8946 
17974 156 158 8946 
17975 8943 2823 8947 
17976 8939 5381 8947 
17977 158 650 8946 
17978 5381 4572 8947 
17979 152 154 8949 
17980 6546 143 8968 
17981 8177 4573 8948 
17982 8931 3010 8948 
17983 4971 8931 8948 
17984 8943 4973 8949 
17985 2786 2788 3010 
17986 154 2823 8949 
17987 4573 4971 8948 
17988 2823 8943 8949 
17989 2786 2787 2788 
17990 8177 8948 8950 
17991 150 152 8959 
17992 8983 8982 8984 
17993 8948 3010 8950 
17994 5413 8961 8964 
17995 5403 5405 8964 
17996 7558 6464 8958 
17997 6463 6157 8958 
17998 5405 5413 8964 
17999 5401 5403 8965 
18000 8957 118 9060 
18001 90 8969 9039 
18002 6157 7558 8958 
18003 5029 6113 9057 
18004 152 8949 8959 
18005 6461 6458 6474 
18006 5397 5400 8957 
18007 5397 5399 5400 
18008 5414 5401 8965 
18009 4111 7324 8963 
18010 3452 5843 8963 
18011 8949 4973 8959 
18012 5010 146 9409 
18013 8748 8924 9590 
18014 4994 4993 8902 
18015 8000 4994 8902 
18016 5030 5029 9057 
18017 6034 9106 9226 
18018 4760 8064 8348 
18019 8064 3845 8348 
18020 6394 8084 9025 
18021 8934 6394 9025 
18022 65 35 9581 
18023 6155 6293 8960 
18024 6155 6156 6293 
18025 7324 3452 8963 
18026 9501 9471 9513 
18027 1934 7907 8970 
18028 2417 1933 8970 
18029 4198 4982 8971 
18030 6278 4196 8971 
18031 6851 6848 9565 
18032 6599 6597 8973 
18033 7780 4208 8973 
18034 1513 155 8974 
18035 5014 1 9018 
18036 8961 5417 8964 
18037 5043 8975 8976 
18038 3431 5033 8974 
18039 9122 9125 9197 
18040 153 3431 8974 
18041 8964 5417 8965 
18042 5042 2741 8975 
18043 7205 9052 9069 
18044 2730 2732 8975 
18045 9114 9142 9170 
18046 5043 5042 8975 
18047 8959 9014 9466 
18048 9557 6849 9558 
18049 9020 9021 9022 
18050 4988 5020 5352 
18051 4993 4988 5352 
18052 5040 3087 9009 
18053 5080 5079 8998 
18054 4957 6823 9576 
18055 4877 4876 4878 
18056 3843 3840 9011 
18057 3840 4990 9011 
18058 23 49 9602 
18059 10 44 9601 
18060 2022 3087 8981 
18061 9505 9506 9507 
18062 9505 9507 9514 
18063 69 9213 9216 
18064 9338 9332 9421 
18065 9147 9146 9163 
18066 9020 6975 9234 
18067 144 9020 9234 
18068 9545 9547 9567 
18069 6856 9074 9567 
18070 9338 9421 9428 
18071 7719 4386 8987 
18072 9418 9420 9422 
18073 9454 115 9468 
18074 9530 9531 9533 
18075 9528 9530 9533 
18076 5041 4208 8994 
18077 9441 9442 9447 
18078 9431 9441 9447 
18079 1933 1934 8970 
18080 8564 90 9038 
18081 4196 4198 8971 
18082 6848 6849 9565 
18083 4986 4307 4987 
18084 4987 4307 8966 
18085 56 9098 9239 
18086 9385 67 9386 
18087 4208 4206 8994 
18088 4568 8945 8994 
18089 17 18 70 
18090 30 31 71 
18091 28 29 72 
18092 15 16 73 
18093 9276 9277 9372 
18094 9276 9275 9277 
18095 5079 5082 8987 
18096 5082 3447 8987 
18097 5035 5038 8996 
18098 3676 1692 8996 
18099 2293 5035 8996 
18100 6597 7780 8973 
18101 8945 1513 8993 
18102 155 153 8974 
18103 6974 9001 9234 
18104 9112 9122 9461 
18105 9107 9113 9114 
18106 9120 9129 9207 
18107 9131 9168 9207 
18108 9115 9168 9169 
18109 8981 5039 8982 
18110 2295 2297 3116 
18111 9422 9333 9423 
18112 2741 2730 8975 
18113 9222 9223 9224 
18114 8987 4386 8998 
18115 2732 2734 8976 
18116 9325 9323 9426 
18117 9339 9326 9426 
18118 9112 9124 9233 
18119 9203 9204 9579 
18120 8637 5538 8980 
18121 7207 3864 7974 
18122 6542 6543 6544 
18123 3772 9554 9555 
18124 130 125 9041 
18125 4587 4999 9039 
18126 8066 5068 9401 
18127 6974 4575 9001 
18128 6541 6542 9001 
18129 9125 9123 9197 
18130 9127 9179 9197 
18131 6456 6458 6459 
18132 132 8058 8060 
18133 8924 4957 9576 
18134 145 5010 9409 
18135 5599 4995 6911 
18136 6910 5599 6911 
18137 9181 9182 9195 
18138 9182 9194 9195 
18139 9443 9429 9449 
18140 6468 6459 8999 
18141 1513 8974 8993 
18142 9136 9164 9588 
18143 9164 9146 9588 
18144 8198 7952 8199 
18145 2024 2022 8981 
18146 7974 8637 9002 
18147 98 74 103 
18148 96 85 109 
18149 9221 9125 9233 
18150 9124 9221 9233 
18151 8998 6108 9012 
18152 5538 4597 8979 
18153 5353 4890 8902 
18154 9076 9077 9557 
18155 4584 5222 9006 
18156 6546 6545 9006 
18157 9332 9333 9421 
18158 9547 6856 9567 
18159 8565 126 9041 
18160 3087 6387 9009 
18161 4461 8455 9009 
18162 3447 7719 8987 
18163 8958 6468 8999 
18164 9335 9334 9428 
18165 9049 84 9051 
18166 9526 9534 9552 
18167 8955 6598 9468 
18168 87 36 9393 
18169 8455 3676 9010 
18170 8726 5076 8978 
18171 4386 6108 8998 
18172 9425 9325 9426 
18173 9326 9425 9426 
18174 115 9004 9005 
18175 9014 124 9466 
18176 4599 5415 9014 
18177 1 5017 9016 
18178 63 34 9100 
18179 9225 6006 9467 
18180 9487 9510 9584 
18181 9082 9084 9085 
18182 5222 4585 9017 
18183 6599 5034 9004 
18184 9004 115 9454 
18185 8959 4973 9014 
18186 8974 5033 8993 
18187 5033 5041 8993 
18188 4206 4568 8994 
18189 5079 8987 8998 
18190 33 17 70 
18191 32 30 71 
18192 29 32 72 
18193 16 33 73 
18194 9144 9139 9206 
18195 9139 9140 9206 
18196 112 125 9583 
18197 106 114 9582 
18198 5574 5301 9018 
18199 5015 5014 9018 
18200 9297 9310 9316 
18201 9315 9297 9316 
18202 8846 9443 9449 
18203 1692 2293 8996 
18204 4974 5008 9066 
18205 62 9103 9105 
18206 3719 3717 9029 
18207 3717 4574 9029 
18208 7224 7227 9081 
18209 7343 9335 9389 
18210 7343 9389 9390 
18211 9227 9230 9398 
18212 9221 9222 9226 
18213 4597 3451 4598 
18214 9001 144 9234 
18215 5020 5021 8056 
18216 5021 5596 8056 
18217 9287 9288 9374 
18218 9341 9287 9374 
18219 7227 7228 9569 
18220 5080 8998 9012 
18221 4985 4983 9036 
18222 8563 8562 9036 
18223 6909 9087 9089 
18224 9333 9331 9451 
18225 9324 9325 9451 
18226 7907 7908 9399 
18227 5036 3116 5037 
18228 9129 9131 9207 
18229 5272 5677 9037 
18230 118 9028 9600 
18231 142 92 9019 
18232 6115 9056 9057 
18233 9047 9048 9052 
18234 5039 5036 9062 
18235 4983 4600 9040 
18236 8971 4982 9407 
18237 6278 8971 9414 
18238 4979 5012 7691 
18239 7690 4979 7691 
18240 6921 4126 9043 
18241 8646 4885 9043 
18242 9323 9339 9426 
18243 6599 9004 9454 
18244 9030 5025 9031 
18245 53 55 9237 
18246 8885 8066 9000 
18247 5415 5394 9060 
18248 5395 8957 9060 
18249 8962 5518 8989 
18250 8961 5518 8962 
18251 6823 9573 9574 
18252 9215 8087 9218 
18253 8982 5039 9062 
18254 7204 3864 7205 
18255 5538 8979 8980 
18256 3848 3850 5007 
18257 6463 8958 8999 
18258 2509 3865 6716 
18259 2510 2509 6716 
18260 9515 9514 9523 
18261 9171 9170 9578 
18262 112 113 125 
18263 106 107 114 
18264 9517 9471 9519 
18265 9104 62 9105 
18266 123 150 9466 
18267 59 61 9396 
18268 9508 9497 9513 
18269 9497 9501 9513 
18270 9440 9429 9443 
18271 7205 3864 7207 
18272 9195 9220 9232 
18273 9184 2734 9187 
18274 5068 5070 9401 
18275 4575 6541 9001 
18276 8563 126 8565 
18277 146 8971 9407 
18278 9109 9112 9461 
18279 3676 8996 9010 
18280 8971 146 9414 
18281 9100 50 9101 
18282 9194 9191 9229 
18283 39 65 9456 
18284 38 64 9455 
18285 5 28 9402 
18286 3 15 9403 
18287 14 3 9403 
18288 27 5 9402 
18289 2 6 9404 
18290 18 4 9405 
18291 4 19 9405 
18292 31 2 9404 
18293 9032 5030 9463 
18294 9432 9437 9438 
18295 9433 9432 9438 
18296 5010 4981 9414 
18297 9123 9127 9197 
18298 9146 9145 9588 
18299 9167 9136 9588 
18300 6006 6005 9467 
18301 8952 5991 9158 
18302 3760 4996 6514 
18303 9526 9527 9534 
18304 4875 4876 4877 
18305 3768 3770 3771 
18306 3768 3771 8461 
18307 8984 8982 9062 
18308 8637 8980 9002 
18309 9124 9112 9223 
18310 8045 4980 9406 
18311 97 50 9100 
18312 146 9407 9408 
18313 36 53 9393 
18314 4587 9039 9450 
18315 5276 9592 9594 
18316 9142 9134 9196 
18317 9141 9134 9142 
18318 9053 9049 9054 
18319 139 4996 9459 
18320 9262 9377 9378 
18321 128 131 8001 
18322 9079 7134 9215 
18323 4588 4590 8514 
18324 4590 5903 8514 
18325 9514 9522 9523 
18326 5034 5032 9004 
18327 2418 7130 8421 
18328 7908 2418 8421 
18329 6545 4584 9006 
18330 102 75 106 
18331 108 86 112 
18332 121 46 8991 
18333 4850 4849 9035 
18334 9389 9388 9391 
18335 3857 3858 6290 
18336 3857 6290 8617 
18337 9241 9261 9262 
18338 9458 3763 9460 
18339 8000 4890 8001 
18340 8968 143 8969 
18341 6387 4461 9009 
18342 9423 9333 9451 
18343 9325 9423 9451 
18344 3776 3721 3868 
18345 4597 4598 8979 
18346 4601 8045 9070 
18347 9476 9473 9477 
18348 5030 9057 9464 
18349 7207 7974 9002 
18350 9334 9338 9428 
18351 5076 5071 5078 
18352 9377 9376 9381 
18353 9491 9489 9521 
18354 130 9015 9572 
18355 9175 9176 9400 
18356 9529 9528 9551 
18357 9181 9195 9232 
18358 5996 5005 8294 
18359 5005 8293 8294 
18360 9231 9121 9461 
18361 4596 119 9033 
18362 9533 9527 9551 
18363 33 70 101 
18364 32 71 100 
18365 5038 5040 9010 
18366 148 119 4596 
18367 6115 9055 9056 
18368 9241 9262 9379 
18369 9013 6465 9092 
18370 9384 9097 9385 
18371 4601 9070 9572 
18372 8996 5038 9010 
18373 9538 9540 9552 
18374 6108 4986 9012 
18375 9054 9058 9464 
18376 8199 7952 9523 
18377 9574 9575 9589 
18378 4890 8000 8902 
18379 4973 4599 9014 
18380 6543 6546 8967 
18381 5276 9590 9591 
18382 9081 7227 9569 
18383 9429 9440 9444 
18384 2792 8464 9465 
18385 9200 8075 9201 
18386 9199 8075 9200 
18387 132 5002 8058 
18388 4978 3763 9571 
18389 3783 9594 9595 
18390 4849 5574 9035 
18391 8178 9008 9205 
18392 9201 8178 9205 
18393 9489 9487 9584 
18394 140 92 142 
18395 141 81 145 
18396 4585 4587 9017 
18397 9098 9097 9384 
18398 9528 9533 9551 
18399 84 83 9051 
18400 7131 7135 9046 
18401 7135 8934 9046 
18402 7134 9458 9460 
18403 79 8955 8956 
18404 9031 9032 9463 
18405 103 104 9524 
18406 2787 2792 9465 
18407 4976 4977 9573 
18408 9101 50 9212 
18409 104 103 8991 
18410 8305 5026 8729 
18411 4578 8305 8729 
18412 6006 9225 9395 
18413 9164 9136 9452 
18414 9121 9109 9461 
18415 7228 6908 9570 
18416 5301 5015 9018 
18417 9522 8199 9523 
18418 55 54 9586 
18419 61 60 9587 
18420 5023 5025 9030 
18421 9227 9228 9230 
18422 9556 43 9580 
18423 8547 9390 9391 
18424 6465 6460 9093 
18425 5597 8200 8201 
18426 5596 5597 8201 
18427 9288 9290 9291 
18428 9055 9053 9056 
18429 8723 8724 9599 
18430 73 33 9587 
18431 72 32 9586 
18432 9 10 9601 
18433 22 23 9602 
18434 9540 9526 9552 
18435 9187 9181 9232 
18436 5013 3867 9044 
18437 8085 8087 9026 
18438 110 8060 9520 
18439 8969 143 9450 
18440 9026 7133 9046 
18441 9539 9537 9542 
18442 9075 9073 9076 
18443 9095 9597 9598 
18444 9037 135 9406 
18445 6292 9072 9075 
18446 9222 9124 9223 
18447 6544 6543 8967 
18448 6470 6472 6473 
18449 6470 6473 8396 
18450 79 8956 9410 
18451 9152 6796 9153 
18452 9153 6796 9199 
18453 9114 9170 9171 
18454 4978 5019 9399 
18455 8058 8057 8059 
18456 9526 9525 9527 
18457 9521 9489 9584 
18458 9157 9202 9205 
18459 93 5857 9027 
18460 9434 9431 9435 
18461 8562 4985 9036 
18462 2295 2296 2297 
18463 143 9017 9450 
18464 9349 9348 9375 
18465 9344 9348 9349 
18466 9109 9105 9110 
18467 5019 8970 9399 
18468 9331 9324 9451 
18469 4986 4987 5081 
18470 8177 8951 9008 
18471 8177 8950 8951 
18472 9507 9519 9520 
18473 6457 6462 6474 
18474 6474 6462 8396 
18475 6908 6906 6909 
18476 9106 9221 9226 
18477 9221 9124 9222 
18478 4980 5272 9037 
18479 6975 9020 9022 
18480 9417 9416 9419 
18481 2025 8983 8986 
18482 6392 2025 8986 
18483 4999 5001 9038 
18484 7466 9241 9379 
18485 9125 9122 9233 
18486 9016 4850 9035 
18487 9375 9345 9380 
18488 9345 9371 9380 
18489 4600 9015 9040 
18490 4996 3762 9457 
18491 9412 135 9462 
18492 9058 9031 9463 
18493 9597 6461 9599 
18494 4126 8646 9043 
18495 9034 8955 9468 
18496 9343 9344 9347 
18497 6466 6156 7864 
18498 9435 9431 9447 
18499 9152 9154 9159 
18500 5078 5080 9453 
18501 2298 2296 2300 
18502 100 55 9586 
18503 101 61 9587 
18504 105 98 9524 
18505 111 96 9469 
18506 3867 5009 9044 
18507 133 9412 9462 
18508 6293 6156 6466 
18509 9104 9105 9107 
18510 9211 2300 9219 
18511 35 9 9601 
18512 34 22 9602 
18513 9193 6006 9395 
18514 9209 9213 9217 
18515 3845 3843 3847 
18516 3776 3868 9415 
18517 9161 9164 9452 
18518 46 5416 9003 
18519 104 9429 9430 
18520 9074 9564 9566 
18521 5018 130 9572 
18522 9417 9419 9424 
18523 5394 5395 9060 
18524 6453 6151 9013 
18525 6154 6151 6453 
18526 9292 9290 9370 
18527 9390 9389 9391 
18528 9481 9479 9516 
18529 146 9408 9409 
18530 76 37 9397 
18531 9220 9184 9232 
18532 4986 5081 9012 
18533 9238 9240 9241 
18534 4998 9104 9198 
18535 51 8056 8057 
18536 9288 9291 9374 
18537 9225 9224 9395 
18538 9549 9529 9553 
18539 4999 9038 9039 
18540 5677 4974 9065 
18541 3865 4760 5007 
18542 7952 9515 9523 
18543 3847 3843 9011 
18544 5902 4875 8995 
18545 9015 4601 9572 
18546 8977 2734 9184 
18547 9197 9179 9231 
18548 8970 7907 9399 
18549 9493 9491 9494 
18550 3761 5019 9571 
18551 71 31 9404 
18552 70 18 9405 
18553 28 72 9402 
18554 15 73 9403 
18555 6456 6457 6458 
18556 119 114 9034 
18557 5007 4760 8348 
18558 9106 9125 9221 
18559 9543 9545 9546 
18560 117 106 120 
18561 128 112 131 
18562 8056 51 8992 
18563 9285 9341 9413 
18564 5070 5071 5076 
18565 6221 2512 7462 
18566 6221 7462 9371 
18567 9592 9593 9595 
18568 9024 9059 9574 
18569 9017 4587 9450 
18570 6975 6974 9234 
18571 144 9019 9020 
18572 9000 8066 9401 
18573 6291 3858 8960 
18574 9374 9243 9413 
18575 79 8954 8955 
18576 5066 8720 8721 
18577 5067 5066 8721 
18578 9559 9564 9565 
18579 8548 8547 9336 
18580 5857 5858 9027 
18581 8722 8720 8727 
18582 9569 7228 9570 
18583 9050 9031 9058 
18584 9594 9592 9595 
18585 9506 9508 9517 
18586 3010 2788 8952 
18587 8950 3010 8952 
18588 128 4890 5002 
18589 8058 8059 8060 
18590 64 63 9455 
18591 65 57 9456 
18592 40 27 9402 
18593 41 14 9403 
18594 6 39 9404 
18595 19 38 9405 
18596 9136 9137 9452 
18597 4982 8953 9407 
18598 8084 6392 8085 
18599 4981 6278 9414 
18600 5036 5037 9062 
18601 4885 3776 9415 
18602 5858 7742 7743 
18603 122 9061 9600 
18604 61 63 9396 
18605 8924 9589 9590 
18606 8976 2734 8977 
18607 9224 9227 9398 
18608 9140 9146 9147 
18609 8084 8085 9025 
18610 3721 3719 3722 
18611 8200 8198 8972 
18612 1 9016 9035 
18613 9592 9059 9593 
18614 9383 9384 9387 
18615 111 9469 9470 
18616 4976 4975 4977 
18617 6598 6599 9454 
18618 46 5417 8988 
18619 9598 9597 9599 
18620 5022 5023 9007 
18621 55 57 9237 
18622 91 92 140 
18623 80 81 141 
18624 9440 9433 9444 
18625 4574 4588 4997 
18626 6005 6375 9467 
18627 8465 2789 9465 
18628 8461 8462 8464 
18629 8967 6546 8968 
18630 9015 130 9041 
18631 6466 6454 6467 
18632 6288 6289 9063 
18633 5008 5579 9585 
18634 9145 9167 9588 
18635 5276 9591 9592 
18636 150 8959 9466 
18637 7466 9238 9241 
18638 9209 9210 9213 
18639 8724 9598 9599 
18640 5019 4978 9571 
18641 9409 9408 9410 
18642 9239 9383 9417 
18643 108 112 132 
18644 102 106 121 
18645 9558 7690 9560 
18646 39 71 9404 
18647 38 70 9405 
18648 72 40 9402 
18649 73 41 9403 
18650 9072 6467 9094 
18651 9105 9103 9111 
18652 5003 3783 5004 
18653 120 122 9600 
18654 8463 3772 9555 
18655 6459 6460 6465 
18656 9291 9290 9292 
18657 8725 8727 8885 
18658 6290 3858 6291 
18659 109 8060 9469 
18660 9083 9457 9458 
18661 7130 7131 7132 
18662 68 63 9100 
18663 9559 9077 9561 
18664 9419 9422 9423 
18665 7132 7134 9460 
18666 9437 9430 9438 
18667 9083 9080 9087 
18668 9193 9395 9398 
18669 9589 9575 9590 
18670 61 101 9455 
18671 55 100 9456 
18672 6908 6909 9570 
18673 9536 9537 9538 
18674 8198 8199 8972 
18675 9527 9533 9534 
18676 5081 67 9453 
18677 9385 9097 9598 
18678 4993 5353 8902 
18679 9395 9224 9398 
18680 8220 6905 9088 
18681 4875 4877 8995 
18682 4993 5352 5353 
18683 115 9005 9033 
18684 142 8967 8968 
18685 9555 78 9556 
18686 9103 9102 9209 
18687 9122 9197 9231 
18688 120 106 9582 
18689 131 112 9583 
18690 114 8956 9034 
18691 9140 9147 9206 
18692 8985 8086 8986 
18693 53 7466 9382 
18694 9154 9156 9162 
18695 9437 9434 9445 
18696 9508 9513 9517 
18697 9007 78 9554 
18698 3722 3719 9029 
18699 8461 3771 8462 
18700 9529 9551 9553 
18701 9494 9491 9521 
18702 74 42 75 
18703 85 47 86 
18704 9442 9549 9550 
18705 9066 129 9067 
18706 9387 9386 9388 
18707 3760 3762 4996 
18708 9065 4974 9066 
18709 9538 9537 9539 
18710 8924 9576 9589 
18711 5001 8563 8564 
18712 8725 8885 9000 
18713 9424 9419 9427 
18714 5416 117 9028 
18715 86 47 87 
18716 75 42 76 
18717 5417 8961 8988 
18718 9224 9223 9227 
18719 8724 8722 8725 
18720 62 4998 9396 
18721 9070 5018 9572 
18722 9111 9209 9217 
18723 9184 9187 9232 
18724 9578 9156 9579 
18725 5352 5020 8992 
18726 119 116 9582 
18727 130 127 9583 
18728 56 7466 9237 
18729 3845 3848 8348 
18730 2788 2787 2789 
18731 9532 9536 9552 
18732 9047 84 9048 
18733 44 98 99 
18734 49 96 97 
18735 9021 88 9023 
18736 126 9040 9041 
18737 9433 9438 9444 
18738 9510 9483 9518 
18739 9168 9141 9169 
18740 9574 9059 9575 
18741 9102 9101 9210 
18742 9058 9463 9464 
18743 139 6910 6911 
18744 8934 9025 9026 
18745 9463 5030 9464 
18746 4997 4588 8514 
18747 7742 9235 9596 
18748 9061 118 9600 
18749 9407 8953 9408 
18750 9257 9283 9284 
18751 9576 9574 9589 
18752 9421 9420 9428 
18753 8462 8463 8465 
18754 78 9050 9051 
18755 9551 9527 9553 
18756 9336 8547 9391 
18757 5070 8726 9401 
18758 9325 9425 9427 
18759 35 99 9581 
18760 9198 9579 9580 
18761 115 9034 9468 
18762 9210 9101 9212 
18763 9388 9389 9577 
18764 5020 8056 8992 
18765 6289 8617 8618 
18766 8294 89 8997 
18767 7130 7132 8421 
18768 32 100 9586 
18769 33 101 9587 
18770 5004 3783 9595 
18771 9020 92 9021 
18772 78 9051 9556 
18773 9590 9575 9591 
18774 9557 9077 9559 
18775 105 9524 9525 
18776 8956 141 9410 
18777 109 108 132 
18778 103 102 121 
18779 8961 8962 8988 
18780 9228 9229 9230 
18781 9421 9333 9422 
18782 9040 9015 9041 
18783 9007 5023 9030 
18784 44 74 98 
18785 49 85 96 
18786 6598 9454 9468 
18787 9419 9416 9422 
18788 3760 3761 3762 
18789 63 61 9455 
18790 57 55 9456 
18791 9420 9418 9577 
18792 9051 83 9556 
18793 9423 9325 9427 
18794 8056 5596 8057 
18795 9023 95 9024 
18796 9416 9418 9422 
18797 8462 3772 8463 
18798 9065 9066 9462 
18799 85 108 109 
18800 74 102 103 
18801 34 97 9100 
18802 9054 9049 9058 
18803 4980 9037 9406 
18804 9227 9110 9228 
18805 5417 46 9003 
18806 8962 8989 8990 
18807 9161 9159 9162 
18808 3845 3847 3848 
18809 9161 9162 9163 
18810 8726 9000 9401 
18811 9093 6461 9597 
18812 9066 9067 9462 
18813 9408 79 9410 
18814 45 9094 9095 
18815 8728 8723 9599 
18816 9067 133 9462 
18817 141 145 9410 
18818 9076 9558 9560 
18819 109 132 8060 
18820 3763 3761 9571 
18821 8983 8984 8985 
18822 68 9100 9101 
18823 9200 9201 9202 
18824 4987 8966 9392 
18825 8960 6293 9068 
18826 9372 9277 9373 
18827 9048 9053 9069 
18828 145 9409 9410 
18829 9379 48 9382 
18830 2789 2787 9465 
18831 9383 9416 9417 
18832 9044 5009 9045 
18833 5070 5076 8726 
18834 9434 9435 9445 
18835 5858 7743 9027 
18836 9214 9211 9219 
18837 8934 9026 9046 
18838 9533 9531 9534 
18839 104 9064 9429 
18840 9008 8951 9157 
18841 4996 9457 9459 
18842 9147 9163 9172 
18843 48 87 9393 
18844 6459 6458 6460 
18845 67 8978 9453 
18846 9513 9471 9517 
18847 5001 8564 9038 
18848 4877 4878 9186 
18849 103 121 8991 
18850 8464 8465 9465 
18851 6473 6472 8728 
18852 3771 3770 3772 
18853 115 9033 9034 
18854 9349 9375 9376 
18855 9202 9201 9205 
18856 8980 82 9002 
18857 7691 137 9560 
18858 8057 5596 8201 
18859 7908 8421 9460 
18860 97 34 9602 
18861 99 35 9601 
18862 9008 9157 9205 
18863 9048 84 9049 
18864 9107 9114 9171 
18865 9104 9107 9171 
18866 9152 9153 9154 
18867 135 9065 9462 
18868 7133 7131 9046 
18869 9090 9089 9091 
18870 9550 9549 9553 
18871 6453 9013 9092 
18872 9094 9093 9095 
18873 2297 2296 2298 
18874 66 9096 9097 
18875 7466 9379 9382 
18876 8464 8462 8465 
18877 9389 9335 9577 
18878 9561 9563 9566 
18879 7690 7691 9560 
18880 9579 9204 9580 
18881 9078 138 9080 
18882 9028 120 9600 
18883 9564 9559 9566 
18884 9199 9200 9208 
18885 107 141 8956 
18886 8983 8985 8986 
18887 8564 8563 8565 
18888 9030 9031 9050 
18889 105 9525 9526 
18890 8085 6392 8086 
18891 7132 7131 7133 
18892 7205 7207 9052 
18893 9059 95 9593 
18894 9071 9073 9075 
18895 5076 5078 8978 
18896 9071 136 9073 
18897 9153 9199 9208 
18898 51 8057 8058 
18899 8729 5026 9554 
18900 8086 6392 8986 
18901 9376 9375 9380 
18902 9474 9521 9584 
18903 9416 9387 9418 
18904 8396 6473 9042 
18905 8465 8463 8466 
18906 9384 9385 9386 
18907 9202 9157 9203 
18908 9111 9103 9209 
18909 3762 3761 3763 
18910 9418 9388 9577 
18911 113 91 140 
18912 107 80 141 
18913 6474 8396 9042 
18914 9185 9184 9220 
18915 9430 9437 9445 
18916 9429 9064 9449 
18917 9420 9421 9422 
18918 83 43 9556 
18919 8721 8720 8722 
18920 6154 6453 6454 
18921 9425 9424 9427 
18922 2788 2789 5991 
18923 9536 9538 9552 
18924 45 9095 9096 
18925 9430 9445 9446 
18926 9384 9386 9387 
18927 6289 8618 9063 
18928 9024 95 9059 
18929 9380 9371 9394 
18930 98 103 9524 
18931 96 109 9469 
18932 8977 9184 9185 
18933 9213 9210 9214 
18934 9019 92 9020 
18935 9095 9093 9597 
18936 2788 5991 8952 
18937 9180 9220 9229 
18938 9038 90 9039 
18939 8724 8725 9099 
18940 9561 9077 9562 
18941 9157 9158 9203 
18942 86 91 113 
18943 75 80 107 
18944 6290 6291 6292 
18945 9076 9073 9077 
18946 9457 3763 9458 
18947 114 119 9582 
18948 125 130 9583 
18949 8978 5078 9453 
18950 9371 7462 9394 
18951 7743 7742 9596 
18952 114 107 8956 
18953 3848 3849 3850 
18954 45 9072 9094 
18955 9235 9022 9596 
18956 6460 6458 6461 
18957 9154 9153 9155 
18958 9573 9024 9574 
18959 2297 2298 2299 
18960 59 4998 9397 
18961 9349 9376 9377 
18962 9554 78 9555 
18963 6291 8960 9068 
18964 9538 9539 9540 
18965 9157 8951 9158 
18966 9087 9080 9089 
18967 9519 110 9520 
18968 8721 8722 8723 
18969 3848 3847 3849 
18970 9383 9098 9384 
18971 45 9071 9072 
18972 9382 48 9393 
18973 9079 9083 9458 
18974 8085 8086 8087 
18975 9090 9569 9570 
18976 9262 9378 9379 
18977 50 9078 9079 
18978 9203 9158 9204 
18979 9096 66 9581 
18980 9078 9080 9083 
18981 8724 9099 9598 
18982 9376 9380 9381 
18983 7132 7133 7134 
18984 9445 9435 9446 
18985 9212 9215 9218 
18986 9154 9155 9156 
18987 2299 2298 9211 
18988 44 99 9601 
18989 49 97 9602 
18990 8723 8722 8724 
18991 6460 6461 9093 
18992 66 57 9581 
18993 68 9101 9102 
18994 9076 9557 9558 
18995 3762 3763 9457 
18996 77 9047 9236 
18997 9155 9153 9208 
18998 50 9079 9215 
18999 9209 9102 9210 
19000 4998 59 9396 
19001 7466 53 9237 
19002 9383 9387 9416 
19003 117 120 9028 
19004 9213 9214 9216 
19005 9381 9380 9394 
19006 9387 9388 9418 
19007 9079 9078 9083 
19008 9419 9423 9427 
19009 9457 9083 9459 
19010 9072 9071 9075 
19011 9198 9578 9579 
19012 99 45 9096 
19013 46 8990 8991 
19014 89 48 3850 
19015 3850 48 9378 
19016 56 9097 9098 
19017 67 5081 9392 
19018 8978 67 9385 
19019 69 4997 8514 
19020 69 8995 9186 
19021 81 77 9236 
19022 147 81 5011 
19023 81 147 9045 
19024 82 7207 9002 
19025 82 8979 9236 
19026 92 88 9021 
19027 94 89 95 
19028 95 89 9593 
19029 3849 89 3850 
19030 89 3849 8997 
19031 5004 89 8293 
19032 89 5004 9593 
19033 125 90 8565 
19034 90 142 8969 
19035 90 8564 8565 
19036 93 4977 5856 
19037 4977 93 9023 
19038 93 7743 9021 
19039 7743 93 9027 
19040 93 9021 9023 
19041 96 111 138 
19042 98 105 136 
19043 136 105 9562 
19044 9470 110 9471 
19045 111 9472 9477 
19046 9033 119 9034 
19047 131 129 8001 
19048 129 131 9067 
19049 8618 137 9063 
19050 9080 138 9091 
19051 4996 139 6911 
19052 144 6542 6544 
19053 5037 2299 8984 
19054 8984 2299 8985 
19055 8985 2299 9218 
19056 2299 9211 9218 
19057 2512 2510 6716 
19058 2512 6716 7462 
19059 3451 3450 5011 
19060 3450 4579 5011 
19061 4598 3451 5011 
19062 3721 3722 3868 
19063 3868 3722 9219 
19064 3763 4978 9460 
19065 3772 3770 8729 
19066 3770 4578 8729 
19067 3772 8729 9554 
19068 5007 3850 6716 
19069 3865 5007 6716 
19070 3868 6922 9415 
19071 4574 4997 9029 
19072 8979 4598 9236 
19073 4878 5043 9186 
19074 4977 4975 5856 
19075 4977 9024 9573 
19076 5081 4987 9392 
19077 4995 4996 6911 
19078 4998 9198 9580 
19079 5003 5004 8293 
19080 5009 5010 9045 
19081 5026 5022 9007 
19082 5043 8976 8977 
19083 5067 6472 7620 
19084 6472 5067 8728 
19085 5081 5080 9012 
19086 5353 5352 8992 
19087 5400 5399 5414 
19088 5400 5414 5416 
19089 5903 5902 8995 
19090 6154 6466 7864 
19091 8617 6290 8618 
19092 6467 6292 9068 
19093 6293 6466 9068 
19094 6454 9092 9093 
19095 6458 6457 6474 
19096 6461 9042 9599 
19097 6544 8967 9019 
19098 6849 9559 9565 
19099 6905 6910 9088 
19100 6909 6906 9088 
19101 6906 8220 9088 
19102 7134 7133 8087 
19103 8087 7133 9026 
19104 9055 7206 9069 
19105 7224 9081 9086 
19106 7462 9378 9381 
19107 7462 9381 9394 
19108 9022 7743 9596 
19109 8059 8057 8201 
19110 9025 8085 9026 
19111 8201 8200 8972 
19112 8466 8463 9555 
19113 8466 9555 9556 
19114 8466 9556 9580 
19115 8966 8548 9336 
19116 8726 8725 9000 
19117 8725 8726 9099 
19118 8726 8978 9099 
19119 8844 8846 8989 
19120 8989 8846 8990 
19121 8951 8950 8952 
19122 8966 9336 9392 
19123 8977 9185 9186 
19124 9064 8990 9449 
19125 9049 9050 9058 
19126 9089 9080 9091 
19127 9085 9081 9091 
19128 9082 9085 9473 
19129 9085 9084 9086 
19130 9473 9085 9477 
19131 9109 9110 9112 
19132 9122 9112 9233 
19133 9114 9113 9115 
19134 9115 9113 9177 
19135 9113 9121 9400 
19136 9114 9115 9169 
19137 9120 9115 9177 
19138 9175 9121 9178 
19139 9141 9142 9169 
19140 9142 9144 9170 
19141 9144 9142 9196 
19142 9170 9144 9206 
19143 9156 9155 9203 
19144 9162 9156 9172 
19145 9163 9162 9172 
19146 9170 9172 9578 
19147 9176 9177 9400 
19148 9180 9185 9220 
19149 9186 9185 9217 
19150 9195 9194 9229 
19151 9240 9239 9243 
19152 9261 9240 9264 
19153 9240 9292 9373 
19154 9243 9291 9292 
19155 9291 9243 9374 
19156 9413 9243 9417 
19157 9257 9284 9326 
19158 9262 9261 9265 
19159 9261 9264 9316 
19160 9264 9277 9314 
19161 9277 9264 9373 
19162 9265 9347 9377 
19163 9265 9362 9363 
19164 9277 9275 9314 
19165 9284 9283 9285 
19166 9284 9413 9417 
19167 9284 9417 9424 
19168 9292 9370 9372 
19169 9305 9304 9307 
19170 9305 9307 9309 
19171 9307 9358 9359 
19172 9307 9359 9362 
19173 9310 9309 9316 
19174 9326 9424 9425 
19175 9420 9335 9428 
19176 9336 9386 9392 
19177 9341 9374 9413 
19178 9346 9343 9347 
19179 9347 9344 9349 
19180 9346 9347 9364 
19181 9347 9363 9364 
19182 9430 9429 9444 
19183 9447 9442 9550 
19184 9446 9447 9550 
19185 9525 9446 9550 
19186 9472 9470 9474 
19187 9494 9471 9501 
19188 9472 9474 9518 
19189 9477 9472 9516 
19190 9474 9494 9521 
19191 9476 9477 9479 
19192 9479 9477 9516 
19193 9483 9481 9518 
19194 9481 9516 9518 
19195 9493 9494 9501 
19196 9507 9506 9517 
19197 9526 9540 9562 
19198 9527 9550 9553 
19199 9531 9532 9552 
19200 9540 9539 9546 
19201 9539 9542 9543 
19202 9561 9546 9563 
$EndElements
