TITLE = "SiliconDiode"
VARIABLES = "x", "Acceptors", "AtContactNode", "ContactSurfaceArea", "Donors", "ElectronGeneration", "ElectronGeneration:Electrons", "ElectronGeneration:Holes", "Electrons", "Electrons_prev", "HoleGeneration", "HoleGeneration:Electrons", "HoleGeneration:Holes", "Holes", "Holes_prev", "IntrinsicCharge", "IntrinsicCharge:Potential", "IntrinsicElectrons", "IntrinsicElectrons:Potential", "IntrinsicHoles", "IntrinsicHoles:Potential", "NCharge", "NCharge:Electrons", "NetDoping", "NodeVolume", "PCharge", "PCharge:Holes", "Potential", "PotentialIntrinsicCharge", "PotentialIntrinsicCharge:Potential", "PotentialNodeCharge", "PotentialNodeCharge:Electrons", "PotentialNodeCharge:Holes", "Potential_prev", "SurfaceArea", "USRH", "USRH:Electrons", "USRH:Holes", "anodenodeelectrons", "anodenodeelectrons:Electrons", "anodenodeholes", "anodenodeholes:Holes", "anodenodemodel", "anodenodemodel:Potential", "cathodenodeelectrons", "cathodenodeelectrons:Electrons", "cathodenodeholes", "cathodenodeholes:Holes", "cathodenodemodel", "cathodenodemodel:Potential", "coordinate_index", "node_index", "Bern01", "Bern01:Potential@n0", "Bern01:Potential@n1", "EdgeCouple", "EdgeInverseLength", "EdgeLength", "EdgeNodeVolume", "ElectricField", "ElectricField:Potential@n0", "ElectricField:Potential@n1", "ElectronCurrent", "ElectronCurrent:Electrons@n0", "ElectronCurrent:Electrons@n1", "ElectronCurrent:Holes@n0", "ElectronCurrent:Holes@n1", "ElectronCurrent:Potential@n0", "ElectronCurrent:Potential@n1", "Electrons@n0", "Electrons@n1", "HoleCurrent", "HoleCurrent:Electrons@n0", "HoleCurrent:Electrons@n1", "HoleCurrent:Holes@n0", "HoleCurrent:Holes@n1", "HoleCurrent:Potential@n0", "HoleCurrent:Potential@n1", "Holes@n0", "Holes@n1", "Potential@n0", "Potential@n1", "PotentialEdgeFlux", "PotentialEdgeFlux:Potential@n0", "PotentialEdgeFlux:Potential@n1", "contactcharge_edge", "contactcharge_edge:Potential@n0", "contactcharge_edge:Potential@n1", "edge_index", "unitx", "vdiff", "vdiff:Potential@n0", "vdiff:Potential@n1", "x_edge"
ZONE T="Silicon" NODES=717, ELEMENTS=716, DATAPACKING=BLOCK, ZONETYPE=FELINESEG
0 1e-07 1.97744e-07 2.93284e-07 3.86669e-07 4.77947e-07 5.67166e-07 6.54373e-07 7.39612e-07 8.22929e-07 9.04367e-07 9.83968e-07 1.06177e-06 1.13782e-06 1.21216e-06 1.28482e-06 1.35584e-06 1.42525e-06 1.4931e-06 1.55943e-06 1.62425e-06 1.68761e-06 1.74955e-06 1.81008e-06 1.86925e-06 1.92709e-06 1.98362e-06 2.03888e-06 2.09289e-06 2.14568e-06 2.19728e-06 2.24772e-06 2.29702e-06 2.34521e-06 2.39231e-06 2.43835e-06 2.48335e-06 2.52733e-06 2.57032e-06 2.61235e-06 2.65342e-06 2.69357e-06 2.73281e-06 2.77117e-06 2.80866e-06 2.84531e-06 2.88113e-06 2.91614e-06 2.95036e-06 2.98381e-06 3.01651e-06 3.04847e-06 3.07971e-06 3.11024e-06 3.14008e-06 3.16925e-06 3.19777e-06 3.22564e-06 3.25288e-06 3.2795e-06 3.30553e-06 3.33097e-06 3.35584e-06 3.38014e-06 3.4039e-06 3.42712e-06 3.44981e-06 3.472e-06 3.49368e-06 3.51488e-06 3.53559e-06 3.55584e-06 3.57564e-06 3.59498e-06 3.61389e-06 3.63238e-06 3.65044e-06 3.6681e-06 3.68536e-06 3.70224e-06 3.71873e-06 3.73485e-06 3.7506e-06 3.766e-06 3.78105e-06 3.79577e-06 3.81015e-06 3.8242e-06 3.83794e-06 3.85137e-06 3.8645e-06 3.87733e-06 3.88987e-06 3.90213e-06 3.91411e-06 3.92583e-06 3.93727e-06 3.94846e-06 3.9594e-06 3.97009e-06 3.98054e-06 3.99075e-06 4e-06 4.01e-06 4.01991e-06 4.02973e-06 4.03946e-06 4.04911e-06 4.05866e-06 4.06814e-06 4.07752e-06 4.08682e-06 4.09604e-06 4.10518e-06 4.11423e-06 4.1232e-06 4.13209e-06 4.1409e-06 4.14963e-06 4.15828e-06 4.16686e-06 4.17535e-06 4.18377e-06 4.19212e-06 4.20039e-06 4.20858e-06 4.2167e-06 4.22475e-06 4.23273e-06 4.24063e-06 4.24846e-06 4.25622e-06 4.26391e-06 4.27154e-06 4.27909e-06 4.28658e-06 4.29399e-06 4.30135e-06 4.30863e-06 4.31585e-06 4.32301e-06 4.3301e-06 4.33712e-06 4.34408e-06 4.35098e-06 4.35782e-06 4.3646e-06 4.37131e-06 4.37797e-06 4.38456e-06 4.3911e-06 4.39758e-06 4.40399e-06 4.41035e-06 4.41666e-06 4.4229e-06 4.42909e-06 4.43523e-06 4.44131e-06 4.44733e-06 4.4533e-06 4.45922e-06 4.46508e-06 4.47089e-06 4.47665e-06 4.48235e-06 4.48801e-06 4.49361e-06 4.49917e-06 4.50467e-06 4.51012e-06 4.51553e-06 4.52088e-06 4.52619e-06 4.53145e-06 4.53666e-06 4.54183e-06 4.54694e-06 4.55202e-06 4.55704e-06 4.56203e-06 4.56696e-06 4.57185e-06 4.5767e-06 4.58151e-06 4.58627e-06 4.59099e-06 4.59566e-06 4.6003e-06 4.60489e-06 4.60944e-06 4.61395e-06 4.61842e-06 4.62285e-06 4.62723e-06 4.63158e-06 4.63589e-06 4.64017e-06 4.6444e-06 4.64859e-06 4.65275e-06 4.65687e-06 4.66095e-06 4.665e-06 4.66901e-06 4.67298e-06 4.67692e-06 4.68082e-06 4.68468e-06 4.68852e-06 4.69231e-06 4.69608e-06 4.6998e-06 4.7035e-06 4.70716e-06 4.71079e-06 4.71439e-06 4.71795e-06 4.72148e-06 4.72498e-06 4.72845e-06 4.73189e-06 4.7353e-06 4.73867e-06 4.74202e-06 4.74533e-06 4.74862e-06 4.75187e-06 4.7551e-06 4.7583e-06 4.76147e-06 4.76461e-06 4.76772e-06 4.7708e-06 4.77386e-06 4.77689e-06 4.77989e-06 4.78286e-06 4.78581e-06 4.78873e-06 4.79162e-06 4.79449e-06 4.79733e-06 4.80015e-06 4.80294e-06 4.80571e-06 4.80845e-06 4.81117e-06 4.81386e-06 4.81653e-06 4.81917e-06 4.82179e-06 4.82439e-06 4.82696e-06 4.82951e-06 4.83204e-06 4.83454e-06 4.83702e-06 4.83948e-06 4.84192e-06 4.84433e-06 4.84673e-06 4.8491e-06 4.85145e-06 4.85378e-06 4.85609e-06 4.85837e-06 4.86064e-06 4.86289e-06 4.86511e-06 4.86732e-06 4.86951e-06 4.87167e-06 4.87382e-06 4.87595e-06 4.87806e-06 4.88015e-06 4.88222e-06 4.88427e-06 4.8863e-06 4.88832e-06 4.89031e-06 4.89229e-06 4.89426e-06 4.8962e-06 4.89813e-06 4.90003e-06 4.90193e-06 4.9038e-06 4.90566e-06 4.9075e-06 4.90932e-06 4.91113e-06 4.91292e-06 4.9147e-06 4.91646e-06 4.9182e-06 4.91993e-06 4.92164e-06 4.92334e-06 4.92502e-06 4.92669e-06 4.92834e-06 4.92997e-06 4.9316e-06 4.9332e-06 4.9348e-06 4.93637e-06 4.93794e-06 4.93949e-06 4.94103e-06 4.94255e-06 4.94406e-06 4.94555e-06 4.94703e-06 4.9485e-06 4.94996e-06 4.9514e-06 4.95283e-06 4.95424e-06 4.95565e-06 4.95704e-06 4.95841e-06 4.95978e-06 4.96113e-06 4.96247e-06 4.9638e-06 4.96512e-06 4.96643e-06 4.96772e-06 4.969e-06 4.97027e-06 4.97153e-06 4.97278e-06 4.97401e-06 4.97524e-06 4.97645e-06 4.97766e-06 4.97885e-06 4.98003e-06 4.9812e-06 4.98236e-06 4.98351e-06 4.98465e-06 4.98578e-06 4.9869e-06 4.98801e-06 4.98911e-06 4.9902e-06 4.99128e-06 4.99235e-06 4.99341e-06 4.99446e-06 4.9955e-06 4.99653e-06 4.99755e-06 4.99856e-06 4.99957e-06 5e-06 5.001e-06 5.00201e-06 5.00303e-06 5.00405e-06 5.00509e-06 5.00614e-06 5.00719e-06 5.00826e-06 5.00933e-06 5.01042e-06 5.01151e-06 5.01262e-06 5.01373e-06 5.01486e-06 5.01599e-06 5.01714e-06 5.01829e-06 5.01946e-06 5.02064e-06 5.02183e-06 5.02302e-06 5.02423e-06 5.02545e-06 5.02668e-06 5.02793e-06 5.02918e-06 5.03045e-06 5.03172e-06 5.03301e-06 5.03431e-06 5.03562e-06 5.03695e-06 5.03828e-06 5.03963e-06 5.04099e-06 5.04236e-06 5.04375e-06 5.04515e-06 5.04656e-06 5.04798e-06 5.04942e-06 5.05087e-06 5.05233e-06 5.0538e-06 5.05529e-06 5.0568e-06 5.05831e-06 5.05984e-06 5.06139e-06 5.06294e-06 5.06452e-06 5.0661e-06 5.0677e-06 5.06932e-06 5.07095e-06 5.0726e-06 5.07426e-06 5.07593e-06 5.07762e-06 5.07933e-06 5.08105e-06 5.08278e-06 5.08454e-06 5.08631e-06 5.08809e-06 5.08989e-06 5.09171e-06 5.09354e-06 5.09539e-06 5.09726e-06 5.09914e-06 5.10104e-06 5.10296e-06 5.1049e-06 5.10685e-06 5.10882e-06 5.11081e-06 5.11282e-06 5.11485e-06 5.11689e-06 5.11895e-06 5.12103e-06 5.12313e-06 5.12525e-06 5.12739e-06 5.12955e-06 5.13173e-06 5.13393e-06 5.13614e-06 5.13838e-06 5.14064e-06 5.14292e-06 5.14522e-06 5.14754e-06 5.14988e-06 5.15224e-06 5.15463e-06 5.15703e-06 5.15946e-06 5.16191e-06 5.16438e-06 5.16687e-06 5.16939e-06 5.17193e-06 5.17449e-06 5.17708e-06 5.17969e-06 5.18232e-06 5.18498e-06 5.18766e-06 5.19037e-06 5.1931e-06 5.19586e-06 5.19864e-06 5.20144e-06 5.20427e-06 5.20713e-06 5.21001e-06 5.21292e-06 5.21586e-06 5.21882e-06 5.22181e-06 5.22483e-06 5.22787e-06 5.23094e-06 5.23404e-06 5.23717e-06 5.24032e-06 5.24351e-06 5.24672e-06 5.24997e-06 5.25324e-06 5.25654e-06 5.25987e-06 5.26323e-06 5.26663e-06 5.27005e-06 5.27351e-06 5.27699e-06 5.28051e-06 5.28406e-06 5.28764e-06 5.29126e-06 5.29491e-06 5.29859e-06 5.3023e-06 5.30605e-06 5.30983e-06 5.31365e-06 5.3175e-06 5.32139e-06 5.32531e-06 5.32927e-06 5.33326e-06 5.33729e-06 5.34136e-06 5.34546e-06 5.3496e-06 5.35378e-06 5.35799e-06 5.36225e-06 5.36654e-06 5.37087e-06 5.37524e-06 5.37966e-06 5.38411e-06 5.3886e-06 5.39313e-06 5.39771e-06 5.40232e-06 5.40698e-06 5.41168e-06 5.41642e-06 5.42121e-06 5.42604e-06 5.43091e-06 5.43583e-06 5.44079e-06 5.4458e-06 5.45085e-06 5.45595e-06 5.46109e-06 5.46628e-06 5.47152e-06 5.47681e-06 5.48214e-06 5.48753e-06 5.49296e-06 5.49844e-06 5.50397e-06 5.50955e-06 5.51519e-06 5.52087e-06 5.5266e-06 5.53239e-06 5.53823e-06 5.54412e-06 5.55007e-06 5.55607e-06 5.56213e-06 5.56824e-06 5.5744e-06 5.58062e-06 5.5869e-06 5.59324e-06 5.59963e-06 5.60608e-06 5.61259e-06 5.61916e-06 5.62579e-06 5.63248e-06 5.63923e-06 5.64604e-06 5.65291e-06 5.65985e-06 5.66685e-06 5.67391e-06 5.68104e-06 5.68823e-06 5.69548e-06 5.70281e-06 5.7102e-06 5.71765e-06 5.72518e-06 5.73277e-06 5.74043e-06 5.74816e-06 5.75596e-06 5.76384e-06 5.77178e-06 5.7798e-06 5.78789e-06 5.79605e-06 5.80428e-06 5.8126e-06 5.82098e-06 5.82945e-06 5.83799e-06 5.84661e-06 5.8553e-06 5.86408e-06 5.87293e-06 5.88187e-06 5.89089e-06 5.89998e-06 5.90917e-06 5.91843e-06 5.92778e-06 5.93721e-06 5.94674e-06 5.95634e-06 5.96604e-06 5.97582e-06 5.98569e-06 5.99565e-06 6e-06 6.01e-06 6.02023e-06 6.0307e-06 6.04141e-06 6.05236e-06 6.06357e-06 6.07504e-06 6.08677e-06 6.09877e-06 6.11105e-06 6.12361e-06 6.13647e-06 6.14961e-06 6.16307e-06 6.17683e-06 6.19091e-06 6.20532e-06 6.22005e-06 6.23513e-06 6.25056e-06 6.26634e-06 6.28249e-06 6.29901e-06 6.31591e-06 6.3332e-06 6.35089e-06 6.36898e-06 6.3875e-06 6.40644e-06 6.42582e-06 6.44565e-06 6.46593e-06 6.48668e-06 6.50791e-06 6.52964e-06 6.55186e-06 6.57459e-06 6.59785e-06 6.62165e-06 6.646e-06 6.6709e-06 6.69639e-06 6.72246e-06 6.74913e-06 6.77642e-06 6.80433e-06 6.83289e-06 6.86211e-06 6.89201e-06 6.92259e-06 6.95388e-06 6.9859e-06 7.01865e-06 7.05216e-06 7.08644e-06 7.12151e-06 7.15739e-06 7.1941e-06 7.23165e-06 7.27008e-06 7.30939e-06 7.3496e-06 7.39075e-06 7.43284e-06 7.47591e-06 7.51997e-06 7.56504e-06 7.61116e-06 7.65834e-06 7.70661e-06 7.75599e-06 7.80652e-06 7.85821e-06 7.91109e-06 7.96519e-06 8.02054e-06 8.07717e-06 8.1351e-06 8.19437e-06 8.25501e-06 8.31705e-06 8.38052e-06 8.44546e-06 8.51189e-06 8.57986e-06 8.64939e-06 8.72053e-06 8.79331e-06 8.86778e-06 8.94395e-06 9.02189e-06 9.10163e-06 9.1832e-06 9.26666e-06 9.35205e-06 9.4394e-06 9.52877e-06 9.62021e-06 9.71375e-06 9.80945e-06 9.90736e-06 1e-05
1e+17 1e+17 1e+17 1e+17 1e+17 1e+17 1e+17 1e+17 1e+17 1e+17 1e+17 1e+17 1e+17 1e+17 1e+17 1e+17 1e+17 1e+17 1e+17 1e+17 1e+17 1e+17 1e+17 1e+17 1e+17 1e+17 1e+17 1e+17 1e+17 1e+17 1e+17 1e+17 1e+17 1e+17 1e+17 1e+17 1e+17 1e+17 1e+17 1e+17 1e+17 1e+17 1e+17 1e+17 1e+17 1e+17 1e+17 1e+17 1e+17 1e+17 1e+17 1e+17 1e+17 1e+17 1e+17 1e+17 1e+17 1e+17 1e+17 1e+17 1e+17 1e+17 1e+17 1e+17 1e+17 1e+17 1e+17 1e+17 1e+17 1e+17 1e+17 1e+17 1e+17 1e+17 1e+17 1e+17 1e+17 1e+17 1e+17 1e+17 1e+17 1e+17 1e+17 1e+17 1e+17 1e+17 1e+17 1e+17 1e+17 1e+17 1e+17 1e+17 1e+17 1e+17 1e+17 1e+17 1e+17 1e+17 1e+17 1e+17 1e+17 1e+17 1e+17 1e+17 1e+17 1e+17 1e+17 1e+17 1e+17 1e+17 1e+17 1e+17 1e+17 1e+17 1e+17 1e+17 1e+17 1e+17 1e+17 1e+17 1e+17 1e+17 1e+17 1e+17 1e+17 1e+17 1e+17 1e+17 1e+17 1e+17 1e+17 1e+17 1e+17 1e+17 1e+17 1e+17 1e+17 1e+17 1e+17 1e+17 1e+17 1e+17 1e+17 1e+17 1e+17 1e+17 1e+17 1e+17 1e+17 1e+17 1e+17 1e+17 1e+17 1e+17 1e+17 1e+17 1e+17 1e+17 1e+17 1e+17 1e+17 1e+17 1e+17 1e+17 1e+17 1e+17 1e+17 1e+17 1e+17 1e+17 1e+17 1e+17 1e+17 1e+17 1e+17 1e+17 1e+17 1e+17 1e+17 1e+17 1e+17 1e+17 1e+17 1e+17 1e+17 1e+17 1e+17 1e+17 1e+17 1e+17 1e+17 1e+17 1e+17 1e+17 1e+17 1e+17 1e+17 1e+17 1e+17 1e+17 1e+17 1e+17 1e+17 1e+17 1e+17 1e+17 1e+17 1e+17 1e+17 1e+17 1e+17 1e+17 1e+17 1e+17 1e+17 1e+17 1e+17 1e+17 1e+17 1e+17 1e+17 1e+17 1e+17 1e+17 1e+17 1e+17 1e+17 1e+17 1e+17 1e+17 1e+17 1e+17 1e+17 1e+17 1e+17 1e+17 1e+17 1e+17 1e+17 1e+17 1e+17 1e+17 1e+17 1e+17 1e+17 1e+17 1e+17 1e+17 1e+17 1e+17 1e+17 1e+17 1e+17 1e+17 1e+17 1e+17 1e+17 1e+17 1e+17 1e+17 1e+17 1e+17 1e+17 1e+17 1e+17 1e+17 1e+17 1e+17 1e+17 1e+17 1e+17 1e+17 1e+17 1e+17 1e+17 1e+17 1e+17 1e+17 1e+17 1e+17 1e+17 1e+17 1e+17 1e+17 1e+17 1e+17 1e+17 1e+17 1e+17 1e+17 1e+17 1e+17 1e+17 1e+17 1e+17 1e+17 1e+17 1e+17 1e+17 1e+17 1e+17 1e+17 1e+17 1e+17 1e+17 1e+17 1e+17 1e+17 1e+17 1e+17 1e+17 1e+17 1e+17 1e+17 1e+17 1e+17 1e+17 1e+17 1e+17 1e+17 1e+17 1e+17 1e+17 1e+17 1e+17 1e+17 1e+17 1e+17 1e+17 1e+17 1e+17 1e+17 1e+17 1e+17 1e+17 1e+17 1e+17 1e+17 1e+17 1e+17 1e+17 1e+17 1e+17 1e+17 1e+17 1e+17 1e+17 1e+17 1e+17 1e+17 1e+17 1e+17 1e+17 1e+17 1e+17 1e+17 1e+17 1e+17 1e+17 0 0 0 0 0 0 0 0 0 0 0 0 0 0 0 0 0 0 0 0 0 0 0 0 0 0 0 0 0 0 0 0 0 0 0 0 0 0 0 0 0 0 0 0 0 0 0 0 0 0 0 0 0 0 0 0 0 0 0 0 0 0 0 0 0 0 0 0 0 0 0 0 0 0 0 0 0 0 0 0 0 0 0 0 0 0 0 0 0 0 0 0 0 0 0 0 0 0 0 0 0 0 0 0 0 0 0 0 0 0 0 0 0 0 0 0 0 0 0 0 0 0 0 0 0 0 0 0 0 0 0 0 0 0 0 0 0 0 0 0 0 0 0 0 0 0 0 0 0 0 0 0 0 0 0 0 0 0 0 0 0 0 0 0 0 0 0 0 0 0 0 0 0 0 0 0 0 0 0 0 0 0 0 0 0 0 0 0 0 0 0 0 0 0 0 0 0 0 0 0 0 0 0 0 0 0 0 0 0 0 0 0 0 0 0 0 0 0 0 0 0 0 0 0 0 0 0 0 0 0 0 0 0 0 0 0 0 0 0 0 0 0 0 0 0 0 0 0 0 0 0 0 0 0 0 0 0 0 0 0 0 0 0 0 0 0 0 0 0 0 0 0 0 0 0 0 0 0 0 0 0 0 0 0 0 0 0 0 0 0 0 0 0 0 0 0 0 0 0 0 0 0 0 0 0 0 0 0 0 0 0 0 0 0 0 0 0 0 0 0 0 0 0 0 0 0 0 0 0 0 0 0 0 0 0 0 0 0 0 0 0 0 0 0 0 0 0 0 0 0 0 0 0 0 0 0 0 0
1 0 0 0 0 0 0 0 0 0 0 0 0 0 0 0 0 0 0 0 0 0 0 0 0 0 0 0 0 0 0 0 0 0 0 0 0 0 0 0 0 0 0 0 0 0 0 0 0 0 0 0 0 0 0 0 0 0 0 0 0 0 0 0 0 0 0 0 0 0 0 0 0 0 0 0 0 0 0 0 0 0 0 0 0 0 0 0 0 0 0 0 0 0 0 0 0 0 0 0 0 0 0 0 0 0 0 0 0 0 0 0 0 0 0 0 0 0 0 0 0 0 0 0 0 0 0 0 0 0 0 0 0 0 0 0 0 0 0 0 0 0 0 0 0 0 0 0 0 0 0 0 0 0 0 0 0 0 0 0 0 0 0 0 0 0 0 0 0 0 0 0 0 0 0 0 0 0 0 0 0 0 0 0 0 0 0 0 0 0 0 0 0 0 0 0 0 0 0 0 0 0 0 0 0 0 0 0 0 0 0 0 0 0 0 0 0 0 0 0 0 0 0 0 0 0 0 0 0 0 0 0 0 0 0 0 0 0 0 0 0 0 0 0 0 0 0 0 0 0 0 0 0 0 0 0 0 0 0 0 0 0 0 0 0 0 0 0 0 0 0 0 0 0 0 0 0 0 0 0 0 0 0 0 0 0 0 0 0 0 0 0 0 0 0 0 0 0 0 0 0 0 0 0 0 0 0 0 0 0 0 0 0 0 0 0 0 0 0 0 0 0 0 0 0 0 0 0 0 0 0 0 0 0 0 0 0 0 0 0 0 0 0 0 0 0 0 0 0 0 0 0 0 0 0 0 0 0 0 0 0 0 0 0 0 0 0 0 0 0 0 0 0 0 0 0 0 0 0 0 0 0 0 0 0 0 0 0 0 0 0 0 0 0 0 0 0 0 0 0 0 0 0 0 0 0 0 0 0 0 0 0 0 0 0 0 0 0 0 0 0 0 0 0 0 0 0 0 0 0 0 0 0 0 0 0 0 0 0 0 0 0 0 0 0 0 0 0 0 0 0 0 0 0 0 0 0 0 0 0 0 0 0 0 0 0 0 0 0 0 0 0 0 0 0 0 0 0 0 0 0 0 0 0 0 0 0 0 0 0 0 0 0 0 0 0 0 0 0 0 0 0 0 0 0 0 0 0 0 0 0 0 0 0 0 0 0 0 0 0 0 0 0 0 0 0 0 0 0 0 0 0 0 0 0 0 0 0 0 0 0 0 0 0 0 0 0 0 0 0 0 0 0 0 0 0 0 0 0 0 0 0 0 0 0 0 0 0 0 0 0 0 0 0 0 0 0 0 0 0 0 0 0 0 0 0 0 0 0 0 0 0 0 0 0 0 0 0 0 0 0 0 0 0 0 0 0 0 0 0 0 0 0 0 0 0 0 0 0 0 0 0 0 0 0 0 0 0 0 0 0 0 0 0 0 0 0 0 0 0 0 0 0 0 0 0 0 0 0 0 0 0 0 0 0 0 0 0 0 0 0 0 0 0 0 0 0 0 0 0 0 0 0 0 0 0 0 0 0 0 0 0 0 0 0 0 0 0 0 0 0 0 0 0 0 0 0 0 0 0 0 0 0 0 0 0 0 0 0 0 0 0 0 0 0 0 1
1 0 0 0 0 0 0 0 0 0 0 0 0 0 0 0 0 0 0 0 0 0 0 0 0 0 0 0 0 0 0 0 0 0 0 0 0 0 0 0 0 0 0 0 0 0 0 0 0 0 0 0 0 0 0 0 0 0 0 0 0 0 0 0 0 0 0 0 0 0 0 0 0 0 0 0 0 0 0 0 0 0 0 0 0 0 0 0 0 0 0 0 0 0 0 0 0 0 0 0 0 0 0 0 0 0 0 0 0 0 0 0 0 0 0 0 0 0 0 0 0 0 0 0 0 0 0 0 0 0 0 0 0 0 0 0 0 0 0 0 0 0 0 0 0 0 0 0 0 0 0 0 0 0 0 0 0 0 0 0 0 0 0 0 0 0 0 0 0 0 0 0 0 0 0 0 0 0 0 0 0 0 0 0 0 0 0 0 0 0 0 0 0 0 0 0 0 0 0 0 0 0 0 0 0 0 0 0 0 0 0 0 0 0 0 0 0 0 0 0 0 0 0 0 0 0 0 0 0 0 0 0 0 0 0 0 0 0 0 0 0 0 0 0 0 0 0 0 0 0 0 0 0 0 0 0 0 0 0 0 0 0 0 0 0 0 0 0 0 0 0 0 0 0 0 0 0 0 0 0 0 0 0 0 0 0 0 0 0 0 0 0 0 0 0 0 0 0 0 0 0 0 0 0 0 0 0 0 0 0 0 0 0 0 0 0 0 0 0 0 0 0 0 0 0 0 0 0 0 0 0 0 0 0 0 0 0 0 0 0 0 0 0 0 0 0 0 0 0 0 0 0 0 0 0 0 0 0 0 0 0 0 0 0 0 0 0 0 0 0 0 0 0 0 0 0 0 0 0 0 0 0 0 0 0 0 0 0 0 0 0 0 0 0 0 0 0 0 0 0 0 0 0 0 0 0 0 0 0 0 0 0 0 0 0 0 0 0 0 0 0 0 0 0 0 0 0 0 0 0 0 0 0 0 0 0 0 0 0 0 0 0 0 0 0 0 0 0 0 0 0 0 0 0 0 0 0 0 0 0 0 0 0 0 0 0 0 0 0 0 0 0 0 0 0 0 0 0 0 0 0 0 0 0 0 0 0 0 0 0 0 0 0 0 0 0 0 0 0 0 0 0 0 0 0 0 0 0 0 0 0 0 0 0 0 0 0 0 0 0 0 0 0 0 0 0 0 0 0 0 0 0 0 0 0 0 0 0 0 0 0 0 0 0 0 0 0 0 0 0 0 0 0 0 0 0 0 0 0 0 0 0 0 0 0 0 0 0 0 0 0 0 0 0 0 0 0 0 0 0 0 0 0 0 0 0 0 0 0 0 0 0 0 0 0 0 0 0 0 0 0 0 0 0 0 0 0 0 0 0 0 0 0 0 0 0 0 0 0 0 0 0 0 0 0 0 0 0 0 0 0 0 0 0 0 0 0 0 0 0 0 0 0 0 0 0 0 0 0 0 0 0 0 0 0 0 0 0 0 0 0 0 0 0 0 0 0 0 0 0 0 0 0 0 0 0 0 0 0 0 0 0 0 0 0 0 0 0 0 0 0 0 0 0 0 0 0 0 0 0 0 0 0 0 0 0 0 0 0 0 0 0 0 0 0 0 1
0 0 0 0 0 0 0 0 0 0 0 0 0 0 0 0 0 0 0 0 0 0 0 0 0 0 0 0 0 0 0 0 0 0 0 0 0 0 0 0 0 0 0 0 0 0 0 0 0 0 0 0 0 0 0 0 0 0 0 0 0 0 0 0 0 0 0 0 0 0 0 0 0 0 0 0 0 0 0 0 0 0 0 0 0 0 0 0 0 0 0 0 0 0 0 0 0 0 0 0 0 0 0 0 0 0 0 0 0 0 0 0 0 0 0 0 0 0 0 0 0 0 0 0 0 0 0 0 0 0 0 0 0 0 0 0 0 0 0 0 0 0 0 0 0 0 0 0 0 0 0 0 0 0 0 0 0 0 0 0 0 0 0 0 0 0 0 0 0 0 0 0 0 0 0 0 0 0 0 0 0 0 0 0 0 0 0 0 0 0 0 0 0 0 0 0 0 0 0 0 0 0 0 0 0 0 0 0 0 0 0 0 0 0 0 0 0 0 0 0 0 0 0 0 0 0 0 0 0 0 0 0 0 0 0 0 0 0 0 0 0 0 0 0 0 0 0 0 0 0 0 0 0 0 0 0 0 0 0 0 0 0 0 0 0 0 0 0 0 0 0 0 0 0 0 0 0 0 0 0 0 0 0 0 0 0 0 0 0 0 0 0 0 0 0 0 0 0 0 0 0 0 0 0 0 0 0 0 0 0 0 0 0 0 0 0 0 0 0 0 0 0 0 0 0 0 0 0 0 0 0 0 0 0 0 0 0 0 0 0 0 0 0 0 0 0 0 0 0 0 0 0 0 0 0 0 0 0 1e+17 1e+17 1e+17 1e+17 1e+17 1e+17 1e+17 1e+17 1e+17 1e+17 1e+17 1e+17 1e+17 1e+17 1e+17 1e+17 1e+17 1e+17 1e+17 1e+17 1e+17 1e+17 1e+17 1e+17 1e+17 1e+17 1e+17 1e+17 1e+17 1e+17 1e+17 1e+17 1e+17 1e+17 1e+17 1e+17 1e+17 1e+17 1e+17 1e+17 1e+17 1e+17 1e+17 1e+17 1e+17 1e+17 1e+17 1e+17 1e+17 1e+17 1e+17 1e+17 1e+17 1e+17 1e+17 1e+17 1e+17 1e+17 1e+17 1e+17 1e+17 1e+17 1e+17 1e+17 1e+17 1e+17 1e+17 1e+17 1e+17 1e+17 1e+17 1e+17 1e+17 1e+17 1e+17 1e+17 1e+17 1e+17 1e+17 1e+17 1e+17 1e+17 1e+17 1e+17 1e+17 1e+17 1e+17 1e+17 1e+17 1e+17 1e+17 1e+17 1e+17 1e+17 1e+17 1e+17 1e+17 1e+17 1e+17 1e+17 1e+17 1e+17 1e+17 1e+17 1e+17 1e+17 1e+17 1e+17 1e+17 1e+17 1e+17 1e+17 1e+17 1e+17 1e+17 1e+17 1e+17 1e+17 1e+17 1e+17 1e+17 1e+17 1e+17 1e+17 1e+17 1e+17 1e+17 1e+17 1e+17 1e+17 1e+17 1e+17 1e+17 1e+17 1e+17 1e+17 1e+17 1e+17 1e+17 1e+17 1e+17 1e+17 1e+17 1e+17 1e+17 1e+17 1e+17 1e+17 1e+17 1e+17 1e+17 1e+17 1e+17 1e+17 1e+17 1e+17 1e+17 1e+17 1e+17 1e+17 1e+17 1e+17 1e+17 1e+17 1e+17 1e+17 1e+17 1e+17 1e+17 1e+17 1e+17 1e+17 1e+17 1e+17 1e+17 1e+17 1e+17 1e+17 1e+17 1e+17 1e+17 1e+17 1e+17 1e+17 1e+17 1e+17 1e+17 1e+17 1e+17 1e+17 1e+17 1e+17 1e+17 1e+17 1e+17 1e+17 1e+17 1e+17 1e+17 1e+17 1e+17 1e+17 1e+17 1e+17 1e+17 1e+17 1e+17 1e+17 1e+17 1e+17 1e+17 1e+17 1e+17 1e+17 1e+17 1e+17 1e+17 1e+17 1e+17 1e+17 1e+17 1e+17 1e+17 1e+17 1e+17 1e+17 1e+17 1e+17 1e+17 1e+17 1e+17 1e+17 1e+17 1e+17 1e+17 1e+17 1e+17 1e+17 1e+17 1e+17 1e+17 1e+17 1e+17 1e+17 1e+17 1e+17 1e+17 1e+17 1e+17 1e+17 1e+17 1e+17 1e+17 1e+17 1e+17 1e+17 1e+17 1e+17 1e+17 1e+17 1e+17 1e+17 1e+17 1e+17 1e+17 1e+17 1e+17 1e+17 1e+17 1e+17 1e+17 1e+17 1e+17 1e+17 1e+17 1e+17 1e+17 1e+17 1e+17 1e+17 1e+17 1e+17 1e+17 1e+17 1e+17 1e+17 1e+17 1e+17 1e+17 1e+17 1e+17 1e+17 1e+17 1e+17 1e+17 1e+17 1e+17 1e+17 1e+17 1e+17 1e+17 1e+17 1e+17 1e+17 1e+17 1e+17 1e+17 1e+17 1e+17 1e+17 1e+17 1e+17 1e+17 1e+17 1e+17 1e+17 1e+17 1e+17 1e+17 1e+17 1e+17 1e+17 1e+17 1e+17 1e+17 1e+17 1e+17 1e+17 1e+17 1e+17 1e+17 1e+17 1e+17 1e+17 1e+17 1e+17 1e+17 1e+17 1e+17 1e+17 1e+17 1e+17 1e+17 1e+17 1e+17 1e+17 1e+17 1e+17 1e+17 1e+17 1e+17 1e+17 1e+17 1e+17 1e+17 1e+17 1e+17 1e+17 1e+17
-0 -67.3776 -132.365 -195.077 -255.624 -314.113 -370.646 -425.318 -478.222 -529.446 -579.073 -627.181 -673.846 -719.137 -763.122 -805.864 -847.422 -887.854 -927.212 -965.547 -1002.91 -1039.34 -1074.88 -1109.57 -1143.46 -1176.56 -1208.93 -1240.59 -1271.57 -1301.9 -1331.61 -1360.71 -1389.24 -1417.21 -1444.65 -1471.57 -1498 -1523.94 -1549.43 -1574.46 -1599.06 -1623.24 -1647 -1670.37 -1693.35 -1715.95 -1738.18 -1760.06 -1781.58 -1802.75 -1823.59 -1844.09 -1864.27 -1884.13 -1903.67 -1922.9 -1941.83 -1960.46 -1978.79 -1996.83 -2014.58 -2032.05 -2049.23 -2066.13 -2082.76 -2099.11 -2115.2 -2131.01 -2146.56 -2161.85 -2176.89 -2191.66 -2206.18 -2220.45 -2234.46 -2248.24 -2261.76 -2275.05 -2288.1 -2300.9 -2313.48 -2325.82 -2337.94 -2349.83 -2361.49 -2372.93 -2384.16 -2395.17 -2405.96 -2416.55 -2426.93 -2437.1 -2447.07 -2456.84 -2466.42 -2475.8 -2484.99 -2493.99 -2502.81 -2511.45 -2519.9 -2528.18 -2535.69 -2543.82 -2551.9 -2559.9 -2567.85 -2575.74 -2583.56 -2591.32 -2599.02 -2606.66 -2614.23 -2621.75 -2629.2 -2636.58 -2643.91 -2651.17 -2658.36 -2665.5 -2672.57 -2679.58 -2686.52 -2693.41 -2700.23 -2706.98 -2713.67 -2720.3 -2726.87 -2733.37 -2739.81 -2746.19 -2752.5 -2758.75 -2764.94 -2771.07 -2777.13 -2783.13 -2789.07 -2794.94 -2800.75 -2806.51 -2812.2 -2817.82 -2823.39 -2828.9 -2834.34 -2839.72 -2845.05 -2850.31 -2855.51 -2860.65 -2865.73 -2870.76 -2875.72 -2880.63 -2885.47 -2890.26 -2894.99 -2899.66 -2904.28 -2908.83 -2913.33 -2917.78 -2922.17 -2926.5 -2930.77 -2935 -2939.16 -2943.27 -2947.33 -2951.34 -2955.29 -2959.19 -2963.03 -2966.82 -2970.57 -2974.26 -2977.89 -2981.48 -2985.02 -2988.51 -2991.95 -2995.34 -2998.68 -3001.97 -3005.22 -3008.42 -3011.57 -3014.67 -3017.73 -3020.74 -3023.71 -3026.64 -3029.51 -3032.35 -3035.14 -3037.89 -3040.59 -3043.26 -3045.88 -3048.46 -3051 -3053.5 -3055.96 -3058.38 -3060.76 -3063.1 -3065.41 -3067.67 -3069.9 -3072.09 -3074.25 -3076.37 -3078.45 -3080.5 -3082.51 -3084.49 -3086.43 -3088.34 -3090.22 -3092.07 -3093.88 -3095.66 -3097.41 -3099.13 -3100.82 -3102.47 -3104.1 -3105.7 -3107.27 -3108.81 -3110.32 -3111.8 -3113.26 -3114.68 -3116.09 -3117.46 -3118.81 -3120.13 -3121.43 -3122.7 -3123.95 -3125.17 -3126.37 -3127.55 -3128.7 -3129.83 -3130.94 -3132.02 -3133.09 -3134.13 -3135.15 -3136.15 -3137.13 -3138.08 -3139.02 -3139.94 -3140.84 -3141.72 -3142.58 -3143.42 -3144.25 -3145.05 -3145.84 -3146.61 -3147.37 -3148.11 -3148.83 -3149.53 -3150.22 -3150.89 -3151.55 -3152.19 -3152.82 -3153.43 -3154.03 -3154.61 -3155.18 -3155.74 -3156.28 -3156.81 -3157.33 -3157.83 -3158.32 -3158.8 -3159.27 -3159.72 -3160.16 -3160.59 -3161.01 -3161.42 -3161.82 -3162.21 -3162.59 -3162.95 -3163.31 -3163.65 -3163.99 -3164.32 -3164.63 -3164.94 -3165.24 -3165.53 -3165.81 -3166.09 -3166.35 -3166.61 -3166.85 -3167.1 -3167.33 -3167.55 -3167.77 -3167.98 -3168.18 -3168.38 -3168.57 -3168.75 -3168.93 -3169.1 -3169.26 -3169.41 -3169.57 -3169.71 -3169.85 -3169.98 -3170.11 -3170.23 -3170.35 -3170.46 -3170.56 -3170.67 -3170.76 -3170.85 -3170.94 -3171.02 -3171.1 -3171.17 -3171.24 -3171.3 -3171.36 -3171.42 -3171.47 -3171.52 -3171.57 -3171.61 -3171.64 -3171.68 -3171.71 -3171.74 -3171.76 -3171.78 -3171.8 -3171.81 -3171.82 -3171.83 -3171.84 -3171.84 -3171.84 -3171.84 -3171.84 -3171.83 -3171.82 -3171.81 -3171.79 -3171.77 -3171.75 -3171.73 -3171.7 -3171.67 -3171.63 -3171.59 -3171.55 -3171.51 -3171.46 -3171.4 -3171.35 -3171.28 -3171.22 -3171.15 -3171.07 -3170.99 -3170.91 -3170.82 -3170.73 -3170.63 -3170.53 -3170.42 -3170.31 -3170.19 -3170.06 -3169.93 -3169.8 -3169.66 -3169.51 -3169.36 -3169.2 -3169.03 -3168.86 -3168.68 -3168.5 -3168.31 -3168.11 -3167.9 -3167.69 -3167.47 -3167.24 -3167 -3166.76 -3166.51 -3166.25 -3165.98 -3165.7 -3165.42 -3165.12 -3164.82 -3164.51 -3164.19 -3163.85 -3163.51 -3163.16 -3162.8 -3162.43 -3162.05 -3161.66 -3161.25 -3160.84 -3160.42 -3159.98 -3159.53 -3159.07 -3158.6 -3158.11 -3157.62 -3157.11 -3156.59 -3156.05 -3155.5 -3154.94 -3154.36 -3153.77 -3153.17 -3152.55 -3151.91 -3151.26 -3150.6 -3149.92 -3149.22 -3148.51 -3147.78 -3147.03 -3146.27 -3145.49 -3144.69 -3143.88 -3143.04 -3142.19 -3141.32 -3140.43 -3139.52 -3138.6 -3137.65 -3136.68 -3135.69 -3134.68 -3133.65 -3132.6 -3131.52 -3130.43 -3129.31 -3128.17 -3127 -3125.82 -3124.6 -3123.37 -3122.11 -3120.82 -3119.51 -3118.17 -3116.81 -3115.42 -3114.01 -3112.57 -3111.1 -3109.6 -3108.07 -3106.52 -3104.93 -3103.32 -3101.68 -3100 -3098.3 -3096.57 -3094.8 -3093 -3091.17 -3089.31 -3087.42 -3085.49 -3083.52 -3081.53 -3079.5 -3077.43 -3075.33 -3073.19 -3071.01 -3068.8 -3066.55 -3064.27 -3061.94 -3059.58 -3057.18 -3054.74 -3052.26 -3049.74 -3047.17 -3044.57 -3041.93 -3039.24 -3036.51 -3033.74 -3030.93 -3028.07 -3025.16 -3022.22 -3019.22 -3016.19 -3013.1 -3009.97 -3006.8 -3003.57 -3000.3 -2996.98 -2993.61 -2990.2 -2986.73 -2983.22 -2979.65 -2976.03 -2972.37 -2968.65 -2964.88 -2961.06 -2957.18 -2953.26 -2949.28 -2945.24 -2941.15 -2937.01 -2932.82 -2928.56 -2924.26 -2919.89 -2915.47 -2911 -2906.47 -2901.88 -2897.23 -2892.53 -2887.76 -2882.94 -2878.07 -2873.13 -2868.13 -2863.08 -2857.96 -2852.78 -2847.55 -2842.25 -2836.9 -2831.48 -2826 -2820.46 -2814.86 -2809.2 -2803.47 -2797.69 -2791.84 -2785.93 -2779.95 -2773.92 -2767.82 -2761.66 -2755.44 -2749.15 -2742.8 -2736.39 -2729.91 -2723.37 -2716.77 -2710.11 -2703.38 -2696.59 -2689.73 -2682.82 -2675.83 -2668.79 -2661.68 -2654.51 -2647.28 -2639.98 -2632.62 -2625.2 -2617.71 -2610.17 -2602.55 -2594.88 -2587.15 -2579.35 -2571.49 -2563.57 -2555.59 -2547.54 -2539.44 -2535.9 -2527.78 -2519.48 -2511.01 -2502.36 -2493.53 -2484.51 -2475.31 -2465.91 -2456.32 -2446.53 -2436.55 -2426.36 -2415.96 -2405.36 -2394.55 -2383.52 -2372.28 -2360.82 -2349.14 -2337.23 -2325.1 -2312.74 -2300.14 -2287.31 -2274.25 -2260.94 -2247.4 -2233.61 -2219.57 -2205.28 -2190.74 -2175.95 -2160.89 -2145.58 -2130.01 -2114.17 -2098.06 -2081.69 -2065.04 -2048.11 -2030.91 -2013.42 -1995.65 -1977.58 -1959.23 -1940.58 -1921.62 -1902.36 -1882.79 -1862.91 -1842.71 -1822.18 -1801.31 -1780.11 -1758.56 -1736.66 -1714.4 -1691.77 -1668.76 -1645.36 -1621.56 -1597.35 -1572.72 -1547.65 -1522.13 -1496.14 -1469.68 -1442.72 -1415.24 -1387.22 -1358.65 -1329.5 -1299.75 -1269.37 -1238.34 -1206.62 -1174.2 -1141.03 -1107.08 -1072.33 -1036.72 -1000.22 -962.785 -924.373 -884.934 -844.418 -802.771 -759.936 -715.853 -670.46 -623.687 -575.466 -525.72 -474.371 -421.336 -366.525 -309.848 -251.206 -190.498 -127.617 -62.452 -0
-1.6e-13 -1.58656e-13 -1.57368e-13 -1.56132e-13 -1.54944e-13 -1.53803e-13 -1.52704e-13 -1.51646e-13 -1.50626e-13 -1.4964e-13 -1.48688e-13 -1.47766e-13 -1.46873e-13 -1.46006e-13 -1.45164e-13 -1.44345e-13 -1.43547e-13 -1.42769e-13 -1.42009e-13 -1.41267e-13 -1.4054e-13 -1.39827e-13 -1.39128e-13 -1.38441e-13 -1.37765e-13 -1.371e-13 -1.36445e-13 -1.35798e-13 -1.3516e-13 -1.34528e-13 -1.33904e-13 -1.33286e-13 -1.32673e-13 -1.32065e-13 -1.31462e-13 -1.30864e-13 -1.30269e-13 -1.29678e-13 -1.2909e-13 -1.28504e-13 -1.27922e-13 -1.27342e-13 -1.26764e-13 -1.26188e-13 -1.25615e-13 -1.25043e-13 -1.24472e-13 -1.23904e-13 -1.23337e-13 -1.22771e-13 -1.22207e-13 -1.21644e-13 -1.21083e-13 -1.20524e-13 -1.19966e-13 -1.19409e-13 -1.18854e-13 -1.18301e-13 -1.1775e-13 -1.172e-13 -1.16652e-13 -1.16107e-13 -1.15563e-13 -1.15022e-13 -1.14483e-13 -1.13946e-13 -1.13412e-13 -1.12881e-13 -1.12352e-13 -1.11826e-13 -1.11304e-13 -1.10784e-13 -1.10268e-13 -1.09755e-13 -1.09245e-13 -1.08739e-13 -1.08237e-13 -1.07738e-13 -1.07243e-13 -1.06753e-13 -1.06266e-13 -1.05784e-13 -1.05306e-13 -1.04832e-13 -1.04363e-13 -1.03899e-13 -1.03439e-13 -1.02983e-13 -1.02533e-13 -1.02087e-13 -1.01646e-13 -1.0121e-13 -1.00779e-13 -1.00353e-13 -9.99326e-14 -9.95169e-14 -9.91064e-14 -9.8701e-14 -9.83009e-14 -9.79059e-14 -9.75162e-14 -9.71318e-14 -9.67806e-14 -9.63976e-14 -9.60147e-14 -9.56318e-14 -9.52491e-14 -9.48665e-14 -9.44841e-14 -9.41019e-14 -9.37199e-14 -9.33383e-14 -9.29569e-14 -9.25759e-14 -9.21952e-14 -9.1815e-14 -9.14352e-14 -9.10558e-14 -9.0677e-14 -9.02987e-14 -8.99209e-14 -8.95438e-14 -8.91673e-14 -8.87914e-14 -8.84162e-14 -8.80417e-14 -8.7668e-14 -8.7295e-14 -8.69228e-14 -8.65515e-14 -8.6181e-14 -8.58114e-14 -8.54427e-14 -8.50749e-14 -8.47082e-14 -8.43424e-14 -8.39776e-14 -8.36139e-14 -8.32512e-14 -8.28896e-14 -8.25292e-14 -8.21699e-14 -8.18117e-14 -8.14548e-14 -8.10991e-14 -8.07446e-14 -8.03913e-14 -8.00394e-14 -7.96887e-14 -7.93394e-14 -7.89914e-14 -7.86448e-14 -7.82995e-14 -7.79557e-14 -7.76132e-14 -7.72722e-14 -7.69327e-14 -7.65946e-14 -7.6258e-14 -7.5923e-14 -7.55894e-14 -7.52574e-14 -7.49269e-14 -7.4598e-14 -7.42706e-14 -7.39449e-14 -7.36207e-14 -7.32982e-14 -7.29773e-14 -7.2658e-14 -7.23404e-14 -7.20245e-14 -7.17102e-14 -7.13976e-14 -7.10867e-14 -7.07775e-14 -7.04699e-14 -7.01642e-14 -6.98601e-14 -6.95577e-14 -6.92571e-14 -6.89583e-14 -6.86612e-14 -6.83658e-14 -6.80722e-14 -6.77804e-14 -6.74903e-14 -6.7202e-14 -6.69155e-14 -6.66307e-14 -6.63478e-14 -6.60666e-14 -6.57872e-14 -6.55096e-14 -6.52338e-14 -6.49598e-14 -6.46876e-14 -6.44171e-14 -6.41485e-14 -6.38817e-14 -6.36166e-14 -6.33533e-14 -6.30919e-14 -6.28322e-14 -6.25743e-14 -6.23182e-14 -6.20639e-14 -6.18113e-14 -6.15605e-14 -6.13116e-14 -6.10643e-14 -6.08189e-14 -6.05752e-14 -6.03333e-14 -6.00931e-14 -5.98547e-14 -5.96181e-14 -5.93832e-14 -5.915e-14 -5.89185e-14 -5.86888e-14 -5.84608e-14 -5.82346e-14 -5.801e-14 -5.77872e-14 -5.7566e-14 -5.73465e-14 -5.71288e-14 -5.69127e-14 -5.66983e-14 -5.64855e-14 -5.62744e-14 -5.6065e-14 -5.58572e-14 -5.5651e-14 -5.54465e-14 -5.52436e-14 -5.50423e-14 -5.48426e-14 -5.46446e-14 -5.44481e-14 -5.42532e-14 -5.40598e-14 -5.38681e-14 -5.36779e-14 -5.34892e-14 -5.33021e-14 -5.31165e-14 -5.29324e-14 -5.27499e-14 -5.25689e-14 -5.23893e-14 -5.22113e-14 -5.20347e-14 -5.18596e-14 -5.1686e-14 -5.15138e-14 -5.1343e-14 -5.11737e-14 -5.10059e-14 -5.08394e-14 -5.06744e-14 -5.05107e-14 -5.03484e-14 -5.01876e-14 -5.0028e-14 -4.98699e-14 -4.97131e-14 -4.95576e-14 -4.94035e-14 -4.92507e-14 -4.90992e-14 -4.89491e-14 -4.88002e-14 -4.86526e-14 -4.85063e-14 -4.83612e-14 -4.82175e-14 -4.80749e-14 -4.79336e-14 -4.77936e-14 -4.76547e-14 -4.75171e-14 -4.73807e-14 -4.72455e-14 -4.71115e-14 -4.69786e-14 -4.68469e-14 -4.67164e-14 -4.6587e-14 -4.64588e-14 -4.63317e-14 -4.62057e-14 -4.60809e-14 -4.59571e-14 -4.58345e-14 -4.57129e-14 -4.55924e-14 -4.5473e-14 -4.53547e-14 -4.52374e-14 -4.51212e-14 -4.5006e-14 -4.48918e-14 -4.47786e-14 -4.46665e-14 -4.45554e-14 -4.44452e-14 -4.43361e-14 -4.42279e-14 -4.41207e-14 -4.40145e-14 -4.39092e-14 -4.38049e-14 -4.37015e-14 -4.3599e-14 -4.34975e-14 -4.33969e-14 -4.32971e-14 -4.31983e-14 -4.31004e-14 -4.30034e-14 -4.29072e-14 -4.28119e-14 -4.27175e-14 -4.2624e-14 -4.25312e-14 -4.24394e-14 -4.23483e-14 -4.22581e-14 -4.21687e-14 -4.20801e-14 -4.19924e-14 -4.19054e-14 -4.18192e-14 -4.17338e-14 -4.16491e-14 -4.15653e-14 -4.14822e-14 -4.13999e-14 -4.13183e-14 -4.12374e-14 -4.11573e-14 -4.10779e-14 -4.09993e-14 -4.09214e-14 -4.08441e-14 -4.07676e-14 -4.06918e-14 -4.06167e-14 -4.05422e-14 -4.04685e-14 -4.03954e-14 -4.0323e-14 -4.02512e-14 -4.01801e-14 -4.01097e-14 -4.00399e-14 -4.00098e-14 -3.99403e-14 -3.98703e-14 -3.97998e-14 -3.97288e-14 -3.96572e-14 -3.95851e-14 -3.95124e-14 -3.94393e-14 -3.93656e-14 -3.92913e-14 -3.92165e-14 -3.91412e-14 -3.90653e-14 -3.89888e-14 -3.89118e-14 -3.88343e-14 -3.87562e-14 -3.86775e-14 -3.85983e-14 -3.85184e-14 -3.84381e-14 -3.83571e-14 -3.82756e-14 -3.81935e-14 -3.81108e-14 -3.80276e-14 -3.79437e-14 -3.78593e-14 -3.77743e-14 -3.76887e-14 -3.76025e-14 -3.75157e-14 -3.74283e-14 -3.73403e-14 -3.72517e-14 -3.71625e-14 -3.70727e-14 -3.69823e-14 -3.68912e-14 -3.67996e-14 -3.67074e-14 -3.66145e-14 -3.6521e-14 -3.64269e-14 -3.63322e-14 -3.62369e-14 -3.61409e-14 -3.60443e-14 -3.59471e-14 -3.58492e-14 -3.57508e-14 -3.56516e-14 -3.55519e-14 -3.54515e-14 -3.53505e-14 -3.52489e-14 -3.51466e-14 -3.50437e-14 -3.49401e-14 -3.48359e-14 -3.47311e-14 -3.46256e-14 -3.45195e-14 -3.44127e-14 -3.43053e-14 -3.41972e-14 -3.40885e-14 -3.39792e-14 -3.38692e-14 -3.37586e-14 -3.36473e-14 -3.35353e-14 -3.34228e-14 -3.33096e-14 -3.31957e-14 -3.30812e-14 -3.2966e-14 -3.28503e-14 -3.27338e-14 -3.26167e-14 -3.2499e-14 -3.23807e-14 -3.22617e-14 -3.2142e-14 -3.20217e-14 -3.19008e-14 -3.17793e-14 -3.16571e-14 -3.15343e-14 -3.14109e-14 -3.12868e-14 -3.11621e-14 -3.10368e-14 -3.09108e-14 -3.07843e-14 -3.06571e-14 -3.05293e-14 -3.04009e-14 -3.02719e-14 -3.01423e-14 -3.0012e-14 -2.98812e-14 -2.97498e-14 -2.96178e-14 -2.94852e-14 -2.9352e-14 -2.92182e-14 -2.90839e-14 -2.8949e-14 -2.88135e-14 -2.86774e-14 -2.85408e-14 -2.84036e-14 -2.82659e-14 -2.81276e-14 -2.79888e-14 -2.78495e-14 -2.77096e-14 -2.75692e-14 -2.74283e-14 -2.72868e-14 -2.71449e-14 -2.70024e-14 -2.68595e-14 -2.67161e-14 -2.65722e-14 -2.64278e-14 -2.62829e-14 -2.61376e-14 -2.59918e-14 -2.58456e-14 -2.5699e-14 -2.55519e-14 -2.54044e-14 -2.52565e-14 -2.51081e-14 -2.49594e-14 -2.48103e-14 -2.46608e-14 -2.45109e-14 -2.43607e-14 -2.42101e-14 -2.40592e-14 -2.39079e-14 -2.37563e-14 -2.36044e-14 -2.34522e-14 -2.32997e-14 -2.31469e-14 -2.29938e-14 -2.28405e-14 -2.26869e-14 -2.25331e-14 -2.23791e-14 -2.22248e-14 -2.20703e-14 -2.19156e-14 -2.17608e-14 -2.16057e-14 -2.14505e-14 -2.12952e-14 -2.11397e-14 -2.09841e-14 -2.08284e-14 -2.06725e-14 -2.05166e-14 -2.03606e-14 -2.02046e-14 -2.00485e-14 -1.98924e-14 -1.97362e-14 -1.95801e-14 -1.94239e-14 -1.92678e-14 -1.91117e-14 -1.89556e-14 -1.87996e-14 -1.86437e-14 -1.84878e-14 -1.83321e-14 -1.81765e-14 -1.8021e-14 -1.78657e-14 -1.77105e-14 -1.75555e-14 -1.74006e-14 -1.7246e-14 -1.70916e-14 -1.69374e-14 -1.67835e-14 -1.66298e-14 -1.64764e-14 -1.63233e-14 -1.61705e-14 -1.6018e-14 -1.58659e-14 -1.57141e-14 -1.55626e-14 -1.54115e-14 -1.52609e-14 -1.51106e-14 -1.49608e-14 -1.48113e-14 -1.46624e-14 -1.45139e-14 -1.43658e-14 -1.42183e-14 -1.40713e-14 -1.39247e-14 -1.37788e-14 -1.36333e-14 -1.34884e-14 -1.33441e-14 -1.32004e-14 -1.30573e-14 -1.29148e-14 -1.27729e-14 -1.26317e-14 -1.24911e-14 -1.23512e-14 -1.22119e-14 -1.20734e-14 -1.19355e-14 -1.17983e-14 -1.16619e-14 -1.15262e-14 -1.13913e-14 -1.12571e-14 -1.11237e-14 -1.09911e-14 -1.08592e-14 -1.07282e-14 -1.05979e-14 -1.04685e-14 -1.03399e-14 -1.02122e-14 -1.00853e-14 -9.9592e-15 -9.83402e-15 -9.7097e-15 -9.58627e-15 -9.46373e-15 -9.34208e-15 -9.22134e-15 -9.10151e-15 -8.98259e-15 -8.86459e-15 -8.74753e-15 -8.6314e-15 -8.51621e-15 -8.40196e-15 -8.28867e-15 -8.17633e-15 -8.06495e-15 -7.95454e-15 -7.90693e-15 -7.79887e-15 -7.69029e-15 -7.58123e-15 -7.47171e-15 -7.36178e-15 -7.25148e-15 -7.14085e-15 -7.02993e-15 -6.91877e-15 -6.8074e-15 -6.69587e-15 -6.58423e-15 -6.47252e-15 -6.36079e-15 -6.24909e-15 -6.13745e-15 -6.02594e-15 -5.91459e-15 -5.80345e-15 -5.69258e-15 -5.58202e-15 -5.47181e-15 -5.36201e-15 -5.25266e-15 -5.14381e-15 -5.03551e-15 -4.9278e-15 -4.82072e-15 -4.71433e-15 -4.60865e-15 -4.50374e-15 -4.39964e-15 -4.29639e-15 -4.19402e-15 -4.09257e-15 -3.99208e-15 -3.89258e-15 -3.79411e-15 -3.69668e-15 -3.60035e-15 -3.50512e-15 -3.41103e-15 -3.3181e-15 -3.22635e-15 -3.13579e-15 -3.04645e-15 -2.95834e-15 -2.87148e-15 -2.78586e-15 -2.70151e-15 -2.61842e-15 -2.53661e-15 -2.45606e-15 -2.37679e-15 -2.29879e-15 -2.22206e-15 -2.14658e-15 -2.07236e-15 -1.99938e-15 -1.92763e-15 -1.85709e-15 -1.78776e-15 -1.71962e-15 -1.65264e-15 -1.58682e-15 -1.52213e-15 -1.45855e-15 -1.39608e-15 -1.33467e-15 -1.27433e-15 -1.21502e-15 -1.15673e-15 -1.09944e-15 -1.04314e-15 -9.87806e-16 -9.33437e-16 -8.80022e-16 -8.27554e-16 -7.76032e-16 -7.25462e-16 -6.7585e-16 -6.27215e-16 -5.79577e-16 -5.32969e-16 -4.87432e-16 -4.43017e-16 -3.99789e-16 -3.57825e-16 -3.17219e-16 -2.78082e-16 -2.40548e-16 -2.04768e-16 -1.70924e-16 -1.39223e-16 -1.09904e-16 -8.32422e-17 -5.95528e-17 -3.91937e-17 -2.25715e-17 -1.01456e-17 -2.43386e-18 -1.6e-27
-1.6e-27 -2.83254e-18 -1.09133e-17 -2.36669e-17 -4.05804e-17 -6.11982e-17 -8.51176e-17 -1.11984e-16 -1.41485e-16 -1.7335e-16 -2.07341e-16 -2.43252e-16 -2.80906e-16 -3.2015e-16 -3.60855e-16 -4.0291e-16 -4.46223e-16 -4.90716e-16 -5.36328e-16 -5.83006e-16 -6.30711e-16 -6.79411e-16 -7.29086e-16 -7.79718e-16 -8.31301e-16 -8.83829e-16 -9.37305e-16 -9.91734e-16 -1.04712e-15 -1.10349e-15 -1.16084e-15 -1.21919e-15 -1.27856e-15 -1.33897e-15 -1.40044e-15 -1.46298e-15 -1.52662e-15 -1.59138e-15 -1.65727e-15 -1.72431e-15 -1.79252e-15 -1.86193e-15 -1.93253e-15 -2.00435e-15 -2.0774e-15 -2.1517e-15 -2.22724e-15 -2.30405e-15 -2.38211e-15 -2.46145e-15 -2.54206e-15 -2.62394e-15 -2.7071e-15 -2.79151e-15 -2.87719e-15 -2.96412e-15 -3.05229e-15 -3.14168e-15 -3.23229e-15 -3.3241e-15 -3.41708e-15 -3.51122e-15 -3.60649e-15 -3.70287e-15 -3.80033e-15 -3.89885e-15 -3.99838e-15 -4.0989e-15 -4.20037e-15 -4.30277e-15 -4.40604e-15 -4.51016e-15 -4.61508e-15 -4.72076e-15 -4.82717e-15 -4.93424e-15 -5.04195e-15 -5.15025e-15 -5.25909e-15 -5.36842e-15 -5.4782e-15 -5.58838e-15 -5.69892e-15 -5.80976e-15 -5.92086e-15 -6.03217e-15 -6.14365e-15 -6.25524e-15 -6.36689e-15 -6.47857e-15 -6.59022e-15 -6.7018e-15 -6.81326e-15 -6.92456e-15 -7.03565e-15 -7.1465e-15 -7.25705e-15 -7.36727e-15 -7.47711e-15 -7.58654e-15 -7.69552e-15 -7.804e-15 -7.90395e-15 -8.01389e-15 -8.12479e-15 -8.23666e-15 -8.34948e-15 -8.46326e-15 -8.57798e-15 -8.69364e-15 -8.81024e-15 -8.92777e-15 -9.04623e-15 -9.1656e-15 -9.28589e-15 -9.40709e-15 -9.52918e-15 -9.65216e-15 -9.77602e-15 -9.90077e-15 -1.00264e-14 -1.01528e-14 -1.02802e-14 -1.04083e-14 -1.05373e-14 -1.06671e-14 -1.07978e-14 -1.09292e-14 -1.10614e-14 -1.11944e-14 -1.13282e-14 -1.14627e-14 -1.1598e-14 -1.17341e-14 -1.18708e-14 -1.20083e-14 -1.21465e-14 -1.22854e-14 -1.24249e-14 -1.25652e-14 -1.2706e-14 -1.28476e-14 -1.29897e-14 -1.31325e-14 -1.32759e-14 -1.34199e-14 -1.35644e-14 -1.37095e-14 -1.38552e-14 -1.40014e-14 -1.41481e-14 -1.42954e-14 -1.44431e-14 -1.45913e-14 -1.474e-14 -1.48892e-14 -1.50387e-14 -1.51887e-14 -1.53392e-14 -1.549e-14 -1.56412e-14 -1.57928e-14 -1.59447e-14 -1.60969e-14 -1.62495e-14 -1.64024e-14 -1.65556e-14 -1.67091e-14 -1.68628e-14 -1.70168e-14 -1.7171e-14 -1.73255e-14 -1.74801e-14 -1.7635e-14 -1.779e-14 -1.79452e-14 -1.81005e-14 -1.8256e-14 -1.84116e-14 -1.85673e-14 -1.87231e-14 -1.8879e-14 -1.9035e-14 -1.9191e-14 -1.9347e-14 -1.95031e-14 -1.96591e-14 -1.98152e-14 -1.99713e-14 -2.01273e-14 -2.02833e-14 -2.04392e-14 -2.05951e-14 -2.07508e-14 -2.09065e-14 -2.10621e-14 -2.12176e-14 -2.13729e-14 -2.15281e-14 -2.16831e-14 -2.1838e-14 -2.19926e-14 -2.21471e-14 -2.23014e-14 -2.24555e-14 -2.26093e-14 -2.27629e-14 -2.29163e-14 -2.30694e-14 -2.32222e-14 -2.33747e-14 -2.3527e-14 -2.3679e-14 -2.38306e-14 -2.39819e-14 -2.41329e-14 -2.42836e-14 -2.44339e-14 -2.45838e-14 -2.47334e-14 -2.48826e-14 -2.50314e-14 -2.51799e-14 -2.53279e-14 -2.54755e-14 -2.56227e-14 -2.57694e-14 -2.59158e-14 -2.60617e-14 -2.62071e-14 -2.63521e-14 -2.64966e-14 -2.66406e-14 -2.67842e-14 -2.69273e-14 -2.70699e-14 -2.72119e-14 -2.73535e-14 -2.74946e-14 -2.76352e-14 -2.77752e-14 -2.79147e-14 -2.80537e-14 -2.81921e-14 -2.833e-14 -2.84673e-14 -2.86041e-14 -2.87404e-14 -2.8876e-14 -2.90111e-14 -2.91457e-14 -2.92796e-14 -2.9413e-14 -2.95458e-14 -2.9678e-14 -2.98096e-14 -2.99406e-14 -3.0071e-14 -3.02008e-14 -3.033e-14 -3.04586e-14 -3.05866e-14 -3.0714e-14 -3.08408e-14 -3.09669e-14 -3.10925e-14 -3.12174e-14 -3.13416e-14 -3.14653e-14 -3.15883e-14 -3.17107e-14 -3.18325e-14 -3.19536e-14 -3.20741e-14 -3.21939e-14 -3.23132e-14 -3.24317e-14 -3.25497e-14 -3.2667e-14 -3.27836e-14 -3.28996e-14 -3.3015e-14 -3.31297e-14 -3.32438e-14 -3.33573e-14 -3.34701e-14 -3.35822e-14 -3.36937e-14 -3.38046e-14 -3.39148e-14 -3.40244e-14 -3.41333e-14 -3.42416e-14 -3.43492e-14 -3.44562e-14 -3.45626e-14 -3.46683e-14 -3.47733e-14 -3.48778e-14 -3.49816e-14 -3.50847e-14 -3.51872e-14 -3.52891e-14 -3.53903e-14 -3.54909e-14 -3.55909e-14 -3.56902e-14 -3.57889e-14 -3.5887e-14 -3.59845e-14 -3.60813e-14 -3.61775e-14 -3.6273e-14 -3.6368e-14 -3.64623e-14 -3.6556e-14 -3.66491e-14 -3.67416e-14 -3.68334e-14 -3.69247e-14 -3.70153e-14 -3.71053e-14 -3.71947e-14 -3.72836e-14 -3.73718e-14 -3.74594e-14 -3.75464e-14 -3.76328e-14 -3.77187e-14 -3.78039e-14 -3.78885e-14 -3.79726e-14 -3.80561e-14 -3.8139e-14 -3.82213e-14 -3.8303e-14 -3.83842e-14 -3.84648e-14 -3.85448e-14 -3.86242e-14 -3.87031e-14 -3.87814e-14 -3.88592e-14 -3.89364e-14 -3.9013e-14 -3.90891e-14 -3.91647e-14 -3.92397e-14 -3.93141e-14 -3.9388e-14 -3.94614e-14 -3.95342e-14 -3.96065e-14 -3.96783e-14 -3.97496e-14 -3.98203e-14 -3.98905e-14 -3.99601e-14 -3.99902e-14 -4.00597e-14 -4.01299e-14 -4.02007e-14 -4.02722e-14 -4.03443e-14 -4.04171e-14 -4.04906e-14 -4.05647e-14 -4.06395e-14 -4.0715e-14 -4.07912e-14 -4.08682e-14 -4.09458e-14 -4.10241e-14 -4.11032e-14 -4.1183e-14 -4.12635e-14 -4.13447e-14 -4.14267e-14 -4.15095e-14 -4.1593e-14 -4.16773e-14 -4.17624e-14 -4.18482e-14 -4.19349e-14 -4.20223e-14 -4.21105e-14 -4.21996e-14 -4.22894e-14 -4.23801e-14 -4.24716e-14 -4.2564e-14 -4.26572e-14 -4.27512e-14 -4.28461e-14 -4.29419e-14 -4.30385e-14 -4.31361e-14 -4.32345e-14 -4.33338e-14 -4.3434e-14 -4.35352e-14 -4.36372e-14 -4.37402e-14 -4.38441e-14 -4.3949e-14 -4.40548e-14 -4.41616e-14 -4.42694e-14 -4.43781e-14 -4.44878e-14 -4.45985e-14 -4.47102e-14 -4.48229e-14 -4.49366e-14 -4.50514e-14 -4.51672e-14 -4.5284e-14 -4.54019e-14 -4.55209e-14 -4.56409e-14 -4.5762e-14 -4.58842e-14 -4.60074e-14 -4.61318e-14 -4.62573e-14 -4.63839e-14 -4.65116e-14 -4.66405e-14 -4.67705e-14 -4.69017e-14 -4.70341e-14 -4.71676e-14 -4.73023e-14 -4.74382e-14 -4.75753e-14 -4.77136e-14 -4.78531e-14 -4.79939e-14 -4.81359e-14 -4.82791e-14 -4.84236e-14 -4.85694e-14 -4.87165e-14 -4.88648e-14 -4.90144e-14 -4.91653e-14 -4.93176e-14 -4.94711e-14 -4.9626e-14 -4.97822e-14 -4.99398e-14 -5.00987e-14 -5.0259e-14 -5.04207e-14 -5.05838e-14 -5.07482e-14 -5.09141e-14 -5.10813e-14 -5.125e-14 -5.14202e-14 -5.15917e-14 -5.17647e-14 -5.19392e-14 -5.21152e-14 -5.22926e-14 -5.24715e-14 -5.26519e-14 -5.28338e-14 -5.30172e-14 -5.32021e-14 -5.33886e-14 -5.35766e-14 -5.37662e-14 -5.39573e-14 -5.41499e-14 -5.43442e-14 -5.454e-14 -5.47374e-14 -5.49364e-14 -5.5137e-14 -5.53393e-14 -5.55431e-14 -5.57486e-14 -5.59557e-14 -5.61644e-14 -5.63748e-14 -5.65869e-14 -5.68006e-14 -5.7016e-14 -5.7233e-14 -5.74518e-14 -5.76722e-14 -5.78944e-14 -5.81182e-14 -5.83438e-14 -5.85711e-14 -5.88e-14 -5.90308e-14 -5.92632e-14 -5.94974e-14 -5.97333e-14 -5.9971e-14 -6.02105e-14 -6.04516e-14 -6.06946e-14 -6.09393e-14 -6.11858e-14 -6.1434e-14 -6.16841e-14 -6.19359e-14 -6.21895e-14 -6.24448e-14 -6.2702e-14 -6.29609e-14 -6.32217e-14 -6.34842e-14 -6.37485e-14 -6.40146e-14 -6.42825e-14 -6.45522e-14 -6.48237e-14 -6.5097e-14 -6.53721e-14 -6.5649e-14 -6.59276e-14 -6.62081e-14 -6.64903e-14 -6.67743e-14 -6.70601e-14 -6.73477e-14 -6.7637e-14 -6.79282e-14 -6.82211e-14 -6.85157e-14 -6.88121e-14 -6.91103e-14 -6.94102e-14 -6.97118e-14 -7.00152e-14 -7.03203e-14 -7.06271e-14 -7.09357e-14 -7.12459e-14 -7.15579e-14 -7.18715e-14 -7.21868e-14 -7.25037e-14 -7.28223e-14 -7.31426e-14 -7.34645e-14 -7.3788e-14 -7.41131e-14 -7.44399e-14 -7.47682e-14 -7.5098e-14 -7.54295e-14 -7.57624e-14 -7.60969e-14 -7.64329e-14 -7.67705e-14 -7.71094e-14 -7.74499e-14 -7.77918e-14 -7.81351e-14 -7.84798e-14 -7.88259e-14 -7.91734e-14 -7.95222e-14 -7.98724e-14 -8.02239e-14 -8.05766e-14 -8.09307e-14 -8.1286e-14 -8.16425e-14 -8.20002e-14 -8.2359e-14 -8.27191e-14 -8.30803e-14 -8.34425e-14 -8.38059e-14 -8.41703e-14 -8.45357e-14 -8.49022e-14 -8.52696e-14 -8.5638e-14 -8.60073e-14 -8.63775e-14 -8.67486e-14 -8.71205e-14 -8.74932e-14 -8.78667e-14 -8.8241e-14 -8.8616e-14 -8.89916e-14 -8.9368e-14 -8.9745e-14 -9.01226e-14 -9.05007e-14 -9.08794e-14 -9.12587e-14 -9.16384e-14 -9.20185e-14 -9.23991e-14 -9.27801e-14 -9.31614e-14 -9.3543e-14 -9.3925e-14 -9.43071e-14 -9.46896e-14 -9.50722e-14 -9.5455e-14 -9.58379e-14 -9.62209e-14 -9.6604e-14 -9.67702e-14 -9.71499e-14 -9.75348e-14 -9.7925e-14 -9.83205e-14 -9.87211e-14 -9.9127e-14 -9.9538e-14 -9.99542e-14 -1.00375e-13 -1.00802e-13 -1.01233e-13 -1.0167e-13 -1.02111e-13 -1.02557e-13 -1.03008e-13 -1.03464e-13 -1.03924e-13 -1.0439e-13 -1.04859e-13 -1.05333e-13 -1.05812e-13 -1.06294e-13 -1.06781e-13 -1.07272e-13 -1.07768e-13 -1.08266e-13 -1.08769e-13 -1.09276e-13 -1.09786e-13 -1.10299e-13 -1.10816e-13 -1.11336e-13 -1.11859e-13 -1.12385e-13 -1.12914e-13 -1.13446e-13 -1.1398e-13 -1.14517e-13 -1.15056e-13 -1.15598e-13 -1.16142e-13 -1.16688e-13 -1.17236e-13 -1.17786e-13 -1.18337e-13 -1.18891e-13 -1.19446e-13 -1.20003e-13 -1.20561e-13 -1.21121e-13 -1.21682e-13 -1.22245e-13 -1.22809e-13 -1.23375e-13 -1.23942e-13 -1.24511e-13 -1.25082e-13 -1.25654e-13 -1.26228e-13 -1.26804e-13 -1.27382e-13 -1.27962e-13 -1.28545e-13 -1.2913e-13 -1.29719e-13 -1.30311e-13 -1.30906e-13 -1.31505e-13 -1.32108e-13 -1.32716e-13 -1.33329e-13 -1.33948e-13 -1.34573e-13 -1.35205e-13 -1.35844e-13 -1.36492e-13 -1.37148e-13 -1.37814e-13 -1.3849e-13 -1.39178e-13 -1.39878e-13 -1.40592e-13 -1.4132e-13 -1.42064e-13 -1.42825e-13 -1.43605e-13 -1.44404e-13 -1.45225e-13 -1.46069e-13 -1.46937e-13 -1.47833e-13 -1.48757e-13 -1.49712e-13 -1.507e-13 -1.51723e-13 -1.52784e-13 -1.53886e-13 -1.55031e-13 -1.56222e-13 -1.57462e-13 -1.58754e-13 -1.6e-13
1000 4.22889e+14 8.3417e+14 1.23424e+15 1.62351e+15 2.00237e+15 2.37123e+15 2.73047e+15 3.08049e+15 3.42166e+15 3.75436e+15 4.07893e+15 4.39572e+15 4.70507e+15 5.00731e+15 5.30275e+15 5.59169e+15 5.87441e+15 6.15121e+15 6.42235e+15 6.68808e+15 6.94865e+15 7.20431e+15 7.45526e+15 7.70174e+15 7.94395e+15 8.18208e+15 8.41631e+15 8.64684e+15 8.87383e+15 9.09743e+15 9.3178e+15 9.53509e+15 9.74943e+15 9.96096e+15 1.01698e+16 1.0376e+16 1.05798e+16 1.07812e+16 1.09803e+16 1.11772e+16 1.1372e+16 1.15648e+16 1.17556e+16 1.19445e+16 1.21316e+16 1.23168e+16 1.25004e+16 1.26823e+16 1.28626e+16 1.30412e+16 1.32183e+16 1.33939e+16 1.35679e+16 1.37405e+16 1.39117e+16 1.40814e+16 1.42496e+16 1.44165e+16 1.4582e+16 1.47461e+16 1.49089e+16 1.50702e+16 1.52303e+16 1.53889e+16 1.55463e+16 1.57022e+16 1.58568e+16 1.60101e+16 1.6162e+16 1.63125e+16 1.64617e+16 1.66095e+16 1.6756e+16 1.6901e+16 1.70447e+16 1.7187e+16 1.73279e+16 1.74674e+16 1.76055e+16 1.77422e+16 1.78775e+16 1.80114e+16 1.81438e+16 1.82748e+16 1.84044e+16 1.85325e+16 1.86592e+16 1.87844e+16 1.89082e+16 1.90305e+16 1.91514e+16 1.92708e+16 1.93888e+16 1.95053e+16 1.96204e+16 1.97339e+16 1.98461e+16 1.99567e+16 2.00659e+16 2.01737e+16 2.028e+16 2.03771e+16 2.0483e+16 2.05889e+16 2.06949e+16 2.08008e+16 2.09067e+16 2.10126e+16 2.11185e+16 2.12243e+16 2.13302e+16 2.1436e+16 2.15418e+16 2.16476e+16 2.17533e+16 2.1859e+16 2.19646e+16 2.20702e+16 2.21757e+16 2.22812e+16 2.23866e+16 2.2492e+16 2.25973e+16 2.27025e+16 2.28077e+16 2.29128e+16 2.30177e+16 2.31226e+16 2.32274e+16 2.33322e+16 2.34368e+16 2.35413e+16 2.36457e+16 2.375e+16 2.38542e+16 2.39582e+16 2.40621e+16 2.41659e+16 2.42696e+16 2.43731e+16 2.44765e+16 2.45798e+16 2.46829e+16 2.47858e+16 2.48886e+16 2.49912e+16 2.50937e+16 2.5196e+16 2.52981e+16 2.54e+16 2.55018e+16 2.56033e+16 2.57047e+16 2.58059e+16 2.59069e+16 2.60077e+16 2.61083e+16 2.62086e+16 2.63088e+16 2.64087e+16 2.65085e+16 2.6608e+16 2.67072e+16 2.68063e+16 2.69051e+16 2.70036e+16 2.7102e+16 2.72001e+16 2.72979e+16 2.73955e+16 2.74928e+16 2.75899e+16 2.76867e+16 2.77832e+16 2.78795e+16 2.79755e+16 2.80712e+16 2.81666e+16 2.82618e+16 2.83567e+16 2.84513e+16 2.85456e+16 2.86396e+16 2.87333e+16 2.88267e+16 2.89198e+16 2.90126e+16 2.91051e+16 2.91973e+16 2.92892e+16 2.93808e+16 2.9472e+16 2.95629e+16 2.96535e+16 2.97438e+16 2.98338e+16 2.99234e+16 3.00127e+16 3.01017e+16 3.01903e+16 3.02786e+16 3.03666e+16 3.04542e+16 3.05415e+16 3.06284e+16 3.0715e+16 3.08012e+16 3.08871e+16 3.09726e+16 3.10578e+16 3.11426e+16 3.12271e+16 3.13112e+16 3.13949e+16 3.14783e+16 3.15614e+16 3.1644e+16 3.17263e+16 3.18083e+16 3.18898e+16 3.1971e+16 3.20519e+16 3.21323e+16 3.22124e+16 3.22921e+16 3.23715e+16 3.24504e+16 3.2529e+16 3.26073e+16 3.26851e+16 3.27626e+16 3.28397e+16 3.29164e+16 3.29927e+16 3.30687e+16 3.31443e+16 3.32195e+16 3.32943e+16 3.33687e+16 3.34428e+16 3.35165e+16 3.35898e+16 3.36627e+16 3.37352e+16 3.38074e+16 3.38791e+16 3.39505e+16 3.40215e+16 3.40922e+16 3.41624e+16 3.42323e+16 3.43017e+16 3.43708e+16 3.44396e+16 3.45079e+16 3.45758e+16 3.46434e+16 3.47106e+16 3.47774e+16 3.48439e+16 3.49099e+16 3.49756e+16 3.50409e+16 3.51058e+16 3.51704e+16 3.52345e+16 3.52983e+16 3.53617e+16 3.54248e+16 3.54874e+16 3.55497e+16 3.56116e+16 3.56732e+16 3.57344e+16 3.57952e+16 3.58556e+16 3.59157e+16 3.59754e+16 3.60347e+16 3.60937e+16 3.61523e+16 3.62105e+16 3.62684e+16 3.63259e+16 3.6383e+16 3.64398e+16 3.64963e+16 3.65523e+16 3.6608e+16 3.66634e+16 3.67184e+16 3.6773e+16 3.68273e+16 3.68813e+16 3.69349e+16 3.69881e+16 3.7041e+16 3.70935e+16 3.71457e+16 3.71976e+16 3.72491e+16 3.73003e+16 3.73511e+16 3.74016e+16 3.74517e+16 3.75015e+16 3.7551e+16 3.76002e+16 3.7649e+16 3.76974e+16 3.77456e+16 3.77934e+16 3.78409e+16 3.78881e+16 3.79349e+16 3.79814e+16 3.80276e+16 3.80735e+16 3.8119e+16 3.81643e+16 3.82092e+16 3.82538e+16 3.82981e+16 3.83421e+16 3.83857e+16 3.84291e+16 3.84722e+16 3.85149e+16 3.85573e+16 3.85995e+16 3.86413e+16 3.86829e+16 3.87241e+16 3.8765e+16 3.88057e+16 3.8846e+16 3.88861e+16 3.89259e+16 3.89654e+16 3.90045e+16 3.90435e+16 3.90821e+16 3.91204e+16 3.91585e+16 3.91962e+16 3.92337e+16 3.9271e+16 3.93079e+16 3.93446e+16 3.9381e+16 3.94171e+16 3.9453e+16 3.94886e+16 3.95239e+16 3.95589e+16 3.95937e+16 3.96283e+16 3.96432e+16 3.96776e+16 3.97124e+16 3.97475e+16 3.97829e+16 3.98186e+16 3.98547e+16 3.98911e+16 3.99278e+16 3.99648e+16 4.00022e+16 4.00399e+16 4.0078e+16 4.01164e+16 4.01552e+16 4.01943e+16 4.02338e+16 4.02737e+16 4.03139e+16 4.03544e+16 4.03954e+16 4.04367e+16 4.04784e+16 4.05205e+16 4.05629e+16 4.06058e+16 4.0649e+16 4.06926e+16 4.07367e+16 4.07811e+16 4.08259e+16 4.08712e+16 4.09168e+16 4.09629e+16 4.10094e+16 4.10563e+16 4.11036e+16 4.11514e+16 4.11996e+16 4.12482e+16 4.12973e+16 4.13468e+16 4.13968e+16 4.14473e+16 4.14981e+16 4.15495e+16 4.16013e+16 4.16536e+16 4.17064e+16 4.17596e+16 4.18134e+16 4.18676e+16 4.19223e+16 4.19775e+16 4.20332e+16 4.20894e+16 4.21462e+16 4.22034e+16 4.22612e+16 4.23194e+16 4.23783e+16 4.24376e+16 4.24975e+16 4.25579e+16 4.26189e+16 4.26804e+16 4.27425e+16 4.28051e+16 4.28683e+16 4.29321e+16 4.29964e+16 4.30614e+16 4.31269e+16 4.3193e+16 4.32597e+16 4.3327e+16 4.33949e+16 4.34635e+16 4.35326e+16 4.36024e+16 4.36728e+16 4.37438e+16 4.38155e+16 4.38878e+16 4.39607e+16 4.40344e+16 4.41086e+16 4.41836e+16 4.42592e+16 4.43355e+16 4.44125e+16 4.44901e+16 4.45685e+16 4.46476e+16 4.47273e+16 4.48078e+16 4.4889e+16 4.4971e+16 4.50536e+16 4.5137e+16 4.52212e+16 4.53061e+16 4.53917e+16 4.54781e+16 4.55653e+16 4.56532e+16 4.57419e+16 4.58315e+16 4.59218e+16 4.60129e+16 4.61048e+16 4.61975e+16 4.62911e+16 4.63854e+16 4.64806e+16 4.65767e+16 4.66736e+16 4.67713e+16 4.68699e+16 4.69694e+16 4.70697e+16 4.71709e+16 4.7273e+16 4.7376e+16 4.74799e+16 4.75847e+16 4.76904e+16 4.7797e+16 4.79046e+16 4.80131e+16 4.81225e+16 4.82329e+16 4.83442e+16 4.84565e+16 4.85698e+16 4.8684e+16 4.87993e+16 4.89155e+16 4.90327e+16 4.91509e+16 4.92702e+16 4.93904e+16 4.95117e+16 4.9634e+16 4.97574e+16 4.98818e+16 5.00072e+16 5.01337e+16 5.02613e+16 5.039e+16 5.05197e+16 5.06506e+16 5.07825e+16 5.09156e+16 5.10497e+16 5.1185e+16 5.13214e+16 5.14589e+16 5.15976e+16 5.17374e+16 5.18784e+16 5.20205e+16 5.21638e+16 5.23083e+16 5.24539e+16 5.26008e+16 5.27488e+16 5.28981e+16 5.30485e+16 5.32002e+16 5.33531e+16 5.35072e+16 5.36625e+16 5.38191e+16 5.3977e+16 5.41361e+16 5.42964e+16 5.4458e+16 5.46209e+16 5.47851e+16 5.49505e+16 5.51173e+16 5.52853e+16 5.54546e+16 5.56253e+16 5.57972e+16 5.59705e+16 5.6145e+16 5.63209e+16 5.64982e+16 5.66767e+16 5.68566e+16 5.70379e+16 5.72205e+16 5.74044e+16 5.75897e+16 5.77764e+16 5.79644e+16 5.81538e+16 5.83445e+16 5.85367e+16 5.87302e+16 5.8925e+16 5.91213e+16 5.93189e+16 5.95179e+16 5.97183e+16 5.99201e+16 6.01233e+16 6.03278e+16 6.05338e+16 6.07411e+16 6.09498e+16 6.11599e+16 6.13714e+16 6.15843e+16 6.17986e+16 6.20142e+16 6.22313e+16 6.24497e+16 6.26695e+16 6.28906e+16 6.31132e+16 6.33371e+16 6.35623e+16 6.3789e+16 6.40169e+16 6.42463e+16 6.4477e+16 6.4709e+16 6.49423e+16 6.5177e+16 6.5413e+16 6.56503e+16 6.5889e+16 6.61289e+16 6.63701e+16 6.66125e+16 6.68563e+16 6.71013e+16 6.73475e+16 6.7595e+16 6.78437e+16 6.80937e+16 6.83448e+16 6.85971e+16 6.88506e+16 6.91052e+16 6.9361e+16 6.96179e+16 6.98759e+16 7.0135e+16 7.03952e+16 7.06564e+16 7.09187e+16 7.1182e+16 7.12965e+16 7.15589e+16 7.18258e+16 7.20974e+16 7.23737e+16 7.26547e+16 7.29404e+16 7.32309e+16 7.35262e+16 7.38263e+16 7.41312e+16 7.44409e+16 7.47554e+16 7.50747e+16 7.53989e+16 7.57279e+16 7.60616e+16 7.64001e+16 7.67434e+16 7.70913e+16 7.7444e+16 7.78012e+16 7.8163e+16 7.85292e+16 7.88999e+16 7.92749e+16 7.96541e+16 8.00375e+16 8.0425e+16 8.08163e+16 8.12114e+16 8.16102e+16 8.20124e+16 8.2418e+16 8.28267e+16 8.32384e+16 8.36529e+16 8.40699e+16 8.44892e+16 8.49107e+16 8.5334e+16 8.57589e+16 8.61851e+16 8.66123e+16 8.70402e+16 8.74686e+16 8.7897e+16 8.83251e+16 8.87527e+16 8.91792e+16 8.96044e+16 9.00278e+16 9.0449e+16 9.08677e+16 9.12833e+16 9.16956e+16 9.21039e+16 9.25079e+16 9.29071e+16 9.3301e+16 9.36893e+16 9.40712e+16 9.44466e+16 9.48147e+16 9.51752e+16 9.55275e+16 9.58712e+16 9.62059e+16 9.6531e+16 9.6846e+16 9.71506e+16 9.74443e+16 9.77266e+16 9.79972e+16 9.82557e+16 9.85015e+16 9.87346e+16 9.89544e+16 9.91606e+16 9.93531e+16 9.95315e+16 9.96956e+16 9.98452e+16 9.99803e+16 1.00101e+17 1.00206e+17 1.00297e+17 1.00373e+17 1.00434e+17 1.00481e+17 1.00514e+17 1.00533e+17 1.00538e+17 1.0053e+17 1.00509e+17 1.00476e+17 1.00432e+17 1.00378e+17 1.00315e+17 1.00243e+17 1.00164e+17 1.00081e+17 1e+17
1000 1.8754e+13 3.72869e+13 5.56021e+13 7.37062e+13 9.16079e+13 1.09318e+14 1.26849e+14 1.44214e+14 1.61428e+14 1.78506e+14 1.95463e+14 2.12315e+14 2.29078e+14 2.45769e+14 2.62403e+14 2.78996e+14 2.95564e+14 3.12122e+14 3.28685e+14 3.45269e+14 3.61886e+14 3.7855e+14 3.95276e+14 4.12074e+14 4.28958e+14 4.45939e+14 4.63028e+14 4.80234e+14 4.97568e+14 5.15038e+14 5.32654e+14 5.50422e+14 5.68349e+14 5.86443e+14 6.04708e+14 6.23151e+14 6.41775e+14 6.60584e+14 6.79582e+14 6.9877e+14 7.18152e+14 7.37728e+14 7.575e+14 7.77466e+14 7.97628e+14 8.17984e+14 8.38532e+14 8.5927e+14 8.80196e+14 9.01308e+14 9.226e+14 9.4407e+14 9.65713e+14 9.87524e+14 1.0095e+15 1.03163e+15 1.05391e+15 1.07634e+15 1.0989e+15 1.1216e+15 1.14442e+15 1.16736e+15 1.19041e+15 1.21355e+15 1.2368e+15 1.26012e+15 1.28352e+15 1.30699e+15 1.33052e+15 1.3541e+15 1.37772e+15 1.40138e+15 1.42506e+15 1.44875e+15 1.47245e+15 1.49615e+15 1.51984e+15 1.5435e+15 1.56714e+15 1.59074e+15 1.6143e+15 1.6378e+15 1.66124e+15 1.68461e+15 1.7079e+15 1.73111e+15 1.75423e+15 1.77724e+15 1.80014e+15 1.82294e+15 1.84561e+15 1.86815e+15 1.89055e+15 1.91282e+15 1.93494e+15 1.95691e+15 1.97872e+15 2.00036e+15 2.02184e+15 2.04315e+15 2.06428e+15 2.08367e+15 2.10493e+15 2.12629e+15 2.14776e+15 2.16933e+15 2.19101e+15 2.21279e+15 2.23466e+15 2.25664e+15 2.27871e+15 2.30088e+15 2.32315e+15 2.34551e+15 2.36796e+15 2.3905e+15 2.41312e+15 2.43584e+15 2.45864e+15 2.48153e+15 2.5045e+15 2.52755e+15 2.55068e+15 2.57389e+15 2.59717e+15 2.62053e+15 2.64396e+15 2.66747e+15 2.69104e+15 2.71468e+15 2.73839e+15 2.76217e+15 2.786e+15 2.8099e+15 2.83386e+15 2.85788e+15 2.88195e+15 2.90607e+15 2.93025e+15 2.95448e+15 2.97877e+15 3.00309e+15 3.02747e+15 3.05188e+15 3.07634e+15 3.10084e+15 3.12538e+15 3.14996e+15 3.17457e+15 3.19922e+15 3.22389e+15 3.2486e+15 3.27333e+15 3.2981e+15 3.32288e+15 3.34769e+15 3.37252e+15 3.39737e+15 3.42224e+15 3.44712e+15 3.47202e+15 3.49693e+15 3.52185e+15 3.54677e+15 3.57171e+15 3.59665e+15 3.6216e+15 3.64655e+15 3.6715e+15 3.69644e+15 3.72139e+15 3.74633e+15 3.77126e+15 3.79619e+15 3.82111e+15 3.84601e+15 3.87091e+15 3.89579e+15 3.92065e+15 3.9455e+15 3.97032e+15 3.99513e+15 4.01992e+15 4.04468e+15 4.06941e+15 4.09412e+15 4.11881e+15 4.14346e+15 4.16808e+15 4.19267e+15 4.21723e+15 4.24175e+15 4.26624e+15 4.29068e+15 4.31509e+15 4.33946e+15 4.36379e+15 4.38807e+15 4.41231e+15 4.4365e+15 4.46064e+15 4.48474e+15 4.50879e+15 4.53279e+15 4.55673e+15 4.58062e+15 4.60446e+15 4.62824e+15 4.65197e+15 4.67564e+15 4.69925e+15 4.7228e+15 4.74629e+15 4.76972e+15 4.79308e+15 4.81638e+15 4.83962e+15 4.86279e+15 4.88589e+15 4.90893e+15 4.93189e+15 4.95479e+15 4.97762e+15 5.00037e+15 5.02306e+15 5.04567e+15 5.0682e+15 5.09066e+15 5.11305e+15 5.13536e+15 5.15759e+15 5.17975e+15 5.20182e+15 5.22382e+15 5.24574e+15 5.26757e+15 5.28933e+15 5.311e+15 5.3326e+15 5.3541e+15 5.37553e+15 5.39687e+15 5.41813e+15 5.4393e+15 5.46038e+15 5.48138e+15 5.50229e+15 5.52312e+15 5.54385e+15 5.5645e+15 5.58506e+15 5.60553e+15 5.62591e+15 5.6462e+15 5.6664e+15 5.68651e+15 5.70653e+15 5.72646e+15 5.7463e+15 5.76604e+15 5.78569e+15 5.80525e+15 5.82472e+15 5.84409e+15 5.86338e+15 5.88256e+15 5.90166e+15 5.92066e+15 5.93956e+15 5.95837e+15 5.97709e+15 5.99571e+15 6.01424e+15 6.03267e+15 6.05101e+15 6.06925e+15 6.0874e+15 6.10545e+15 6.12341e+15 6.14127e+15 6.15903e+15 6.1767e+15 6.19428e+15 6.21176e+15 6.22914e+15 6.24643e+15 6.26362e+15 6.28072e+15 6.29772e+15 6.31463e+15 6.33144e+15 6.34815e+15 6.36477e+15 6.3813e+15 6.39773e+15 6.41406e+15 6.4303e+15 6.44645e+15 6.4625e+15 6.47845e+15 6.49432e+15 6.51008e+15 6.52576e+15 6.54133e+15 6.55682e+15 6.57221e+15 6.58751e+15 6.60271e+15 6.61783e+15 6.63284e+15 6.64777e+15 6.6626e+15 6.67735e+15 6.69199e+15 6.70655e+15 6.72102e+15 6.73539e+15 6.74968e+15 6.76387e+15 6.77797e+15 6.79198e+15 6.8059e+15 6.81973e+15 6.83348e+15 6.84713e+15 6.86069e+15 6.87417e+15 6.88755e+15 6.90085e+15 6.91406e+15 6.92719e+15 6.94022e+15 6.95317e+15 6.96603e+15 6.97881e+15 6.9915e+15 7.00411e+15 7.01662e+15 7.02906e+15 7.04141e+15 7.05367e+15 7.06586e+15 7.07795e+15 7.08997e+15 7.1019e+15 7.11375e+15 7.12552e+15 7.1372e+15 7.14881e+15 7.16033e+15 7.17177e+15 7.18314e+15 7.19442e+15 7.20562e+15 7.21674e+15 7.22779e+15 7.23875e+15 7.24349e+15 7.25444e+15 7.2655e+15 7.27667e+15 7.28796e+15 7.29936e+15 7.31088e+15 7.32252e+15 7.33427e+15 7.34615e+15 7.35815e+15 7.37027e+15 7.38251e+15 7.39488e+15 7.40738e+15 7.42001e+15 7.43277e+15 7.44566e+15 7.45868e+15 7.47183e+15 7.48513e+15 7.49856e+15 7.51213e+15 7.52584e+15 7.53969e+15 7.55369e+15 7.56783e+15 7.58212e+15 7.59656e+15 7.61115e+15 7.62589e+15 7.64079e+15 7.65585e+15 7.67106e+15 7.68643e+15 7.70196e+15 7.71766e+15 7.73352e+15 7.74955e+15 7.76574e+15 7.78211e+15 7.79866e+15 7.81537e+15 7.83227e+15 7.84934e+15 7.8666e+15 7.88404e+15 7.90166e+15 7.91948e+15 7.93748e+15 7.95568e+15 7.97407e+15 7.99266e+15 8.01145e+15 8.03044e+15 8.04963e+15 8.06903e+15 8.08864e+15 8.10846e+15 8.1285e+15 8.14875e+15 8.16923e+15 8.18992e+15 8.21084e+15 8.23199e+15 8.25337e+15 8.27498e+15 8.29683e+15 8.31892e+15 8.34125e+15 8.36382e+15 8.38664e+15 8.40971e+15 8.43304e+15 8.45662e+15 8.48047e+15 8.50458e+15 8.52895e+15 8.5536e+15 8.57852e+15 8.60371e+15 8.62919e+15 8.65495e+15 8.681e+15 8.70733e+15 8.73397e+15 8.7609e+15 8.78814e+15 8.81568e+15 8.84353e+15 8.87169e+15 8.90018e+15 8.92898e+15 8.95812e+15 8.98758e+15 9.01738e+15 9.04751e+15 9.07799e+15 9.10882e+15 9.14e+15 9.17153e+15 9.20343e+15 9.23569e+15 9.26833e+15 9.30134e+15 9.33473e+15 9.3685e+15 9.40267e+15 9.43723e+15 9.47219e+15 9.50756e+15 9.54334e+15 9.57954e+15 9.61616e+15 9.65321e+15 9.69069e+15 9.72861e+15 9.76698e+15 9.8058e+15 9.84507e+15 9.88481e+15 9.92502e+15 9.9657e+15 1.00069e+16 1.00485e+16 1.00907e+16 1.01333e+16 1.01765e+16 1.02202e+16 1.02644e+16 1.03091e+16 1.03544e+16 1.04002e+16 1.04465e+16 1.04934e+16 1.05409e+16 1.0589e+16 1.06376e+16 1.06869e+16 1.07367e+16 1.07871e+16 1.08382e+16 1.08899e+16 1.09422e+16 1.09951e+16 1.10487e+16 1.1103e+16 1.11579e+16 1.12135e+16 1.12698e+16 1.13268e+16 1.13845e+16 1.14429e+16 1.15021e+16 1.15619e+16 1.16226e+16 1.16839e+16 1.17461e+16 1.1809e+16 1.18727e+16 1.19372e+16 1.20026e+16 1.20687e+16 1.21357e+16 1.22035e+16 1.22722e+16 1.23418e+16 1.24122e+16 1.24835e+16 1.25558e+16 1.26289e+16 1.2703e+16 1.27781e+16 1.28541e+16 1.29311e+16 1.30091e+16 1.3088e+16 1.3168e+16 1.3249e+16 1.33311e+16 1.34143e+16 1.34985e+16 1.35838e+16 1.36702e+16 1.37577e+16 1.38464e+16 1.39362e+16 1.40272e+16 1.41194e+16 1.42128e+16 1.43074e+16 1.44032e+16 1.45004e+16 1.45987e+16 1.46984e+16 1.47994e+16 1.49018e+16 1.50054e+16 1.51105e+16 1.52169e+16 1.53248e+16 1.54341e+16 1.55448e+16 1.5657e+16 1.57707e+16 1.58859e+16 1.60026e+16 1.61209e+16 1.62408e+16 1.63622e+16 1.64853e+16 1.66101e+16 1.67365e+16 1.68646e+16 1.69944e+16 1.71259e+16 1.72592e+16 1.73943e+16 1.75312e+16 1.767e+16 1.78106e+16 1.79531e+16 1.80975e+16 1.82439e+16 1.83922e+16 1.85425e+16 1.86949e+16 1.88492e+16 1.90057e+16 1.91643e+16 1.9325e+16 1.94878e+16 1.96529e+16 1.98202e+16 1.99897e+16 2.01615e+16 2.03356e+16 2.0512e+16 2.06908e+16 2.0872e+16 2.10556e+16 2.12417e+16 2.14303e+16 2.16214e+16 2.1815e+16 2.20113e+16 2.22101e+16 2.24116e+16 2.26158e+16 2.28227e+16 2.30323e+16 2.32448e+16 2.346e+16 2.3678e+16 2.3899e+16 2.41228e+16 2.42209e+16 2.44469e+16 2.46791e+16 2.49175e+16 2.51625e+16 2.54141e+16 2.56725e+16 2.59381e+16 2.62108e+16 2.6491e+16 2.67788e+16 2.70745e+16 2.73783e+16 2.76904e+16 2.80109e+16 2.83403e+16 2.86786e+16 2.90261e+16 2.9383e+16 2.97497e+16 3.01264e+16 3.05132e+16 3.09105e+16 3.13185e+16 3.17376e+16 3.21678e+16 3.26096e+16 3.30632e+16 3.35288e+16 3.40068e+16 3.44974e+16 3.50008e+16 3.55173e+16 3.60473e+16 3.65909e+16 3.71484e+16 3.77201e+16 3.83061e+16 3.89068e+16 3.95224e+16 4.01531e+16 4.0799e+16 4.14605e+16 4.21376e+16 4.28305e+16 4.35393e+16 4.42642e+16 4.50053e+16 4.57626e+16 4.65362e+16 4.73261e+16 4.81323e+16 4.89547e+16 4.97932e+16 5.06479e+16 5.15183e+16 5.24045e+16 5.33061e+16 5.42229e+16 5.51544e+16 5.61004e+16 5.70605e+16 5.8034e+16 5.90206e+16 6.00196e+16 6.10304e+16 6.20523e+16 6.30845e+16 6.41264e+16 6.51771e+16 6.62358e+16 6.73014e+16 6.83732e+16 6.94501e+16 7.05311e+16 7.16153e+16 7.27016e+16 7.37891e+16 7.48766e+16 7.59633e+16 7.70481e+16 7.81302e+16 7.92087e+16 8.02828e+16 8.13518e+16 8.24151e+16 8.34722e+16 8.45229e+16 8.5567e+16 8.66045e+16 8.76357e+16 8.8661e+16 8.96814e+16 9.06978e+16 9.17119e+16 9.27254e+16 9.37408e+16 9.4761e+16 9.57895e+16 9.68305e+16 9.78891e+16 9.89712e+16 1e+17
0 67.3776 132.365 195.077 255.624 314.113 370.646 425.318 478.222 529.446 579.073 627.181 673.846 719.137 763.122 805.864 847.422 887.854 927.212 965.547 1002.91 1039.34 1074.88 1109.57 1143.46 1176.56 1208.93 1240.59 1271.57 1301.9 1331.61 1360.71 1389.24 1417.21 1444.65 1471.57 1498 1523.94 1549.43 1574.46 1599.06 1623.24 1647 1670.37 1693.35 1715.95 1738.18 1760.06 1781.58 1802.75 1823.59 1844.09 1864.27 1884.13 1903.67 1922.9 1941.83 1960.46 1978.79 1996.83 2014.58 2032.05 2049.23 2066.13 2082.76 2099.11 2115.2 2131.01 2146.56 2161.85 2176.89 2191.66 2206.18 2220.45 2234.46 2248.24 2261.76 2275.05 2288.1 2300.9 2313.48 2325.82 2337.94 2349.83 2361.49 2372.93 2384.16 2395.17 2405.96 2416.55 2426.93 2437.1 2447.07 2456.84 2466.42 2475.8 2484.99 2493.99 2502.81 2511.45 2519.9 2528.18 2535.69 2543.82 2551.9 2559.9 2567.85 2575.74 2583.56 2591.32 2599.02 2606.66 2614.23 2621.75 2629.2 2636.58 2643.91 2651.17 2658.36 2665.5 2672.57 2679.58 2686.52 2693.41 2700.23 2706.98 2713.67 2720.3 2726.87 2733.37 2739.81 2746.19 2752.5 2758.75 2764.94 2771.07 2777.13 2783.13 2789.07 2794.94 2800.75 2806.51 2812.2 2817.82 2823.39 2828.9 2834.34 2839.72 2845.05 2850.31 2855.51 2860.65 2865.73 2870.76 2875.72 2880.63 2885.47 2890.26 2894.99 2899.66 2904.28 2908.83 2913.33 2917.78 2922.17 2926.5 2930.77 2935 2939.16 2943.27 2947.33 2951.34 2955.29 2959.19 2963.03 2966.82 2970.57 2974.26 2977.89 2981.48 2985.02 2988.51 2991.95 2995.34 2998.68 3001.97 3005.22 3008.42 3011.57 3014.67 3017.73 3020.74 3023.71 3026.64 3029.51 3032.35 3035.14 3037.89 3040.59 3043.26 3045.88 3048.46 3051 3053.5 3055.96 3058.38 3060.76 3063.1 3065.41 3067.67 3069.9 3072.09 3074.25 3076.37 3078.45 3080.5 3082.51 3084.49 3086.43 3088.34 3090.22 3092.07 3093.88 3095.66 3097.41 3099.13 3100.82 3102.47 3104.1 3105.7 3107.27 3108.81 3110.32 3111.8 3113.26 3114.68 3116.09 3117.46 3118.81 3120.13 3121.43 3122.7 3123.95 3125.17 3126.37 3127.55 3128.7 3129.83 3130.94 3132.02 3133.09 3134.13 3135.15 3136.15 3137.13 3138.08 3139.02 3139.94 3140.84 3141.72 3142.58 3143.42 3144.25 3145.05 3145.84 3146.61 3147.37 3148.11 3148.83 3149.53 3150.22 3150.89 3151.55 3152.19 3152.82 3153.43 3154.03 3154.61 3155.18 3155.74 3156.28 3156.81 3157.33 3157.83 3158.32 3158.8 3159.27 3159.72 3160.16 3160.59 3161.01 3161.42 3161.82 3162.21 3162.59 3162.95 3163.31 3163.65 3163.99 3164.32 3164.63 3164.94 3165.24 3165.53 3165.81 3166.09 3166.35 3166.61 3166.85 3167.1 3167.33 3167.55 3167.77 3167.98 3168.18 3168.38 3168.57 3168.75 3168.93 3169.1 3169.26 3169.41 3169.57 3169.71 3169.85 3169.98 3170.11 3170.23 3170.35 3170.46 3170.56 3170.67 3170.76 3170.85 3170.94 3171.02 3171.1 3171.17 3171.24 3171.3 3171.36 3171.42 3171.47 3171.52 3171.57 3171.61 3171.64 3171.68 3171.71 3171.74 3171.76 3171.78 3171.8 3171.81 3171.82 3171.83 3171.84 3171.84 3171.84 3171.84 3171.84 3171.83 3171.82 3171.81 3171.79 3171.77 3171.75 3171.73 3171.7 3171.67 3171.63 3171.59 3171.55 3171.51 3171.46 3171.4 3171.35 3171.28 3171.22 3171.15 3171.07 3170.99 3170.91 3170.82 3170.73 3170.63 3170.53 3170.42 3170.31 3170.19 3170.06 3169.93 3169.8 3169.66 3169.51 3169.36 3169.2 3169.03 3168.86 3168.68 3168.5 3168.31 3168.11 3167.9 3167.69 3167.47 3167.24 3167 3166.76 3166.51 3166.25 3165.98 3165.7 3165.42 3165.12 3164.82 3164.51 3164.19 3163.85 3163.51 3163.16 3162.8 3162.43 3162.05 3161.66 3161.25 3160.84 3160.42 3159.98 3159.53 3159.07 3158.6 3158.11 3157.62 3157.11 3156.59 3156.05 3155.5 3154.94 3154.36 3153.77 3153.17 3152.55 3151.91 3151.26 3150.6 3149.92 3149.22 3148.51 3147.78 3147.03 3146.27 3145.49 3144.69 3143.88 3143.04 3142.19 3141.32 3140.43 3139.52 3138.6 3137.65 3136.68 3135.69 3134.68 3133.65 3132.6 3131.52 3130.43 3129.31 3128.17 3127 3125.82 3124.6 3123.37 3122.11 3120.82 3119.51 3118.17 3116.81 3115.42 3114.01 3112.57 3111.1 3109.6 3108.07 3106.52 3104.93 3103.32 3101.68 3100 3098.3 3096.57 3094.8 3093 3091.17 3089.31 3087.42 3085.49 3083.52 3081.53 3079.5 3077.43 3075.33 3073.19 3071.01 3068.8 3066.55 3064.27 3061.94 3059.58 3057.18 3054.74 3052.26 3049.74 3047.17 3044.57 3041.93 3039.24 3036.51 3033.74 3030.93 3028.07 3025.16 3022.22 3019.22 3016.19 3013.1 3009.97 3006.8 3003.57 3000.3 2996.98 2993.61 2990.2 2986.73 2983.22 2979.65 2976.03 2972.37 2968.65 2964.88 2961.06 2957.18 2953.26 2949.28 2945.24 2941.15 2937.01 2932.82 2928.56 2924.26 2919.89 2915.47 2911 2906.47 2901.88 2897.23 2892.53 2887.76 2882.94 2878.07 2873.13 2868.13 2863.08 2857.96 2852.78 2847.55 2842.25 2836.9 2831.48 2826 2820.46 2814.86 2809.2 2803.47 2797.69 2791.84 2785.93 2779.95 2773.92 2767.82 2761.66 2755.44 2749.15 2742.8 2736.39 2729.91 2723.37 2716.77 2710.11 2703.38 2696.59 2689.73 2682.82 2675.83 2668.79 2661.68 2654.51 2647.28 2639.98 2632.62 2625.2 2617.71 2610.17 2602.55 2594.88 2587.15 2579.35 2571.49 2563.57 2555.59 2547.54 2539.44 2535.9 2527.78 2519.48 2511.01 2502.36 2493.53 2484.51 2475.31 2465.91 2456.32 2446.53 2436.55 2426.36 2415.96 2405.36 2394.55 2383.52 2372.28 2360.82 2349.14 2337.23 2325.1 2312.74 2300.14 2287.31 2274.25 2260.94 2247.4 2233.61 2219.57 2205.28 2190.74 2175.95 2160.89 2145.58 2130.01 2114.17 2098.06 2081.69 2065.04 2048.11 2030.91 2013.42 1995.65 1977.58 1959.23 1940.58 1921.62 1902.36 1882.79 1862.91 1842.71 1822.18 1801.31 1780.11 1758.56 1736.66 1714.4 1691.77 1668.76 1645.36 1621.56 1597.35 1572.72 1547.65 1522.13 1496.14 1469.68 1442.72 1415.24 1387.22 1358.65 1329.5 1299.75 1269.37 1238.34 1206.62 1174.2 1141.03 1107.08 1072.33 1036.72 1000.22 962.785 924.373 884.934 844.418 802.771 759.936 715.853 670.46 623.687 575.466 525.72 474.371 421.336 366.525 309.848 251.206 190.498 127.617 62.452 0
1.6e-13 1.58656e-13 1.57368e-13 1.56132e-13 1.54944e-13 1.53803e-13 1.52704e-13 1.51646e-13 1.50626e-13 1.4964e-13 1.48688e-13 1.47766e-13 1.46873e-13 1.46006e-13 1.45164e-13 1.44345e-13 1.43547e-13 1.42769e-13 1.42009e-13 1.41267e-13 1.4054e-13 1.39827e-13 1.39128e-13 1.38441e-13 1.37765e-13 1.371e-13 1.36445e-13 1.35798e-13 1.3516e-13 1.34528e-13 1.33904e-13 1.33286e-13 1.32673e-13 1.32065e-13 1.31462e-13 1.30864e-13 1.30269e-13 1.29678e-13 1.2909e-13 1.28504e-13 1.27922e-13 1.27342e-13 1.26764e-13 1.26188e-13 1.25615e-13 1.25043e-13 1.24472e-13 1.23904e-13 1.23337e-13 1.22771e-13 1.22207e-13 1.21644e-13 1.21083e-13 1.20524e-13 1.19966e-13 1.19409e-13 1.18854e-13 1.18301e-13 1.1775e-13 1.172e-13 1.16652e-13 1.16107e-13 1.15563e-13 1.15022e-13 1.14483e-13 1.13946e-13 1.13412e-13 1.12881e-13 1.12352e-13 1.11826e-13 1.11304e-13 1.10784e-13 1.10268e-13 1.09755e-13 1.09245e-13 1.08739e-13 1.08237e-13 1.07738e-13 1.07243e-13 1.06753e-13 1.06266e-13 1.05784e-13 1.05306e-13 1.04832e-13 1.04363e-13 1.03899e-13 1.03439e-13 1.02983e-13 1.02533e-13 1.02087e-13 1.01646e-13 1.0121e-13 1.00779e-13 1.00353e-13 9.99326e-14 9.95169e-14 9.91064e-14 9.8701e-14 9.83009e-14 9.79059e-14 9.75162e-14 9.71318e-14 9.67806e-14 9.63976e-14 9.60147e-14 9.56318e-14 9.52491e-14 9.48665e-14 9.44841e-14 9.41019e-14 9.37199e-14 9.33383e-14 9.29569e-14 9.25759e-14 9.21952e-14 9.1815e-14 9.14352e-14 9.10558e-14 9.0677e-14 9.02987e-14 8.99209e-14 8.95438e-14 8.91673e-14 8.87914e-14 8.84162e-14 8.80417e-14 8.7668e-14 8.7295e-14 8.69228e-14 8.65515e-14 8.6181e-14 8.58114e-14 8.54427e-14 8.50749e-14 8.47082e-14 8.43424e-14 8.39776e-14 8.36139e-14 8.32512e-14 8.28896e-14 8.25292e-14 8.21699e-14 8.18117e-14 8.14548e-14 8.10991e-14 8.07446e-14 8.03913e-14 8.00394e-14 7.96887e-14 7.93394e-14 7.89914e-14 7.86448e-14 7.82995e-14 7.79557e-14 7.76132e-14 7.72722e-14 7.69327e-14 7.65946e-14 7.6258e-14 7.5923e-14 7.55894e-14 7.52574e-14 7.49269e-14 7.4598e-14 7.42706e-14 7.39449e-14 7.36207e-14 7.32982e-14 7.29773e-14 7.2658e-14 7.23404e-14 7.20245e-14 7.17102e-14 7.13976e-14 7.10867e-14 7.07775e-14 7.04699e-14 7.01642e-14 6.98601e-14 6.95577e-14 6.92571e-14 6.89583e-14 6.86612e-14 6.83658e-14 6.80722e-14 6.77804e-14 6.74903e-14 6.7202e-14 6.69155e-14 6.66307e-14 6.63478e-14 6.60666e-14 6.57872e-14 6.55096e-14 6.52338e-14 6.49598e-14 6.46876e-14 6.44171e-14 6.41485e-14 6.38817e-14 6.36166e-14 6.33533e-14 6.30919e-14 6.28322e-14 6.25743e-14 6.23182e-14 6.20639e-14 6.18113e-14 6.15605e-14 6.13116e-14 6.10643e-14 6.08189e-14 6.05752e-14 6.03333e-14 6.00931e-14 5.98547e-14 5.96181e-14 5.93832e-14 5.915e-14 5.89185e-14 5.86888e-14 5.84608e-14 5.82346e-14 5.801e-14 5.77872e-14 5.7566e-14 5.73465e-14 5.71288e-14 5.69127e-14 5.66983e-14 5.64855e-14 5.62744e-14 5.6065e-14 5.58572e-14 5.5651e-14 5.54465e-14 5.52436e-14 5.50423e-14 5.48426e-14 5.46446e-14 5.44481e-14 5.42532e-14 5.40598e-14 5.38681e-14 5.36779e-14 5.34892e-14 5.33021e-14 5.31165e-14 5.29324e-14 5.27499e-14 5.25689e-14 5.23893e-14 5.22113e-14 5.20347e-14 5.18596e-14 5.1686e-14 5.15138e-14 5.1343e-14 5.11737e-14 5.10059e-14 5.08394e-14 5.06744e-14 5.05107e-14 5.03484e-14 5.01876e-14 5.0028e-14 4.98699e-14 4.97131e-14 4.95576e-14 4.94035e-14 4.92507e-14 4.90992e-14 4.89491e-14 4.88002e-14 4.86526e-14 4.85063e-14 4.83612e-14 4.82175e-14 4.80749e-14 4.79336e-14 4.77936e-14 4.76547e-14 4.75171e-14 4.73807e-14 4.72455e-14 4.71115e-14 4.69786e-14 4.68469e-14 4.67164e-14 4.6587e-14 4.64588e-14 4.63317e-14 4.62057e-14 4.60809e-14 4.59571e-14 4.58345e-14 4.57129e-14 4.55924e-14 4.5473e-14 4.53547e-14 4.52374e-14 4.51212e-14 4.5006e-14 4.48918e-14 4.47786e-14 4.46665e-14 4.45554e-14 4.44452e-14 4.43361e-14 4.42279e-14 4.41207e-14 4.40145e-14 4.39092e-14 4.38049e-14 4.37015e-14 4.3599e-14 4.34975e-14 4.33969e-14 4.32971e-14 4.31983e-14 4.31004e-14 4.30034e-14 4.29072e-14 4.28119e-14 4.27175e-14 4.2624e-14 4.25312e-14 4.24394e-14 4.23483e-14 4.22581e-14 4.21687e-14 4.20801e-14 4.19924e-14 4.19054e-14 4.18192e-14 4.17338e-14 4.16491e-14 4.15653e-14 4.14822e-14 4.13999e-14 4.13183e-14 4.12374e-14 4.11573e-14 4.10779e-14 4.09993e-14 4.09214e-14 4.08441e-14 4.07676e-14 4.06918e-14 4.06167e-14 4.05422e-14 4.04685e-14 4.03954e-14 4.0323e-14 4.02512e-14 4.01801e-14 4.01097e-14 4.00399e-14 4.00098e-14 3.99403e-14 3.98703e-14 3.97998e-14 3.97288e-14 3.96572e-14 3.95851e-14 3.95124e-14 3.94393e-14 3.93656e-14 3.92913e-14 3.92165e-14 3.91412e-14 3.90653e-14 3.89888e-14 3.89118e-14 3.88343e-14 3.87562e-14 3.86775e-14 3.85983e-14 3.85184e-14 3.84381e-14 3.83571e-14 3.82756e-14 3.81935e-14 3.81108e-14 3.80276e-14 3.79437e-14 3.78593e-14 3.77743e-14 3.76887e-14 3.76025e-14 3.75157e-14 3.74283e-14 3.73403e-14 3.72517e-14 3.71625e-14 3.70727e-14 3.69823e-14 3.68912e-14 3.67996e-14 3.67074e-14 3.66145e-14 3.6521e-14 3.64269e-14 3.63322e-14 3.62369e-14 3.61409e-14 3.60443e-14 3.59471e-14 3.58492e-14 3.57508e-14 3.56516e-14 3.55519e-14 3.54515e-14 3.53505e-14 3.52489e-14 3.51466e-14 3.50437e-14 3.49401e-14 3.48359e-14 3.47311e-14 3.46256e-14 3.45195e-14 3.44127e-14 3.43053e-14 3.41972e-14 3.40885e-14 3.39792e-14 3.38692e-14 3.37586e-14 3.36473e-14 3.35353e-14 3.34228e-14 3.33096e-14 3.31957e-14 3.30812e-14 3.2966e-14 3.28503e-14 3.27338e-14 3.26167e-14 3.2499e-14 3.23807e-14 3.22617e-14 3.2142e-14 3.20217e-14 3.19008e-14 3.17793e-14 3.16571e-14 3.15343e-14 3.14109e-14 3.12868e-14 3.11621e-14 3.10368e-14 3.09108e-14 3.07843e-14 3.06571e-14 3.05293e-14 3.04009e-14 3.02719e-14 3.01423e-14 3.0012e-14 2.98812e-14 2.97498e-14 2.96178e-14 2.94852e-14 2.9352e-14 2.92182e-14 2.90839e-14 2.8949e-14 2.88135e-14 2.86774e-14 2.85408e-14 2.84036e-14 2.82659e-14 2.81276e-14 2.79888e-14 2.78495e-14 2.77096e-14 2.75692e-14 2.74283e-14 2.72868e-14 2.71449e-14 2.70024e-14 2.68595e-14 2.67161e-14 2.65722e-14 2.64278e-14 2.62829e-14 2.61376e-14 2.59918e-14 2.58456e-14 2.5699e-14 2.55519e-14 2.54044e-14 2.52565e-14 2.51081e-14 2.49594e-14 2.48103e-14 2.46608e-14 2.45109e-14 2.43607e-14 2.42101e-14 2.40592e-14 2.39079e-14 2.37563e-14 2.36044e-14 2.34522e-14 2.32997e-14 2.31469e-14 2.29938e-14 2.28405e-14 2.26869e-14 2.25331e-14 2.23791e-14 2.22248e-14 2.20703e-14 2.19156e-14 2.17608e-14 2.16057e-14 2.14505e-14 2.12952e-14 2.11397e-14 2.09841e-14 2.08284e-14 2.06725e-14 2.05166e-14 2.03606e-14 2.02046e-14 2.00485e-14 1.98924e-14 1.97362e-14 1.95801e-14 1.94239e-14 1.92678e-14 1.91117e-14 1.89556e-14 1.87996e-14 1.86437e-14 1.84878e-14 1.83321e-14 1.81765e-14 1.8021e-14 1.78657e-14 1.77105e-14 1.75555e-14 1.74006e-14 1.7246e-14 1.70916e-14 1.69374e-14 1.67835e-14 1.66298e-14 1.64764e-14 1.63233e-14 1.61705e-14 1.6018e-14 1.58659e-14 1.57141e-14 1.55626e-14 1.54115e-14 1.52609e-14 1.51106e-14 1.49608e-14 1.48113e-14 1.46624e-14 1.45139e-14 1.43658e-14 1.42183e-14 1.40713e-14 1.39247e-14 1.37788e-14 1.36333e-14 1.34884e-14 1.33441e-14 1.32004e-14 1.30573e-14 1.29148e-14 1.27729e-14 1.26317e-14 1.24911e-14 1.23512e-14 1.22119e-14 1.20734e-14 1.19355e-14 1.17983e-14 1.16619e-14 1.15262e-14 1.13913e-14 1.12571e-14 1.11237e-14 1.09911e-14 1.08592e-14 1.07282e-14 1.05979e-14 1.04685e-14 1.03399e-14 1.02122e-14 1.00853e-14 9.9592e-15 9.83402e-15 9.7097e-15 9.58627e-15 9.46373e-15 9.34208e-15 9.22134e-15 9.10151e-15 8.98259e-15 8.86459e-15 8.74753e-15 8.6314e-15 8.51621e-15 8.40196e-15 8.28867e-15 8.17633e-15 8.06495e-15 7.95454e-15 7.90693e-15 7.79887e-15 7.69029e-15 7.58123e-15 7.47171e-15 7.36178e-15 7.25148e-15 7.14085e-15 7.02993e-15 6.91877e-15 6.8074e-15 6.69587e-15 6.58423e-15 6.47252e-15 6.36079e-15 6.24909e-15 6.13745e-15 6.02594e-15 5.91459e-15 5.80345e-15 5.69258e-15 5.58202e-15 5.47181e-15 5.36201e-15 5.25266e-15 5.14381e-15 5.03551e-15 4.9278e-15 4.82072e-15 4.71433e-15 4.60865e-15 4.50374e-15 4.39964e-15 4.29639e-15 4.19402e-15 4.09257e-15 3.99208e-15 3.89258e-15 3.79411e-15 3.69668e-15 3.60035e-15 3.50512e-15 3.41103e-15 3.3181e-15 3.22635e-15 3.13579e-15 3.04645e-15 2.95834e-15 2.87148e-15 2.78586e-15 2.70151e-15 2.61842e-15 2.53661e-15 2.45606e-15 2.37679e-15 2.29879e-15 2.22206e-15 2.14658e-15 2.07236e-15 1.99938e-15 1.92763e-15 1.85709e-15 1.78776e-15 1.71962e-15 1.65264e-15 1.58682e-15 1.52213e-15 1.45855e-15 1.39608e-15 1.33467e-15 1.27433e-15 1.21502e-15 1.15673e-15 1.09944e-15 1.04314e-15 9.87806e-16 9.33437e-16 8.80022e-16 8.27554e-16 7.76032e-16 7.25462e-16 6.7585e-16 6.27215e-16 5.79577e-16 5.32969e-16 4.87432e-16 4.43017e-16 3.99789e-16 3.57825e-16 3.17219e-16 2.78082e-16 2.40548e-16 2.04768e-16 1.70924e-16 1.39223e-16 1.09904e-16 8.32422e-17 5.95528e-17 3.91937e-17 2.25715e-17 1.01456e-17 2.43386e-18 1.6e-27
1.6e-27 2.83254e-18 1.09133e-17 2.36669e-17 4.05804e-17 6.11982e-17 8.51176e-17 1.11984e-16 1.41485e-16 1.7335e-16 2.07341e-16 2.43252e-16 2.80906e-16 3.2015e-16 3.60855e-16 4.0291e-16 4.46223e-16 4.90716e-16 5.36328e-16 5.83006e-16 6.30711e-16 6.79411e-16 7.29086e-16 7.79718e-16 8.31301e-16 8.83829e-16 9.37305e-16 9.91734e-16 1.04712e-15 1.10349e-15 1.16084e-15 1.21919e-15 1.27856e-15 1.33897e-15 1.40044e-15 1.46298e-15 1.52662e-15 1.59138e-15 1.65727e-15 1.72431e-15 1.79252e-15 1.86193e-15 1.93253e-15 2.00435e-15 2.0774e-15 2.1517e-15 2.22724e-15 2.30405e-15 2.38211e-15 2.46145e-15 2.54206e-15 2.62394e-15 2.7071e-15 2.79151e-15 2.87719e-15 2.96412e-15 3.05229e-15 3.14168e-15 3.23229e-15 3.3241e-15 3.41708e-15 3.51122e-15 3.60649e-15 3.70287e-15 3.80033e-15 3.89885e-15 3.99838e-15 4.0989e-15 4.20037e-15 4.30277e-15 4.40604e-15 4.51016e-15 4.61508e-15 4.72076e-15 4.82717e-15 4.93424e-15 5.04195e-15 5.15025e-15 5.25909e-15 5.36842e-15 5.4782e-15 5.58838e-15 5.69892e-15 5.80976e-15 5.92086e-15 6.03217e-15 6.14365e-15 6.25524e-15 6.36689e-15 6.47857e-15 6.59022e-15 6.7018e-15 6.81326e-15 6.92456e-15 7.03565e-15 7.1465e-15 7.25705e-15 7.36727e-15 7.47711e-15 7.58654e-15 7.69552e-15 7.804e-15 7.90395e-15 8.01389e-15 8.12479e-15 8.23666e-15 8.34948e-15 8.46326e-15 8.57798e-15 8.69364e-15 8.81024e-15 8.92777e-15 9.04623e-15 9.1656e-15 9.28589e-15 9.40709e-15 9.52918e-15 9.65216e-15 9.77602e-15 9.90077e-15 1.00264e-14 1.01528e-14 1.02802e-14 1.04083e-14 1.05373e-14 1.06671e-14 1.07978e-14 1.09292e-14 1.10614e-14 1.11944e-14 1.13282e-14 1.14627e-14 1.1598e-14 1.17341e-14 1.18708e-14 1.20083e-14 1.21465e-14 1.22854e-14 1.24249e-14 1.25652e-14 1.2706e-14 1.28476e-14 1.29897e-14 1.31325e-14 1.32759e-14 1.34199e-14 1.35644e-14 1.37095e-14 1.38552e-14 1.40014e-14 1.41481e-14 1.42954e-14 1.44431e-14 1.45913e-14 1.474e-14 1.48892e-14 1.50387e-14 1.51887e-14 1.53392e-14 1.549e-14 1.56412e-14 1.57928e-14 1.59447e-14 1.60969e-14 1.62495e-14 1.64024e-14 1.65556e-14 1.67091e-14 1.68628e-14 1.70168e-14 1.7171e-14 1.73255e-14 1.74801e-14 1.7635e-14 1.779e-14 1.79452e-14 1.81005e-14 1.8256e-14 1.84116e-14 1.85673e-14 1.87231e-14 1.8879e-14 1.9035e-14 1.9191e-14 1.9347e-14 1.95031e-14 1.96591e-14 1.98152e-14 1.99713e-14 2.01273e-14 2.02833e-14 2.04392e-14 2.05951e-14 2.07508e-14 2.09065e-14 2.10621e-14 2.12176e-14 2.13729e-14 2.15281e-14 2.16831e-14 2.1838e-14 2.19926e-14 2.21471e-14 2.23014e-14 2.24555e-14 2.26093e-14 2.27629e-14 2.29163e-14 2.30694e-14 2.32222e-14 2.33747e-14 2.3527e-14 2.3679e-14 2.38306e-14 2.39819e-14 2.41329e-14 2.42836e-14 2.44339e-14 2.45838e-14 2.47334e-14 2.48826e-14 2.50314e-14 2.51799e-14 2.53279e-14 2.54755e-14 2.56227e-14 2.57694e-14 2.59158e-14 2.60617e-14 2.62071e-14 2.63521e-14 2.64966e-14 2.66406e-14 2.67842e-14 2.69273e-14 2.70699e-14 2.72119e-14 2.73535e-14 2.74946e-14 2.76352e-14 2.77752e-14 2.79147e-14 2.80537e-14 2.81921e-14 2.833e-14 2.84673e-14 2.86041e-14 2.87404e-14 2.8876e-14 2.90111e-14 2.91457e-14 2.92796e-14 2.9413e-14 2.95458e-14 2.9678e-14 2.98096e-14 2.99406e-14 3.0071e-14 3.02008e-14 3.033e-14 3.04586e-14 3.05866e-14 3.0714e-14 3.08408e-14 3.09669e-14 3.10925e-14 3.12174e-14 3.13416e-14 3.14653e-14 3.15883e-14 3.17107e-14 3.18325e-14 3.19536e-14 3.20741e-14 3.21939e-14 3.23132e-14 3.24317e-14 3.25497e-14 3.2667e-14 3.27836e-14 3.28996e-14 3.3015e-14 3.31297e-14 3.32438e-14 3.33573e-14 3.34701e-14 3.35822e-14 3.36937e-14 3.38046e-14 3.39148e-14 3.40244e-14 3.41333e-14 3.42416e-14 3.43492e-14 3.44562e-14 3.45626e-14 3.46683e-14 3.47733e-14 3.48778e-14 3.49816e-14 3.50847e-14 3.51872e-14 3.52891e-14 3.53903e-14 3.54909e-14 3.55909e-14 3.56902e-14 3.57889e-14 3.5887e-14 3.59845e-14 3.60813e-14 3.61775e-14 3.6273e-14 3.6368e-14 3.64623e-14 3.6556e-14 3.66491e-14 3.67416e-14 3.68334e-14 3.69247e-14 3.70153e-14 3.71053e-14 3.71947e-14 3.72836e-14 3.73718e-14 3.74594e-14 3.75464e-14 3.76328e-14 3.77187e-14 3.78039e-14 3.78885e-14 3.79726e-14 3.80561e-14 3.8139e-14 3.82213e-14 3.8303e-14 3.83842e-14 3.84648e-14 3.85448e-14 3.86242e-14 3.87031e-14 3.87814e-14 3.88592e-14 3.89364e-14 3.9013e-14 3.90891e-14 3.91647e-14 3.92397e-14 3.93141e-14 3.9388e-14 3.94614e-14 3.95342e-14 3.96065e-14 3.96783e-14 3.97496e-14 3.98203e-14 3.98905e-14 3.99601e-14 3.99902e-14 4.00597e-14 4.01299e-14 4.02007e-14 4.02722e-14 4.03443e-14 4.04171e-14 4.04906e-14 4.05647e-14 4.06395e-14 4.0715e-14 4.07912e-14 4.08682e-14 4.09458e-14 4.10241e-14 4.11032e-14 4.1183e-14 4.12635e-14 4.13447e-14 4.14267e-14 4.15095e-14 4.1593e-14 4.16773e-14 4.17624e-14 4.18482e-14 4.19349e-14 4.20223e-14 4.21105e-14 4.21996e-14 4.22894e-14 4.23801e-14 4.24716e-14 4.2564e-14 4.26572e-14 4.27512e-14 4.28461e-14 4.29419e-14 4.30385e-14 4.31361e-14 4.32345e-14 4.33338e-14 4.3434e-14 4.35352e-14 4.36372e-14 4.37402e-14 4.38441e-14 4.3949e-14 4.40548e-14 4.41616e-14 4.42694e-14 4.43781e-14 4.44878e-14 4.45985e-14 4.47102e-14 4.48229e-14 4.49366e-14 4.50514e-14 4.51672e-14 4.5284e-14 4.54019e-14 4.55209e-14 4.56409e-14 4.5762e-14 4.58842e-14 4.60074e-14 4.61318e-14 4.62573e-14 4.63839e-14 4.65116e-14 4.66405e-14 4.67705e-14 4.69017e-14 4.70341e-14 4.71676e-14 4.73023e-14 4.74382e-14 4.75753e-14 4.77136e-14 4.78531e-14 4.79939e-14 4.81359e-14 4.82791e-14 4.84236e-14 4.85694e-14 4.87165e-14 4.88648e-14 4.90144e-14 4.91653e-14 4.93176e-14 4.94711e-14 4.9626e-14 4.97822e-14 4.99398e-14 5.00987e-14 5.0259e-14 5.04207e-14 5.05838e-14 5.07482e-14 5.09141e-14 5.10813e-14 5.125e-14 5.14202e-14 5.15917e-14 5.17647e-14 5.19392e-14 5.21152e-14 5.22926e-14 5.24715e-14 5.26519e-14 5.28338e-14 5.30172e-14 5.32021e-14 5.33886e-14 5.35766e-14 5.37662e-14 5.39573e-14 5.41499e-14 5.43442e-14 5.454e-14 5.47374e-14 5.49364e-14 5.5137e-14 5.53393e-14 5.55431e-14 5.57486e-14 5.59557e-14 5.61644e-14 5.63748e-14 5.65869e-14 5.68006e-14 5.7016e-14 5.7233e-14 5.74518e-14 5.76722e-14 5.78944e-14 5.81182e-14 5.83438e-14 5.85711e-14 5.88e-14 5.90308e-14 5.92632e-14 5.94974e-14 5.97333e-14 5.9971e-14 6.02105e-14 6.04516e-14 6.06946e-14 6.09393e-14 6.11858e-14 6.1434e-14 6.16841e-14 6.19359e-14 6.21895e-14 6.24448e-14 6.2702e-14 6.29609e-14 6.32217e-14 6.34842e-14 6.37485e-14 6.40146e-14 6.42825e-14 6.45522e-14 6.48237e-14 6.5097e-14 6.53721e-14 6.5649e-14 6.59276e-14 6.62081e-14 6.64903e-14 6.67743e-14 6.70601e-14 6.73477e-14 6.7637e-14 6.79282e-14 6.82211e-14 6.85157e-14 6.88121e-14 6.91103e-14 6.94102e-14 6.97118e-14 7.00152e-14 7.03203e-14 7.06271e-14 7.09357e-14 7.12459e-14 7.15579e-14 7.18715e-14 7.21868e-14 7.25037e-14 7.28223e-14 7.31426e-14 7.34645e-14 7.3788e-14 7.41131e-14 7.44399e-14 7.47682e-14 7.5098e-14 7.54295e-14 7.57624e-14 7.60969e-14 7.64329e-14 7.67705e-14 7.71094e-14 7.74499e-14 7.77918e-14 7.81351e-14 7.84798e-14 7.88259e-14 7.91734e-14 7.95222e-14 7.98724e-14 8.02239e-14 8.05766e-14 8.09307e-14 8.1286e-14 8.16425e-14 8.20002e-14 8.2359e-14 8.27191e-14 8.30803e-14 8.34425e-14 8.38059e-14 8.41703e-14 8.45357e-14 8.49022e-14 8.52696e-14 8.5638e-14 8.60073e-14 8.63775e-14 8.67486e-14 8.71205e-14 8.74932e-14 8.78667e-14 8.8241e-14 8.8616e-14 8.89916e-14 8.9368e-14 8.9745e-14 9.01226e-14 9.05007e-14 9.08794e-14 9.12587e-14 9.16384e-14 9.20185e-14 9.23991e-14 9.27801e-14 9.31614e-14 9.3543e-14 9.3925e-14 9.43071e-14 9.46896e-14 9.50722e-14 9.5455e-14 9.58379e-14 9.62209e-14 9.6604e-14 9.67702e-14 9.71499e-14 9.75348e-14 9.7925e-14 9.83205e-14 9.87211e-14 9.9127e-14 9.9538e-14 9.99542e-14 1.00375e-13 1.00802e-13 1.01233e-13 1.0167e-13 1.02111e-13 1.02557e-13 1.03008e-13 1.03464e-13 1.03924e-13 1.0439e-13 1.04859e-13 1.05333e-13 1.05812e-13 1.06294e-13 1.06781e-13 1.07272e-13 1.07768e-13 1.08266e-13 1.08769e-13 1.09276e-13 1.09786e-13 1.10299e-13 1.10816e-13 1.11336e-13 1.11859e-13 1.12385e-13 1.12914e-13 1.13446e-13 1.1398e-13 1.14517e-13 1.15056e-13 1.15598e-13 1.16142e-13 1.16688e-13 1.17236e-13 1.17786e-13 1.18337e-13 1.18891e-13 1.19446e-13 1.20003e-13 1.20561e-13 1.21121e-13 1.21682e-13 1.22245e-13 1.22809e-13 1.23375e-13 1.23942e-13 1.24511e-13 1.25082e-13 1.25654e-13 1.26228e-13 1.26804e-13 1.27382e-13 1.27962e-13 1.28545e-13 1.2913e-13 1.29719e-13 1.30311e-13 1.30906e-13 1.31505e-13 1.32108e-13 1.32716e-13 1.33329e-13 1.33948e-13 1.34573e-13 1.35205e-13 1.35844e-13 1.36492e-13 1.37148e-13 1.37814e-13 1.3849e-13 1.39178e-13 1.39878e-13 1.40592e-13 1.4132e-13 1.42064e-13 1.42825e-13 1.43605e-13 1.44404e-13 1.45225e-13 1.46069e-13 1.46937e-13 1.47833e-13 1.48757e-13 1.49712e-13 1.507e-13 1.51723e-13 1.52784e-13 1.53886e-13 1.55031e-13 1.56222e-13 1.57462e-13 1.58754e-13 1.6e-13
1e+17 1.00087e+17 1.00171e+17 1.00249e+17 1.0032e+17 1.00383e+17 1.00436e+17 1.0048e+17 1.00511e+17 1.00531e+17 1.00538e+17 1.00532e+17 1.00513e+17 1.00479e+17 1.00431e+17 1.00369e+17 1.00292e+17 1.002e+17 1.00093e+17 9.99718e+16 9.98358e+16 9.96851e+16 9.952e+16 9.93406e+16 9.91472e+16 9.89401e+16 9.87194e+16 9.84855e+16 9.82387e+16 9.79795e+16 9.77081e+16 9.7425e+16 9.71306e+16 9.68253e+16 9.65095e+16 9.61838e+16 9.58486e+16 9.55043e+16 9.51515e+16 9.47905e+16 9.44219e+16 9.40462e+16 9.36638e+16 9.32753e+16 9.2881e+16 9.24816e+16 9.20773e+16 9.16688e+16 9.12564e+16 9.08406e+16 9.04218e+16 9.00005e+16 8.95771e+16 8.91519e+16 8.87253e+16 8.82978e+16 8.78698e+16 8.74414e+16 8.70132e+16 8.65854e+16 8.61583e+16 8.57323e+16 8.53076e+16 8.48846e+16 8.44633e+16 8.40442e+16 8.36275e+16 8.32133e+16 8.28019e+16 8.23935e+16 8.19882e+16 8.15863e+16 8.11879e+16 8.07931e+16 8.04022e+16 8.00151e+16 7.96321e+16 7.92532e+16 7.88786e+16 7.85083e+16 7.81424e+16 7.77811e+16 7.74242e+16 7.7072e+16 7.67245e+16 7.63816e+16 7.60435e+16 7.57102e+16 7.53816e+16 7.50579e+16 7.47389e+16 7.44248e+16 7.41155e+16 7.3811e+16 7.35114e+16 7.32165e+16 7.29264e+16 7.26411e+16 7.23605e+16 7.20846e+16 7.18133e+16 7.15468e+16 7.13041e+16 7.10404e+16 7.07778e+16 7.05161e+16 7.02555e+16 6.9996e+16 6.97375e+16 6.94802e+16 6.92239e+16 6.89688e+16 6.87149e+16 6.84621e+16 6.82105e+16 6.79601e+16 6.77109e+16 6.74629e+16 6.72162e+16 6.69706e+16 6.67264e+16 6.64834e+16 6.62416e+16 6.60012e+16 6.5762e+16 6.55242e+16 6.52877e+16 6.50524e+16 6.48185e+16 6.45859e+16 6.43547e+16 6.41248e+16 6.38963e+16 6.36691e+16 6.34432e+16 6.32188e+16 6.29957e+16 6.27739e+16 6.25535e+16 6.23346e+16 6.2117e+16 6.19007e+16 6.16859e+16 6.14724e+16 6.12603e+16 6.10496e+16 6.08403e+16 6.06324e+16 6.04259e+16 6.02208e+16 6.0017e+16 5.98146e+16 5.96137e+16 5.94141e+16 5.92159e+16 5.9019e+16 5.88236e+16 5.86295e+16 5.84368e+16 5.82455e+16 5.80555e+16 5.78669e+16 5.76797e+16 5.74938e+16 5.73093e+16 5.71261e+16 5.69443e+16 5.67638e+16 5.65847e+16 5.64069e+16 5.62304e+16 5.60553e+16 5.58815e+16 5.5709e+16 5.55378e+16 5.53679e+16 5.51993e+16 5.5032e+16 5.4866e+16 5.47013e+16 5.45379e+16 5.43757e+16 5.42148e+16 5.40552e+16 5.38968e+16 5.37397e+16 5.35838e+16 5.34292e+16 5.32758e+16 5.31236e+16 5.29726e+16 5.28229e+16 5.26743e+16 5.2527e+16 5.23808e+16 5.22358e+16 5.2092e+16 5.19494e+16 5.18079e+16 5.16676e+16 5.15284e+16 5.13904e+16 5.12535e+16 5.11178e+16 5.09832e+16 5.08496e+16 5.07172e+16 5.05859e+16 5.04557e+16 5.03266e+16 5.01985e+16 5.00716e+16 4.99456e+16 4.98208e+16 4.9697e+16 4.95742e+16 4.94525e+16 4.93318e+16 4.92121e+16 4.90935e+16 4.89758e+16 4.88592e+16 4.87435e+16 4.86289e+16 4.85152e+16 4.84025e+16 4.82907e+16 4.81799e+16 4.80701e+16 4.79612e+16 4.78532e+16 4.77462e+16 4.76401e+16 4.75349e+16 4.74306e+16 4.73272e+16 4.72248e+16 4.71232e+16 4.70225e+16 4.69226e+16 4.68236e+16 4.67255e+16 4.66283e+16 4.65319e+16 4.64363e+16 4.63416e+16 4.62477e+16 4.61546e+16 4.60624e+16 4.59709e+16 4.58802e+16 4.57904e+16 4.57013e+16 4.5613e+16 4.55255e+16 4.54388e+16 4.53528e+16 4.52676e+16 4.51831e+16 4.50994e+16 4.50165e+16 4.49342e+16 4.48527e+16 4.47719e+16 4.46918e+16 4.46124e+16 4.45338e+16 4.44558e+16 4.43785e+16 4.43019e+16 4.4226e+16 4.41508e+16 4.40762e+16 4.40023e+16 4.39291e+16 4.38565e+16 4.37845e+16 4.37132e+16 4.36426e+16 4.35725e+16 4.35031e+16 4.34343e+16 4.33661e+16 4.32986e+16 4.32316e+16 4.31652e+16 4.30995e+16 4.30343e+16 4.29697e+16 4.29056e+16 4.28422e+16 4.27793e+16 4.2717e+16 4.26552e+16 4.2594e+16 4.25334e+16 4.24732e+16 4.24137e+16 4.23546e+16 4.22961e+16 4.22381e+16 4.21807e+16 4.21237e+16 4.20673e+16 4.20114e+16 4.19559e+16 4.1901e+16 4.18466e+16 4.17926e+16 4.17392e+16 4.16862e+16 4.16337e+16 4.15817e+16 4.15301e+16 4.1479e+16 4.14284e+16 4.13782e+16 4.13285e+16 4.12792e+16 4.12304e+16 4.1182e+16 4.1134e+16 4.10865e+16 4.10394e+16 4.09927e+16 4.09465e+16 4.09006e+16 4.08552e+16 4.08102e+16 4.07656e+16 4.07214e+16 4.06776e+16 4.06342e+16 4.05912e+16 4.05486e+16 4.05063e+16 4.04645e+16 4.0423e+16 4.03819e+16 4.03411e+16 4.03008e+16 4.02608e+16 4.02211e+16 4.01819e+16 4.01429e+16 4.01044e+16 4.00661e+16 4.00282e+16 3.99907e+16 3.99535e+16 3.99167e+16 3.98801e+16 3.98439e+16 3.98081e+16 3.97725e+16 3.97373e+16 3.97024e+16 3.96678e+16 3.96529e+16 3.96184e+16 3.95837e+16 3.95488e+16 3.95136e+16 3.94781e+16 3.94423e+16 3.94063e+16 3.937e+16 3.93334e+16 3.92966e+16 3.92595e+16 3.92221e+16 3.91844e+16 3.91465e+16 3.91082e+16 3.90697e+16 3.90309e+16 3.89918e+16 3.89524e+16 3.89128e+16 3.88728e+16 3.88326e+16 3.87921e+16 3.87512e+16 3.87101e+16 3.86687e+16 3.86269e+16 3.85849e+16 3.85426e+16 3.85e+16 3.8457e+16 3.84138e+16 3.83702e+16 3.83264e+16 3.82822e+16 3.82377e+16 3.81929e+16 3.81478e+16 3.81023e+16 3.80566e+16 3.80105e+16 3.79641e+16 3.79174e+16 3.78704e+16 3.7823e+16 3.77753e+16 3.77273e+16 3.76789e+16 3.76302e+16 3.75812e+16 3.75319e+16 3.74822e+16 3.74322e+16 3.73818e+16 3.73311e+16 3.728e+16 3.72287e+16 3.71769e+16 3.71249e+16 3.70725e+16 3.70197e+16 3.69666e+16 3.69131e+16 3.68593e+16 3.68052e+16 3.67506e+16 3.66958e+16 3.66405e+16 3.6585e+16 3.6529e+16 3.64727e+16 3.64161e+16 3.63591e+16 3.63017e+16 3.6244e+16 3.61859e+16 3.61274e+16 3.60686e+16 3.60094e+16 3.59498e+16 3.58899e+16 3.58296e+16 3.57689e+16 3.57079e+16 3.56464e+16 3.55847e+16 3.55225e+16 3.546e+16 3.53971e+16 3.53338e+16 3.52701e+16 3.52061e+16 3.51417e+16 3.50769e+16 3.50118e+16 3.49462e+16 3.48803e+16 3.4814e+16 3.47473e+16 3.46803e+16 3.46128e+16 3.4545e+16 3.44768e+16 3.44083e+16 3.43393e+16 3.42699e+16 3.42002e+16 3.41301e+16 3.40596e+16 3.39888e+16 3.39175e+16 3.38459e+16 3.37739e+16 3.37015e+16 3.36287e+16 3.35555e+16 3.3482e+16 3.34081e+16 3.33338e+16 3.32591e+16 3.3184e+16 3.31086e+16 3.30328e+16 3.29565e+16 3.288e+16 3.2803e+16 3.27257e+16 3.2648e+16 3.25699e+16 3.24914e+16 3.24126e+16 3.23333e+16 3.22538e+16 3.21738e+16 3.20935e+16 3.20128e+16 3.19317e+16 3.18503e+16 3.17684e+16 3.16863e+16 3.16037e+16 3.15208e+16 3.14376e+16 3.13539e+16 3.127e+16 3.11856e+16 3.11009e+16 3.10159e+16 3.09304e+16 3.08447e+16 3.07586e+16 3.06721e+16 3.05853e+16 3.04981e+16 3.04106e+16 3.03228e+16 3.02346e+16 3.01461e+16 3.00573e+16 2.99681e+16 2.98785e+16 2.97887e+16 2.96985e+16 2.9608e+16 2.95172e+16 2.94261e+16 2.93346e+16 2.92428e+16 2.91507e+16 2.90583e+16 2.89656e+16 2.88726e+16 2.87793e+16 2.86857e+16 2.85918e+16 2.84975e+16 2.8403e+16 2.83083e+16 2.82132e+16 2.81178e+16 2.80222e+16 2.79263e+16 2.78301e+16 2.77336e+16 2.76369e+16 2.75399e+16 2.74427e+16 2.73452e+16 2.72474e+16 2.71494e+16 2.70512e+16 2.69527e+16 2.68539e+16 2.6755e+16 2.66557e+16 2.65563e+16 2.64567e+16 2.63568e+16 2.62567e+16 2.61564e+16 2.60558e+16 2.59551e+16 2.58542e+16 2.5753e+16 2.56517e+16 2.55502e+16 2.54485e+16 2.53466e+16 2.52445e+16 2.51423e+16 2.50398e+16 2.49373e+16 2.48345e+16 2.47316e+16 2.46285e+16 2.45253e+16 2.4422e+16 2.43185e+16 2.42148e+16 2.4111e+16 2.40071e+16 2.39031e+16 2.3799e+16 2.36947e+16 2.35903e+16 2.34858e+16 2.33812e+16 2.32765e+16 2.31717e+16 2.30668e+16 2.29618e+16 2.28567e+16 2.27516e+16 2.26464e+16 2.25411e+16 2.24357e+16 2.23303e+16 2.22248e+16 2.21192e+16 2.20136e+16 2.1908e+16 2.18023e+16 2.16966e+16 2.15908e+16 2.1485e+16 2.13791e+16 2.12733e+16 2.11674e+16 2.10615e+16 2.09556e+16 2.08496e+16 2.07437e+16 2.06377e+16 2.05318e+16 2.04258e+16 2.03799e+16 2.02749e+16 2.01684e+16 2.00605e+16 1.99512e+16 1.98404e+16 1.97281e+16 1.96144e+16 1.94992e+16 1.93826e+16 1.92645e+16 1.91449e+16 1.90239e+16 1.89014e+16 1.87775e+16 1.86521e+16 1.85253e+16 1.8397e+16 1.82673e+16 1.81362e+16 1.80036e+16 1.78696e+16 1.77342e+16 1.75973e+16 1.74591e+16 1.73195e+16 1.71784e+16 1.7036e+16 1.68922e+16 1.6747e+16 1.66004e+16 1.64524e+16 1.63031e+16 1.61524e+16 1.60004e+16 1.5847e+16 1.56923e+16 1.55362e+16 1.53787e+16 1.52199e+16 1.50598e+16 1.48983e+16 1.47354e+16 1.45712e+16 1.44055e+16 1.42385e+16 1.40701e+16 1.39003e+16 1.3729e+16 1.35563e+16 1.33821e+16 1.32064e+16 1.30291e+16 1.28503e+16 1.26699e+16 1.24879e+16 1.23041e+16 1.21187e+16 1.19315e+16 1.17424e+16 1.15514e+16 1.13585e+16 1.11635e+16 1.09664e+16 1.07671e+16 1.05655e+16 1.03615e+16 1.01551e+16 9.94603e+15 9.73428e+15 9.51971e+15 9.30217e+15 9.08154e+15 8.85767e+15 8.6304e+15 8.39958e+15 8.16504e+15 7.92659e+15 7.68406e+15 7.43723e+15 7.18591e+15 6.92988e+15 6.66891e+15 6.40276e+15 6.13119e+15 5.85394e+15 5.57074e+15 5.28131e+15 4.98536e+15 4.68258e+15 4.37267e+15 4.05529e+15 3.7301e+15 3.39677e+15 3.05494e+15 2.70422e+15 2.34425e+15 1.97464e+15 1.595e+15 1.20492e+15 8.04007e+14 3.91853e+14 1000
1e+17 9.88901e+16 9.78102e+16 9.67533e+16 9.57136e+16 9.46861e+16 9.36666e+16 9.26516e+16 9.16383e+16 9.06243e+16 8.96078e+16 8.85873e+16 8.75617e+16 8.65303e+16 8.54925e+16 8.44481e+16 8.33971e+16 8.23396e+16 8.12761e+16 8.02068e+16 7.91326e+16 7.8054e+16 7.69718e+16 7.5887e+16 7.48004e+16 7.3713e+16 7.26257e+16 7.15397e+16 7.04558e+16 6.93752e+16 6.82988e+16 6.72275e+16 6.61625e+16 6.51045e+16 6.40546e+16 6.30135e+16 6.1982e+16 6.0961e+16 5.99512e+16 5.89532e+16 5.79676e+16 5.69952e+16 5.60362e+16 5.50913e+16 5.41609e+16 5.32453e+16 5.23449e+16 5.14599e+16 5.05907e+16 4.97373e+16 4.89e+16 4.80788e+16 4.72738e+16 4.64852e+16 4.57128e+16 4.49567e+16 4.42169e+16 4.34932e+16 4.27855e+16 4.20938e+16 4.14179e+16 4.07576e+16 4.01128e+16 3.94833e+16 3.88688e+16 3.82692e+16 3.76842e+16 3.71135e+16 3.6557e+16 3.60145e+16 3.54855e+16 3.49699e+16 3.44674e+16 3.39778e+16 3.35008e+16 3.3036e+16 3.25833e+16 3.21424e+16 3.17129e+16 3.12947e+16 3.08874e+16 3.04909e+16 3.01048e+16 2.97289e+16 2.93629e+16 2.90066e+16 2.86598e+16 2.83221e+16 2.79934e+16 2.76735e+16 2.7362e+16 2.70588e+16 2.67637e+16 2.64764e+16 2.61967e+16 2.59245e+16 2.56595e+16 2.54015e+16 2.51504e+16 2.49059e+16 2.46679e+16 2.44362e+16 2.42272e+16 2.4002e+16 2.37798e+16 2.35605e+16 2.3344e+16 2.31303e+16 2.29195e+16 2.27114e+16 2.2506e+16 2.23033e+16 2.21033e+16 2.19059e+16 2.17111e+16 2.15189e+16 2.13292e+16 2.1142e+16 2.09573e+16 2.0775e+16 2.05951e+16 2.04176e+16 2.02425e+16 2.00697e+16 1.98992e+16 1.97309e+16 1.95649e+16 1.9401e+16 1.92394e+16 1.90799e+16 1.89225e+16 1.87672e+16 1.86139e+16 1.84627e+16 1.83135e+16 1.81663e+16 1.8021e+16 1.78776e+16 1.77362e+16 1.75966e+16 1.74589e+16 1.7323e+16 1.71889e+16 1.70565e+16 1.6926e+16 1.67971e+16 1.66699e+16 1.65445e+16 1.64206e+16 1.62985e+16 1.61779e+16 1.60589e+16 1.59414e+16 1.58256e+16 1.57112e+16 1.55983e+16 1.54869e+16 1.5377e+16 1.52685e+16 1.51615e+16 1.50558e+16 1.49515e+16 1.48486e+16 1.4747e+16 1.46467e+16 1.45477e+16 1.445e+16 1.43536e+16 1.42585e+16 1.41645e+16 1.40718e+16 1.39803e+16 1.38899e+16 1.38007e+16 1.37127e+16 1.36258e+16 1.354e+16 1.34553e+16 1.33717e+16 1.32891e+16 1.32076e+16 1.31272e+16 1.30477e+16 1.29693e+16 1.28919e+16 1.28154e+16 1.274e+16 1.26654e+16 1.25918e+16 1.25192e+16 1.24474e+16 1.23766e+16 1.23066e+16 1.22376e+16 1.21693e+16 1.2102e+16 1.20355e+16 1.19698e+16 1.19049e+16 1.18408e+16 1.17775e+16 1.1715e+16 1.16533e+16 1.15924e+16 1.15322e+16 1.14727e+16 1.14139e+16 1.13559e+16 1.12986e+16 1.1242e+16 1.11861e+16 1.11309e+16 1.10763e+16 1.10224e+16 1.09692e+16 1.09165e+16 1.08646e+16 1.08132e+16 1.07625e+16 1.07124e+16 1.06629e+16 1.0614e+16 1.05657e+16 1.05179e+16 1.04708e+16 1.04241e+16 1.03781e+16 1.03326e+16 1.02876e+16 1.02432e+16 1.01992e+16 1.01558e+16 1.0113e+16 1.00706e+16 1.00287e+16 9.98732e+15 9.94642e+15 9.906e+15 9.86604e+15 9.82656e+15 9.78753e+15 9.74896e+15 9.71084e+15 9.67316e+15 9.63591e+15 9.5991e+15 9.56271e+15 9.52674e+15 9.49118e+15 9.45603e+15 9.42129e+15 9.38694e+15 9.35299e+15 9.31942e+15 9.28624e+15 9.25344e+15 9.221e+15 9.18894e+15 9.15724e+15 9.1259e+15 9.09491e+15 9.06427e+15 9.03398e+15 9.00403e+15 8.97441e+15 8.94513e+15 8.91618e+15 8.88755e+15 8.85924e+15 8.83124e+15 8.80356e+15 8.77618e+15 8.74911e+15 8.72234e+15 8.69587e+15 8.66969e+15 8.64379e+15 8.61819e+15 8.59286e+15 8.56782e+15 8.54305e+15 8.51855e+15 8.49432e+15 8.47035e+15 8.44665e+15 8.42321e+15 8.40002e+15 8.37708e+15 8.35439e+15 8.33195e+15 8.30976e+15 8.2878e+15 8.26608e+15 8.24459e+15 8.22334e+15 8.20232e+15 8.18152e+15 8.16094e+15 8.14059e+15 8.12045e+15 8.10053e+15 8.08082e+15 8.06133e+15 8.04204e+15 8.02295e+15 8.00407e+15 7.98539e+15 7.96691e+15 7.94862e+15 7.93053e+15 7.91263e+15 7.89492e+15 7.87739e+15 7.86005e+15 7.84289e+15 7.82592e+15 7.80912e+15 7.79249e+15 7.77605e+15 7.75977e+15 7.74366e+15 7.72772e+15 7.71195e+15 7.69634e+15 7.6809e+15 7.66561e+15 7.65049e+15 7.63552e+15 7.6207e+15 7.60604e+15 7.59154e+15 7.57718e+15 7.56297e+15 7.5489e+15 7.53498e+15 7.52121e+15 7.50757e+15 7.49408e+15 7.48072e+15 7.4675e+15 7.45442e+15 7.44147e+15 7.42865e+15 7.41596e+15 7.4034e+15 7.39097e+15 7.37867e+15 7.36649e+15 7.35444e+15 7.3425e+15 7.33069e+15 7.319e+15 7.30743e+15 7.29597e+15 7.28463e+15 7.27341e+15 7.26229e+15 7.25129e+15 7.24655e+15 7.23561e+15 7.2246e+15 7.2135e+15 7.20233e+15 7.19108e+15 7.17974e+15 7.16833e+15 7.15684e+15 7.14526e+15 7.1336e+15 7.12187e+15 7.11005e+15 7.09814e+15 7.08616e+15 7.07409e+15 7.06194e+15 7.0497e+15 7.03738e+15 7.02498e+15 7.01249e+15 6.99991e+15 6.98725e+15 6.97451e+15 6.96168e+15 6.94876e+15 6.93575e+15 6.92266e+15 6.90948e+15 6.89621e+15 6.88286e+15 6.86941e+15 6.85588e+15 6.84226e+15 6.82855e+15 6.81475e+15 6.80086e+15 6.78688e+15 6.77281e+15 6.75865e+15 6.7444e+15 6.73006e+15 6.71562e+15 6.7011e+15 6.68648e+15 6.67177e+15 6.65697e+15 6.64208e+15 6.62709e+15 6.61201e+15 6.59684e+15 6.58157e+15 6.56621e+15 6.55076e+15 6.53521e+15 6.51957e+15 6.50384e+15 6.48801e+15 6.47209e+15 6.45607e+15 6.43996e+15 6.42375e+15 6.40745e+15 6.39105e+15 6.37456e+15 6.35797e+15 6.34129e+15 6.32451e+15 6.30764e+15 6.29067e+15 6.2736e+15 6.25644e+15 6.23919e+15 6.22184e+15 6.20439e+15 6.18685e+15 6.16921e+15 6.15147e+15 6.13365e+15 6.11572e+15 6.0977e+15 6.07959e+15 6.06138e+15 6.04307e+15 6.02467e+15 6.00617e+15 5.98758e+15 5.9689e+15 5.95012e+15 5.93124e+15 5.91228e+15 5.89321e+15 5.87406e+15 5.85481e+15 5.83546e+15 5.81603e+15 5.7965e+15 5.77688e+15 5.75716e+15 5.73735e+15 5.71746e+15 5.69747e+15 5.67739e+15 5.65721e+15 5.63695e+15 5.6166e+15 5.59616e+15 5.57562e+15 5.555e+15 5.5343e+15 5.5135e+15 5.49261e+15 5.47164e+15 5.45059e+15 5.42944e+15 5.40821e+15 5.3869e+15 5.3655e+15 5.34401e+15 5.32245e+15 5.3008e+15 5.27907e+15 5.25725e+15 5.23536e+15 5.21339e+15 5.19133e+15 5.1692e+15 5.14699e+15 5.1247e+15 5.10234e+15 5.0799e+15 5.05738e+15 5.0348e+15 5.01213e+15 4.9894e+15 4.96659e+15 4.94371e+15 4.92076e+15 4.89775e+15 4.87466e+15 4.85151e+15 4.82829e+15 4.80501e+15 4.78166e+15 4.75825e+15 4.73477e+15 4.71124e+15 4.68764e+15 4.66399e+15 4.64027e+15 4.6165e+15 4.59268e+15 4.5688e+15 4.54486e+15 4.52088e+15 4.49684e+15 4.47275e+15 4.44861e+15 4.42443e+15 4.4002e+15 4.37592e+15 4.35161e+15 4.32724e+15 4.30284e+15 4.2784e+15 4.25392e+15 4.2294e+15 4.20485e+15 4.18026e+15 4.15564e+15 4.13099e+15 4.10631e+15 4.0816e+15 4.05686e+15 4.0321e+15 4.00731e+15 3.9825e+15 3.95767e+15 3.93282e+15 3.90795e+15 3.88307e+15 3.85817e+15 3.83325e+15 3.80833e+15 3.7834e+15 3.75845e+15 3.7335e+15 3.70855e+15 3.68359e+15 3.65863e+15 3.63367e+15 3.60871e+15 3.58376e+15 3.55881e+15 3.53386e+15 3.50893e+15 3.484e+15 3.45909e+15 3.43419e+15 3.4093e+15 3.38443e+15 3.35958e+15 3.33475e+15 3.30995e+15 3.28516e+15 3.26041e+15 3.23568e+15 3.21097e+15 3.1863e+15 3.16167e+15 3.13706e+15 3.1125e+15 3.08797e+15 3.06348e+15 3.03903e+15 3.01463e+15 2.99027e+15 2.96596e+15 2.9417e+15 2.91748e+15 2.89332e+15 2.86922e+15 2.84517e+15 2.82117e+15 2.79724e+15 2.77336e+15 2.74955e+15 2.72581e+15 2.70212e+15 2.67851e+15 2.65497e+15 2.63149e+15 2.60809e+15 2.58476e+15 2.56151e+15 2.53834e+15 2.51524e+15 2.49223e+15 2.4693e+15 2.44645e+15 2.42368e+15 2.40101e+15 2.37842e+15 2.35592e+15 2.33351e+15 2.3112e+15 2.28898e+15 2.26686e+15 2.24483e+15 2.2229e+15 2.20107e+15 2.17934e+15 2.15771e+15 2.13619e+15 2.11477e+15 2.09346e+15 2.08425e+15 2.06328e+15 2.04213e+15 2.0208e+15 1.9993e+15 1.97764e+15 1.95581e+15 1.93382e+15 1.91168e+15 1.88939e+15 1.86697e+15 1.84441e+15 1.82172e+15 1.79891e+15 1.77599e+15 1.75296e+15 1.72983e+15 1.7066e+15 1.6833e+15 1.65991e+15 1.63646e+15 1.61294e+15 1.58938e+15 1.56576e+15 1.54211e+15 1.51844e+15 1.49474e+15 1.47103e+15 1.44732e+15 1.42362e+15 1.39994e+15 1.37628e+15 1.35265e+15 1.32907e+15 1.30553e+15 1.28206e+15 1.25866e+15 1.23533e+15 1.21209e+15 1.18894e+15 1.16589e+15 1.14296e+15 1.12014e+15 1.09744e+15 1.07488e+15 1.05246e+15 1.03018e+15 1.00805e+15 9.86082e+14 9.64277e+14 9.42641e+14 9.21178e+14 8.99893e+14 8.78789e+14 8.57871e+14 8.37141e+14 8.16601e+14 7.96255e+14 7.76102e+14 7.56145e+14 7.36383e+14 7.16817e+14 6.97445e+14 6.78266e+14 6.59278e+14 6.40478e+14 6.21863e+14 6.0343e+14 5.85174e+14 5.67089e+14 5.49169e+14 5.31409e+14 5.13802e+14 4.96338e+14 4.79011e+14 4.6181e+14 4.44727e+14 4.27751e+14 4.10871e+14 3.94075e+14 3.77352e+14 3.60689e+14 3.44072e+14 3.27489e+14 3.10924e+14 2.94363e+14 2.77791e+14 2.61194e+14 2.44554e+14 2.27856e+14 2.11085e+14 1.94224e+14 1.77256e+14 1.60167e+14 1.42941e+14 1.25562e+14 1.08017e+14 9.02909e+13 7.23727e+13 5.42516e+13 3.59187e+13 1.73679e+13 1000
-1.26372e+17 -1.26237e+17 -1.26107e+17 -1.25982e+17 -1.25861e+17 -1.25745e+17 -1.25635e+17 -1.25529e+17 -1.2543e+17 -1.25336e+17 -1.25247e+17 -1.25164e+17 -1.25086e+17 -1.25014e+17 -1.24948e+17 -1.24887e+17 -1.24831e+17 -1.24781e+17 -1.24736e+17 -1.24697e+17 -1.24663e+17 -1.24634e+17 -1.24609e+17 -1.2459e+17 -1.24576e+17 -1.24567e+17 -1.24562e+17 -1.24562e+17 -1.24566e+17 -1.24575e+17 -1.24588e+17 -1.24606e+17 -1.24627e+17 -1.24653e+17 -1.24683e+17 -1.24716e+17 -1.24753e+17 -1.24794e+17 -1.24839e+17 -1.24886e+17 -1.24938e+17 -1.24992e+17 -1.2505e+17 -1.2511e+17 -1.25174e+17 -1.2524e+17 -1.25309e+17 -1.25381e+17 -1.25455e+17 -1.25532e+17 -1.25611e+17 -1.25692e+17 -1.25776e+17 -1.25861e+17 -1.25949e+17 -1.26038e+17 -1.26129e+17 -1.26221e+17 -1.26316e+17 -1.26411e+17 -1.26508e+17 -1.26607e+17 -1.26706e+17 -1.26807e+17 -1.26908e+17 -1.27011e+17 -1.27114e+17 -1.27219e+17 -1.27324e+17 -1.27429e+17 -1.27535e+17 -1.27642e+17 -1.27749e+17 -1.27856e+17 -1.27964e+17 -1.28072e+17 -1.2818e+17 -1.28288e+17 -1.28396e+17 -1.28504e+17 -1.28612e+17 -1.2872e+17 -1.28827e+17 -1.28934e+17 -1.29041e+17 -1.29148e+17 -1.29254e+17 -1.2936e+17 -1.29465e+17 -1.2957e+17 -1.29674e+17 -1.29777e+17 -1.2988e+17 -1.29982e+17 -1.30084e+17 -1.30185e+17 -1.30285e+17 -1.30384e+17 -1.30482e+17 -1.30579e+17 -1.30676e+17 -1.30772e+17 -1.3086e+17 -1.30956e+17 -1.31052e+17 -1.31149e+17 -1.31246e+17 -1.31344e+17 -1.31442e+17 -1.3154e+17 -1.31639e+17 -1.31737e+17 -1.31837e+17 -1.31936e+17 -1.32036e+17 -1.32136e+17 -1.32236e+17 -1.32337e+17 -1.32438e+17 -1.32539e+17 -1.3264e+17 -1.32742e+17 -1.32844e+17 -1.32946e+17 -1.33048e+17 -1.3315e+17 -1.33253e+17 -1.33356e+17 -1.33459e+17 -1.33562e+17 -1.33665e+17 -1.33768e+17 -1.33872e+17 -1.33976e+17 -1.34079e+17 -1.34183e+17 -1.34287e+17 -1.34391e+17 -1.34495e+17 -1.346e+17 -1.34704e+17 -1.34808e+17 -1.34913e+17 -1.35017e+17 -1.35122e+17 -1.35226e+17 -1.35331e+17 -1.35435e+17 -1.3554e+17 -1.35644e+17 -1.35749e+17 -1.35853e+17 -1.35958e+17 -1.36062e+17 -1.36167e+17 -1.36271e+17 -1.36375e+17 -1.3648e+17 -1.36584e+17 -1.36688e+17 -1.36792e+17 -1.36896e+17 -1.37e+17 -1.37103e+17 -1.37207e+17 -1.37311e+17 -1.37414e+17 -1.37517e+17 -1.3762e+17 -1.37723e+17 -1.37826e+17 -1.37929e+17 -1.38031e+17 -1.38134e+17 -1.38236e+17 -1.38338e+17 -1.3844e+17 -1.38542e+17 -1.38643e+17 -1.38744e+17 -1.38845e+17 -1.38946e+17 -1.39047e+17 -1.39147e+17 -1.39248e+17 -1.39348e+17 -1.39447e+17 -1.39547e+17 -1.39646e+17 -1.39745e+17 -1.39844e+17 -1.39943e+17 -1.40041e+17 -1.40139e+17 -1.40237e+17 -1.40334e+17 -1.40431e+17 -1.40528e+17 -1.40625e+17 -1.40721e+17 -1.40817e+17 -1.40913e+17 -1.41008e+17 -1.41103e+17 -1.41198e+17 -1.41293e+17 -1.41387e+17 -1.41481e+17 -1.41574e+17 -1.41668e+17 -1.4176e+17 -1.41853e+17 -1.41945e+17 -1.42037e+17 -1.42129e+17 -1.4222e+17 -1.42311e+17 -1.42401e+17 -1.42492e+17 -1.42581e+17 -1.42671e+17 -1.4276e+17 -1.42849e+17 -1.42937e+17 -1.43025e+17 -1.43113e+17 -1.432e+17 -1.43287e+17 -1.43374e+17 -1.4346e+17 -1.43546e+17 -1.43631e+17 -1.43716e+17 -1.43801e+17 -1.43885e+17 -1.43969e+17 -1.44053e+17 -1.44136e+17 -1.44219e+17 -1.44301e+17 -1.44383e+17 -1.44465e+17 -1.44546e+17 -1.44627e+17 -1.44707e+17 -1.44788e+17 -1.44867e+17 -1.44946e+17 -1.45025e+17 -1.45104e+17 -1.45182e+17 -1.4526e+17 -1.45337e+17 -1.45414e+17 -1.4549e+17 -1.45566e+17 -1.45642e+17 -1.45717e+17 -1.45792e+17 -1.45867e+17 -1.45941e+17 -1.46015e+17 -1.46088e+17 -1.46161e+17 -1.46233e+17 -1.46305e+17 -1.46377e+17 -1.46448e+17 -1.46519e+17 -1.4659e+17 -1.4666e+17 -1.4673e+17 -1.46799e+17 -1.46868e+17 -1.46936e+17 -1.47005e+17 -1.47072e+17 -1.4714e+17 -1.47207e+17 -1.47273e+17 -1.47339e+17 -1.47405e+17 -1.4747e+17 -1.47535e+17 -1.476e+17 -1.47664e+17 -1.47728e+17 -1.47791e+17 -1.47854e+17 -1.47917e+17 -1.47979e+17 -1.48041e+17 -1.48102e+17 -1.48163e+17 -1.48224e+17 -1.48284e+17 -1.48344e+17 -1.48404e+17 -1.48463e+17 -1.48522e+17 -1.4858e+17 -1.48638e+17 -1.48696e+17 -1.48753e+17 -1.4881e+17 -1.48867e+17 -1.48923e+17 -1.48979e+17 -1.49034e+17 -1.49089e+17 -1.49144e+17 -1.49198e+17 -1.49252e+17 -1.49306e+17 -1.49359e+17 -1.49412e+17 -1.49465e+17 -1.49517e+17 -1.49569e+17 -1.4962e+17 -1.49671e+17 -1.49722e+17 -1.49773e+17 -1.49823e+17 -1.49872e+17 -1.49922e+17 -1.49971e+17 -1.5002e+17 -1.50068e+17 -1.50116e+17 -1.50164e+17 -1.50211e+17 -1.50258e+17 -1.50305e+17 -1.50351e+17 -1.50397e+17 -1.50443e+17 -1.50488e+17 -1.50533e+17 -1.50578e+17 -1.50623e+17 -1.50667e+17 -1.5071e+17 -1.50754e+17 -1.50797e+17 -1.5084e+17 -1.50882e+17 -1.50925e+17 -1.50967e+17 -1.51008e+17 -1.5105e+17 -1.51091e+17 -1.51131e+17 -1.51172e+17 -1.51212e+17 -1.51252e+17 -1.51291e+17 -1.5133e+17 -5.13472e+16 4.86137e+16 4.85742e+16 4.85343e+16 4.84941e+16 4.84536e+16 4.84127e+16 4.83714e+16 4.83297e+16 4.82876e+16 4.82452e+16 4.82024e+16 4.81592e+16 4.81156e+16 4.80716e+16 4.80273e+16 4.79825e+16 4.79373e+16 4.78917e+16 4.78458e+16 4.77993e+16 4.77525e+16 4.77053e+16 4.76576e+16 4.76095e+16 4.7561e+16 4.7512e+16 4.74626e+16 4.74128e+16 4.73625e+16 4.73117e+16 4.72605e+16 4.72089e+16 4.71567e+16 4.71041e+16 4.70511e+16 4.69975e+16 4.69435e+16 4.6889e+16 4.6834e+16 4.67785e+16 4.67226e+16 4.66661e+16 4.66091e+16 4.65516e+16 4.64936e+16 4.64351e+16 4.6376e+16 4.63164e+16 4.62563e+16 4.61957e+16 4.61345e+16 4.60728e+16 4.60105e+16 4.59476e+16 4.58842e+16 4.58203e+16 4.57557e+16 4.56906e+16 4.5625e+16 4.55587e+16 4.54918e+16 4.54244e+16 4.53563e+16 4.52877e+16 4.52184e+16 4.51486e+16 4.50781e+16 4.5007e+16 4.49352e+16 4.48628e+16 4.47898e+16 4.47162e+16 4.46418e+16 4.45669e+16 4.44912e+16 4.4415e+16 4.4338e+16 4.42603e+16 4.4182e+16 4.4103e+16 4.40233e+16 4.39429e+16 4.38618e+16 4.37799e+16 4.36974e+16 4.36141e+16 4.35301e+16 4.34454e+16 4.33599e+16 4.32737e+16 4.31867e+16 4.3099e+16 4.30105e+16 4.29213e+16 4.28312e+16 4.27404e+16 4.26488e+16 4.25564e+16 4.24632e+16 4.23692e+16 4.22744e+16 4.21788e+16 4.20823e+16 4.1985e+16 4.18869e+16 4.17879e+16 4.16881e+16 4.15874e+16 4.14859e+16 4.13835e+16 4.12802e+16 4.1176e+16 4.10709e+16 4.0965e+16 4.08581e+16 4.07504e+16 4.06417e+16 4.05321e+16 4.04215e+16 4.03101e+16 4.01977e+16 4.00843e+16 3.997e+16 3.98547e+16 3.97385e+16 3.96213e+16 3.95031e+16 3.93839e+16 3.92637e+16 3.91425e+16 3.90203e+16 3.88971e+16 3.87729e+16 3.86477e+16 3.85214e+16 3.8394e+16 3.82657e+16 3.81362e+16 3.80057e+16 3.78742e+16 3.77416e+16 3.76079e+16 3.74731e+16 3.73372e+16 3.72002e+16 3.70621e+16 3.69229e+16 3.67825e+16 3.66411e+16 3.64985e+16 3.63548e+16 3.62099e+16 3.60639e+16 3.59167e+16 3.57684e+16 3.56189e+16 3.54682e+16 3.53163e+16 3.51633e+16 3.5009e+16 3.48536e+16 3.4697e+16 3.45391e+16 3.43801e+16 3.42198e+16 3.40583e+16 3.38955e+16 3.37316e+16 3.35664e+16 3.33999e+16 3.32322e+16 3.30633e+16 3.2893e+16 3.27216e+16 3.25488e+16 3.23748e+16 3.21995e+16 3.20229e+16 3.18451e+16 3.1666e+16 3.14855e+16 3.13038e+16 3.11208e+16 3.09365e+16 3.07509e+16 3.05639e+16 3.03757e+16 3.01862e+16 2.99953e+16 2.98032e+16 2.96097e+16 2.94149e+16 2.92188e+16 2.90214e+16 2.88227e+16 2.86226e+16 2.84213e+16 2.82186e+16 2.80146e+16 2.78092e+16 2.76026e+16 2.73946e+16 2.71854e+16 2.69748e+16 2.67629e+16 2.65497e+16 2.63352e+16 2.61194e+16 2.59024e+16 2.5684e+16 2.54643e+16 2.52434e+16 2.50211e+16 2.47976e+16 2.45729e+16 2.43468e+16 2.41195e+16 2.3891e+16 2.36612e+16 2.34302e+16 2.3198e+16 2.29645e+16 2.27299e+16 2.2494e+16 2.2257e+16 2.20188e+16 2.17794e+16 2.15389e+16 2.12972e+16 2.10544e+16 2.08105e+16 2.05655e+16 2.03194e+16 2.00723e+16 1.98241e+16 1.95748e+16 1.93245e+16 1.90732e+16 1.8821e+16 1.85677e+16 1.83135e+16 1.80584e+16 1.78024e+16 1.75455e+16 1.72877e+16 1.70291e+16 1.67696e+16 1.65094e+16 1.62484e+16 1.59866e+16 1.57242e+16 1.5461e+16 1.51972e+16 1.49327e+16 1.46676e+16 1.45524e+16 1.42889e+16 1.40212e+16 1.37492e+16 1.34731e+16 1.31928e+16 1.29083e+16 1.26196e+16 1.23267e+16 1.20296e+16 1.17285e+16 1.14232e+16 1.11139e+16 1.08006e+16 1.04834e+16 1.01622e+16 9.83722e+15 9.50848e+15 9.17606e+15 8.84005e+15 8.50057e+15 8.15772e+15 7.81162e+15 7.46239e+15 7.11019e+15 6.75516e+15 6.39746e+15 6.03727e+15 5.67478e+15 5.31018e+15 4.94369e+15 4.57553e+15 4.20595e+15 3.83519e+15 3.46352e+15 3.09122e+15 2.71859e+15 2.34594e+15 1.97359e+15 1.60189e+15 1.2312e+15 8.61871e+14 4.94308e+14 1.28909e+14 -2.33908e+14 -5.93711e+14 -9.5005e+14 -1.30246e+15 -1.65047e+15 -1.99359e+15 -2.3313e+15 -2.66309e+15 -2.98844e+15 -3.30679e+15 -3.6176e+15 -3.9203e+15 -4.21433e+15 -4.49908e+15 -4.77399e+15 -5.03846e+15 -5.29189e+15 -5.53368e+15 -5.76322e+15 -5.97992e+15 -6.18318e+15 -6.37239e+15 -6.54696e+15 -6.70632e+15 -6.84988e+15 -6.97707e+15 -7.08736e+15 -7.18019e+15 -7.25505e+15 -7.31144e+15 -7.34888e+15 -7.36691e+15 -7.3651e+15 -7.34306e+15 -7.30041e+15 -7.23682e+15 -7.15198e+15 -7.04563e+15 -6.91755e+15 -6.76757e+15 -6.59554e+15 -6.40139e+15 -6.18509e+15 -5.94665e+15 -5.68618e+15 -5.40381e+15 -5.09976e+15 -4.77433e+15 -4.42788e+15 -4.06087e+15 -3.67384e+15 -3.26745e+15 -2.84245e+15 -2.39972e+15 -1.94029e+15 -1.46531e+15 -9.76133e+14 -4.74271e+14 -488
-1.01872e+18 -1.01352e+18 -1.0085e+18 -1.00365e+18 -9.98982e+17 -9.94512e+17 -9.90244e+17 -9.86182e+17 -9.82331e+17 -9.78691e+17 -9.75266e+17 -9.72056e+17 -9.6906e+17 -9.66279e+17 -9.63712e+17 -9.61358e+17 -9.59213e+17 -9.57278e+17 -9.55548e+17 -9.54023e+17 -9.52698e+17 -9.51572e+17 -9.50641e+17 -9.49902e+17 -9.49352e+17 -9.48988e+17 -9.48805e+17 -9.48802e+17 -9.48973e+17 -9.49316e+17 -9.49826e+17 -9.505e+17 -9.51335e+17 -9.52326e+17 -9.5347e+17 -9.54762e+17 -9.562e+17 -9.57778e+17 -9.59493e+17 -9.61342e+17 -9.63319e+17 -9.65422e+17 -9.67647e+17 -9.69988e+17 -9.72443e+17 -9.75008e+17 -9.77678e+17 -9.80449e+17 -9.83319e+17 -9.86282e+17 -9.89335e+17 -9.92475e+17 -9.95697e+17 -9.98997e+17 -1.00237e+18 -1.00582e+18 -1.00933e+18 -1.01291e+18 -1.01655e+18 -1.02024e+18 -1.02399e+18 -1.02779e+18 -1.03163e+18 -1.03552e+18 -1.03945e+18 -1.04341e+18 -1.04741e+18 -1.05143e+18 -1.05549e+18 -1.05957e+18 -1.06367e+18 -1.06779e+18 -1.07192e+18 -1.07607e+18 -1.08022e+18 -1.08439e+18 -1.08856e+18 -1.09273e+18 -1.09691e+18 -1.10108e+18 -1.10525e+18 -1.10941e+18 -1.11356e+18 -1.11771e+18 -1.12184e+18 -1.12596e+18 -1.13006e+18 -1.13414e+18 -1.13821e+18 -1.14225e+18 -1.14628e+18 -1.15027e+18 -1.15425e+18 -1.15819e+18 -1.16211e+18 -1.166e+18 -1.16987e+18 -1.1737e+18 -1.17749e+18 -1.18126e+18 -1.18499e+18 -1.18869e+18 -1.19208e+18 -1.19579e+18 -1.19952e+18 -1.20326e+18 -1.20701e+18 -1.21078e+18 -1.21457e+18 -1.21836e+18 -1.22217e+18 -1.22599e+18 -1.22982e+18 -1.23367e+18 -1.23752e+18 -1.24139e+18 -1.24526e+18 -1.24915e+18 -1.25305e+18 -1.25695e+18 -1.26087e+18 -1.26479e+18 -1.26873e+18 -1.27267e+18 -1.27662e+18 -1.28057e+18 -1.28454e+18 -1.28851e+18 -1.29248e+18 -1.29646e+18 -1.30045e+18 -1.30445e+18 -1.30845e+18 -1.31245e+18 -1.31646e+18 -1.32047e+18 -1.32449e+18 -1.32851e+18 -1.33253e+18 -1.33656e+18 -1.34058e+18 -1.34462e+18 -1.34865e+18 -1.35268e+18 -1.35672e+18 -1.36076e+18 -1.36479e+18 -1.36883e+18 -1.37287e+18 -1.37691e+18 -1.38095e+18 -1.38498e+18 -1.38902e+18 -1.39305e+18 -1.39709e+18 -1.40112e+18 -1.40515e+18 -1.40918e+18 -1.4132e+18 -1.41722e+18 -1.42124e+18 -1.42525e+18 -1.42927e+18 -1.43327e+18 -1.43728e+18 -1.44128e+18 -1.44527e+18 -1.44926e+18 -1.45324e+18 -1.45722e+18 -1.4612e+18 -1.46516e+18 -1.46912e+18 -1.47308e+18 -1.47703e+18 -1.48097e+18 -1.4849e+18 -1.48883e+18 -1.49275e+18 -1.49666e+18 -1.50057e+18 -1.50446e+18 -1.50835e+18 -1.51223e+18 -1.5161e+18 -1.51997e+18 -1.52382e+18 -1.52766e+18 -1.5315e+18 -1.53532e+18 -1.53914e+18 -1.54295e+18 -1.54674e+18 -1.55053e+18 -1.5543e+18 -1.55807e+18 -1.56182e+18 -1.56556e+18 -1.5693e+18 -1.57302e+18 -1.57673e+18 -1.58042e+18 -1.58411e+18 -1.58779e+18 -1.59145e+18 -1.5951e+18 -1.59874e+18 -1.60236e+18 -1.60598e+18 -1.60958e+18 -1.61317e+18 -1.61675e+18 -1.62031e+18 -1.62386e+18 -1.6274e+18 -1.63092e+18 -1.63443e+18 -1.63793e+18 -1.64141e+18 -1.64488e+18 -1.64834e+18 -1.65178e+18 -1.65521e+18 -1.65863e+18 -1.66203e+18 -1.66542e+18 -1.66879e+18 -1.67215e+18 -1.67549e+18 -1.67882e+18 -1.68214e+18 -1.68544e+18 -1.68873e+18 -1.692e+18 -1.69526e+18 -1.6985e+18 -1.70173e+18 -1.70494e+18 -1.70814e+18 -1.71132e+18 -1.71449e+18 -1.71764e+18 -1.72078e+18 -1.7239e+18 -1.72701e+18 -1.7301e+18 -1.73318e+18 -1.73624e+18 -1.73929e+18 -1.74232e+18 -1.74534e+18 -1.74834e+18 -1.75133e+18 -1.7543e+18 -1.75725e+18 -1.76019e+18 -1.76312e+18 -1.76602e+18 -1.76892e+18 -1.7718e+18 -1.77466e+18 -1.77751e+18 -1.78034e+18 -1.78315e+18 -1.78595e+18 -1.78874e+18 -1.79151e+18 -1.79426e+18 -1.797e+18 -1.79973e+18 -1.80243e+18 -1.80513e+18 -1.8078e+18 -1.81047e+18 -1.81311e+18 -1.81574e+18 -1.81836e+18 -1.82096e+18 -1.82355e+18 -1.82612e+18 -1.82867e+18 -1.83121e+18 -1.83374e+18 -1.83625e+18 -1.83874e+18 -1.84122e+18 -1.84368e+18 -1.84613e+18 -1.84857e+18 -1.85098e+18 -1.85339e+18 -1.85578e+18 -1.85815e+18 -1.86051e+18 -1.86286e+18 -1.86518e+18 -1.8675e+18 -1.8698e+18 -1.87209e+18 -1.87436e+18 -1.87661e+18 -1.87886e+18 -1.88108e+18 -1.8833e+18 -1.8855e+18 -1.88768e+18 -1.88985e+18 -1.89201e+18 -1.89415e+18 -1.89627e+18 -1.89839e+18 -1.90049e+18 -1.90257e+18 -1.90464e+18 -1.9067e+18 -1.90875e+18 -1.91078e+18 -1.91279e+18 -1.91479e+18 -1.91678e+18 -1.91876e+18 -1.92072e+18 -1.92267e+18 -1.9246e+18 -1.92653e+18 -1.92843e+18 -1.93033e+18 -1.93221e+18 -1.93408e+18 -1.93594e+18 -1.93778e+18 -1.93961e+18 -1.94143e+18 -1.94323e+18 -1.94502e+18 -1.9468e+18 -1.94857e+18 -1.95032e+18 -1.95206e+18 -1.95379e+18 -1.95551e+18 -1.95721e+18 -1.9589e+18 -1.96058e+18 -1.96225e+18 -1.9639e+18 -1.96555e+18 -1.96718e+18 -1.9688e+18 -1.9704e+18 -1.972e+18 -1.97358e+18 -1.97516e+18 -1.97672e+18 -1.97826e+18 -1.9798e+18 -1.98133e+18 -1.98284e+18 -1.9835e+18 -1.98501e+18 -1.98653e+18 -1.98807e+18 -1.98963e+18 -1.99119e+18 -1.99277e+18 -1.99437e+18 -1.99598e+18 -1.9976e+18 -1.99924e+18 -2.0009e+18 -2.00257e+18 -2.00425e+18 -2.00595e+18 -2.00766e+18 -2.00939e+18 -2.01114e+18 -2.0129e+18 -2.01467e+18 -2.01647e+18 -2.01827e+18 -2.0201e+18 -2.02194e+18 -2.0238e+18 -2.02567e+18 -2.02757e+18 -2.02947e+18 -2.0314e+18 -2.03334e+18 -2.0353e+18 -2.03728e+18 -2.03928e+18 -2.04129e+18 -2.04332e+18 -2.04537e+18 -2.04744e+18 -2.04953e+18 -2.05163e+18 -2.05376e+18 -2.0559e+18 -2.05806e+18 -2.06024e+18 -2.06245e+18 -2.06467e+18 -2.06691e+18 -2.06917e+18 -2.07145e+18 -2.07375e+18 -2.07607e+18 -2.07841e+18 -2.08078e+18 -2.08316e+18 -2.08557e+18 -2.088e+18 -2.09045e+18 -2.09292e+18 -2.09541e+18 -2.09792e+18 -2.10046e+18 -2.10302e+18 -2.1056e+18 -2.10821e+18 -2.11084e+18 -2.11349e+18 -2.11616e+18 -2.11886e+18 -2.12159e+18 -2.12433e+18 -2.12711e+18 -2.1299e+18 -2.13272e+18 -2.13557e+18 -2.13844e+18 -2.14133e+18 -2.14426e+18 -2.1472e+18 -2.15018e+18 -2.15318e+18 -2.1562e+18 -2.15925e+18 -2.16233e+18 -2.16544e+18 -2.16857e+18 -2.17173e+18 -2.17492e+18 -2.17814e+18 -2.18138e+18 -2.18466e+18 -2.18796e+18 -2.19129e+18 -2.19465e+18 -2.19804e+18 -2.20145e+18 -2.2049e+18 -2.20838e+18 -2.21189e+18 -2.21543e+18 -2.219e+18 -2.2226e+18 -2.22623e+18 -2.22989e+18 -2.23358e+18 -2.23731e+18 -2.24107e+18 -2.24486e+18 -2.24868e+18 -2.25254e+18 -2.25643e+18 -2.26035e+18 -2.26431e+18 -2.2683e+18 -2.27232e+18 -2.27638e+18 -2.28047e+18 -2.2846e+18 -2.28876e+18 -2.29296e+18 -2.2972e+18 -2.30146e+18 -2.30577e+18 -2.31011e+18 -2.31449e+18 -2.31891e+18 -2.32336e+18 -2.32785e+18 -2.33238e+18 -2.33694e+18 -2.34155e+18 -2.34619e+18 -2.35087e+18 -2.35559e+18 -2.36035e+18 -2.36515e+18 -2.36999e+18 -2.37487e+18 -2.37979e+18 -2.38474e+18 -2.38974e+18 -2.39478e+18 -2.39987e+18 -2.40499e+18 -2.41016e+18 -2.41536e+18 -2.42061e+18 -2.4259e+18 -2.43124e+18 -2.43662e+18 -2.44204e+18 -2.4475e+18 -2.45301e+18 -2.45856e+18 -2.46416e+18 -2.4698e+18 -2.47548e+18 -2.48121e+18 -2.48699e+18 -2.49281e+18 -2.49867e+18 -2.50459e+18 -2.51054e+18 -2.51655e+18 -2.5226e+18 -2.5287e+18 -2.53484e+18 -2.54103e+18 -2.54727e+18 -2.55356e+18 -2.55989e+18 -2.56627e+18 -2.5727e+18 -2.57918e+18 -2.58571e+18 -2.59228e+18 -2.59891e+18 -2.60558e+18 -2.6123e+18 -2.61907e+18 -2.6259e+18 -2.63277e+18 -2.63969e+18 -2.64665e+18 -2.65367e+18 -2.66074e+18 -2.66786e+18 -2.67503e+18 -2.68225e+18 -2.68953e+18 -2.69685e+18 -2.70422e+18 -2.71164e+18 -2.71912e+18 -2.72664e+18 -2.73422e+18 -2.74184e+18 -2.74952e+18 -2.75725e+18 -2.76503e+18 -2.77286e+18 -2.78074e+18 -2.78867e+18 -2.79665e+18 -2.80468e+18 -2.81277e+18 -2.8209e+18 -2.82909e+18 -2.83732e+18 -2.84561e+18 -2.85394e+18 -2.86233e+18 -2.87076e+18 -2.87925e+18 -2.88778e+18 -2.89637e+18 -2.905e+18 -2.91369e+18 -2.92242e+18 -2.9312e+18 -2.94003e+18 -2.9489e+18 -2.95782e+18 -2.9668e+18 -2.97581e+18 -2.98488e+18 -2.99399e+18 -3.00314e+18 -3.01235e+18 -3.02159e+18 -3.03088e+18 -3.04022e+18 -3.0496e+18 -3.05902e+18 -3.06849e+18 -3.07799e+18 -3.08754e+18 -3.09713e+18 -3.10676e+18 -3.11642e+18 -3.12613e+18 -3.13588e+18 -3.14566e+18 -3.15548e+18 -3.16533e+18 -3.17522e+18 -3.18515e+18 -3.1951e+18 -3.20509e+18 -3.21512e+18 -3.22517e+18 -3.23525e+18 -3.24536e+18 -3.2555e+18 -3.26567e+18 -3.27586e+18 -3.28608e+18 -3.29632e+18 -3.30077e+18 -3.31095e+18 -3.32129e+18 -3.33179e+18 -3.34246e+18 -3.35329e+18 -3.36428e+18 -3.37543e+18 -3.38675e+18 -3.39822e+18 -3.40985e+18 -3.42164e+18 -3.43359e+18 -3.44569e+18 -3.45795e+18 -3.47036e+18 -3.48291e+18 -3.49561e+18 -3.50845e+18 -3.52143e+18 -3.53454e+18 -3.54779e+18 -3.56116e+18 -3.57465e+18 -3.58825e+18 -3.60197e+18 -3.61579e+18 -3.6297e+18 -3.6437e+18 -3.65779e+18 -3.67194e+18 -3.68617e+18 -3.70044e+18 -3.71476e+18 -3.72912e+18 -3.7435e+18 -3.7579e+18 -3.77229e+18 -3.78668e+18 -3.80103e+18 -3.81535e+18 -3.82962e+18 -3.84382e+18 -3.85793e+18 -3.87195e+18 -3.88585e+18 -3.89961e+18 -3.91323e+18 -3.92667e+18 -3.93992e+18 -3.95297e+18 -3.96579e+18 -3.97835e+18 -3.99065e+18 -4.00266e+18 -4.01435e+18 -4.02571e+18 -4.03671e+18 -4.04733e+18 -4.05755e+18 -4.06734e+18 -4.07668e+18 -4.08554e+18 -4.09391e+18 -4.10176e+18 -4.10907e+18 -4.11582e+18 -4.12197e+18 -4.12752e+18 -4.13243e+18 -4.13669e+18 -4.14028e+18 -4.14317e+18 -4.14535e+18 -4.14679e+18 -4.14749e+18 -4.14742e+18 -4.14657e+18 -4.14492e+18 -4.14247e+18 -4.13919e+18 -4.13508e+18 -4.13013e+18 -4.12434e+18 -4.11769e+18 -4.11019e+18 -4.10184e+18 -4.09263e+18 -4.08257e+18 -4.07166e+18 -4.05991e+18 -4.04734e+18 -4.03396e+18 -4.01978e+18 -4.00483e+18 -3.98913e+18 -3.97272e+18 -3.95561e+18 -3.93787e+18 -3.91952e+18 -3.90062e+18 -3.88123e+18 -3.86291e+18
2.63717e+16 2.62373e+16 2.61072e+16 2.59816e+16 2.58608e+16 2.57451e+16 2.56346e+16 2.55295e+16 2.54298e+16 2.53356e+16 2.52469e+16 2.51638e+16 2.50862e+16 2.50143e+16 2.49478e+16 2.48868e+16 2.48313e+16 2.47812e+16 2.47365e+16 2.4697e+16 2.46627e+16 2.46335e+16 2.46094e+16 2.45903e+16 2.45761e+16 2.45666e+16 2.45619e+16 2.45618e+16 2.45662e+16 2.45751e+16 2.45883e+16 2.46058e+16 2.46274e+16 2.4653e+16 2.46827e+16 2.47161e+16 2.47533e+16 2.47942e+16 2.48386e+16 2.48864e+16 2.49376e+16 2.49921e+16 2.50497e+16 2.51103e+16 2.51738e+16 2.52402e+16 2.53093e+16 2.53811e+16 2.54554e+16 2.55321e+16 2.56111e+16 2.56924e+16 2.57758e+16 2.58612e+16 2.59486e+16 2.60378e+16 2.61288e+16 2.62214e+16 2.63156e+16 2.64112e+16 2.65083e+16 2.66066e+16 2.67061e+16 2.68067e+16 2.69084e+16 2.7011e+16 2.71144e+16 2.72187e+16 2.73236e+16 2.74292e+16 2.75354e+16 2.7642e+16 2.7749e+16 2.78563e+16 2.7964e+16 2.80718e+16 2.81798e+16 2.82878e+16 2.83959e+16 2.85039e+16 2.86118e+16 2.87195e+16 2.8827e+16 2.89343e+16 2.90413e+16 2.91479e+16 2.9254e+16 2.93598e+16 2.9465e+16 2.95697e+16 2.96738e+16 2.97774e+16 2.98802e+16 2.99824e+16 3.00839e+16 3.01846e+16 3.02845e+16 3.03837e+16 3.0482e+16 3.05795e+16 3.06761e+16 3.07718e+16 3.08595e+16 3.09556e+16 3.10521e+16 3.1149e+16 3.12462e+16 3.13438e+16 3.14417e+16 3.15399e+16 3.16385e+16 3.17374e+16 3.18366e+16 3.19362e+16 3.2036e+16 3.2136e+16 3.22364e+16 3.2337e+16 3.24379e+16 3.2539e+16 3.26404e+16 3.2742e+16 3.28438e+16 3.29458e+16 3.3048e+16 3.31504e+16 3.3253e+16 3.33558e+16 3.34587e+16 3.35618e+16 3.36651e+16 3.37685e+16 3.3872e+16 3.39756e+16 3.40794e+16 3.41833e+16 3.42872e+16 3.43913e+16 3.44955e+16 3.45997e+16 3.4704e+16 3.48083e+16 3.49127e+16 3.50172e+16 3.51216e+16 3.52261e+16 3.53307e+16 3.54352e+16 3.55397e+16 3.56443e+16 3.57488e+16 3.58533e+16 3.59578e+16 3.60623e+16 3.61667e+16 3.6271e+16 3.63753e+16 3.64796e+16 3.65838e+16 3.66879e+16 3.67919e+16 3.68959e+16 3.69997e+16 3.71034e+16 3.72071e+16 3.73106e+16 3.7414e+16 3.75173e+16 3.76204e+16 3.77234e+16 3.78263e+16 3.7929e+16 3.80315e+16 3.81339e+16 3.82361e+16 3.83381e+16 3.844e+16 3.85416e+16 3.86431e+16 3.87444e+16 3.88455e+16 3.89464e+16 3.9047e+16 3.91474e+16 3.92477e+16 3.93477e+16 3.94474e+16 3.95469e+16 3.96462e+16 3.97452e+16 3.9844e+16 3.99425e+16 4.00408e+16 4.01388e+16 4.02365e+16 4.0334e+16 4.04312e+16 4.05281e+16 4.06247e+16 4.0721e+16 4.0817e+16 4.09127e+16 4.10082e+16 4.11033e+16 4.11981e+16 4.12926e+16 4.13868e+16 4.14807e+16 4.15743e+16 4.16675e+16 4.17604e+16 4.1853e+16 4.19452e+16 4.20372e+16 4.21287e+16 4.222e+16 4.23108e+16 4.24014e+16 4.24916e+16 4.25814e+16 4.26709e+16 4.276e+16 4.28488e+16 4.29372e+16 4.30253e+16 4.3113e+16 4.32003e+16 4.32872e+16 4.33738e+16 4.346e+16 4.35459e+16 4.36313e+16 4.37164e+16 4.38011e+16 4.38854e+16 4.39694e+16 4.40529e+16 4.41361e+16 4.42189e+16 4.43013e+16 4.43833e+16 4.4465e+16 4.45462e+16 4.4627e+16 4.47075e+16 4.47876e+16 4.48672e+16 4.49465e+16 4.50254e+16 4.51039e+16 4.51819e+16 4.52596e+16 4.53369e+16 4.54138e+16 4.54903e+16 4.55664e+16 4.56421e+16 4.57174e+16 4.57923e+16 4.58668e+16 4.59409e+16 4.60146e+16 4.60879e+16 4.61608e+16 4.62333e+16 4.63055e+16 4.63772e+16 4.64485e+16 4.65194e+16 4.65899e+16 4.666e+16 4.67297e+16 4.6799e+16 4.68679e+16 4.69364e+16 4.70045e+16 4.70723e+16 4.71396e+16 4.72065e+16 4.7273e+16 4.73392e+16 4.74049e+16 4.74703e+16 4.75352e+16 4.75998e+16 4.7664e+16 4.77278e+16 4.77912e+16 4.78542e+16 4.79168e+16 4.7979e+16 4.80409e+16 4.81023e+16 4.81634e+16 4.82241e+16 4.82844e+16 4.83443e+16 4.84039e+16 4.84631e+16 4.85218e+16 4.85803e+16 4.86383e+16 4.8696e+16 4.87533e+16 4.88102e+16 4.88667e+16 4.89229e+16 4.89787e+16 4.90342e+16 4.90892e+16 4.91439e+16 4.91983e+16 4.92523e+16 4.93059e+16 4.93592e+16 4.94121e+16 4.94646e+16 4.95168e+16 4.95687e+16 4.96201e+16 4.96713e+16 4.97221e+16 4.97725e+16 4.98226e+16 4.98723e+16 4.99217e+16 4.99708e+16 5.00195e+16 5.00679e+16 5.01159e+16 5.01636e+16 5.0211e+16 5.02581e+16 5.03048e+16 5.03511e+16 5.03972e+16 5.04429e+16 5.04883e+16 5.05334e+16 5.05781e+16 5.06225e+16 5.06666e+16 5.07104e+16 5.07539e+16 5.07971e+16 5.08399e+16 5.08824e+16 5.09247e+16 5.09666e+16 5.10082e+16 5.10495e+16 5.10905e+16 5.11312e+16 5.11716e+16 5.12117e+16 5.12515e+16 5.1291e+16 5.13303e+16 5.13472e+16 5.13863e+16 5.14258e+16 5.14657e+16 5.15059e+16 5.15464e+16 5.15873e+16 5.16286e+16 5.16703e+16 5.17124e+16 5.17548e+16 5.17976e+16 5.18408e+16 5.18844e+16 5.19284e+16 5.19727e+16 5.20175e+16 5.20627e+16 5.21083e+16 5.21542e+16 5.22007e+16 5.22475e+16 5.22947e+16 5.23424e+16 5.23905e+16 5.2439e+16 5.2488e+16 5.25374e+16 5.25872e+16 5.26375e+16 5.26883e+16 5.27395e+16 5.27911e+16 5.28433e+16 5.28959e+16 5.29489e+16 5.30025e+16 5.30565e+16 5.3111e+16 5.3166e+16 5.32215e+16 5.32774e+16 5.33339e+16 5.33909e+16 5.34484e+16 5.35064e+16 5.35649e+16 5.3624e+16 5.36836e+16 5.37437e+16 5.38043e+16 5.38655e+16 5.39272e+16 5.39895e+16 5.40524e+16 5.41158e+16 5.41797e+16 5.42443e+16 5.43094e+16 5.4375e+16 5.44413e+16 5.45082e+16 5.45756e+16 5.46437e+16 5.47123e+16 5.47816e+16 5.48514e+16 5.49219e+16 5.4993e+16 5.50648e+16 5.51372e+16 5.52102e+16 5.52838e+16 5.53582e+16 5.54331e+16 5.55088e+16 5.5585e+16 5.5662e+16 5.57397e+16 5.5818e+16 5.5897e+16 5.59767e+16 5.60571e+16 5.61382e+16 5.62201e+16 5.63026e+16 5.63859e+16 5.64699e+16 5.65546e+16 5.66401e+16 5.67263e+16 5.68133e+16 5.6901e+16 5.69895e+16 5.70787e+16 5.71688e+16 5.72596e+16 5.73512e+16 5.74436e+16 5.75368e+16 5.76308e+16 5.77256e+16 5.78212e+16 5.79177e+16 5.8015e+16 5.81131e+16 5.82121e+16 5.83119e+16 5.84126e+16 5.85141e+16 5.86165e+16 5.87198e+16 5.8824e+16 5.89291e+16 5.9035e+16 5.91419e+16 5.92496e+16 5.93583e+16 5.94679e+16 5.95785e+16 5.96899e+16 5.98023e+16 5.99157e+16 6.003e+16 6.01453e+16 6.02615e+16 6.03787e+16 6.04969e+16 6.06161e+16 6.07363e+16 6.08575e+16 6.09797e+16 6.11029e+16 6.12271e+16 6.13523e+16 6.14786e+16 6.1606e+16 6.17343e+16 6.18638e+16 6.19943e+16 6.21258e+16 6.22584e+16 6.23921e+16 6.25269e+16 6.26628e+16 6.27998e+16 6.29379e+16 6.30771e+16 6.32175e+16 6.33589e+16 6.35015e+16 6.36452e+16 6.37901e+16 6.39361e+16 6.40833e+16 6.42316e+16 6.43811e+16 6.45318e+16 6.46837e+16 6.48367e+16 6.4991e+16 6.51464e+16 6.5303e+16 6.54609e+16 6.56199e+16 6.57802e+16 6.59417e+16 6.61045e+16 6.62684e+16 6.64336e+16 6.66001e+16 6.67678e+16 6.69367e+16 6.7107e+16 6.72784e+16 6.74512e+16 6.76252e+16 6.78005e+16 6.79771e+16 6.81549e+16 6.8334e+16 6.85145e+16 6.86962e+16 6.88792e+16 6.90635e+16 6.92491e+16 6.94361e+16 6.96243e+16 6.98138e+16 7.00047e+16 7.01968e+16 7.03903e+16 7.05851e+16 7.07812e+16 7.09786e+16 7.11773e+16 7.13774e+16 7.15787e+16 7.17814e+16 7.19854e+16 7.21908e+16 7.23974e+16 7.26054e+16 7.28146e+16 7.30252e+16 7.32371e+16 7.34503e+16 7.36648e+16 7.38806e+16 7.40976e+16 7.4316e+16 7.45357e+16 7.47566e+16 7.49789e+16 7.52024e+16 7.54271e+16 7.56532e+16 7.58805e+16 7.6109e+16 7.63388e+16 7.65698e+16 7.6802e+16 7.70355e+16 7.72701e+16 7.7506e+16 7.7743e+16 7.79812e+16 7.82206e+16 7.84611e+16 7.87028e+16 7.89456e+16 7.91895e+16 7.94345e+16 7.96806e+16 7.99277e+16 8.01759e+16 8.04252e+16 8.06755e+16 8.09268e+16 8.1179e+16 8.14323e+16 8.16865e+16 8.19416e+16 8.21976e+16 8.24545e+16 8.27123e+16 8.29709e+16 8.32304e+16 8.34906e+16 8.37516e+16 8.40134e+16 8.42758e+16 8.4539e+16 8.48028e+16 8.50673e+16 8.53324e+16 8.54476e+16 8.57111e+16 8.59788e+16 8.62508e+16 8.65269e+16 8.68072e+16 8.70917e+16 8.73804e+16 8.76733e+16 8.79704e+16 8.82715e+16 8.85768e+16 8.88861e+16 8.91994e+16 8.95166e+16 8.98378e+16 9.01628e+16 9.04915e+16 9.08239e+16 9.11599e+16 9.14994e+16 9.18423e+16 9.21884e+16 9.25376e+16 9.28898e+16 9.32448e+16 9.36025e+16 9.39627e+16 9.43252e+16 9.46898e+16 9.50563e+16 9.54245e+16 9.57941e+16 9.61648e+16 9.65365e+16 9.69088e+16 9.72814e+16 9.76541e+16 9.80264e+16 9.83981e+16 9.87688e+16 9.91381e+16 9.95057e+16 9.98711e+16 1.00234e+17 1.00594e+17 1.0095e+17 1.01302e+17 1.0165e+17 1.01994e+17 1.02331e+17 1.02663e+17 1.02988e+17 1.03307e+17 1.03618e+17 1.0392e+17 1.04214e+17 1.04499e+17 1.04774e+17 1.05038e+17 1.05292e+17 1.05534e+17 1.05763e+17 1.0598e+17 1.06183e+17 1.06372e+17 1.06547e+17 1.06706e+17 1.0685e+17 1.06977e+17 1.07087e+17 1.0718e+17 1.07255e+17 1.07311e+17 1.07349e+17 1.07367e+17 1.07365e+17 1.07343e+17 1.073e+17 1.07237e+17 1.07152e+17 1.07046e+17 1.06918e+17 1.06768e+17 1.06596e+17 1.06401e+17 1.06185e+17 1.05947e+17 1.05686e+17 1.05404e+17 1.051e+17 1.04774e+17 1.04428e+17 1.04061e+17 1.03674e+17 1.03267e+17 1.02842e+17 1.024e+17 1.0194e+17 1.01465e+17 1.00976e+17 1.00474e+17 1e+17
1.01872e+18 1.01352e+18 1.0085e+18 1.00365e+18 9.98982e+17 9.94512e+17 9.90244e+17 9.86182e+17 9.82331e+17 9.78691e+17 9.75266e+17 9.72056e+17 9.6906e+17 9.66279e+17 9.63712e+17 9.61358e+17 9.59213e+17 9.57278e+17 9.55548e+17 9.54023e+17 9.52698e+17 9.51572e+17 9.50641e+17 9.49902e+17 9.49352e+17 9.48988e+17 9.48805e+17 9.48802e+17 9.48973e+17 9.49316e+17 9.49826e+17 9.505e+17 9.51335e+17 9.52326e+17 9.5347e+17 9.54762e+17 9.562e+17 9.57778e+17 9.59493e+17 9.61342e+17 9.63319e+17 9.65422e+17 9.67647e+17 9.69988e+17 9.72443e+17 9.75008e+17 9.77678e+17 9.80449e+17 9.83319e+17 9.86282e+17 9.89335e+17 9.92475e+17 9.95697e+17 9.98997e+17 1.00237e+18 1.00582e+18 1.00933e+18 1.01291e+18 1.01655e+18 1.02024e+18 1.02399e+18 1.02779e+18 1.03163e+18 1.03552e+18 1.03945e+18 1.04341e+18 1.04741e+18 1.05143e+18 1.05549e+18 1.05957e+18 1.06367e+18 1.06779e+18 1.07192e+18 1.07607e+18 1.08022e+18 1.08439e+18 1.08856e+18 1.09273e+18 1.09691e+18 1.10108e+18 1.10525e+18 1.10941e+18 1.11356e+18 1.11771e+18 1.12184e+18 1.12596e+18 1.13006e+18 1.13414e+18 1.13821e+18 1.14225e+18 1.14628e+18 1.15027e+18 1.15425e+18 1.15819e+18 1.16211e+18 1.166e+18 1.16987e+18 1.1737e+18 1.17749e+18 1.18126e+18 1.18499e+18 1.18869e+18 1.19208e+18 1.19579e+18 1.19952e+18 1.20326e+18 1.20701e+18 1.21078e+18 1.21457e+18 1.21836e+18 1.22217e+18 1.22599e+18 1.22982e+18 1.23367e+18 1.23752e+18 1.24139e+18 1.24526e+18 1.24915e+18 1.25305e+18 1.25695e+18 1.26087e+18 1.26479e+18 1.26873e+18 1.27267e+18 1.27662e+18 1.28057e+18 1.28454e+18 1.28851e+18 1.29248e+18 1.29646e+18 1.30045e+18 1.30445e+18 1.30845e+18 1.31245e+18 1.31646e+18 1.32047e+18 1.32449e+18 1.32851e+18 1.33253e+18 1.33656e+18 1.34058e+18 1.34462e+18 1.34865e+18 1.35268e+18 1.35672e+18 1.36076e+18 1.36479e+18 1.36883e+18 1.37287e+18 1.37691e+18 1.38095e+18 1.38498e+18 1.38902e+18 1.39305e+18 1.39709e+18 1.40112e+18 1.40515e+18 1.40918e+18 1.4132e+18 1.41722e+18 1.42124e+18 1.42525e+18 1.42927e+18 1.43327e+18 1.43728e+18 1.44128e+18 1.44527e+18 1.44926e+18 1.45324e+18 1.45722e+18 1.4612e+18 1.46516e+18 1.46912e+18 1.47308e+18 1.47703e+18 1.48097e+18 1.4849e+18 1.48883e+18 1.49275e+18 1.49666e+18 1.50057e+18 1.50446e+18 1.50835e+18 1.51223e+18 1.5161e+18 1.51997e+18 1.52382e+18 1.52766e+18 1.5315e+18 1.53532e+18 1.53914e+18 1.54295e+18 1.54674e+18 1.55053e+18 1.5543e+18 1.55807e+18 1.56182e+18 1.56556e+18 1.5693e+18 1.57302e+18 1.57673e+18 1.58042e+18 1.58411e+18 1.58779e+18 1.59145e+18 1.5951e+18 1.59874e+18 1.60236e+18 1.60598e+18 1.60958e+18 1.61317e+18 1.61675e+18 1.62031e+18 1.62386e+18 1.6274e+18 1.63092e+18 1.63443e+18 1.63793e+18 1.64141e+18 1.64488e+18 1.64834e+18 1.65178e+18 1.65521e+18 1.65863e+18 1.66203e+18 1.66542e+18 1.66879e+18 1.67215e+18 1.67549e+18 1.67882e+18 1.68214e+18 1.68544e+18 1.68873e+18 1.692e+18 1.69526e+18 1.6985e+18 1.70173e+18 1.70494e+18 1.70814e+18 1.71132e+18 1.71449e+18 1.71764e+18 1.72078e+18 1.7239e+18 1.72701e+18 1.7301e+18 1.73318e+18 1.73624e+18 1.73929e+18 1.74232e+18 1.74534e+18 1.74834e+18 1.75133e+18 1.7543e+18 1.75725e+18 1.76019e+18 1.76312e+18 1.76602e+18 1.76892e+18 1.7718e+18 1.77466e+18 1.77751e+18 1.78034e+18 1.78315e+18 1.78595e+18 1.78874e+18 1.79151e+18 1.79426e+18 1.797e+18 1.79973e+18 1.80243e+18 1.80513e+18 1.8078e+18 1.81047e+18 1.81311e+18 1.81574e+18 1.81836e+18 1.82096e+18 1.82355e+18 1.82612e+18 1.82867e+18 1.83121e+18 1.83374e+18 1.83625e+18 1.83874e+18 1.84122e+18 1.84368e+18 1.84613e+18 1.84857e+18 1.85098e+18 1.85339e+18 1.85578e+18 1.85815e+18 1.86051e+18 1.86286e+18 1.86518e+18 1.8675e+18 1.8698e+18 1.87209e+18 1.87436e+18 1.87661e+18 1.87886e+18 1.88108e+18 1.8833e+18 1.8855e+18 1.88768e+18 1.88985e+18 1.89201e+18 1.89415e+18 1.89627e+18 1.89839e+18 1.90049e+18 1.90257e+18 1.90464e+18 1.9067e+18 1.90875e+18 1.91078e+18 1.91279e+18 1.91479e+18 1.91678e+18 1.91876e+18 1.92072e+18 1.92267e+18 1.9246e+18 1.92653e+18 1.92843e+18 1.93033e+18 1.93221e+18 1.93408e+18 1.93594e+18 1.93778e+18 1.93961e+18 1.94143e+18 1.94323e+18 1.94502e+18 1.9468e+18 1.94857e+18 1.95032e+18 1.95206e+18 1.95379e+18 1.95551e+18 1.95721e+18 1.9589e+18 1.96058e+18 1.96225e+18 1.9639e+18 1.96555e+18 1.96718e+18 1.9688e+18 1.9704e+18 1.972e+18 1.97358e+18 1.97516e+18 1.97672e+18 1.97826e+18 1.9798e+18 1.98133e+18 1.98284e+18 1.9835e+18 1.98501e+18 1.98653e+18 1.98807e+18 1.98963e+18 1.99119e+18 1.99277e+18 1.99437e+18 1.99598e+18 1.9976e+18 1.99924e+18 2.0009e+18 2.00257e+18 2.00425e+18 2.00595e+18 2.00766e+18 2.00939e+18 2.01114e+18 2.0129e+18 2.01467e+18 2.01647e+18 2.01827e+18 2.0201e+18 2.02194e+18 2.0238e+18 2.02567e+18 2.02757e+18 2.02947e+18 2.0314e+18 2.03334e+18 2.0353e+18 2.03728e+18 2.03928e+18 2.04129e+18 2.04332e+18 2.04537e+18 2.04744e+18 2.04953e+18 2.05163e+18 2.05376e+18 2.0559e+18 2.05806e+18 2.06024e+18 2.06245e+18 2.06467e+18 2.06691e+18 2.06917e+18 2.07145e+18 2.07375e+18 2.07607e+18 2.07841e+18 2.08078e+18 2.08316e+18 2.08557e+18 2.088e+18 2.09045e+18 2.09292e+18 2.09541e+18 2.09792e+18 2.10046e+18 2.10302e+18 2.1056e+18 2.10821e+18 2.11084e+18 2.11349e+18 2.11616e+18 2.11886e+18 2.12159e+18 2.12433e+18 2.12711e+18 2.1299e+18 2.13272e+18 2.13557e+18 2.13844e+18 2.14133e+18 2.14426e+18 2.1472e+18 2.15018e+18 2.15318e+18 2.1562e+18 2.15925e+18 2.16233e+18 2.16544e+18 2.16857e+18 2.17173e+18 2.17492e+18 2.17814e+18 2.18138e+18 2.18466e+18 2.18796e+18 2.19129e+18 2.19465e+18 2.19804e+18 2.20145e+18 2.2049e+18 2.20838e+18 2.21189e+18 2.21543e+18 2.219e+18 2.2226e+18 2.22623e+18 2.22989e+18 2.23358e+18 2.23731e+18 2.24107e+18 2.24486e+18 2.24868e+18 2.25254e+18 2.25643e+18 2.26035e+18 2.26431e+18 2.2683e+18 2.27232e+18 2.27638e+18 2.28047e+18 2.2846e+18 2.28876e+18 2.29296e+18 2.2972e+18 2.30146e+18 2.30577e+18 2.31011e+18 2.31449e+18 2.31891e+18 2.32336e+18 2.32785e+18 2.33238e+18 2.33694e+18 2.34155e+18 2.34619e+18 2.35087e+18 2.35559e+18 2.36035e+18 2.36515e+18 2.36999e+18 2.37487e+18 2.37979e+18 2.38474e+18 2.38974e+18 2.39478e+18 2.39987e+18 2.40499e+18 2.41016e+18 2.41536e+18 2.42061e+18 2.4259e+18 2.43124e+18 2.43662e+18 2.44204e+18 2.4475e+18 2.45301e+18 2.45856e+18 2.46416e+18 2.4698e+18 2.47548e+18 2.48121e+18 2.48699e+18 2.49281e+18 2.49867e+18 2.50459e+18 2.51054e+18 2.51655e+18 2.5226e+18 2.5287e+18 2.53484e+18 2.54103e+18 2.54727e+18 2.55356e+18 2.55989e+18 2.56627e+18 2.5727e+18 2.57918e+18 2.58571e+18 2.59228e+18 2.59891e+18 2.60558e+18 2.6123e+18 2.61907e+18 2.6259e+18 2.63277e+18 2.63969e+18 2.64665e+18 2.65367e+18 2.66074e+18 2.66786e+18 2.67503e+18 2.68225e+18 2.68953e+18 2.69685e+18 2.70422e+18 2.71164e+18 2.71912e+18 2.72664e+18 2.73422e+18 2.74184e+18 2.74952e+18 2.75725e+18 2.76503e+18 2.77286e+18 2.78074e+18 2.78867e+18 2.79665e+18 2.80468e+18 2.81277e+18 2.8209e+18 2.82909e+18 2.83732e+18 2.84561e+18 2.85394e+18 2.86233e+18 2.87076e+18 2.87925e+18 2.88778e+18 2.89637e+18 2.905e+18 2.91369e+18 2.92242e+18 2.9312e+18 2.94003e+18 2.9489e+18 2.95782e+18 2.9668e+18 2.97581e+18 2.98488e+18 2.99399e+18 3.00314e+18 3.01235e+18 3.02159e+18 3.03088e+18 3.04022e+18 3.0496e+18 3.05902e+18 3.06849e+18 3.07799e+18 3.08754e+18 3.09713e+18 3.10676e+18 3.11642e+18 3.12613e+18 3.13588e+18 3.14566e+18 3.15548e+18 3.16533e+18 3.17522e+18 3.18515e+18 3.1951e+18 3.20509e+18 3.21512e+18 3.22517e+18 3.23525e+18 3.24536e+18 3.2555e+18 3.26567e+18 3.27586e+18 3.28608e+18 3.29632e+18 3.30077e+18 3.31095e+18 3.32129e+18 3.33179e+18 3.34246e+18 3.35329e+18 3.36428e+18 3.37543e+18 3.38675e+18 3.39822e+18 3.40985e+18 3.42164e+18 3.43359e+18 3.44569e+18 3.45795e+18 3.47036e+18 3.48291e+18 3.49561e+18 3.50845e+18 3.52143e+18 3.53454e+18 3.54779e+18 3.56116e+18 3.57465e+18 3.58825e+18 3.60197e+18 3.61579e+18 3.6297e+18 3.6437e+18 3.65779e+18 3.67194e+18 3.68617e+18 3.70044e+18 3.71476e+18 3.72912e+18 3.7435e+18 3.7579e+18 3.77229e+18 3.78668e+18 3.80103e+18 3.81535e+18 3.82962e+18 3.84382e+18 3.85793e+18 3.87195e+18 3.88585e+18 3.89961e+18 3.91323e+18 3.92667e+18 3.93992e+18 3.95297e+18 3.96579e+18 3.97835e+18 3.99065e+18 4.00266e+18 4.01435e+18 4.02571e+18 4.03671e+18 4.04733e+18 4.05755e+18 4.06734e+18 4.07668e+18 4.08554e+18 4.09391e+18 4.10176e+18 4.10907e+18 4.11582e+18 4.12197e+18 4.12752e+18 4.13243e+18 4.13669e+18 4.14028e+18 4.14317e+18 4.14535e+18 4.14679e+18 4.14749e+18 4.14742e+18 4.14657e+18 4.14492e+18 4.14247e+18 4.13919e+18 4.13508e+18 4.13013e+18 4.12434e+18 4.11769e+18 4.11019e+18 4.10184e+18 4.09263e+18 4.08257e+18 4.07166e+18 4.05991e+18 4.04734e+18 4.03396e+18 4.01978e+18 4.00483e+18 3.98913e+18 3.97272e+18 3.95561e+18 3.93787e+18 3.91952e+18 3.90062e+18 3.88123e+18 3.86291e+18
3791.95 3811.37 3830.37 3848.88 3866.85 3884.23 3900.97 3917.04 3932.4 3947.02 3960.88 3973.96 3986.25 3997.72 4008.37 4018.19 4027.17 4035.31 4042.62 4049.08 4054.71 4059.51 4063.48 4066.64 4069 4070.56 4071.34 4071.36 4070.63 4069.16 4066.97 4064.08 4060.52 4056.29 4051.43 4045.94 4039.86 4033.2 4025.99 4018.25 4010 4001.27 3992.07 3982.43 3972.38 3961.93 3951.11 3939.94 3928.45 3916.64 3904.55 3892.2 3879.61 3866.79 3853.77 3840.57 3827.2 3813.68 3800.03 3786.27 3772.41 3758.47 3744.47 3730.41 3716.32 3702.2 3688.07 3673.95 3659.83 3645.75 3631.69 3617.69 3603.73 3589.85 3576.03 3562.29 3548.65 3535.09 3521.64 3508.3 3495.07 3481.95 3468.96 3456.1 3443.38 3430.78 3418.33 3406.02 3393.86 3381.84 3369.97 3358.26 3346.7 3335.29 3324.04 3312.95 3302.01 3291.24 3280.62 3270.17 3259.87 3249.73 3240.49 3230.43 3220.39 3210.38 3200.39 3190.43 3180.49 3170.58 3160.7 3150.85 3141.04 3131.25 3121.49 3111.77 3102.08 3092.43 3082.81 3073.23 3063.69 3054.18 3044.72 3035.29 3025.9 3016.55 3007.25 2997.98 2988.76 2979.58 2970.44 2961.34 2952.29 2943.29 2934.32 2925.41 2916.54 2907.71 2898.93 2890.2 2881.52 2872.88 2864.29 2855.74 2847.25 2838.8 2830.4 2822.05 2813.75 2805.5 2797.3 2789.14 2781.04 2772.98 2764.98 2757.02 2749.12 2741.26 2733.45 2725.7 2717.99 2710.33 2702.72 2695.17 2687.66 2680.2 2672.8 2665.44 2658.13 2650.87 2643.67 2636.51 2629.4 2622.34 2615.33 2608.37 2601.46 2594.6 2587.78 2581.02 2574.3 2567.63 2561.02 2554.44 2547.92 2541.45 2535.02 2528.64 2522.31 2516.02 2509.79 2503.6 2497.45 2491.36 2485.3 2479.3 2473.34 2467.43 2461.56 2455.74 2449.96 2444.23 2438.54 2432.89 2427.29 2421.74 2416.23 2410.76 2405.33 2399.95 2394.61 2389.31 2384.06 2378.85 2373.68 2368.55 2363.46 2358.41 2353.41 2348.44 2343.52 2338.63 2333.79 2328.98 2324.22 2319.49 2314.8 2310.15 2305.54 2300.96 2296.43 2291.93 2287.47 2283.05 2278.66 2274.31 2270 2265.72 2261.48 2257.27 2253.1 2248.96 2244.86 2240.79 2236.76 2232.76 2228.8 2224.87 2220.97 2217.11 2213.27 2209.47 2205.71 2201.97 2198.27 2194.6 2190.96 2187.35 2183.77 2180.22 2176.71 2173.22 2169.76 2166.34 2162.94 2159.57 2156.23 2152.92 2149.64 2146.39 2143.16 2139.97 2136.8 2133.66 2130.54 2127.45 2124.39 2121.36 2118.35 2115.37 2112.42 2109.49 2106.58 2103.7 2100.85 2098.02 2095.22 2092.44 2089.68 2086.95 2084.24 2081.56 2078.9 2076.27 2073.65 2071.06 2068.49 2065.95 2063.43 2060.93 2058.45 2055.99 2053.56 2051.15 2048.75 2046.38 2044.03 2041.7 2039.39 2037.11 2034.84 2032.59 2030.36 2028.16 2025.97 2023.8 2021.65 2019.52 2017.4 2015.31 2013.24 2011.18 2009.14 2007.12 2005.12 2003.14 2001.17 1999.22 1997.29 1995.37 1993.48 1991.59 1989.73 1987.88 1986.05 1984.24 1982.44 1980.66 1978.89 1977.14 1975.4 1973.69 1971.98 1970.29 1968.62 1966.96 1965.31 1963.68 1962.07 1960.47 1958.88 1957.31 1955.75 1954.21 1952.68 1951.16 1949.66 1948.17 1947.53 1946.04 1944.55 1943.04 1941.53 1940 1938.46 1936.91 1935.35 1933.77 1932.19 1930.59 1928.98 1927.36 1925.73 1924.09 1922.43 1920.76 1919.08 1917.39 1915.68 1913.97 1912.24 1910.5 1908.74 1906.98 1905.2 1903.41 1901.6 1899.79 1897.96 1896.11 1894.26 1892.39 1890.51 1888.61 1886.7 1884.78 1882.85 1880.9 1878.94 1876.97 1874.98 1872.98 1870.96 1868.93 1866.89 1864.84 1862.77 1860.68 1858.59 1856.48 1854.35 1852.21 1850.06 1847.89 1845.71 1843.51 1841.3 1839.08 1836.84 1834.59 1832.32 1830.04 1827.74 1825.43 1823.11 1820.77 1818.41 1816.04 1813.66 1811.26 1808.85 1806.42 1803.98 1801.52 1799.04 1796.56 1794.05 1791.54 1789 1786.46 1783.89 1781.32 1778.72 1776.12 1773.49 1770.86 1768.2 1765.53 1762.85 1760.15 1757.44 1754.71 1751.97 1749.21 1746.43 1743.64 1740.84 1738.02 1735.18 1732.33 1729.47 1726.59 1723.69 1720.78 1717.86 1714.92 1711.96 1708.99 1706 1703 1699.99 1696.96 1693.91 1690.85 1687.77 1684.68 1681.58 1678.46 1675.32 1672.18 1669.01 1665.83 1662.64 1659.43 1656.21 1652.98 1649.73 1646.46 1643.18 1639.89 1636.58 1633.26 1629.93 1626.58 1623.22 1619.84 1616.46 1613.05 1609.64 1606.21 1602.77 1599.31 1595.84 1592.36 1588.87 1585.36 1581.84 1578.31 1574.77 1571.21 1567.64 1564.06 1560.47 1556.87 1553.25 1549.62 1545.99 1542.34 1538.68 1535 1531.32 1527.63 1523.93 1520.21 1516.49 1512.76 1509.01 1505.26 1501.5 1497.73 1493.95 1490.16 1486.36 1482.55 1478.74 1474.92 1471.08 1467.25 1463.4 1459.55 1455.68 1451.82 1447.94 1444.06 1440.17 1436.28 1432.38 1428.48 1424.57 1420.65 1416.73 1412.81 1408.88 1404.94 1401 1397.06 1393.12 1389.17 1385.22 1381.27 1377.31 1373.35 1369.39 1365.43 1361.47 1357.5 1353.54 1349.57 1345.6 1341.64 1337.67 1333.71 1329.75 1325.78 1321.82 1317.86 1313.91 1309.95 1306 1302.05 1298.1 1294.16 1290.22 1286.29 1282.36 1278.44 1274.52 1270.6 1266.7 1262.79 1258.9 1255.01 1251.13 1247.26 1243.39 1239.53 1235.69 1231.85 1228.01 1224.19 1220.38 1216.58 1212.79 1209.01 1205.24 1201.48 1197.74 1194.01 1190.29 1186.58 1182.89 1179.21 1175.54 1171.89 1170.31 1166.71 1163.08 1159.41 1155.71 1151.98 1148.21 1144.42 1140.6 1136.75 1132.87 1128.96 1125.04 1121.08 1117.11 1113.12 1109.11 1105.08 1101.03 1096.97 1092.9 1088.82 1084.74 1080.64 1076.54 1072.45 1068.35 1064.25 1060.16 1056.08 1052.01 1047.95 1043.91 1039.88 1035.88 1031.9 1027.95 1024.02 1020.13 1016.28 1012.47 1008.69 1004.97 1001.29 997.666 994.098 990.589 987.143 983.763 980.454 977.218 974.06 970.983 967.991 965.087 962.276 959.561 956.946 954.435 952.032 949.741 947.565 945.508 943.575 941.769 940.094 938.553 937.152 935.893 934.78 933.817 933.008 932.357 931.867 931.542 931.386 931.401 931.593 931.963 932.516 933.254 934.181 935.3 936.614 938.126 939.837 941.752 943.871 946.198 948.732 951.477 954.432 957.599 960.976 964.563 968.359 972.361 976.565 980.966 985.558 990.333 995.28 1000
-146480 -147230 -147964 -148679 -149373 -150044 -150691 -151312 -151905 -152470 -153005 -153511 -153985 -154428 -154840 -155219 -155566 -155881 -156163 -156412 -156630 -156815 -156969 -157091 -157182 -157242 -157273 -157273 -157245 -157188 -157104 -156992 -156854 -156691 -156503 -156291 -156056 -155799 -155521 -155222 -154903 -154566 -154210 -153838 -153450 -153046 -152628 -152197 -151752 -151297 -150830 -150352 -149866 -149371 -148868 -148358 -147841 -147319 -146792 -146260 -145725 -145186 -144645 -144102 -143558 -143013 -142467 -141921 -141376 -140832 -140289 -139748 -139209 -138673 -138139 -137608 -137081 -136558 -136038 -135522 -135011 -134505 -134003 -133506 -133015 -132528 -132047 -131572 -131102 -130637 -130179 -129727 -129280 -128839 -128405 -127976 -127554 -127138 -126728 -126324 -125926 -125534 -125177 -124789 -124401 -124014 -123628 -123243 -122860 -122477 -122095 -121715 -121335 -120957 -120581 -120205 -119831 -119458 -119086 -118716 -118348 -117981 -117615 -117251 -116888 -116527 -116167 -115809 -115453 -115098 -114745 -114394 -114044 -113697 -113350 -113006 -112663 -112322 -111983 -111646 -111310 -110977 -110645 -110315 -109987 -109660 -109336 -109013 -108693 -108374 -108057 -107742 -107429 -107118 -106809 -106501 -106196 -105892 -105591 -105291 -104994 -104698 -104404 -104112 -103822 -103534 -103248 -102964 -102681 -102401 -102123 -101846 -101571 -101299 -101028 -100759 -100492 -100227 -99963.8 -99702.5 -99443.1 -99185.5 -98929.8 -98676 -98424 -98173.9 -97925.7 -97679.2 -97434.6 -97191.9 -96950.9 -96711.8 -96474.5 -96238.9 -96005.2 -95773.2 -95543 -95314.6 -95087.9 -94863 -94639.8 -94418.3 -94198.6 -93980.6 -93764.3 -93549.7 -93336.8 -93125.5 -92916 -92708.1 -92501.8 -92297.2 -92094.2 -91892.8 -91693.1 -91495 -91298.4 -91103.5 -90910.1 -90718.3 -90528 -90339.3 -90152.2 -89966.5 -89782.4 -89599.8 -89418.7 -89239.1 -89061 -88884.3 -88709.1 -88535.3 -88363 -88192.1 -88022.7 -87854.6 -87688 -87522.7 -87358.9 -87196.4 -87035.3 -86875.5 -86717 -86560 -86404.2 -86249.7 -86096.6 -85944.7 -85794.2 -85644.9 -85496.8 -85350.1 -85204.6 -85060.3 -84917.3 -84775.4 -84634.8 -84495.4 -84357.2 -84220.2 -84084.4 -83949.7 -83816.2 -83683.8 -83552.5 -83422.4 -83293.5 -83165.6 -83038.8 -82913.2 -82788.6 -82665.1 -82542.7 -82421.3 -82301 -82181.7 -82063.5 -81946.3 -81830.1 -81714.9 -81600.8 -81487.6 -81375.4 -81264.2 -81154 -81044.7 -80936.4 -80829.1 -80722.6 -80617.1 -80512.6 -80408.9 -80306.2 -80204.4 -80103.4 -80003.4 -79904.2 -79805.9 -79708.4 -79611.9 -79516.1 -79421.2 -79327.2 -79234 -79141.6 -79050 -78959.2 -78869.2 -78780.1 -78691.7 -78604.1 -78517.2 -78431.2 -78345.9 -78261.3 -78177.5 -78094.5 -78012.2 -77930.6 -77849.7 -77769.6 -77690.1 -77611.4 -77533.4 -77456 -77379.4 -77303.4 -77228.1 -77153.5 -77079.5 -77006.2 -76933.6 -76861.6 -76790.2 -76719.5 -76649.4 -76579.9 -76511.1 -76442.8 -76375.2 -76308.2 -76241.8 -76175.9 -76110.7 -76046 -75981.9 -75918.4 -75855.4 -75793.1 -75731.2 -75669.9 -75609.2 -75549 -75489.4 -75430.3 -75371.7 -75313.6 -75256.1 -75231.3 -75174 -75116.2 -75058.1 -74999.5 -74940.5 -74881 -74821.1 -74760.8 -74700 -74638.8 -74577.1 -74514.9 -74452.4 -74389.3 -74325.8 -74261.8 -74197.4 -74132.5 -74067.1 -74001.3 -73934.9 -73868.1 -73800.9 -73733.1 -73664.9 -73596.2 -73527 -73457.3 -73387.1 -73316.4 -73245.2 -73173.5 -73101.3 -73028.7 -72955.5 -72881.8 -72807.6 -72732.9 -72657.6 -72581.9 -72505.6 -72428.8 -72351.5 -72273.7 -72195.3 -72116.5 -72037 -71957.1 -71876.6 -71795.6 -71714 -71631.9 -71549.3 -71466.1 -71382.4 -71298.1 -71213.3 -71128 -71042 -70955.6 -70868.5 -70781 -70692.8 -70604.1 -70514.9 -70425 -70334.6 -70243.7 -70152.2 -70060.1 -69967.4 -69874.2 -69780.4 -69686 -69591.1 -69495.6 -69399.5 -69302.8 -69205.5 -69107.7 -69009.3 -68910.3 -68810.7 -68710.6 -68609.9 -68508.5 -68406.6 -68304.2 -68201.1 -68097.4 -67993.2 -67888.4 -67783 -67677 -67570.4 -67463.2 -67355.4 -67247.1 -67138.2 -67028.7 -66918.6 -66807.9 -66696.6 -66584.8 -66472.3 -66359.3 -66245.7 -66131.5 -66016.8 -65901.4 -65785.5 -65669 -65551.9 -65434.3 -65316 -65197.2 -65077.9 -64957.9 -64837.4 -64716.3 -64594.7 -64472.5 -64349.7 -64226.4 -64102.5 -63978 -63853 -63727.5 -63601.4 -63474.8 -63347.6 -63219.8 -63091.6 -62962.8 -62833.4 -62703.6 -62573.2 -62442.3 -62310.8 -62178.9 -62046.4 -61913.5 -61780 -61646 -61511.5 -61376.6 -61241.1 -61105.2 -60968.7 -60831.8 -60694.5 -60556.6 -60418.3 -60279.6 -60140.4 -60000.7 -59860.6 -59720.1 -59579.1 -59437.7 -59295.9 -59153.7 -59011 -58868 -58724.6 -58580.7 -58436.5 -58291.9 -58147 -58001.6 -57856 -57709.9 -57563.5 -57416.8 -57269.8 -57122.4 -56974.7 -56826.7 -56678.4 -56529.9 -56381 -56231.9 -56082.4 -55932.8 -55782.9 -55632.7 -55482.3 -55331.7 -55180.8 -55029.8 -54878.5 -54727.1 -54575.4 -54423.7 -54271.7 -54119.6 -53967.3 -53814.9 -53662.4 -53509.8 -53357.1 -53204.3 -53051.4 -52898.4 -52745.3 -52592.2 -52439.1 -52285.9 -52132.8 -51979.6 -51826.4 -51673.2 -51520 -51366.9 -51213.8 -51060.8 -50907.9 -50755 -50602.3 -50449.6 -50297 -50144.6 -49992.3 -49840.2 -49688.3 -49536.5 -49384.9 -49233.5 -49082.3 -48931.4 -48780.7 -48630.2 -48480 -48330.1 -48180.5 -48031.1 -47882.1 -47733.5 -47585.1 -47437.1 -47289.5 -47142.3 -46995.5 -46849 -46703 -46557.4 -46412.3 -46267.7 -46123.5 -45979.8 -45836.6 -45693.9 -45551.7 -45410.1 -45269 -45208 -45069 -44928.7 -44787 -44644.1 -44499.9 -44354.5 -44208 -44060.3 -43911.5 -43761.7 -43610.9 -43459.2 -43306.5 -43153 -42998.8 -42843.8 -42688.1 -42531.9 -42375.1 -42217.9 -42060.3 -41902.4 -41744.3 -41586 -41427.6 -41269.3 -41111.1 -40953.1 -40795.5 -40638.2 -40481.4 -40325.2 -40169.7 -40015.1 -39861.3 -39708.7 -39557.1 -39406.9 -39258 -39110.7 -38965 -38821 -38679 -38539 -38401.1 -38265.6 -38132.5 -38001.9 -37874.1 -37749.1 -37627.1 -37508.2 -37392.6 -37280.5 -37171.9 -37067 -36966 -36869 -36776.2 -36687.7 -36603.6 -36524.2 -36449.5 -36379.7 -36315 -36255.5 -36201.4 -36152.7 -36109.7 -36072.5 -36041.3 -36016.1 -35997.2 -35984.7 -35978.6 -35979.2 -35986.6 -36000.9 -36022.3 -36050.8 -36086.6 -36129.8 -36180.6 -36239 -36305.1 -36379.1 -36460.9 -36550.8 -36648.7 -36754.7 -36868.9 -36991.2 -37121.7 -37260.3 -37406.9 -37561.5 -37723.9 -37893.9 -38071.3 -38255.7 -38446.8 -38629.1
-1.6e-16 -6.76623e-05 -0.000133467 -0.000197479 -0.000259761 -0.000320379 -0.000379396 -0.000436876 -0.000492879 -0.000547466 -0.000600697 -0.000652628 -0.000703315 -0.000752812 -0.00080117 -0.00084844 -0.00089467 -0.000939906 -0.000984194 -0.00102758 -0.00107009 -0.00111178 -0.00115269 -0.00119284 -0.00123228 -0.00127103 -0.00130913 -0.00134661 -0.00138349 -0.00141981 -0.00145559 -0.00149085 -0.00152562 -0.00155991 -0.00159375 -0.00162716 -0.00166016 -0.00169276 -0.00172499 -0.00175684 -0.00178835 -0.00181952 -0.00185036 -0.00188089 -0.00191112 -0.00194105 -0.0019707 -0.00200007 -0.00202917 -0.00205801 -0.00208659 -0.00211493 -0.00214302 -0.00217087 -0.00219848 -0.00222586 -0.00225302 -0.00227994 -0.00230664 -0.00233312 -0.00235938 -0.00238542 -0.00241124 -0.00243684 -0.00246223 -0.0024874 -0.00251235 -0.00253709 -0.00256161 -0.00258592 -0.00261 -0.00263387 -0.00265752 -0.00268095 -0.00270416 -0.00272715 -0.00274992 -0.00277247 -0.00279479 -0.00281688 -0.00283876 -0.0028604 -0.00288182 -0.00290301 -0.00292397 -0.0029447 -0.0029652 -0.00298547 -0.00300551 -0.00302531 -0.00304489 -0.00306423 -0.00308334 -0.00310221 -0.00312085 -0.00313926 -0.00315743 -0.00317537 -0.00319308 -0.00321055 -0.00322779 -0.0032448 -0.00326034 -0.00327728 -0.00329423 -0.00331118 -0.00332812 -0.00334507 -0.00336201 -0.00337896 -0.00339589 -0.00341283 -0.00342976 -0.00344669 -0.00346361 -0.00348052 -0.00349743 -0.00351434 -0.00353123 -0.00354812 -0.00356499 -0.00358186 -0.00359872 -0.00361557 -0.0036324 -0.00364923 -0.00366604 -0.00368284 -0.00369962 -0.00371639 -0.00373315 -0.00374988 -0.00376661 -0.00378331 -0.0038 -0.00381666 -0.00383331 -0.00384994 -0.00386655 -0.00388314 -0.0038997 -0.00391624 -0.00393276 -0.00394926 -0.00396573 -0.00398217 -0.00399859 -0.00401499 -0.00403135 -0.00404769 -0.004064 -0.00408028 -0.00409653 -0.00411275 -0.00412894 -0.0041451 -0.00416123 -0.00417732 -0.00419338 -0.00420941 -0.0042254 -0.00424135 -0.00425727 -0.00427316 -0.004289 -0.00430481 -0.00432058 -0.00433632 -0.00435201 -0.00436766 -0.00438328 -0.00439885 -0.00441438 -0.00442987 -0.00444531 -0.00446072 -0.00447607 -0.00449139 -0.00450666 -0.00452189 -0.00453707 -0.0045522 -0.00456729 -0.00458233 -0.00459733 -0.00461227 -0.00462717 -0.00464202 -0.00465682 -0.00467157 -0.00468627 -0.00470092 -0.00471552 -0.00473007 -0.00474457 -0.00475901 -0.00477341 -0.00478775 -0.00480204 -0.00481627 -0.00483045 -0.00484458 -0.00485865 -0.00487267 -0.00488663 -0.00490054 -0.00491439 -0.00492819 -0.00494193 -0.00495562 -0.00496925 -0.00498282 -0.00499633 -0.00500979 -0.00502319 -0.00503653 -0.00504982 -0.00506304 -0.00507621 -0.00508932 -0.00510237 -0.00511536 -0.0051283 -0.00514117 -0.00515399 -0.00516674 -0.00517944 -0.00519207 -0.00520465 -0.00521716 -0.00522962 -0.00524201 -0.00525435 -0.00526662 -0.00527884 -0.00529099 -0.00530308 -0.00531512 -0.00532709 -0.005339 -0.00535085 -0.00536264 -0.00537436 -0.00538603 -0.00539763 -0.00540918 -0.00542066 -0.00543208 -0.00544345 -0.00545475 -0.00546598 -0.00547716 -0.00548828 -0.00549933 -0.00551033 -0.00552126 -0.00553214 -0.00554295 -0.0055537 -0.00556439 -0.00557502 -0.00558559 -0.0055961 -0.00560654 -0.00561693 -0.00562726 -0.00563752 -0.00564773 -0.00565788 -0.00566796 -0.00567799 -0.00568796 -0.00569786 -0.00570771 -0.0057175 -0.00572723 -0.0057369 -0.00574651 -0.00575606 -0.00576555 -0.00577499 -0.00578436 -0.00579368 -0.00580294 -0.00581214 -0.00582129 -0.00583037 -0.0058394 -0.00584837 -0.00585729 -0.00586614 -0.00587494 -0.00588369 -0.00589237 -0.005901 -0.00590958 -0.0059181 -0.00592656 -0.00593497 -0.00594332 -0.00595161 -0.00595986 -0.00596804 -0.00597617 -0.00598425 -0.00599228 -0.00600025 -0.00600816 -0.00601603 -0.00602383 -0.00603159 -0.00603929 -0.00604695 -0.00605454 -0.00606209 -0.00606958 -0.00607703 -0.00608442 -0.00609176 -0.00609905 -0.00610628 -0.00611347 -0.00612061 -0.00612769 -0.00613473 -0.00614172 -0.00614866 -0.00615554 -0.00616238 -0.00616917 -0.00617592 -0.00618261 -0.00618926 -0.00619586 -0.00620241 -0.00620891 -0.00621537 -0.00622178 -0.00622814 -0.00623446 -0.00624073 -0.00624695 -0.00625313 -0.00625927 -0.00626536 -0.0062714 -0.0062774 -0.00628335 -0.00628927 -0.00629513 -0.00630096 -0.00630674 -0.00631247 -0.00631817 -0.00632382 -0.00632943 -0.006335 -0.00634052 -0.00634291 -0.00634842 -0.00635398 -0.0063596 -0.00636526 -0.00637098 -0.00637675 -0.00638257 -0.00638844 -0.00639437 -0.00640035 -0.00640639 -0.00641248 -0.00641863 -0.00642483 -0.00643109 -0.00643741 -0.00644379 -0.00645022 -0.00645671 -0.00646326 -0.00646987 -0.00647654 -0.00648327 -0.00649007 -0.00649692 -0.00650384 -0.00651082 -0.00651787 -0.00652497 -0.00653215 -0.00653939 -0.00654669 -0.00655406 -0.0065615 -0.006569 -0.00657658 -0.00658422 -0.00659193 -0.00659972 -0.00660757 -0.00661549 -0.00662349 -0.00663156 -0.0066397 -0.00664792 -0.00665621 -0.00666458 -0.00667302 -0.00668154 -0.00669014 -0.00669881 -0.00670757 -0.0067164 -0.00672532 -0.00673431 -0.00674339 -0.00675254 -0.00676179 -0.00677111 -0.00678052 -0.00679002 -0.0067996 -0.00680926 -0.00681902 -0.00682886 -0.00683879 -0.00684882 -0.00685893 -0.00686913 -0.00687943 -0.00688982 -0.0069003 -0.00691088 -0.00692155 -0.00693232 -0.00694319 -0.00695415 -0.00696522 -0.00697638 -0.00698764 -0.00699901 -0.00701047 -0.00702205 -0.00703372 -0.0070455 -0.00705738 -0.00706937 -0.00708147 -0.00709368 -0.007106 -0.00711842 -0.00713096 -0.00714361 -0.00715638 -0.00716925 -0.00718225 -0.00719535 -0.00720858 -0.00722192 -0.00723539 -0.00724897 -0.00726267 -0.0072765 -0.00729044 -0.00730452 -0.00731871 -0.00733303 -0.00734748 -0.00736206 -0.00737677 -0.0073916 -0.00740657 -0.00742167 -0.0074369 -0.00745227 -0.00746777 -0.00748341 -0.00749918 -0.0075151 -0.00753115 -0.00754734 -0.00756368 -0.00758016 -0.00759678 -0.00761355 -0.00763046 -0.00764752 -0.00766473 -0.00768209 -0.0076996 -0.00771726 -0.00773508 -0.00775304 -0.00777117 -0.00778945 -0.00780788 -0.00782648 -0.00784523 -0.00786415 -0.00788323 -0.00790247 -0.00792187 -0.00794144 -0.00796118 -0.00798108 -0.00800116 -0.0080214 -0.00804181 -0.0080624 -0.00808316 -0.00810409 -0.0081252 -0.00814649 -0.00816795 -0.0081896 -0.00821142 -0.00823342 -0.00825561 -0.00827798 -0.00830054 -0.00832328 -0.00834621 -0.00836932 -0.00839263 -0.00841613 -0.00843981 -0.00846369 -0.00848776 -0.00851203 -0.00853649 -0.00856115 -0.00858601 -0.00861106 -0.00863632 -0.00866177 -0.00868743 -0.00871328 -0.00873935 -0.00876561 -0.00879208 -0.00881876 -0.00884565 -0.00887274 -0.00890004 -0.00892755 -0.00895527 -0.0089832 -0.00901135 -0.00903971 -0.00906828 -0.00909706 -0.00912606 -0.00915528 -0.00918471 -0.00921435 -0.00924422 -0.0092743 -0.0093046 -0.00933513 -0.00936586 -0.00939682 -0.009428 -0.0094594 -0.00949103 -0.00952287 -0.00955493 -0.00958722 -0.00961972 -0.00965245 -0.0096854 -0.00971858 -0.00975197 -0.00978559 -0.00981943 -0.00985349 -0.00988777 -0.00992228 -0.009957 -0.00999195 -0.0100271 -0.0100625 -0.0100981 -0.0101339 -0.01017 -0.0102062 -0.0102427 -0.0102794 -0.0103163 -0.0103534 -0.0103908 -0.0104283 -0.0104661 -0.0105041 -0.0105422 -0.0105806 -0.0106192 -0.010658 -0.010697 -0.0107362 -0.0107756 -0.0108152 -0.010855 -0.010895 -0.0109352 -0.0109755 -0.0110161 -0.0110568 -0.0110978 -0.0111389 -0.0111801 -0.0112216 -0.0112632 -0.011305 -0.011347 -0.0113891 -0.0114074 -0.0114494 -0.0114921 -0.0115356 -0.0115798 -0.0116248 -0.0116705 -0.0117169 -0.0117642 -0.0118122 -0.011861 -0.0119105 -0.0119609 -0.012012 -0.0120638 -0.0121165 -0.0121699 -0.012224 -0.0122789 -0.0123346 -0.012391 -0.0124482 -0.0125061 -0.0125647 -0.012624 -0.012684 -0.0127447 -0.012806 -0.012868 -0.0129306 -0.0129938 -0.0130576 -0.013122 -0.0131869 -0.0132523 -0.0133181 -0.0133845 -0.0134512 -0.0135183 -0.0135857 -0.0136534 -0.0137214 -0.0137896 -0.013858 -0.0139264 -0.013995 -0.0140635 -0.014132 -0.0142004 -0.0142687 -0.0143367 -0.0144044 -0.0144718 -0.0145388 -0.0146053 -0.0146713 -0.0147366 -0.0148013 -0.0148651 -0.0149282 -0.0149903 -0.0150514 -0.0151114 -0.0151703 -0.015228 -0.0152844 -0.0153394 -0.0153929 -0.015445 -0.0154954 -0.0155441 -0.0155911 -0.0156363 -0.0156796 -0.0157209 -0.0157602 -0.0157975 -0.0158327 -0.0158657 -0.0158965 -0.015925 -0.0159513 -0.0159752 -0.0159968 -0.0160161 -0.016033 -0.0160475 -0.0160597 -0.0160695 -0.016077 -0.0160823 -0.0160852 -0.0160861 -0.0160848 -0.0160814 -0.0160762 -0.0160692 -0.0160605 -0.0160503 -0.0160389 -0.0160263 -0.0160129 -0.016
-1.6e-19 -1.6e-19 -1.6e-19 -1.6e-19 -1.6e-19 -1.6e-19 -1.6e-19 -1.6e-19 -1.6e-19 -1.6e-19 -1.6e-19 -1.6e-19 -1.6e-19 -1.6e-19 -1.6e-19 -1.6e-19 -1.6e-19 -1.6e-19 -1.6e-19 -1.6e-19 -1.6e-19 -1.6e-19 -1.6e-19 -1.6e-19 -1.6e-19 -1.6e-19 -1.6e-19 -1.6e-19 -1.6e-19 -1.6e-19 -1.6e-19 -1.6e-19 -1.6e-19 -1.6e-19 -1.6e-19 -1.6e-19 -1.6e-19 -1.6e-19 -1.6e-19 -1.6e-19 -1.6e-19 -1.6e-19 -1.6e-19 -1.6e-19 -1.6e-19 -1.6e-19 -1.6e-19 -1.6e-19 -1.6e-19 -1.6e-19 -1.6e-19 -1.6e-19 -1.6e-19 -1.6e-19 -1.6e-19 -1.6e-19 -1.6e-19 -1.6e-19 -1.6e-19 -1.6e-19 -1.6e-19 -1.6e-19 -1.6e-19 -1.6e-19 -1.6e-19 -1.6e-19 -1.6e-19 -1.6e-19 -1.6e-19 -1.6e-19 -1.6e-19 -1.6e-19 -1.6e-19 -1.6e-19 -1.6e-19 -1.6e-19 -1.6e-19 -1.6e-19 -1.6e-19 -1.6e-19 -1.6e-19 -1.6e-19 -1.6e-19 -1.6e-19 -1.6e-19 -1.6e-19 -1.6e-19 -1.6e-19 -1.6e-19 -1.6e-19 -1.6e-19 -1.6e-19 -1.6e-19 -1.6e-19 -1.6e-19 -1.6e-19 -1.6e-19 -1.6e-19 -1.6e-19 -1.6e-19 -1.6e-19 -1.6e-19 -1.6e-19 -1.6e-19 -1.6e-19 -1.6e-19 -1.6e-19 -1.6e-19 -1.6e-19 -1.6e-19 -1.6e-19 -1.6e-19 -1.6e-19 -1.6e-19 -1.6e-19 -1.6e-19 -1.6e-19 -1.6e-19 -1.6e-19 -1.6e-19 -1.6e-19 -1.6e-19 -1.6e-19 -1.6e-19 -1.6e-19 -1.6e-19 -1.6e-19 -1.6e-19 -1.6e-19 -1.6e-19 -1.6e-19 -1.6e-19 -1.6e-19 -1.6e-19 -1.6e-19 -1.6e-19 -1.6e-19 -1.6e-19 -1.6e-19 -1.6e-19 -1.6e-19 -1.6e-19 -1.6e-19 -1.6e-19 -1.6e-19 -1.6e-19 -1.6e-19 -1.6e-19 -1.6e-19 -1.6e-19 -1.6e-19 -1.6e-19 -1.6e-19 -1.6e-19 -1.6e-19 -1.6e-19 -1.6e-19 -1.6e-19 -1.6e-19 -1.6e-19 -1.6e-19 -1.6e-19 -1.6e-19 -1.6e-19 -1.6e-19 -1.6e-19 -1.6e-19 -1.6e-19 -1.6e-19 -1.6e-19 -1.6e-19 -1.6e-19 -1.6e-19 -1.6e-19 -1.6e-19 -1.6e-19 -1.6e-19 -1.6e-19 -1.6e-19 -1.6e-19 -1.6e-19 -1.6e-19 -1.6e-19 -1.6e-19 -1.6e-19 -1.6e-19 -1.6e-19 -1.6e-19 -1.6e-19 -1.6e-19 -1.6e-19 -1.6e-19 -1.6e-19 -1.6e-19 -1.6e-19 -1.6e-19 -1.6e-19 -1.6e-19 -1.6e-19 -1.6e-19 -1.6e-19 -1.6e-19 -1.6e-19 -1.6e-19 -1.6e-19 -1.6e-19 -1.6e-19 -1.6e-19 -1.6e-19 -1.6e-19 -1.6e-19 -1.6e-19 -1.6e-19 -1.6e-19 -1.6e-19 -1.6e-19 -1.6e-19 -1.6e-19 -1.6e-19 -1.6e-19 -1.6e-19 -1.6e-19 -1.6e-19 -1.6e-19 -1.6e-19 -1.6e-19 -1.6e-19 -1.6e-19 -1.6e-19 -1.6e-19 -1.6e-19 -1.6e-19 -1.6e-19 -1.6e-19 -1.6e-19 -1.6e-19 -1.6e-19 -1.6e-19 -1.6e-19 -1.6e-19 -1.6e-19 -1.6e-19 -1.6e-19 -1.6e-19 -1.6e-19 -1.6e-19 -1.6e-19 -1.6e-19 -1.6e-19 -1.6e-19 -1.6e-19 -1.6e-19 -1.6e-19 -1.6e-19 -1.6e-19 -1.6e-19 -1.6e-19 -1.6e-19 -1.6e-19 -1.6e-19 -1.6e-19 -1.6e-19 -1.6e-19 -1.6e-19 -1.6e-19 -1.6e-19 -1.6e-19 -1.6e-19 -1.6e-19 -1.6e-19 -1.6e-19 -1.6e-19 -1.6e-19 -1.6e-19 -1.6e-19 -1.6e-19 -1.6e-19 -1.6e-19 -1.6e-19 -1.6e-19 -1.6e-19 -1.6e-19 -1.6e-19 -1.6e-19 -1.6e-19 -1.6e-19 -1.6e-19 -1.6e-19 -1.6e-19 -1.6e-19 -1.6e-19 -1.6e-19 -1.6e-19 -1.6e-19 -1.6e-19 -1.6e-19 -1.6e-19 -1.6e-19 -1.6e-19 -1.6e-19 -1.6e-19 -1.6e-19 -1.6e-19 -1.6e-19 -1.6e-19 -1.6e-19 -1.6e-19 -1.6e-19 -1.6e-19 -1.6e-19 -1.6e-19 -1.6e-19 -1.6e-19 -1.6e-19 -1.6e-19 -1.6e-19 -1.6e-19 -1.6e-19 -1.6e-19 -1.6e-19 -1.6e-19 -1.6e-19 -1.6e-19 -1.6e-19 -1.6e-19 -1.6e-19 -1.6e-19 -1.6e-19 -1.6e-19 -1.6e-19 -1.6e-19 -1.6e-19 -1.6e-19 -1.6e-19 -1.6e-19 -1.6e-19 -1.6e-19 -1.6e-19 -1.6e-19 -1.6e-19 -1.6e-19 -1.6e-19 -1.6e-19 -1.6e-19 -1.6e-19 -1.6e-19 -1.6e-19 -1.6e-19 -1.6e-19 -1.6e-19 -1.6e-19 -1.6e-19 -1.6e-19 -1.6e-19 -1.6e-19 -1.6e-19 -1.6e-19 -1.6e-19 -1.6e-19 -1.6e-19 -1.6e-19 -1.6e-19 -1.6e-19 -1.6e-19 -1.6e-19 -1.6e-19 -1.6e-19 -1.6e-19 -1.6e-19 -1.6e-19 -1.6e-19 -1.6e-19 -1.6e-19 -1.6e-19 -1.6e-19 -1.6e-19 -1.6e-19 -1.6e-19 -1.6e-19 -1.6e-19 -1.6e-19 -1.6e-19 -1.6e-19 -1.6e-19 -1.6e-19 -1.6e-19 -1.6e-19 -1.6e-19 -1.6e-19 -1.6e-19 -1.6e-19 -1.6e-19 -1.6e-19 -1.6e-19 -1.6e-19 -1.6e-19 -1.6e-19 -1.6e-19 -1.6e-19 -1.6e-19 -1.6e-19 -1.6e-19 -1.6e-19 -1.6e-19 -1.6e-19 -1.6e-19 -1.6e-19 -1.6e-19 -1.6e-19 -1.6e-19 -1.6e-19 -1.6e-19 -1.6e-19 -1.6e-19 -1.6e-19 -1.6e-19 -1.6e-19 -1.6e-19 -1.6e-19 -1.6e-19 -1.6e-19 -1.6e-19 -1.6e-19 -1.6e-19 -1.6e-19 -1.6e-19 -1.6e-19 -1.6e-19 -1.6e-19 -1.6e-19 -1.6e-19 -1.6e-19 -1.6e-19 -1.6e-19 -1.6e-19 -1.6e-19 -1.6e-19 -1.6e-19 -1.6e-19 -1.6e-19 -1.6e-19 -1.6e-19 -1.6e-19 -1.6e-19 -1.6e-19 -1.6e-19 -1.6e-19 -1.6e-19 -1.6e-19 -1.6e-19 -1.6e-19 -1.6e-19 -1.6e-19 -1.6e-19 -1.6e-19 -1.6e-19 -1.6e-19 -1.6e-19 -1.6e-19 -1.6e-19 -1.6e-19 -1.6e-19 -1.6e-19 -1.6e-19 -1.6e-19 -1.6e-19 -1.6e-19 -1.6e-19 -1.6e-19 -1.6e-19 -1.6e-19 -1.6e-19 -1.6e-19 -1.6e-19 -1.6e-19 -1.6e-19 -1.6e-19 -1.6e-19 -1.6e-19 -1.6e-19 -1.6e-19 -1.6e-19 -1.6e-19 -1.6e-19 -1.6e-19 -1.6e-19 -1.6e-19 -1.6e-19 -1.6e-19 -1.6e-19 -1.6e-19 -1.6e-19 -1.6e-19 -1.6e-19 -1.6e-19 -1.6e-19 -1.6e-19 -1.6e-19 -1.6e-19 -1.6e-19 -1.6e-19 -1.6e-19 -1.6e-19 -1.6e-19 -1.6e-19 -1.6e-19 -1.6e-19 -1.6e-19 -1.6e-19 -1.6e-19 -1.6e-19 -1.6e-19 -1.6e-19 -1.6e-19 -1.6e-19 -1.6e-19 -1.6e-19 -1.6e-19 -1.6e-19 -1.6e-19 -1.6e-19 -1.6e-19 -1.6e-19 -1.6e-19 -1.6e-19 -1.6e-19 -1.6e-19 -1.6e-19 -1.6e-19 -1.6e-19 -1.6e-19 -1.6e-19 -1.6e-19 -1.6e-19 -1.6e-19 -1.6e-19 -1.6e-19 -1.6e-19 -1.6e-19 -1.6e-19 -1.6e-19 -1.6e-19 -1.6e-19 -1.6e-19 -1.6e-19 -1.6e-19 -1.6e-19 -1.6e-19 -1.6e-19 -1.6e-19 -1.6e-19 -1.6e-19 -1.6e-19 -1.6e-19 -1.6e-19 -1.6e-19 -1.6e-19 -1.6e-19 -1.6e-19 -1.6e-19 -1.6e-19 -1.6e-19 -1.6e-19 -1.6e-19 -1.6e-19 -1.6e-19 -1.6e-19 -1.6e-19 -1.6e-19 -1.6e-19 -1.6e-19 -1.6e-19 -1.6e-19 -1.6e-19 -1.6e-19 -1.6e-19 -1.6e-19 -1.6e-19 -1.6e-19 -1.6e-19 -1.6e-19 -1.6e-19 -1.6e-19 -1.6e-19 -1.6e-19 -1.6e-19 -1.6e-19 -1.6e-19 -1.6e-19 -1.6e-19 -1.6e-19 -1.6e-19 -1.6e-19 -1.6e-19 -1.6e-19 -1.6e-19 -1.6e-19 -1.6e-19 -1.6e-19 -1.6e-19 -1.6e-19 -1.6e-19 -1.6e-19 -1.6e-19 -1.6e-19 -1.6e-19 -1.6e-19 -1.6e-19 -1.6e-19 -1.6e-19 -1.6e-19 -1.6e-19 -1.6e-19 -1.6e-19 -1.6e-19 -1.6e-19 -1.6e-19 -1.6e-19 -1.6e-19 -1.6e-19 -1.6e-19 -1.6e-19 -1.6e-19 -1.6e-19 -1.6e-19 -1.6e-19 -1.6e-19 -1.6e-19 -1.6e-19 -1.6e-19 -1.6e-19 -1.6e-19 -1.6e-19 -1.6e-19 -1.6e-19 -1.6e-19 -1.6e-19 -1.6e-19 -1.6e-19 -1.6e-19 -1.6e-19 -1.6e-19 -1.6e-19 -1.6e-19 -1.6e-19 -1.6e-19 -1.6e-19 -1.6e-19 -1.6e-19 -1.6e-19 -1.6e-19 -1.6e-19 -1.6e-19 -1.6e-19 -1.6e-19 -1.6e-19 -1.6e-19 -1.6e-19 -1.6e-19 -1.6e-19 -1.6e-19 -1.6e-19 -1.6e-19 -1.6e-19 -1.6e-19 -1.6e-19 -1.6e-19 -1.6e-19 -1.6e-19 -1.6e-19 -1.6e-19 -1.6e-19 -1.6e-19 -1.6e-19 -1.6e-19 -1.6e-19 -1.6e-19 -1.6e-19 -1.6e-19 -1.6e-19 -1.6e-19 -1.6e-19 -1.6e-19 -1.6e-19 -1.6e-19 -1.6e-19 -1.6e-19 -1.6e-19 -1.6e-19 -1.6e-19 -1.6e-19 -1.6e-19 -1.6e-19 -1.6e-19 -1.6e-19 -1.6e-19 -1.6e-19 -1.6e-19 -1.6e-19 -1.6e-19 -1.6e-19 -1.6e-19 -1.6e-19 -1.6e-19 -1.6e-19 -1.6e-19 -1.6e-19 -1.6e-19 -1.6e-19 -1.6e-19 -1.6e-19 -1.6e-19 -1.6e-19 -1.6e-19 -1.6e-19 -1.6e-19 -1.6e-19
-1e+17 -1e+17 -1e+17 -1e+17 -1e+17 -1e+17 -1e+17 -1e+17 -1e+17 -1e+17 -1e+17 -1e+17 -1e+17 -1e+17 -1e+17 -1e+17 -1e+17 -1e+17 -1e+17 -1e+17 -1e+17 -1e+17 -1e+17 -1e+17 -1e+17 -1e+17 -1e+17 -1e+17 -1e+17 -1e+17 -1e+17 -1e+17 -1e+17 -1e+17 -1e+17 -1e+17 -1e+17 -1e+17 -1e+17 -1e+17 -1e+17 -1e+17 -1e+17 -1e+17 -1e+17 -1e+17 -1e+17 -1e+17 -1e+17 -1e+17 -1e+17 -1e+17 -1e+17 -1e+17 -1e+17 -1e+17 -1e+17 -1e+17 -1e+17 -1e+17 -1e+17 -1e+17 -1e+17 -1e+17 -1e+17 -1e+17 -1e+17 -1e+17 -1e+17 -1e+17 -1e+17 -1e+17 -1e+17 -1e+17 -1e+17 -1e+17 -1e+17 -1e+17 -1e+17 -1e+17 -1e+17 -1e+17 -1e+17 -1e+17 -1e+17 -1e+17 -1e+17 -1e+17 -1e+17 -1e+17 -1e+17 -1e+17 -1e+17 -1e+17 -1e+17 -1e+17 -1e+17 -1e+17 -1e+17 -1e+17 -1e+17 -1e+17 -1e+17 -1e+17 -1e+17 -1e+17 -1e+17 -1e+17 -1e+17 -1e+17 -1e+17 -1e+17 -1e+17 -1e+17 -1e+17 -1e+17 -1e+17 -1e+17 -1e+17 -1e+17 -1e+17 -1e+17 -1e+17 -1e+17 -1e+17 -1e+17 -1e+17 -1e+17 -1e+17 -1e+17 -1e+17 -1e+17 -1e+17 -1e+17 -1e+17 -1e+17 -1e+17 -1e+17 -1e+17 -1e+17 -1e+17 -1e+17 -1e+17 -1e+17 -1e+17 -1e+17 -1e+17 -1e+17 -1e+17 -1e+17 -1e+17 -1e+17 -1e+17 -1e+17 -1e+17 -1e+17 -1e+17 -1e+17 -1e+17 -1e+17 -1e+17 -1e+17 -1e+17 -1e+17 -1e+17 -1e+17 -1e+17 -1e+17 -1e+17 -1e+17 -1e+17 -1e+17 -1e+17 -1e+17 -1e+17 -1e+17 -1e+17 -1e+17 -1e+17 -1e+17 -1e+17 -1e+17 -1e+17 -1e+17 -1e+17 -1e+17 -1e+17 -1e+17 -1e+17 -1e+17 -1e+17 -1e+17 -1e+17 -1e+17 -1e+17 -1e+17 -1e+17 -1e+17 -1e+17 -1e+17 -1e+17 -1e+17 -1e+17 -1e+17 -1e+17 -1e+17 -1e+17 -1e+17 -1e+17 -1e+17 -1e+17 -1e+17 -1e+17 -1e+17 -1e+17 -1e+17 -1e+17 -1e+17 -1e+17 -1e+17 -1e+17 -1e+17 -1e+17 -1e+17 -1e+17 -1e+17 -1e+17 -1e+17 -1e+17 -1e+17 -1e+17 -1e+17 -1e+17 -1e+17 -1e+17 -1e+17 -1e+17 -1e+17 -1e+17 -1e+17 -1e+17 -1e+17 -1e+17 -1e+17 -1e+17 -1e+17 -1e+17 -1e+17 -1e+17 -1e+17 -1e+17 -1e+17 -1e+17 -1e+17 -1e+17 -1e+17 -1e+17 -1e+17 -1e+17 -1e+17 -1e+17 -1e+17 -1e+17 -1e+17 -1e+17 -1e+17 -1e+17 -1e+17 -1e+17 -1e+17 -1e+17 -1e+17 -1e+17 -1e+17 -1e+17 -1e+17 -1e+17 -1e+17 -1e+17 -1e+17 -1e+17 -1e+17 -1e+17 -1e+17 -1e+17 -1e+17 -1e+17 -1e+17 -1e+17 -1e+17 -1e+17 -1e+17 -1e+17 -1e+17 -1e+17 -1e+17 -1e+17 -1e+17 -1e+17 -1e+17 -1e+17 -1e+17 -1e+17 -1e+17 -1e+17 -1e+17 -1e+17 -1e+17 -1e+17 -1e+17 -1e+17 -1e+17 -1e+17 -1e+17 -1e+17 -1e+17 -1e+17 -1e+17 -1e+17 -1e+17 -1e+17 -1e+17 -1e+17 -1e+17 -1e+17 -1e+17 -1e+17 -1e+17 -1e+17 -1e+17 -1e+17 -1e+17 -1e+17 -1e+17 -1e+17 -1e+17 -1e+17 -1e+17 -1e+17 -1e+17 -1e+17 -1e+17 -1e+17 -1e+17 -1e+17 -1e+17 -1e+17 -1e+17 -1e+17 -1e+17 -1e+17 -1e+17 -1e+17 -1e+17 -1e+17 -1e+17 -1e+17 -1e+17 0 1e+17 1e+17 1e+17 1e+17 1e+17 1e+17 1e+17 1e+17 1e+17 1e+17 1e+17 1e+17 1e+17 1e+17 1e+17 1e+17 1e+17 1e+17 1e+17 1e+17 1e+17 1e+17 1e+17 1e+17 1e+17 1e+17 1e+17 1e+17 1e+17 1e+17 1e+17 1e+17 1e+17 1e+17 1e+17 1e+17 1e+17 1e+17 1e+17 1e+17 1e+17 1e+17 1e+17 1e+17 1e+17 1e+17 1e+17 1e+17 1e+17 1e+17 1e+17 1e+17 1e+17 1e+17 1e+17 1e+17 1e+17 1e+17 1e+17 1e+17 1e+17 1e+17 1e+17 1e+17 1e+17 1e+17 1e+17 1e+17 1e+17 1e+17 1e+17 1e+17 1e+17 1e+17 1e+17 1e+17 1e+17 1e+17 1e+17 1e+17 1e+17 1e+17 1e+17 1e+17 1e+17 1e+17 1e+17 1e+17 1e+17 1e+17 1e+17 1e+17 1e+17 1e+17 1e+17 1e+17 1e+17 1e+17 1e+17 1e+17 1e+17 1e+17 1e+17 1e+17 1e+17 1e+17 1e+17 1e+17 1e+17 1e+17 1e+17 1e+17 1e+17 1e+17 1e+17 1e+17 1e+17 1e+17 1e+17 1e+17 1e+17 1e+17 1e+17 1e+17 1e+17 1e+17 1e+17 1e+17 1e+17 1e+17 1e+17 1e+17 1e+17 1e+17 1e+17 1e+17 1e+17 1e+17 1e+17 1e+17 1e+17 1e+17 1e+17 1e+17 1e+17 1e+17 1e+17 1e+17 1e+17 1e+17 1e+17 1e+17 1e+17 1e+17 1e+17 1e+17 1e+17 1e+17 1e+17 1e+17 1e+17 1e+17 1e+17 1e+17 1e+17 1e+17 1e+17 1e+17 1e+17 1e+17 1e+17 1e+17 1e+17 1e+17 1e+17 1e+17 1e+17 1e+17 1e+17 1e+17 1e+17 1e+17 1e+17 1e+17 1e+17 1e+17 1e+17 1e+17 1e+17 1e+17 1e+17 1e+17 1e+17 1e+17 1e+17 1e+17 1e+17 1e+17 1e+17 1e+17 1e+17 1e+17 1e+17 1e+17 1e+17 1e+17 1e+17 1e+17 1e+17 1e+17 1e+17 1e+17 1e+17 1e+17 1e+17 1e+17 1e+17 1e+17 1e+17 1e+17 1e+17 1e+17 1e+17 1e+17 1e+17 1e+17 1e+17 1e+17 1e+17 1e+17 1e+17 1e+17 1e+17 1e+17 1e+17 1e+17 1e+17 1e+17 1e+17 1e+17 1e+17 1e+17 1e+17 1e+17 1e+17 1e+17 1e+17 1e+17 1e+17 1e+17 1e+17 1e+17 1e+17 1e+17 1e+17 1e+17 1e+17 1e+17 1e+17 1e+17 1e+17 1e+17 1e+17 1e+17 1e+17 1e+17 1e+17 1e+17 1e+17 1e+17 1e+17 1e+17 1e+17 1e+17 1e+17 1e+17 1e+17 1e+17 1e+17 1e+17 1e+17 1e+17 1e+17 1e+17 1e+17 1e+17 1e+17 1e+17 1e+17 1e+17 1e+17 1e+17 1e+17 1e+17 1e+17 1e+17 1e+17 1e+17 1e+17 1e+17 1e+17 1e+17 1e+17 1e+17 1e+17 1e+17 1e+17 1e+17 1e+17 1e+17 1e+17 1e+17 1e+17 1e+17 1e+17 1e+17 1e+17 1e+17 1e+17 1e+17 1e+17 1e+17 1e+17 1e+17 1e+17 1e+17 1e+17 1e+17 1e+17 1e+17 1e+17 1e+17 1e+17 1e+17 1e+17 1e+17 1e+17 1e+17 1e+17 1e+17 1e+17 1e+17 1e+17 1e+17 1e+17 1e+17 1e+17 1e+17 1e+17 1e+17 1e+17 1e+17 1e+17 1e+17 1e+17 1e+17 1e+17 1e+17
5e-08 9.88722e-08 9.6642e-08 9.44621e-08 9.23314e-08 9.02487e-08 8.8213e-08 8.62232e-08 8.42784e-08 8.23773e-08 8.05192e-08 7.8703e-08 7.69277e-08 7.51925e-08 7.34964e-08 7.18386e-08 7.02182e-08 6.86343e-08 6.70862e-08 6.5573e-08 6.40939e-08 6.26482e-08 6.1235e-08 5.98538e-08 5.85037e-08 5.71841e-08 5.58942e-08 5.46334e-08 5.34011e-08 5.21966e-08 5.10192e-08 4.98684e-08 4.87436e-08 4.76441e-08 4.65694e-08 4.5519e-08 4.44922e-08 4.34886e-08 4.25077e-08 4.15489e-08 4.06117e-08 3.96956e-08 3.88002e-08 3.7925e-08 3.70696e-08 3.62334e-08 3.54161e-08 3.46173e-08 3.38364e-08 3.30732e-08 3.23272e-08 3.1598e-08 3.08853e-08 3.01886e-08 2.95077e-08 2.88421e-08 2.81915e-08 2.75556e-08 2.6934e-08 2.63265e-08 2.57327e-08 2.51522e-08 2.45849e-08 2.40304e-08 2.34883e-08 2.29585e-08 2.24406e-08 2.19345e-08 2.14397e-08 2.09561e-08 2.04834e-08 2.00214e-08 1.95698e-08 1.91283e-08 1.86969e-08 1.82751e-08 1.78629e-08 1.746e-08 1.70662e-08 1.66812e-08 1.63049e-08 1.59372e-08 1.55777e-08 1.52263e-08 1.48829e-08 1.45471e-08 1.4219e-08 1.38983e-08 1.35848e-08 1.32784e-08 1.29789e-08 1.26861e-08 1.23999e-08 1.21202e-08 1.18469e-08 1.15796e-08 1.13184e-08 1.10631e-08 1.08136e-08 1.05697e-08 1.03313e-08 9.73078e-09 9.62407e-09 9.95495e-09 9.86527e-09 9.77639e-09 9.68832e-09 9.60104e-09 9.51454e-09 9.42882e-09 9.34388e-09 9.2597e-09 9.17628e-09 9.09361e-09 9.01169e-09 8.9305e-09 8.85005e-09 8.77031e-09 8.6913e-09 8.613e-09 8.53541e-09 8.45851e-09 8.38231e-09 8.30679e-09 8.23196e-09 8.1578e-09 8.0843e-09 8.01147e-09 7.9393e-09 7.86777e-09 7.79689e-09 7.72665e-09 7.65704e-09 7.58806e-09 7.51969e-09 7.45195e-09 7.38481e-09 7.31828e-09 7.25235e-09 7.18702e-09 7.12227e-09 7.05811e-09 6.99452e-09 6.93151e-09 6.86906e-09 6.80718e-09 6.74585e-09 6.68508e-09 6.62485e-09 6.56517e-09 6.50602e-09 6.44741e-09 6.38932e-09 6.33176e-09 6.27472e-09 6.21819e-09 6.16217e-09 6.10666e-09 6.05164e-09 5.99712e-09 5.94309e-09 5.88955e-09 5.83649e-09 5.78391e-09 5.7318e-09 5.68017e-09 5.62899e-09 5.57828e-09 5.52803e-09 5.47823e-09 5.42887e-09 5.37996e-09 5.3315e-09 5.28346e-09 5.23587e-09 5.1887e-09 5.14195e-09 5.09563e-09 5.04972e-09 5.00423e-09 4.95914e-09 4.91447e-09 4.87019e-09 4.82632e-09 4.78284e-09 4.73975e-09 4.69705e-09 4.65473e-09 4.6128e-09 4.57124e-09 4.53006e-09 4.48925e-09 4.4488e-09 4.40872e-09 4.36901e-09 4.32964e-09 4.29064e-09 4.25198e-09 4.21368e-09 4.17572e-09 4.1381e-09 4.10082e-09 4.06387e-09 4.02726e-09 3.99098e-09 3.95503e-09 3.9194e-09 3.88409e-09 3.84909e-09 3.81442e-09 3.78005e-09 3.746e-09 3.71225e-09 3.67881e-09 3.64566e-09 3.61282e-09 3.58027e-09 3.54802e-09 3.51605e-09 3.48438e-09 3.45299e-09 3.42188e-09 3.39105e-09 3.3605e-09 3.33023e-09 3.30022e-09 3.27049e-09 3.24103e-09 3.21183e-09 3.18289e-09 3.15422e-09 3.1258e-09 3.09764e-09 3.06974e-09 3.04208e-09 3.01468e-09 2.98752e-09 2.9606e-09 2.93393e-09 2.9075e-09 2.8813e-09 2.85535e-09 2.82962e-09 2.80413e-09 2.77887e-09 2.75383e-09 2.72902e-09 2.70444e-09 2.68007e-09 2.65593e-09 2.632e-09 2.60829e-09 2.58479e-09 2.56151e-09 2.53843e-09 2.51556e-09 2.4929e-09 2.47044e-09 2.44818e-09 2.42613e-09 2.40427e-09 2.38261e-09 2.36114e-09 2.33987e-09 2.31879e-09 2.2979e-09 2.2772e-09 2.25669e-09 2.23636e-09 2.21621e-09 2.19624e-09 2.17646e-09 2.15685e-09 2.13742e-09 2.11816e-09 2.09908e-09 2.08017e-09 2.06143e-09 2.04286e-09 2.02445e-09 2.00621e-09 1.98814e-09 1.97023e-09 1.95248e-09 1.93489e-09 1.91746e-09 1.90018e-09 1.88306e-09 1.8661e-09 1.84929e-09 1.83263e-09 1.81612e-09 1.79976e-09 1.78354e-09 1.76747e-09 1.75155e-09 1.73577e-09 1.72013e-09 1.70464e-09 1.68928e-09 1.67406e-09 1.65898e-09 1.64403e-09 1.62922e-09 1.61455e-09 1.6e-09 1.58559e-09 1.5713e-09 1.55715e-09 1.54312e-09 1.52921e-09 1.51544e-09 1.50179e-09 1.48826e-09 1.47485e-09 1.46156e-09 1.44839e-09 1.43535e-09 1.42241e-09 1.4096e-09 1.3969e-09 1.38432e-09 1.37184e-09 1.35949e-09 1.34724e-09 1.3351e-09 1.32307e-09 1.31115e-09 1.29934e-09 1.28764e-09 1.27604e-09 1.26454e-09 1.25315e-09 1.24186e-09 1.23067e-09 1.21958e-09 1.2086e-09 1.19771e-09 1.18692e-09 1.17622e-09 1.16563e-09 1.15513e-09 1.14472e-09 1.13441e-09 1.12419e-09 1.11406e-09 1.10402e-09 1.09408e-09 1.08422e-09 1.07445e-09 1.06477e-09 1.05518e-09 1.04567e-09 1.03625e-09 1.02692e-09 1.01767e-09 1.0085e-09 7.1837e-10 7.16403e-10 1.00455e-09 1.01368e-09 1.02289e-09 1.03219e-09 1.04158e-09 1.05104e-09 1.0606e-09 1.07024e-09 1.07997e-09 1.08979e-09 1.0997e-09 1.10969e-09 1.11978e-09 1.12996e-09 1.14023e-09 1.1506e-09 1.16106e-09 1.17161e-09 1.18227e-09 1.19301e-09 1.20386e-09 1.2148e-09 1.22585e-09 1.23699e-09 1.24824e-09 1.25958e-09 1.27103e-09 1.28259e-09 1.29425e-09 1.30601e-09 1.31789e-09 1.32987e-09 1.34196e-09 1.35416e-09 1.36647e-09 1.37889e-09 1.39143e-09 1.40408e-09 1.41684e-09 1.42972e-09 1.44272e-09 1.45583e-09 1.46907e-09 1.48242e-09 1.4959e-09 1.5095e-09 1.52322e-09 1.53707e-09 1.55104e-09 1.56514e-09 1.57937e-09 1.59373e-09 1.60822e-09 1.62284e-09 1.63759e-09 1.65248e-09 1.6675e-09 1.68266e-09 1.69796e-09 1.71339e-09 1.72897e-09 1.74469e-09 1.76055e-09 1.77655e-09 1.7927e-09 1.809e-09 1.82545e-09 1.84204e-09 1.85879e-09 1.87568e-09 1.89274e-09 1.90994e-09 1.92731e-09 1.94483e-09 1.96251e-09 1.98035e-09 1.99835e-09 2.01652e-09 2.03485e-09 2.05335e-09 2.07202e-09 2.09085e-09 2.10986e-09 2.12904e-09 2.1484e-09 2.16793e-09 2.18763e-09 2.20752e-09 2.22759e-09 2.24784e-09 2.26828e-09 2.2889e-09 2.30971e-09 2.3307e-09 2.35189e-09 2.37327e-09 2.39485e-09 2.41662e-09 2.43859e-09 2.46076e-09 2.48313e-09 2.5057e-09 2.52848e-09 2.55147e-09 2.57466e-09 2.59807e-09 2.62169e-09 2.64552e-09 2.66957e-09 2.69384e-09 2.71833e-09 2.74304e-09 2.76798e-09 2.79314e-09 2.81853e-09 2.84416e-09 2.87001e-09 2.8961e-09 2.92243e-09 2.949e-09 2.97581e-09 3.00286e-09 3.03016e-09 3.05771e-09 3.0855e-09 3.11355e-09 3.14186e-09 3.17042e-09 3.19924e-09 3.22833e-09 3.25768e-09 3.28729e-09 3.31717e-09 3.34733e-09 3.37776e-09 3.40847e-09 3.43945e-09 3.47072e-09 3.50227e-09 3.53411e-09 3.56624e-09 3.59866e-09 3.63138e-09 3.66439e-09 3.6977e-09 3.73132e-09 3.76524e-09 3.79947e-09 3.83401e-09 3.86886e-09 3.90403e-09 3.93953e-09 3.97534e-09 4.01148e-09 4.04795e-09 4.08475e-09 4.12188e-09 4.15935e-09 4.19716e-09 4.23532e-09 4.27382e-09 4.31268e-09 4.35188e-09 4.39145e-09 4.43137e-09 4.47165e-09 4.5123e-09 4.55332e-09 4.59472e-09 4.63649e-09 4.67864e-09 4.72117e-09 4.76409e-09 4.8074e-09 4.85111e-09 4.89521e-09 4.93971e-09 4.98461e-09 5.02993e-09 5.07566e-09 5.1218e-09 5.16836e-09 5.21534e-09 5.26276e-09 5.3106e-09 5.35888e-09 5.4076e-09 5.45676e-09 5.50636e-09 5.55642e-09 5.60693e-09 5.65791e-09 5.70934e-09 5.76124e-09 5.81362e-09 5.86647e-09 5.9198e-09 5.97362e-09 6.02792e-09 6.08272e-09 6.13802e-09 6.19382e-09 6.25013e-09 6.30695e-09 6.36428e-09 6.42214e-09 6.48052e-09 6.53944e-09 6.59889e-09 6.65888e-09 6.71941e-09 6.7805e-09 6.84214e-09 6.90434e-09 6.96711e-09 7.03044e-09 7.09436e-09 7.15885e-09 7.22393e-09 7.2896e-09 7.35587e-09 7.42274e-09 7.49022e-09 7.55832e-09 7.62703e-09 7.69637e-09 7.76633e-09 7.83694e-09 7.90818e-09 7.98007e-09 8.05262e-09 8.12582e-09 8.1997e-09 8.27424e-09 8.34946e-09 8.42536e-09 8.50196e-09 8.57925e-09 8.65724e-09 8.73594e-09 8.81536e-09 8.8955e-09 8.97637e-09 9.05797e-09 9.14032e-09 9.22341e-09 9.30726e-09 9.39187e-09 9.47725e-09 9.56341e-09 9.65035e-09 9.73808e-09 9.82661e-09 9.91594e-09 7.15554e-09 7.17514e-09 1.01154e-08 1.03488e-08 1.05876e-08 1.0832e-08 1.10819e-08 1.13377e-08 1.15993e-08 1.1867e-08 1.21408e-08 1.2421e-08 1.27077e-08 1.30009e-08 1.33009e-08 1.36079e-08 1.39219e-08 1.42432e-08 1.45719e-08 1.49081e-08 1.52522e-08 1.56041e-08 1.59642e-08 1.63326e-08 1.67095e-08 1.70952e-08 1.74897e-08 1.78933e-08 1.83062e-08 1.87286e-08 1.91608e-08 1.9603e-08 2.00554e-08 2.05182e-08 2.09917e-08 2.14761e-08 2.19717e-08 2.24788e-08 2.29975e-08 2.35282e-08 2.40712e-08 2.46267e-08 2.5195e-08 2.57764e-08 2.63712e-08 2.69798e-08 2.76024e-08 2.82394e-08 2.88911e-08 2.95578e-08 3.02399e-08 3.09377e-08 3.16517e-08 3.23821e-08 3.31294e-08 3.38939e-08 3.46761e-08 3.54763e-08 3.6295e-08 3.71326e-08 3.79895e-08 3.88661e-08 3.97631e-08 4.06807e-08 4.16194e-08 4.25799e-08 4.35625e-08 4.45678e-08 4.55963e-08 4.66485e-08 4.7725e-08 4.88264e-08 4.99531e-08 5.11059e-08 5.22852e-08 5.34918e-08 5.47263e-08 5.59892e-08 5.72812e-08 5.86031e-08 5.99555e-08 6.13391e-08 6.27546e-08 6.42028e-08 6.56844e-08 6.72002e-08 6.87509e-08 7.03375e-08 7.19607e-08 7.36213e-08 7.53203e-08 7.70584e-08 7.88367e-08 8.0656e-08 8.25173e-08 8.44215e-08 8.63697e-08 8.83629e-08 9.0402e-08 9.24882e-08 9.46226e-08 9.68062e-08 9.52745e-08 4.63193e-08
0.016 0.0160139 0.0160273 0.0160398 0.0160512 0.0160612 0.0160698 0.0160767 0.0160818 0.016085 0.0160861 0.0160852 0.016082 0.0160767 0.016069 0.016059 0.0160467 0.016032 0.0160149 0.0159955 0.0159737 0.0159496 0.0159232 0.0158945 0.0158636 0.0158304 0.0157951 0.0157577 0.0157182 0.0156767 0.0156333 0.015588 0.0155409 0.015492 0.0154415 0.0153894 0.0153358 0.0152807 0.0152242 0.0151665 0.0151075 0.0150474 0.0149862 0.014924 0.014861 0.014797 0.0147324 0.014667 0.014601 0.0145345 0.0144675 0.0144001 0.0143323 0.0142643 0.0141961 0.0141277 0.0140592 0.0139906 0.0139221 0.0138537 0.0137853 0.0137172 0.0136492 0.0135815 0.0135141 0.0134471 0.0133804 0.0133141 0.0132483 0.013183 0.0131181 0.0130538 0.0129901 0.0129269 0.0128643 0.0128024 0.0127411 0.0126805 0.0126206 0.0125613 0.0125028 0.012445 0.0123879 0.0123315 0.0122759 0.0122211 0.012167 0.0121136 0.0120611 0.0120093 0.0119582 0.011908 0.0118585 0.0118098 0.0117618 0.0117146 0.0116682 0.0116226 0.0115777 0.0115335 0.0114901 0.0114475 0.0114087 0.0113665 0.0113244 0.0112826 0.0112409 0.0111994 0.011158 0.0111168 0.0110758 0.011035 0.0109944 0.0109539 0.0109137 0.0108736 0.0108337 0.0107941 0.0107546 0.0107153 0.0106762 0.0106373 0.0105987 0.0105602 0.0105219 0.0104839 0.010446 0.0104084 0.010371 0.0103338 0.0102968 0.01026 0.0102234 0.0101871 0.0101509 0.010115 0.0100793 0.0100438 0.0100086 0.00997353 0.00993871 0.00990412 0.00986974 0.00983559 0.00980165 0.00976794 0.00973446 0.00970119 0.00966814 0.00963532 0.00960272 0.00957034 0.00953819 0.00950625 0.00947454 0.00944304 0.00941177 0.00938072 0.00934989 0.00931927 0.00928888 0.0092587 0.00922875 0.00919901 0.00916948 0.00914018 0.00911109 0.00908221 0.00905355 0.0090251 0.00899687 0.00896884 0.00894103 0.00891343 0.00888604 0.00885886 0.00883189 0.00880512 0.00877856 0.00875221 0.00872606 0.00870012 0.00867438 0.00864883 0.0086235 0.00859836 0.00857342 0.00854867 0.00852413 0.00849978 0.00847562 0.00845166 0.00842789 0.00840431 0.00838093 0.00835773 0.00833472 0.0083119 0.00828927 0.00826682 0.00824455 0.00822247 0.00820057 0.00817885 0.00815731 0.00813594 0.00811476 0.00809375 0.00807291 0.00805225 0.00803177 0.00801145 0.0079913 0.00797133 0.00795152 0.00793188 0.0079124 0.00789309 0.00787394 0.00785496 0.00783613 0.00781747 0.00779897 0.00778062 0.00776243 0.0077444 0.00772652 0.00770879 0.00769121 0.00767379 0.00765652 0.00763939 0.00762242 0.00760558 0.0075889 0.00757236 0.00755596 0.00753971 0.00752359 0.00750762 0.00749178 0.00747609 0.00746053 0.0074451 0.00742981 0.00741465 0.00739963 0.00738474 0.00736998 0.00735534 0.00734084 0.00732646 0.00731221 0.00729809 0.00728409 0.00727021 0.00725645 0.00724282 0.0072293 0.00721591 0.00720263 0.00718947 0.00717643 0.0071635 0.00715069 0.00713799 0.00712541 0.00711293 0.00710057 0.00708831 0.00707617 0.00706413 0.0070522 0.00704037 0.00702865 0.00701704 0.00700553 0.00699412 0.00698281 0.0069716 0.0069605 0.00694949 0.00693858 0.00692777 0.00691706 0.00690644 0.00689591 0.00688548 0.00687515 0.0068649 0.00685475 0.00684469 0.00683472 0.00682484 0.00681504 0.00680534 0.00679572 0.00678619 0.00677674 0.00676738 0.0067581 0.00674891 0.00673979 0.00673077 0.00672182 0.00671295 0.00670416 0.00669545 0.00668682 0.00667827 0.00666979 0.00666139 0.00665307 0.00664482 0.00663664 0.00662854 0.00662051 0.00661256 0.00660467 0.00659686 0.00658911 0.00658144 0.00657384 0.0065663 0.00655884 0.00655144 0.0065441 0.00653683 0.00652963 0.0065225 0.00651543 0.00650842 0.00650147 0.00649459 0.00648777 0.00648101 0.00647431 0.00646768 0.0064611 0.00645458 0.00644812 0.00644172 0.00643538 0.0064291 0.00642287 0.0064167 0.00641058 0.00640452 0.00639851 0.00639256 0.00638666 0.00638082 0.00637503 0.00636929 0.0063636 0.00635797 0.00635238 0.00634685 0.00634446 0.00633895 0.0063334 0.00632781 0.00632217 0.00631649 0.00631077 0.00630501 0.0062992 0.00629335 0.00628745 0.00628151 0.00627553 0.0062695 0.00626343 0.00625732 0.00625115 0.00624494 0.00623869 0.00623239 0.00622605 0.00621965 0.00621321 0.00620673 0.0062002 0.00619362 0.00618699 0.00618031 0.00617359 0.00616681 0.00615999 0.00615312 0.0061462 0.00613924 0.00613222 0.00612515 0.00611803 0.00611086 0.00610364 0.00609637 0.00608905 0.00608168 0.00607426 0.00606678 0.00605926 0.00605168 0.00604405 0.00603636 0.00602863 0.00602084 0.00601299 0.0060051 0.00599715 0.00598914 0.00598109 0.00597297 0.00596481 0.00595659 0.00594831 0.00593998 0.00593159 0.00592315 0.00591465 0.0059061 0.00589749 0.00588882 0.0058801 0.00587132 0.00586249 0.00585359 0.00584464 0.00583564 0.00582657 0.00581745 0.00580827 0.00579903 0.00578974 0.00578038 0.00577097 0.0057615 0.00575197 0.00574238 0.00573273 0.00572302 0.00571326 0.00570343 0.00569355 0.0056836 0.0056736 0.00566353 0.00565341 0.00564322 0.00563298 0.00562267 0.00561231 0.00560188 0.0055914 0.00558085 0.00557024 0.00555957 0.00554884 0.00553805 0.0055272 0.00551629 0.00550532 0.00549429 0.00548319 0.00547204 0.00546082 0.00544954 0.0054382 0.0054268 0.00541534 0.00540382 0.00539224 0.00538059 0.00536889 0.00535712 0.00534529 0.0053334 0.00532145 0.00530944 0.00529737 0.00528524 0.00527305 0.00526079 0.00524848 0.00523611 0.00522367 0.00521118 0.00519862 0.00518601 0.00517333 0.0051606 0.00514781 0.00513495 0.00512204 0.00510907 0.00509604 0.00508295 0.0050698 0.0050566 0.00504333 0.00503001 0.00501663 0.00500319 0.0049897 0.00497615 0.00496254 0.00494887 0.00493515 0.00492137 0.00490754 0.00489365 0.0048797 0.0048657 0.00485165 0.00483754 0.00482338 0.00480916 0.00479489 0.00478057 0.00476619 0.00475176 0.00473728 0.00472275 0.00470817 0.00469353 0.00467885 0.00466412 0.00464933 0.0046345 0.00461962 0.00460469 0.00458971 0.00457468 0.00455961 0.00454449 0.00452932 0.00451411 0.00449885 0.00448355 0.00446821 0.00445282 0.00443738 0.00442191 0.00440639 0.00439083 0.00437523 0.00435959 0.00434391 0.00432819 0.00431243 0.00429663 0.00428079 0.00426492 0.00424901 0.00423306 0.00421708 0.00420107 0.00418502 0.00416893 0.00415282 0.00413667 0.00412048 0.00410427 0.00408803 0.00407175 0.00405545 0.00403912 0.00402276 0.00400637 0.00398996 0.00397352 0.00395706 0.00394057 0.00392405 0.00390751 0.00389095 0.00387437 0.00385777 0.00384114 0.0038245 0.00380783 0.00379115 0.00377445 0.00375773 0.00374099 0.00372424 0.00370747 0.00369069 0.00367389 0.00365708 0.00364026 0.00362342 0.00360657 0.00358971 0.00357284 0.00355597 0.00353908 0.00352218 0.00350528 0.00348837 0.00347145 0.00345453 0.0034376 0.00342066 0.00340372 0.00338678 0.00336984 0.00335289 0.00333594 0.00331899 0.00330204 0.00328508 0.00326813 0.00326078 0.00324398 0.00322695 0.00320968 0.00319219 0.00317446 0.0031565 0.0031383 0.00311987 0.00310121 0.00308232 0.00306319 0.00304382 0.00302423 0.0030044 0.00298434 0.00296405 0.00294352 0.00292277 0.00290179 0.00288057 0.00285914 0.00283747 0.00281557 0.00279346 0.00277111 0.00274855 0.00272576 0.00270274 0.00267951 0.00265606 0.00263239 0.0026085 0.00258439 0.00256007 0.00253552 0.00251076 0.00248579 0.0024606 0.00243519 0.00240957 0.00238372 0.00235766 0.00233138 0.00230488 0.00227816 0.00225121 0.00222404 0.00219664 0.002169 0.00214113 0.00211302 0.00208466 0.00205605 0.00202719 0.00199806 0.00196866 0.00193899 0.00190903 0.00187878 0.00184822 0.00181735 0.00178616 0.00175462 0.00172273 0.00169048 0.00165784 0.00162481 0.00159137 0.00155749 0.00152315 0.00148835 0.00145305 0.00141723 0.00138086 0.00134393 0.00130641 0.00126825 0.00122945 0.00118996 0.00114975 0.00110878 0.00106703 0.00102444 0.000980991 0.000936631 0.000891319 0.00084501 0.000797658 0.000749213 0.000699627 0.000648846 0.000596817 0.000543484 0.00048879 0.000432675 0.000375081 0.000315943 0.0002552 0.000192787 0.000128641 6.26965e-05 1.6e-16
1.6e-19 1.6e-19 1.6e-19 1.6e-19 1.6e-19 1.6e-19 1.6e-19 1.6e-19 1.6e-19 1.6e-19 1.6e-19 1.6e-19 1.6e-19 1.6e-19 1.6e-19 1.6e-19 1.6e-19 1.6e-19 1.6e-19 1.6e-19 1.6e-19 1.6e-19 1.6e-19 1.6e-19 1.6e-19 1.6e-19 1.6e-19 1.6e-19 1.6e-19 1.6e-19 1.6e-19 1.6e-19 1.6e-19 1.6e-19 1.6e-19 1.6e-19 1.6e-19 1.6e-19 1.6e-19 1.6e-19 1.6e-19 1.6e-19 1.6e-19 1.6e-19 1.6e-19 1.6e-19 1.6e-19 1.6e-19 1.6e-19 1.6e-19 1.6e-19 1.6e-19 1.6e-19 1.6e-19 1.6e-19 1.6e-19 1.6e-19 1.6e-19 1.6e-19 1.6e-19 1.6e-19 1.6e-19 1.6e-19 1.6e-19 1.6e-19 1.6e-19 1.6e-19 1.6e-19 1.6e-19 1.6e-19 1.6e-19 1.6e-19 1.6e-19 1.6e-19 1.6e-19 1.6e-19 1.6e-19 1.6e-19 1.6e-19 1.6e-19 1.6e-19 1.6e-19 1.6e-19 1.6e-19 1.6e-19 1.6e-19 1.6e-19 1.6e-19 1.6e-19 1.6e-19 1.6e-19 1.6e-19 1.6e-19 1.6e-19 1.6e-19 1.6e-19 1.6e-19 1.6e-19 1.6e-19 1.6e-19 1.6e-19 1.6e-19 1.6e-19 1.6e-19 1.6e-19 1.6e-19 1.6e-19 1.6e-19 1.6e-19 1.6e-19 1.6e-19 1.6e-19 1.6e-19 1.6e-19 1.6e-19 1.6e-19 1.6e-19 1.6e-19 1.6e-19 1.6e-19 1.6e-19 1.6e-19 1.6e-19 1.6e-19 1.6e-19 1.6e-19 1.6e-19 1.6e-19 1.6e-19 1.6e-19 1.6e-19 1.6e-19 1.6e-19 1.6e-19 1.6e-19 1.6e-19 1.6e-19 1.6e-19 1.6e-19 1.6e-19 1.6e-19 1.6e-19 1.6e-19 1.6e-19 1.6e-19 1.6e-19 1.6e-19 1.6e-19 1.6e-19 1.6e-19 1.6e-19 1.6e-19 1.6e-19 1.6e-19 1.6e-19 1.6e-19 1.6e-19 1.6e-19 1.6e-19 1.6e-19 1.6e-19 1.6e-19 1.6e-19 1.6e-19 1.6e-19 1.6e-19 1.6e-19 1.6e-19 1.6e-19 1.6e-19 1.6e-19 1.6e-19 1.6e-19 1.6e-19 1.6e-19 1.6e-19 1.6e-19 1.6e-19 1.6e-19 1.6e-19 1.6e-19 1.6e-19 1.6e-19 1.6e-19 1.6e-19 1.6e-19 1.6e-19 1.6e-19 1.6e-19 1.6e-19 1.6e-19 1.6e-19 1.6e-19 1.6e-19 1.6e-19 1.6e-19 1.6e-19 1.6e-19 1.6e-19 1.6e-19 1.6e-19 1.6e-19 1.6e-19 1.6e-19 1.6e-19 1.6e-19 1.6e-19 1.6e-19 1.6e-19 1.6e-19 1.6e-19 1.6e-19 1.6e-19 1.6e-19 1.6e-19 1.6e-19 1.6e-19 1.6e-19 1.6e-19 1.6e-19 1.6e-19 1.6e-19 1.6e-19 1.6e-19 1.6e-19 1.6e-19 1.6e-19 1.6e-19 1.6e-19 1.6e-19 1.6e-19 1.6e-19 1.6e-19 1.6e-19 1.6e-19 1.6e-19 1.6e-19 1.6e-19 1.6e-19 1.6e-19 1.6e-19 1.6e-19 1.6e-19 1.6e-19 1.6e-19 1.6e-19 1.6e-19 1.6e-19 1.6e-19 1.6e-19 1.6e-19 1.6e-19 1.6e-19 1.6e-19 1.6e-19 1.6e-19 1.6e-19 1.6e-19 1.6e-19 1.6e-19 1.6e-19 1.6e-19 1.6e-19 1.6e-19 1.6e-19 1.6e-19 1.6e-19 1.6e-19 1.6e-19 1.6e-19 1.6e-19 1.6e-19 1.6e-19 1.6e-19 1.6e-19 1.6e-19 1.6e-19 1.6e-19 1.6e-19 1.6e-19 1.6e-19 1.6e-19 1.6e-19 1.6e-19 1.6e-19 1.6e-19 1.6e-19 1.6e-19 1.6e-19 1.6e-19 1.6e-19 1.6e-19 1.6e-19 1.6e-19 1.6e-19 1.6e-19 1.6e-19 1.6e-19 1.6e-19 1.6e-19 1.6e-19 1.6e-19 1.6e-19 1.6e-19 1.6e-19 1.6e-19 1.6e-19 1.6e-19 1.6e-19 1.6e-19 1.6e-19 1.6e-19 1.6e-19 1.6e-19 1.6e-19 1.6e-19 1.6e-19 1.6e-19 1.6e-19 1.6e-19 1.6e-19 1.6e-19 1.6e-19 1.6e-19 1.6e-19 1.6e-19 1.6e-19 1.6e-19 1.6e-19 1.6e-19 1.6e-19 1.6e-19 1.6e-19 1.6e-19 1.6e-19 1.6e-19 1.6e-19 1.6e-19 1.6e-19 1.6e-19 1.6e-19 1.6e-19 1.6e-19 1.6e-19 1.6e-19 1.6e-19 1.6e-19 1.6e-19 1.6e-19 1.6e-19 1.6e-19 1.6e-19 1.6e-19 1.6e-19 1.6e-19 1.6e-19 1.6e-19 1.6e-19 1.6e-19 1.6e-19 1.6e-19 1.6e-19 1.6e-19 1.6e-19 1.6e-19 1.6e-19 1.6e-19 1.6e-19 1.6e-19 1.6e-19 1.6e-19 1.6e-19 1.6e-19 1.6e-19 1.6e-19 1.6e-19 1.6e-19 1.6e-19 1.6e-19 1.6e-19 1.6e-19 1.6e-19 1.6e-19 1.6e-19 1.6e-19 1.6e-19 1.6e-19 1.6e-19 1.6e-19 1.6e-19 1.6e-19 1.6e-19 1.6e-19 1.6e-19 1.6e-19 1.6e-19 1.6e-19 1.6e-19 1.6e-19 1.6e-19 1.6e-19 1.6e-19 1.6e-19 1.6e-19 1.6e-19 1.6e-19 1.6e-19 1.6e-19 1.6e-19 1.6e-19 1.6e-19 1.6e-19 1.6e-19 1.6e-19 1.6e-19 1.6e-19 1.6e-19 1.6e-19 1.6e-19 1.6e-19 1.6e-19 1.6e-19 1.6e-19 1.6e-19 1.6e-19 1.6e-19 1.6e-19 1.6e-19 1.6e-19 1.6e-19 1.6e-19 1.6e-19 1.6e-19 1.6e-19 1.6e-19 1.6e-19 1.6e-19 1.6e-19 1.6e-19 1.6e-19 1.6e-19 1.6e-19 1.6e-19 1.6e-19 1.6e-19 1.6e-19 1.6e-19 1.6e-19 1.6e-19 1.6e-19 1.6e-19 1.6e-19 1.6e-19 1.6e-19 1.6e-19 1.6e-19 1.6e-19 1.6e-19 1.6e-19 1.6e-19 1.6e-19 1.6e-19 1.6e-19 1.6e-19 1.6e-19 1.6e-19 1.6e-19 1.6e-19 1.6e-19 1.6e-19 1.6e-19 1.6e-19 1.6e-19 1.6e-19 1.6e-19 1.6e-19 1.6e-19 1.6e-19 1.6e-19 1.6e-19 1.6e-19 1.6e-19 1.6e-19 1.6e-19 1.6e-19 1.6e-19 1.6e-19 1.6e-19 1.6e-19 1.6e-19 1.6e-19 1.6e-19 1.6e-19 1.6e-19 1.6e-19 1.6e-19 1.6e-19 1.6e-19 1.6e-19 1.6e-19 1.6e-19 1.6e-19 1.6e-19 1.6e-19 1.6e-19 1.6e-19 1.6e-19 1.6e-19 1.6e-19 1.6e-19 1.6e-19 1.6e-19 1.6e-19 1.6e-19 1.6e-19 1.6e-19 1.6e-19 1.6e-19 1.6e-19 1.6e-19 1.6e-19 1.6e-19 1.6e-19 1.6e-19 1.6e-19 1.6e-19 1.6e-19 1.6e-19 1.6e-19 1.6e-19 1.6e-19 1.6e-19 1.6e-19 1.6e-19 1.6e-19 1.6e-19 1.6e-19 1.6e-19 1.6e-19 1.6e-19 1.6e-19 1.6e-19 1.6e-19 1.6e-19 1.6e-19 1.6e-19 1.6e-19 1.6e-19 1.6e-19 1.6e-19 1.6e-19 1.6e-19 1.6e-19 1.6e-19 1.6e-19 1.6e-19 1.6e-19 1.6e-19 1.6e-19 1.6e-19 1.6e-19 1.6e-19 1.6e-19 1.6e-19 1.6e-19 1.6e-19 1.6e-19 1.6e-19 1.6e-19 1.6e-19 1.6e-19 1.6e-19 1.6e-19 1.6e-19 1.6e-19 1.6e-19 1.6e-19 1.6e-19 1.6e-19 1.6e-19 1.6e-19 1.6e-19 1.6e-19 1.6e-19 1.6e-19 1.6e-19 1.6e-19 1.6e-19 1.6e-19 1.6e-19 1.6e-19 1.6e-19 1.6e-19 1.6e-19 1.6e-19 1.6e-19 1.6e-19 1.6e-19 1.6e-19 1.6e-19 1.6e-19 1.6e-19 1.6e-19 1.6e-19 1.6e-19 1.6e-19 1.6e-19 1.6e-19 1.6e-19 1.6e-19 1.6e-19 1.6e-19 1.6e-19 1.6e-19 1.6e-19 1.6e-19 1.6e-19 1.6e-19 1.6e-19 1.6e-19 1.6e-19 1.6e-19 1.6e-19 1.6e-19 1.6e-19 1.6e-19 1.6e-19 1.6e-19 1.6e-19 1.6e-19 1.6e-19 1.6e-19 1.6e-19 1.6e-19 1.6e-19 1.6e-19 1.6e-19 1.6e-19 1.6e-19 1.6e-19 1.6e-19 1.6e-19 1.6e-19 1.6e-19 1.6e-19 1.6e-19 1.6e-19 1.6e-19 1.6e-19 1.6e-19 1.6e-19 1.6e-19 1.6e-19 1.6e-19 1.6e-19 1.6e-19 1.6e-19 1.6e-19 1.6e-19 1.6e-19 1.6e-19 1.6e-19 1.6e-19 1.6e-19 1.6e-19 1.6e-19 1.6e-19 1.6e-19 1.6e-19 1.6e-19 1.6e-19 1.6e-19 1.6e-19 1.6e-19 1.6e-19 1.6e-19 1.6e-19 1.6e-19 1.6e-19 1.6e-19 1.6e-19 1.6e-19 1.6e-19 1.6e-19 1.6e-19 1.6e-19 1.6e-19 1.6e-19 1.6e-19 1.6e-19 1.6e-19 1.6e-19 1.6e-19 1.6e-19 1.6e-19 1.6e-19 1.6e-19 1.6e-19 1.6e-19 1.6e-19 1.6e-19 1.6e-19 1.6e-19 1.6e-19 1.6e-19 1.6e-19 1.6e-19 1.6e-19 1.6e-19 1.6e-19 1.6e-19 1.6e-19 1.6e-19 1.6e-19 1.6e-19 1.6e-19 1.6e-19
0.382748 0.382616 0.382487 0.382362 0.382241 0.382125 0.382014 0.381908 0.381806 0.38171 0.381619 0.381534 0.381454 0.38138 0.381311 0.381248 0.38119 0.381137 0.381091 0.381049 0.381013 0.380983 0.380957 0.380937 0.380922 0.380912 0.380907 0.380907 0.380912 0.380921 0.380935 0.380954 0.380976 0.381003 0.381034 0.381069 0.381108 0.381151 0.381197 0.381247 0.3813 0.381357 0.381416 0.381479 0.381544 0.381613 0.381683 0.381757 0.381832 0.38191 0.38199 0.382072 0.382156 0.382242 0.382329 0.382418 0.382508 0.3826 0.382693 0.382787 0.382881 0.382977 0.383074 0.383171 0.383269 0.383368 0.383467 0.383566 0.383666 0.383766 0.383866 0.383966 0.384066 0.384166 0.384265 0.384365 0.384464 0.384563 0.384662 0.38476 0.384858 0.384956 0.385052 0.385148 0.385244 0.385339 0.385433 0.385526 0.385619 0.385711 0.385802 0.385892 0.385981 0.38607 0.386157 0.386244 0.386329 0.386414 0.386497 0.38658 0.386662 0.386742 0.386816 0.386897 0.386977 0.387058 0.387138 0.387219 0.3873 0.387381 0.387461 0.387542 0.387623 0.387704 0.387785 0.387865 0.387946 0.388027 0.388107 0.388188 0.388268 0.388349 0.388429 0.38851 0.38859 0.38867 0.38875 0.38883 0.388909 0.388989 0.389069 0.389148 0.389227 0.389306 0.389385 0.389464 0.389543 0.389621 0.389699 0.389778 0.389855 0.389933 0.390011 0.390088 0.390165 0.390242 0.390319 0.390395 0.390471 0.390548 0.390623 0.390699 0.390774 0.390849 0.390924 0.390999 0.391073 0.391147 0.391221 0.391295 0.391368 0.391441 0.391514 0.391586 0.391658 0.39173 0.391802 0.391873 0.391944 0.392015 0.392086 0.392156 0.392226 0.392295 0.392365 0.392434 0.392502 0.392571 0.392639 0.392706 0.392774 0.392841 0.392908 0.392974 0.393041 0.393106 0.393172 0.393237 0.393302 0.393367 0.393431 0.393495 0.393558 0.393622 0.393685 0.393747 0.39381 0.393872 0.393933 0.393995 0.394055 0.394116 0.394176 0.394236 0.394296 0.394355 0.394414 0.394473 0.394531 0.394589 0.394647 0.394704 0.394761 0.394818 0.394874 0.39493 0.394986 0.395041 0.395096 0.395151 0.395205 0.395259 0.395313 0.395366 0.395419 0.395472 0.395525 0.395577 0.395628 0.39568 0.395731 0.395782 0.395832 0.395882 0.395932 0.395981 0.39603 0.396079 0.396128 0.396176 0.396224 0.396271 0.396319 0.396366 0.396412 0.396459 0.396505 0.39655 0.396596 0.396641 0.396686 0.39673 0.396774 0.396818 0.396862 0.396905 0.396948 0.396991 0.397033 0.397075 0.397117 0.397158 0.3972 0.39724 0.397281 0.397321 0.397361 0.397401 0.397441 0.39748 0.397519 0.397558 0.397596 0.397634 0.397672 0.397709 0.397747 0.397784 0.39782 0.397857 0.397893 0.397929 0.397965 0.398 0.398035 0.39807 0.398105 0.398139 0.398173 0.398207 0.398241 0.398274 0.398307 0.39834 0.398372 0.398405 0.398437 0.398469 0.3985 0.398532 0.398563 0.398594 0.398625 0.398655 0.398685 0.398715 0.398745 0.398774 0.398804 0.398833 0.398862 0.39889 0.398919 0.398947 0.398975 0.399002 0.39903 0.399057 0.399084 0.399111 0.399138 0.399164 0.399191 0.399217 0.399242 0.399268 0.399293 0.399319 0.399344 0.399369 0.399393 0.399418 0.399442 0.399466 0.39949 0.399513 0.399537 0.39956 0.399583 0.399606 0.399629 0.399651 0.399674 0.399696 0.399718 0.39974 0.399762 0.399783 0.399804 0.399825 0.399846 0.399867 0.399888 0.399908 0.399929 0.399949 0.399969 0.399988 0.399997 0.400017 0.400036 0.400057 0.400077 0.400097 0.400118 0.400138 0.400159 0.40018 0.400202 0.400223 0.400245 0.400266 0.400288 0.40031 0.400333 0.400355 0.400378 0.400401 0.400424 0.400447 0.40047 0.400494 0.400518 0.400542 0.400566 0.40059 0.400615 0.400639 0.400664 0.400689 0.400715 0.40074 0.400766 0.400792 0.400818 0.400845 0.400871 0.400898 0.400925 0.400952 0.40098 0.401007 0.401035 0.401063 0.401092 0.40112 0.401149 0.401178 0.401207 0.401236 0.401266 0.401296 0.401326 0.401356 0.401387 0.401418 0.401449 0.40148 0.401512 0.401543 0.401575 0.401608 0.40164 0.401673 0.401706 0.401739 0.401773 0.401806 0.40184 0.401875 0.401909 0.401944 0.401979 0.402014 0.40205 0.402086 0.402122 0.402158 0.402195 0.402232 0.402269 0.402306 0.402344 0.402382 0.40242 0.402459 0.402497 0.402537 0.402576 0.402616 0.402656 0.402696 0.402736 0.402777 0.402818 0.40286 0.402901 0.402943 0.402985 0.403028 0.403071 0.403114 0.403157 0.403201 0.403245 0.40329 0.403334 0.403379 0.403425 0.40347 0.403516 0.403562 0.403609 0.403656 0.403703 0.40375 0.403798 0.403846 0.403894 0.403943 0.403992 0.404041 0.404091 0.404141 0.404191 0.404242 0.404293 0.404344 0.404396 0.404448 0.4045 0.404553 0.404605 0.404659 0.404712 0.404766 0.40482 0.404875 0.40493 0.404985 0.40504 0.405096 0.405153 0.405209 0.405266 0.405323 0.405381 0.405439 0.405497 0.405555 0.405614 0.405673 0.405733 0.405793 0.405853 0.405913 0.405974 0.406035 0.406097 0.406159 0.406221 0.406283 0.406346 0.406409 0.406473 0.406537 0.406601 0.406665 0.40673 0.406795 0.406861 0.406926 0.406992 0.407059 0.407125 0.407192 0.40726 0.407327 0.407395 0.407464 0.407532 0.407601 0.40767 0.40774 0.40781 0.40788 0.40795 0.408021 0.408092 0.408163 0.408234 0.408306 0.408378 0.408451 0.408523 0.408596 0.40867 0.408743 0.408817 0.408891 0.408965 0.409039 0.409114 0.409189 0.409264 0.40934 0.409416 0.409492 0.409568 0.409644 0.409721 0.409798 0.409875 0.409952 0.410029 0.410107 0.410185 0.410263 0.410341 0.41042 0.410498 0.410577 0.410656 0.410735 0.410814 0.410893 0.410973 0.411052 0.411132 0.411212 0.411292 0.411372 0.411452 0.411533 0.411613 0.411693 0.411774 0.411854 0.411935 0.412016 0.412096 0.412177 0.412258 0.412339 0.41242 0.4125 0.412581 0.412662 0.412743 0.412824 0.412904 0.412985 0.413066 0.413146 0.413181 0.413261 0.413342 0.413423 0.413506 0.41359 0.413674 0.41376 0.413847 0.413934 0.414023 0.414112 0.414202 0.414293 0.414385 0.414478 0.414572 0.414666 0.414761 0.414856 0.414953 0.415049 0.415147 0.415245 0.415343 0.415442 0.415541 0.41564 0.41574 0.41584 0.41594 0.41604 0.41614 0.41624 0.41634 0.416439 0.416539 0.416638 0.416736 0.416834 0.416932 0.417028 0.417124 0.417219 0.417313 0.417405 0.417497 0.417587 0.417676 0.417763 0.417849 0.417933 0.418015 0.418094 0.418172 0.418248 0.418321 0.418392 0.41846 0.418525 0.418587 0.418647 0.418703 0.418756 0.418805 0.418851 0.418894 0.418933 0.418967 0.418998 0.419025 0.419047 0.419065 0.419079 0.419088 0.419092 0.419092 0.419087 0.419076 0.419061 0.41904 0.419015 0.418984 0.418947 0.418906 0.418859 0.418806 0.418748 0.418684 0.418615 0.41854 0.41846 0.418374 0.418283 0.418186 0.418085 0.417978 0.417866 0.41775 0.417629 0.417504 0.417375 0.417252
0.0202195 0.020198 0.0201771 0.0201571 0.0201377 0.0201192 0.0201015 0.0200847 0.0200688 0.0200537 0.0200395 0.0200262 0.0200138 0.0200023 0.0199916 0.0199819 0.019973 0.019965 0.0199578 0.0199515 0.019946 0.0199414 0.0199375 0.0199344 0.0199322 0.0199307 0.0199299 0.0199299 0.0199306 0.019932 0.0199341 0.0199369 0.0199404 0.0199445 0.0199492 0.0199546 0.0199605 0.0199671 0.0199742 0.0199818 0.01999 0.0199987 0.0200079 0.0200176 0.0200278 0.0200384 0.0200495 0.020061 0.0200729 0.0200851 0.0200978 0.0201108 0.0201241 0.0201378 0.0201518 0.0201661 0.0201806 0.0201954 0.0202105 0.0202258 0.0202413 0.0202571 0.020273 0.0202891 0.0203053 0.0203218 0.0203383 0.020355 0.0203718 0.0203887 0.0204057 0.0204227 0.0204398 0.020457 0.0204742 0.0204915 0.0205088 0.020526 0.0205433 0.0205606 0.0205779 0.0205951 0.0206123 0.0206295 0.0206466 0.0206637 0.0206806 0.0206976 0.0207144 0.0207312 0.0207478 0.0207644 0.0207808 0.0207972 0.0208134 0.0208295 0.0208455 0.0208614 0.0208771 0.0208927 0.0209082 0.0209235 0.0209375 0.0209529 0.0209683 0.0209838 0.0209994 0.021015 0.0210307 0.0210464 0.0210622 0.021078 0.0210939 0.0211098 0.0211258 0.0211418 0.0211578 0.0211739 0.0211901 0.0212062 0.0212225 0.0212387 0.021255 0.0212713 0.0212877 0.0213041 0.0213205 0.0213369 0.0213534 0.0213699 0.0213864 0.021403 0.0214195 0.0214361 0.0214527 0.0214693 0.021486 0.0215026 0.0215193 0.0215359 0.0215526 0.0215693 0.021586 0.0216027 0.0216195 0.0216362 0.0216529 0.0216696 0.0216864 0.0217031 0.0217198 0.0217365 0.0217532 0.02177 0.0217867 0.0218034 0.0218201 0.0218367 0.0218534 0.0218701 0.0218867 0.0219033 0.02192 0.0219366 0.0219531 0.0219697 0.0219862 0.0220028 0.0220193 0.0220357 0.0220522 0.0220686 0.022085 0.0221014 0.0221178 0.0221341 0.0221504 0.0221667 0.0221829 0.0221991 0.0222153 0.0222314 0.0222475 0.0222636 0.0222796 0.0222956 0.0223116 0.0223275 0.0223434 0.0223592 0.022375 0.0223908 0.0224065 0.0224222 0.0224378 0.0224534 0.022469 0.0224845 0.0224999 0.0225154 0.0225307 0.022546 0.0225613 0.0225765 0.0225917 0.0226068 0.0226219 0.0226369 0.0226519 0.0226668 0.0226817 0.0226965 0.0227112 0.0227259 0.0227406 0.0227552 0.0227697 0.0227842 0.0227987 0.022813 0.0228273 0.0228416 0.0228558 0.02287 0.022884 0.0228981 0.022912 0.022926 0.0229398 0.0229536 0.0229673 0.022981 0.0229946 0.0230082 0.0230217 0.0230351 0.0230485 0.0230618 0.023075 0.0230882 0.0231013 0.0231144 0.0231274 0.0231403 0.0231532 0.023166 0.0231788 0.0231914 0.0232041 0.0232166 0.0232291 0.0232415 0.0232539 0.0232662 0.0232785 0.0232906 0.0233027 0.0233148 0.0233268 0.0233387 0.0233505 0.0233623 0.0233741 0.0233857 0.0233973 0.0234089 0.0234203 0.0234318 0.0234431 0.0234544 0.0234656 0.0234767 0.0234878 0.0234989 0.0235098 0.0235207 0.0235316 0.0235423 0.023553 0.0235637 0.0235743 0.0235848 0.0235952 0.0236056 0.023616 0.0236262 0.0236364 0.0236466 0.0236567 0.0236667 0.0236766 0.0236865 0.0236964 0.0237061 0.0237159 0.0237255 0.0237351 0.0237446 0.0237541 0.0237635 0.0237728 0.0237821 0.0237914 0.0238005 0.0238096 0.0238187 0.0238277 0.0238366 0.0238455 0.0238543 0.023863 0.0238717 0.0238804 0.0238889 0.0238975 0.0239059 0.0239143 0.0239227 0.023931 0.0239392 0.0239474 0.0239555 0.0239636 0.0239716 0.0239796 0.0239875 0.0239953 0.0240031 0.0240109 0.0240186 0.0240262 0.0240338 0.0240413 0.0240488 0.0240562 0.0240635 0.0240709 0.0240781 0.0240853 0.0240925 0.0240996 0.0241067 0.0241137 0.0241206 0.0241275 0.0241344 0.0241412 0.0241479 0.0241547 0.0241613 0.0241679 0.0241745 0.024181 0.0241875 0.0241939 0.0242002 0.0242066 0.0242128 0.00821555 -0.00777819 -0.00777187 -0.0077655 -0.00775906 -0.00775257 -0.00774602 -0.00773942 -0.00773275 -0.00772602 -0.00771923 -0.00771238 -0.00770547 -0.0076985 -0.00769146 -0.00768436 -0.0076772 -0.00766997 -0.00766268 -0.00765532 -0.0076479 -0.0076404 -0.00763285 -0.00762522 -0.00761752 -0.00760976 -0.00760192 -0.00759402 -0.00758604 -0.007578 -0.00756988 -0.00756168 -0.00755342 -0.00754508 -0.00753666 -0.00752817 -0.00751961 -0.00751096 -0.00750224 -0.00749344 -0.00748457 -0.00747561 -0.00746657 -0.00745745 -0.00744825 -0.00743897 -0.00742961 -0.00742016 -0.00741063 -0.00740101 -0.00739131 -0.00738152 -0.00737164 -0.00736168 -0.00735162 -0.00734148 -0.00733124 -0.00732092 -0.0073105 -0.00729999 -0.00728939 -0.00727869 -0.0072679 -0.00725702 -0.00724603 -0.00723495 -0.00722377 -0.00721249 -0.00720111 -0.00718963 -0.00717805 -0.00716637 -0.00715459 -0.0071427 -0.0071307 -0.0071186 -0.00710639 -0.00709408 -0.00708165 -0.00706912 -0.00705648 -0.00704373 -0.00703086 -0.00701788 -0.00700479 -0.00699158 -0.00697826 -0.00696482 -0.00695126 -0.00693759 -0.00692379 -0.00690988 -0.00689584 -0.00688169 -0.0068674 -0.006853 -0.00683847 -0.00682381 -0.00680903 -0.00679412 -0.00677908 -0.00676391 -0.0067486 -0.00673317 -0.0067176 -0.0067019 -0.00668607 -0.0066701 -0.00665399 -0.00663774 -0.00662135 -0.00660483 -0.00658816 -0.00657135 -0.0065544 -0.0065373 -0.00652006 -0.00650267 -0.00648513 -0.00646745 -0.00644961 -0.00643162 -0.00641349 -0.0063952 -0.00637675 -0.00635816 -0.0063394 -0.00632049 -0.00630142 -0.00628219 -0.0062628 -0.00624325 -0.00622354 -0.00620366 -0.00618362 -0.00616342 -0.00614305 -0.00612251 -0.0061018 -0.00608092 -0.00605987 -0.00603865 -0.00601726 -0.00599569 -0.00597395 -0.00595203 -0.00592993 -0.00590766 -0.00588521 -0.00586257 -0.00583976 -0.00581676 -0.00579358 -0.00577022 -0.00574667 -0.00572294 -0.00569902 -0.00567491 -0.00565061 -0.00562612 -0.00560145 -0.00557658 -0.00555151 -0.00552626 -0.00550081 -0.00547516 -0.00544932 -0.00542329 -0.00539705 -0.00537062 -0.00534399 -0.00531715 -0.00529012 -0.00526289 -0.00523545 -0.00520781 -0.00517997 -0.00515192 -0.00512367 -0.00509522 -0.00506655 -0.00503769 -0.00500861 -0.00497933 -0.00494984 -0.00492014 -0.00489023 -0.00486012 -0.00482979 -0.00479925 -0.00476851 -0.00473755 -0.00470639 -0.00467501 -0.00464343 -0.00461163 -0.00457962 -0.0045474 -0.00451497 -0.00448233 -0.00444948 -0.00441642 -0.00438314 -0.00434966 -0.00431597 -0.00428207 -0.00424796 -0.00421364 -0.00417911 -0.00414438 -0.00410944 -0.00407429 -0.00403894 -0.00400338 -0.00396762 -0.00393166 -0.00389549 -0.00385913 -0.00382256 -0.0037858 -0.00374883 -0.00371168 -0.00367433 -0.00363678 -0.00359905 -0.00356112 -0.00352301 -0.00348471 -0.00344622 -0.00340756 -0.00336871 -0.00332969 -0.00329048 -0.00325111 -0.00321156 -0.00317185 -0.00313197 -0.00309192 -0.00305172 -0.00301136 -0.00297084 -0.00293017 -0.00288935 -0.00284838 -0.00280728 -0.00276603 -0.00272465 -0.00268314 -0.00264151 -0.00259974 -0.00255786 -0.00251587 -0.00247376 -0.00243154 -0.00238923 -0.00234682 -0.00232838 -0.00228622 -0.00224338 -0.00219988 -0.0021557 -0.00211085 -0.00206532 -0.00201913 -0.00197227 -0.00192474 -0.00187656 -0.00182772 -0.00177823 -0.0017281 -0.00167734 -0.00162595 -0.00157396 -0.00152136 -0.00146817 -0.00141441 -0.00136009 -0.00130524 -0.00124986 -0.00119398 -0.00113763 -0.00108083 -0.00102359 -0.000965963 -0.000907964 -0.000849629 -0.00079099 -0.000732085 -0.000672952 -0.00061363 -0.000554163 -0.000494595 -0.000434974 -0.00037535 -0.000315775 -0.000256303 -0.000196991 -0.000137899 -7.90893e-05 -2.06255e-05 3.74253e-05 9.49937e-05 0.000152008 0.000208394 0.000264075 0.000318974 0.000373008 0.000426095 0.00047815 0.000529087 0.000578817 0.000627249 0.000674292 0.000719853 0.000763839 0.000806154 0.000846702 0.000885388 0.000922116 0.000956788 0.000989308 0.00101958 0.00104751 0.00107301 0.00109598 0.00111633 0.00113398 0.00114883 0.00116081 0.00116983 0.00117582 0.00117871 0.00117842 0.00117489 0.00116807 0.00115789 0.00114432 0.0011273 0.00110681 0.00108281 0.00105529 0.00102422 0.000989614 0.000951465 0.000909789 0.000864609 0.000815962 0.000763893 0.000708461 0.000649739 0.000587814 0.000522791 0.000454791 0.000383955 0.000310446 0.00023445 0.000156181 7.58834e-05 7.808e-17
0.162994 0.162164 0.16136 0.160583 0.159837 0.159122 0.158439 0.157789 0.157173 0.156591 0.156043 0.155529 0.15505 0.154605 0.154194 0.153817 0.153474 0.153164 0.152888 0.152644 0.152432 0.152252 0.152103 0.151984 0.151896 0.151838 0.151809 0.151808 0.151836 0.15189 0.151972 0.15208 0.152214 0.152372 0.152555 0.152762 0.152992 0.153244 0.153519 0.153815 0.154131 0.154468 0.154823 0.155198 0.155591 0.156001 0.156428 0.156872 0.157331 0.157805 0.158294 0.158796 0.159311 0.15984 0.16038 0.160931 0.161493 0.162066 0.162648 0.163239 0.163839 0.164446 0.165061 0.165683 0.166312 0.166946 0.167585 0.16823 0.168878 0.169531 0.170187 0.170846 0.171507 0.172171 0.172836 0.173502 0.17417 0.174837 0.175505 0.176173 0.17684 0.177506 0.17817 0.178833 0.179494 0.180153 0.180809 0.181463 0.182113 0.18276 0.183404 0.184044 0.18468 0.185311 0.185938 0.186561 0.187179 0.187791 0.188399 0.189001 0.189598 0.19019 0.190732 0.191326 0.191923 0.192521 0.193122 0.193725 0.19433 0.194938 0.195547 0.196158 0.196772 0.197387 0.198003 0.198622 0.199242 0.199864 0.200488 0.201113 0.201739 0.202367 0.202996 0.203627 0.204259 0.204892 0.205526 0.206161 0.206797 0.207434 0.208072 0.208711 0.209351 0.209992 0.210633 0.211275 0.211918 0.212561 0.213205 0.213849 0.214493 0.215138 0.215784 0.216429 0.217075 0.217721 0.218367 0.219013 0.219659 0.220305 0.220951 0.221597 0.222243 0.222889 0.223534 0.224179 0.224824 0.225468 0.226112 0.226755 0.227398 0.228041 0.228683 0.229324 0.229964 0.230604 0.231243 0.231882 0.232519 0.233156 0.233791 0.234426 0.23506 0.235693 0.236324 0.236955 0.237585 0.238213 0.23884 0.239466 0.240091 0.240714 0.241336 0.241957 0.242577 0.243195 0.243811 0.244426 0.24504 0.245652 0.246262 0.246871 0.247479 0.248084 0.248688 0.249291 0.249891 0.25049 0.251087 0.251683 0.252276 0.252868 0.253458 0.254046 0.254632 0.255216 0.255798 0.256378 0.256957 0.257533 0.258107 0.258679 0.259249 0.259817 0.260383 0.260947 0.261509 0.262069 0.262626 0.263181 0.263734 0.264285 0.264834 0.265381 0.265925 0.266467 0.267006 0.267544 0.268079 0.268612 0.269142 0.26967 0.270196 0.27072 0.271241 0.27176 0.272276 0.27279 0.273302 0.273811 0.274318 0.274823 0.275325 0.275825 0.276322 0.276817 0.277309 0.277799 0.278287 0.278772 0.279254 0.279735 0.280212 0.280688 0.28116 0.281631 0.282099 0.282564 0.283027 0.283487 0.283945 0.284401 0.284854 0.285305 0.285753 0.286198 0.286642 0.287082 0.28752 0.287956 0.28839 0.28882 0.289249 0.289675 0.290098 0.290519 0.290938 0.291354 0.291767 0.292179 0.292587 0.292994 0.293398 0.293799 0.294198 0.294595 0.294989 0.295381 0.29577 0.296157 0.296542 0.296924 0.297304 0.297682 0.298057 0.29843 0.2988 0.299168 0.299534 0.299897 0.300258 0.300617 0.300973 0.301327 0.301679 0.302029 0.302376 0.302721 0.303064 0.303404 0.303742 0.304078 0.304412 0.304743 0.305072 0.305399 0.305724 0.306047 0.306367 0.306685 0.307001 0.307315 0.307627 0.307937 0.308244 0.308549 0.308853 0.309154 0.309453 0.30975 0.310045 0.310337 0.310628 0.310917 0.311203 0.311488 0.311771 0.312051 0.31233 0.312606 0.312881 0.313153 0.313424 0.313693 0.31396 0.314224 0.314487 0.314748 0.315007 0.315264 0.31552 0.315773 0.316025 0.316275 0.316522 0.316768 0.317013 0.317255 0.31736 0.317602 0.317846 0.318092 0.31834 0.318591 0.318844 0.319099 0.319357 0.319617 0.319879 0.320143 0.32041 0.32068 0.320952 0.321226 0.321503 0.321782 0.322064 0.322348 0.322635 0.322924 0.323216 0.323511 0.323808 0.324108 0.32441 0.324716 0.325024 0.325335 0.325648 0.325965 0.326284 0.326606 0.326931 0.327259 0.32759 0.327924 0.328261 0.328601 0.328944 0.32929 0.329639 0.329991 0.330347 0.330705 0.331067 0.331432 0.3318 0.332172 0.332546 0.332925 0.333306 0.333691 0.334079 0.334471 0.334867 0.335265 0.335668 0.336074 0.336483 0.336897 0.337313 0.337734 0.338158 0.338586 0.339018 0.339454 0.339893 0.340337 0.340784 0.341235 0.341691 0.34215 0.342613 0.343081 0.343552 0.344028 0.344508 0.344992 0.345481 0.345973 0.34647 0.346972 0.347477 0.347987 0.348502 0.349021 0.349545 0.350073 0.350606 0.351144 0.351686 0.352233 0.352784 0.353341 0.353902 0.354468 0.355039 0.355615 0.356196 0.356782 0.357373 0.35797 0.358571 0.359177 0.359789 0.360406 0.361028 0.361656 0.362289 0.362927 0.363571 0.364221 0.364876 0.365536 0.366202 0.366874 0.367551 0.368234 0.368923 0.369618 0.370319 0.371025 0.371738 0.372456 0.373181 0.373911 0.374648 0.375391 0.37614 0.376895 0.377656 0.378424 0.379198 0.379979 0.380766 0.381559 0.382359 0.383166 0.383979 0.384798 0.385625 0.386458 0.387298 0.388145 0.388998 0.389858 0.390726 0.3916 0.392481 0.39337 0.394265 0.395168 0.396077 0.396994 0.397918 0.398849 0.399788 0.400734 0.401687 0.402648 0.403616 0.404592 0.405575 0.406565 0.407564 0.408569 0.409583 0.410604 0.411633 0.412669 0.413713 0.414765 0.415825 0.416893 0.417968 0.419052 0.420143 0.421242 0.42235 0.423465 0.424588 0.425719 0.426858 0.428006 0.429161 0.430324 0.431496 0.432675 0.433863 0.435059 0.436262 0.437475 0.438695 0.439923 0.441159 0.442404 0.443657 0.444918 0.446187 0.447464 0.448749 0.450043 0.451344 0.452654 0.453971 0.455297 0.456631 0.457972 0.459322 0.46068 0.462046 0.463419 0.4648 0.46619 0.467587 0.468992 0.470404 0.471824 0.473252 0.474687 0.47613 0.47758 0.479038 0.480503 0.481975 0.483455 0.484942 0.486435 0.487936 0.489443 0.490958 0.492479 0.494006 0.49554 0.497081 0.498628 0.500181 0.50174 0.503305 0.504876 0.506453 0.508036 0.509623 0.511217 0.512815 0.514419 0.516027 0.51764 0.519258 0.52088 0.522507 0.524138 0.525772 0.527411 0.528123 0.529752 0.531406 0.533087 0.534793 0.536526 0.538285 0.540069 0.541879 0.543715 0.545576 0.547463 0.549375 0.551311 0.553272 0.555257 0.557266 0.559298 0.561352 0.563429 0.565527 0.567646 0.569785 0.571944 0.574121 0.576315 0.578526 0.580752 0.582992 0.585246 0.587511 0.589786 0.592071 0.594362 0.596659 0.59896 0.601264 0.603567 0.605868 0.608165 0.610457 0.612739 0.615011 0.617269 0.619512 0.621736 0.623938 0.626116 0.628267 0.630388 0.632475 0.634526 0.636537 0.638504 0.640425 0.642296 0.644114 0.645874 0.647573 0.649207 0.650774 0.652268 0.653687 0.655026 0.656282 0.657452 0.658531 0.659516 0.660403 0.661189 0.661871 0.662445 0.662907 0.663256 0.663487 0.663599 0.663587 0.663451 0.663188 0.662795 0.66227 0.661613 0.660821 0.659894 0.658831 0.657631 0.656294 0.65482 0.653211 0.651465 0.649586 0.647575 0.645433 0.643165 0.640773 0.638261 0.635634 0.632898 0.630059 0.627123 0.624099 0.620998 0.618066
1.28e-18 5.37352e-05 0.000106186 0.000157701 0.000208589 0.000259131 0.000309577 0.000360151 0.000411054 0.000462466 0.000514548 0.000567441 0.000621273 0.000676155 0.000732184 0.000789445 0.000848009 0.000907938 0.000969282 0.00103208 0.00109637 0.00116217 0.00122949 0.00129834 0.00136872 0.00144062 0.00151404 0.00158894 0.0016653 0.0017431 0.0018223 0.00190285 0.00198473 0.00206787 0.00215223 0.00223775 0.00232439 0.00241207 0.00250075 0.00259037 0.00268084 0.00277213 0.00286415 0.00295685 0.00305015 0.003144 0.00323833 0.00333306 0.00342815 0.00352352 0.0036191 0.00371485 0.00381069 0.00390657 0.00400243 0.00409821 0.00419385 0.00428931 0.00438453 0.00447946 0.00457404 0.00466825 0.00476202 0.00485531 0.0049481 0.00504032 0.00513196 0.00522296 0.00531331 0.00540296 0.00549189 0.00558006 0.00566746 0.00575405 0.00583982 0.00592474 0.00600879 0.00609195 0.00617421 0.00625556 0.00633597 0.00641543 0.00649394 0.00657148 0.00664805 0.00672364 0.00679824 0.00687184 0.00694445 0.00701606 0.00708666 0.00715626 0.00722485 0.00729244 0.00735903 0.00742462 0.00748921 0.0075528 0.0076154 0.00767702 0.00773766 0.00779732 0.00785167 0.00791081 0.00796979 0.0080286 0.00808724 0.00814571 0.00820401 0.00826213 0.00832006 0.00837781 0.00843538 0.00849275 0.00854993 0.00860691 0.00866369 0.00872027 0.00877665 0.00883281 0.00888877 0.00894452 0.00900006 0.00905538 0.00911048 0.00916536 0.00922002 0.00927445 0.00932866 0.00938264 0.00943639 0.00948991 0.0095432 0.00959626 0.00964908 0.00970166 0.00975401 0.00980612 0.00985798 0.00990961 0.00996099 0.0100121 0.010063 0.0101137 0.0101641 0.0102142 0.0102641 0.0103138 0.0103632 0.0104124 0.0104613 0.0105099 0.0105583 0.0106065 0.0106544 0.0107021 0.0107495 0.0107966 0.0108435 0.0108901 0.0109365 0.0109827 0.0110285 0.0110742 0.0111195 0.0111646 0.0112095 0.0112541 0.0112985 0.0113426 0.0113864 0.01143 0.0114733 0.0115164 0.0115593 0.0116019 0.0116442 0.0116863 0.0117281 0.0117697 0.011811 0.0118521 0.0118929 0.0119335 0.0119738 0.0120139 0.0120538 0.0120933 0.0121327 0.0121718 0.0122106 0.0122493 0.0122876 0.0123258 0.0123636 0.0124013 0.0124387 0.0124758 0.0125128 0.0125495 0.0125859 0.0126221 0.0126581 0.0126938 0.0127293 0.0127646 0.0127996 0.0128344 0.012869 0.0129034 0.0129375 0.0129714 0.013005 0.0130385 0.0130717 0.0131047 0.0131374 0.01317 0.0132023 0.0132344 0.0132662 0.0132979 0.0133293 0.0133606 0.0133916 0.0134223 0.0134529 0.0134833 0.0135134 0.0135434 0.0135731 0.0136026 0.0136319 0.013661 0.0136899 0.0137186 0.0137471 0.0137754 0.0138035 0.0138314 0.0138591 0.0138865 0.0139138 0.0139409 0.0139678 0.0139945 0.014021 0.0140473 0.0140735 0.0140994 0.0141251 0.0141507 0.0141761 0.0142012 0.0142262 0.0142511 0.0142757 0.0143001 0.0143244 0.0143485 0.0143724 0.0143961 0.0144197 0.014443 0.0144662 0.0144893 0.0145121 0.0145348 0.0145573 0.0145797 0.0146018 0.0146238 0.0146457 0.0146673 0.0146888 0.0147102 0.0147314 0.0147524 0.0147733 0.0147939 0.0148145 0.0148349 0.0148551 0.0148752 0.0148951 0.0149148 0.0149345 0.0149539 0.0149732 0.0149924 0.0150114 0.0150303 0.015049 0.0150675 0.015086 0.0151042 0.0151224 0.0151404 0.0151582 0.0151759 0.0151935 0.0152109 0.0152282 0.0152454 0.0152624 0.0152793 0.0152961 0.0153127 0.0153292 0.0153456 0.0153618 0.0153779 0.0153939 0.0154097 0.0154254 0.015441 0.0154565 0.0154719 0.0154871 0.0155022 0.0155172 0.015532 0.0155468 0.0155614 0.0155759 0.0155903 0.0156046 0.0156187 0.0156328 0.0156467 0.0156605 0.0156742 0.0156878 0.0157013 0.0157146 0.0157279 0.0157411 0.0157541 0.015767 0.0157799 0.0157926 0.0158052 0.0158177 0.0158302 0.0158425 0.0158547 0.0158668 0.0158788 0.0158908 0.0159026 0.0159143 0.0159259 0.0159374 0.0159489 0.0159602 0.0159715 0.0159826 0.0159937 -1.553e-06 -0.0159905 -0.0159794 -0.0159682 -0.0159569 -0.0159455 -0.015934 -0.0159224 -0.0159108 -0.015899 -0.0158871 -0.0158751 -0.015863 -0.0158509 -0.0158386 -0.0158262 -0.0158137 -0.0158012 -0.0157885 -0.0157757 -0.0157628 -0.0157498 -0.0157367 -0.0157235 -0.0157101 -0.0156967 -0.0156831 -0.0156695 -0.0156557 -0.0156418 -0.0156278 -0.0156137 -0.0155995 -0.0155852 -0.0155707 -0.0155561 -0.0155415 -0.0155266 -0.0155117 -0.0154967 -0.0154815 -0.0154662 -0.0154508 -0.0154352 -0.0154196 -0.0154038 -0.0153878 -0.0153718 -0.0153556 -0.0153393 -0.0153229 -0.0153063 -0.0152896 -0.0152727 -0.0152558 -0.0152387 -0.0152214 -0.015204 -0.0151865 -0.0151689 -0.0151511 -0.0151331 -0.0151151 -0.0150968 -0.0150785 -0.01506 -0.0150413 -0.0150225 -0.0150036 -0.0149845 -0.0149652 -0.0149458 -0.0149263 -0.0149066 -0.0148867 -0.0148667 -0.0148465 -0.0148262 -0.0148058 -0.0147851 -0.0147643 -0.0147434 -0.0147223 -0.014701 -0.0146795 -0.0146579 -0.0146362 -0.0146142 -0.0145921 -0.0145699 -0.0145474 -0.0145248 -0.014502 -0.0144791 -0.0144559 -0.0144326 -0.0144091 -0.0143855 -0.0143617 -0.0143376 -0.0143135 -0.0142891 -0.0142645 -0.0142398 -0.0142149 -0.0141898 -0.0141645 -0.014139 -0.0141133 -0.0140875 -0.0140614 -0.0140352 -0.0140088 -0.0139822 -0.0139553 -0.0139283 -0.0139011 -0.0138737 -0.0138461 -0.0138183 -0.0137903 -0.0137621 -0.0137337 -0.0137051 -0.0136763 -0.0136472 -0.013618 -0.0135886 -0.0135589 -0.0135291 -0.013499 -0.0134687 -0.0134383 -0.0134076 -0.0133766 -0.0133455 -0.0133142 -0.0132826 -0.0132508 -0.0132188 -0.0131866 -0.0131541 -0.0131215 -0.0130886 -0.0130555 -0.0130221 -0.0129885 -0.0129547 -0.0129207 -0.0128865 -0.012852 -0.0128173 -0.0127823 -0.0127472 -0.0127117 -0.0126761 -0.0126402 -0.0126041 -0.0125678 -0.0125312 -0.0124944 -0.0124573 -0.01242 -0.0123824 -0.0123447 -0.0123066 -0.0122684 -0.0122298 -0.0121911 -0.0121521 -0.0121128 -0.0120733 -0.0120336 -0.0119936 -0.0119534 -0.0119129 -0.0118722 -0.0118312 -0.01179 -0.0117485 -0.0117068 -0.0116648 -0.0116226 -0.0115801 -0.0115373 -0.0114944 -0.0114511 -0.0114076 -0.0113639 -0.0113199 -0.0112756 -0.0112311 -0.0111864 -0.0111414 -0.0110961 -0.0110506 -0.0110048 -0.0109588 -0.0109125 -0.0108659 -0.0108192 -0.0107721 -0.0107248 -0.0106773 -0.0106295 -0.0105814 -0.0105331 -0.0104845 -0.0104357 -0.0103867 -0.0103374 -0.0102878 -0.010238 -0.0101879 -0.0101376 -0.0100871 -0.0100363 -0.00998524 -0.00993395 -0.00988242 -0.00983065 -0.00977864 -0.00972639 -0.0096739 -0.00962118 -0.00956821 -0.00951502 -0.00946159 -0.00940792 -0.00935403 -0.00929991 -0.00924557 -0.009191 -0.0091362 -0.00908119 -0.00902595 -0.0089705 -0.00891484 -0.00885896 -0.00880287 -0.00874657 -0.00869007 -0.00863337 -0.00857646 -0.00851936 -0.00846206 -0.00840457 -0.00834689 -0.00828903 -0.00823098 -0.00817275 -0.00811434 -0.00805576 -0.00799701 -0.0079381 -0.00787902 -0.00785333 -0.00779456 -0.00773482 -0.0076741 -0.0076124 -0.00754971 -0.00748603 -0.00742136 -0.00735568 -0.00728901 -0.00722133 -0.00715265 -0.00708296 -0.00701227 -0.00694058 -0.00686788 -0.00679419 -0.0067195 -0.00664383 -0.00656717 -0.00648954 -0.00641095 -0.0063314 -0.0062509 -0.00616947 -0.00608713 -0.00600388 -0.00591975 -0.00583475 -0.00574891 -0.00566224 -0.00557476 -0.00548651 -0.00539751 -0.00530779 -0.00521738 -0.00512631 -0.00503461 -0.00494232 -0.00484948 -0.00475613 -0.0046623 -0.00456805 -0.00447342 -0.00437845 -0.00428319 -0.0041877 -0.00409202 -0.00399621 -0.00390033 -0.00380443 -0.00370857 -0.00361282 -0.00351722 -0.00342185 -0.00332677 -0.00323204 -0.00313773 -0.0030439 -0.00295061 -0.00285794 -0.00276595 -0.00267471 -0.00258427 -0.00249471 -0.00240608 -0.00231845 -0.00223187 -0.00214641 -0.00206212 -0.00197905 -0.00189726 -0.00181678 -0.00173767 -0.00165996 -0.00158369 -0.00150888 -0.00143556 -0.00136375 -0.00129347 -0.00122471 -0.00115749 -0.00109179 -0.0010276 -0.000964894 -0.000903641 -0.000843802 -0.000785323 -0.000728143 -0.000672189 -0.000617376 -0.000563606 -0.000510765 -0.000458726 -0.000407346 -0.000356462 -0.000305894 -0.000255438 -0.000204868 -0.000153932 -0.000102349 -4.98037e-05 -1.28e-18
1.6e-19 1.6e-19 1.6e-19 1.6e-19 1.6e-19 1.6e-19 1.6e-19 1.6e-19 1.6e-19 1.6e-19 1.6e-19 1.6e-19 1.6e-19 1.6e-19 1.6e-19 1.6e-19 1.6e-19 1.6e-19 1.6e-19 1.6e-19 1.6e-19 1.6e-19 1.6e-19 1.6e-19 1.6e-19 1.6e-19 1.6e-19 1.6e-19 1.6e-19 1.6e-19 1.6e-19 1.6e-19 1.6e-19 1.6e-19 1.6e-19 1.6e-19 1.6e-19 1.6e-19 1.6e-19 1.6e-19 1.6e-19 1.6e-19 1.6e-19 1.6e-19 1.6e-19 1.6e-19 1.6e-19 1.6e-19 1.6e-19 1.6e-19 1.6e-19 1.6e-19 1.6e-19 1.6e-19 1.6e-19 1.6e-19 1.6e-19 1.6e-19 1.6e-19 1.6e-19 1.6e-19 1.6e-19 1.6e-19 1.6e-19 1.6e-19 1.6e-19 1.6e-19 1.6e-19 1.6e-19 1.6e-19 1.6e-19 1.6e-19 1.6e-19 1.6e-19 1.6e-19 1.6e-19 1.6e-19 1.6e-19 1.6e-19 1.6e-19 1.6e-19 1.6e-19 1.6e-19 1.6e-19 1.6e-19 1.6e-19 1.6e-19 1.6e-19 1.6e-19 1.6e-19 1.6e-19 1.6e-19 1.6e-19 1.6e-19 1.6e-19 1.6e-19 1.6e-19 1.6e-19 1.6e-19 1.6e-19 1.6e-19 1.6e-19 1.6e-19 1.6e-19 1.6e-19 1.6e-19 1.6e-19 1.6e-19 1.6e-19 1.6e-19 1.6e-19 1.6e-19 1.6e-19 1.6e-19 1.6e-19 1.6e-19 1.6e-19 1.6e-19 1.6e-19 1.6e-19 1.6e-19 1.6e-19 1.6e-19 1.6e-19 1.6e-19 1.6e-19 1.6e-19 1.6e-19 1.6e-19 1.6e-19 1.6e-19 1.6e-19 1.6e-19 1.6e-19 1.6e-19 1.6e-19 1.6e-19 1.6e-19 1.6e-19 1.6e-19 1.6e-19 1.6e-19 1.6e-19 1.6e-19 1.6e-19 1.6e-19 1.6e-19 1.6e-19 1.6e-19 1.6e-19 1.6e-19 1.6e-19 1.6e-19 1.6e-19 1.6e-19 1.6e-19 1.6e-19 1.6e-19 1.6e-19 1.6e-19 1.6e-19 1.6e-19 1.6e-19 1.6e-19 1.6e-19 1.6e-19 1.6e-19 1.6e-19 1.6e-19 1.6e-19 1.6e-19 1.6e-19 1.6e-19 1.6e-19 1.6e-19 1.6e-19 1.6e-19 1.6e-19 1.6e-19 1.6e-19 1.6e-19 1.6e-19 1.6e-19 1.6e-19 1.6e-19 1.6e-19 1.6e-19 1.6e-19 1.6e-19 1.6e-19 1.6e-19 1.6e-19 1.6e-19 1.6e-19 1.6e-19 1.6e-19 1.6e-19 1.6e-19 1.6e-19 1.6e-19 1.6e-19 1.6e-19 1.6e-19 1.6e-19 1.6e-19 1.6e-19 1.6e-19 1.6e-19 1.6e-19 1.6e-19 1.6e-19 1.6e-19 1.6e-19 1.6e-19 1.6e-19 1.6e-19 1.6e-19 1.6e-19 1.6e-19 1.6e-19 1.6e-19 1.6e-19 1.6e-19 1.6e-19 1.6e-19 1.6e-19 1.6e-19 1.6e-19 1.6e-19 1.6e-19 1.6e-19 1.6e-19 1.6e-19 1.6e-19 1.6e-19 1.6e-19 1.6e-19 1.6e-19 1.6e-19 1.6e-19 1.6e-19 1.6e-19 1.6e-19 1.6e-19 1.6e-19 1.6e-19 1.6e-19 1.6e-19 1.6e-19 1.6e-19 1.6e-19 1.6e-19 1.6e-19 1.6e-19 1.6e-19 1.6e-19 1.6e-19 1.6e-19 1.6e-19 1.6e-19 1.6e-19 1.6e-19 1.6e-19 1.6e-19 1.6e-19 1.6e-19 1.6e-19 1.6e-19 1.6e-19 1.6e-19 1.6e-19 1.6e-19 1.6e-19 1.6e-19 1.6e-19 1.6e-19 1.6e-19 1.6e-19 1.6e-19 1.6e-19 1.6e-19 1.6e-19 1.6e-19 1.6e-19 1.6e-19 1.6e-19 1.6e-19 1.6e-19 1.6e-19 1.6e-19 1.6e-19 1.6e-19 1.6e-19 1.6e-19 1.6e-19 1.6e-19 1.6e-19 1.6e-19 1.6e-19 1.6e-19 1.6e-19 1.6e-19 1.6e-19 1.6e-19 1.6e-19 1.6e-19 1.6e-19 1.6e-19 1.6e-19 1.6e-19 1.6e-19 1.6e-19 1.6e-19 1.6e-19 1.6e-19 1.6e-19 1.6e-19 1.6e-19 1.6e-19 1.6e-19 1.6e-19 1.6e-19 1.6e-19 1.6e-19 1.6e-19 1.6e-19 1.6e-19 1.6e-19 1.6e-19 1.6e-19 1.6e-19 1.6e-19 1.6e-19 1.6e-19 1.6e-19 1.6e-19 1.6e-19 1.6e-19 1.6e-19 1.6e-19 1.6e-19 1.6e-19 1.6e-19 1.6e-19 1.6e-19 1.6e-19 1.6e-19 1.6e-19 1.6e-19 1.6e-19 1.6e-19 1.6e-19 1.6e-19 1.6e-19 1.6e-19 1.6e-19 1.6e-19 1.6e-19 1.6e-19 1.6e-19 1.6e-19 1.6e-19 1.6e-19 1.6e-19 1.6e-19 1.6e-19 1.6e-19 1.6e-19 1.6e-19 1.6e-19 1.6e-19 1.6e-19 1.6e-19 1.6e-19 1.6e-19 1.6e-19 1.6e-19 1.6e-19 1.6e-19 1.6e-19 1.6e-19 1.6e-19 1.6e-19 1.6e-19 1.6e-19 1.6e-19 1.6e-19 1.6e-19 1.6e-19 1.6e-19 1.6e-19 1.6e-19 1.6e-19 1.6e-19 1.6e-19 1.6e-19 1.6e-19 1.6e-19 1.6e-19 1.6e-19 1.6e-19 1.6e-19 1.6e-19 1.6e-19 1.6e-19 1.6e-19 1.6e-19 1.6e-19 1.6e-19 1.6e-19 1.6e-19 1.6e-19 1.6e-19 1.6e-19 1.6e-19 1.6e-19 1.6e-19 1.6e-19 1.6e-19 1.6e-19 1.6e-19 1.6e-19 1.6e-19 1.6e-19 1.6e-19 1.6e-19 1.6e-19 1.6e-19 1.6e-19 1.6e-19 1.6e-19 1.6e-19 1.6e-19 1.6e-19 1.6e-19 1.6e-19 1.6e-19 1.6e-19 1.6e-19 1.6e-19 1.6e-19 1.6e-19 1.6e-19 1.6e-19 1.6e-19 1.6e-19 1.6e-19 1.6e-19 1.6e-19 1.6e-19 1.6e-19 1.6e-19 1.6e-19 1.6e-19 1.6e-19 1.6e-19 1.6e-19 1.6e-19 1.6e-19 1.6e-19 1.6e-19 1.6e-19 1.6e-19 1.6e-19 1.6e-19 1.6e-19 1.6e-19 1.6e-19 1.6e-19 1.6e-19 1.6e-19 1.6e-19 1.6e-19 1.6e-19 1.6e-19 1.6e-19 1.6e-19 1.6e-19 1.6e-19 1.6e-19 1.6e-19 1.6e-19 1.6e-19 1.6e-19 1.6e-19 1.6e-19 1.6e-19 1.6e-19 1.6e-19 1.6e-19 1.6e-19 1.6e-19 1.6e-19 1.6e-19 1.6e-19 1.6e-19 1.6e-19 1.6e-19 1.6e-19 1.6e-19 1.6e-19 1.6e-19 1.6e-19 1.6e-19 1.6e-19 1.6e-19 1.6e-19 1.6e-19 1.6e-19 1.6e-19 1.6e-19 1.6e-19 1.6e-19 1.6e-19 1.6e-19 1.6e-19 1.6e-19 1.6e-19 1.6e-19 1.6e-19 1.6e-19 1.6e-19 1.6e-19 1.6e-19 1.6e-19 1.6e-19 1.6e-19 1.6e-19 1.6e-19 1.6e-19 1.6e-19 1.6e-19 1.6e-19 1.6e-19 1.6e-19 1.6e-19 1.6e-19 1.6e-19 1.6e-19 1.6e-19 1.6e-19 1.6e-19 1.6e-19 1.6e-19 1.6e-19 1.6e-19 1.6e-19 1.6e-19 1.6e-19 1.6e-19 1.6e-19 1.6e-19 1.6e-19 1.6e-19 1.6e-19 1.6e-19 1.6e-19 1.6e-19 1.6e-19 1.6e-19 1.6e-19 1.6e-19 1.6e-19 1.6e-19 1.6e-19 1.6e-19 1.6e-19 1.6e-19 1.6e-19 1.6e-19 1.6e-19 1.6e-19 1.6e-19 1.6e-19 1.6e-19 1.6e-19 1.6e-19 1.6e-19 1.6e-19 1.6e-19 1.6e-19 1.6e-19 1.6e-19 1.6e-19 1.6e-19 1.6e-19 1.6e-19 1.6e-19 1.6e-19 1.6e-19 1.6e-19 1.6e-19 1.6e-19 1.6e-19 1.6e-19 1.6e-19 1.6e-19 1.6e-19 1.6e-19 1.6e-19 1.6e-19 1.6e-19 1.6e-19 1.6e-19 1.6e-19 1.6e-19 1.6e-19 1.6e-19 1.6e-19 1.6e-19 1.6e-19 1.6e-19 1.6e-19 1.6e-19 1.6e-19 1.6e-19 1.6e-19 1.6e-19 1.6e-19 1.6e-19 1.6e-19 1.6e-19 1.6e-19 1.6e-19 1.6e-19 1.6e-19 1.6e-19 1.6e-19 1.6e-19 1.6e-19 1.6e-19 1.6e-19 1.6e-19 1.6e-19 1.6e-19 1.6e-19 1.6e-19 1.6e-19 1.6e-19 1.6e-19 1.6e-19 1.6e-19 1.6e-19 1.6e-19 1.6e-19 1.6e-19 1.6e-19 1.6e-19 1.6e-19 1.6e-19 1.6e-19 1.6e-19 1.6e-19 1.6e-19 1.6e-19 1.6e-19 1.6e-19 1.6e-19 1.6e-19 1.6e-19 1.6e-19 1.6e-19 1.6e-19 1.6e-19 1.6e-19 1.6e-19 1.6e-19 1.6e-19 1.6e-19 1.6e-19 1.6e-19 1.6e-19 1.6e-19 1.6e-19 1.6e-19 1.6e-19 1.6e-19 1.6e-19 1.6e-19 1.6e-19 1.6e-19 1.6e-19 1.6e-19 1.6e-19 1.6e-19 1.6e-19 1.6e-19 1.6e-19 1.6e-19 1.6e-19 1.6e-19 1.6e-19 1.6e-19 1.6e-19 1.6e-19 1.6e-19 1.6e-19 1.6e-19 1.6e-19 1.6e-19 1.6e-19 1.6e-19 1.6e-19 1.6e-19 1.6e-19 1.6e-19 1.6e-19 1.6e-19 1.6e-19 1.6e-19 1.6e-19 1.6e-19 1.6e-19 1.6e-19 1.6e-19 1.6e-19 1.6e-19
-1.6e-19 -1.6e-19 -1.6e-19 -1.6e-19 -1.6e-19 -1.6e-19 -1.6e-19 -1.6e-19 -1.6e-19 -1.6e-19 -1.6e-19 -1.6e-19 -1.6e-19 -1.6e-19 -1.6e-19 -1.6e-19 -1.6e-19 -1.6e-19 -1.6e-19 -1.6e-19 -1.6e-19 -1.6e-19 -1.6e-19 -1.6e-19 -1.6e-19 -1.6e-19 -1.6e-19 -1.6e-19 -1.6e-19 -1.6e-19 -1.6e-19 -1.6e-19 -1.6e-19 -1.6e-19 -1.6e-19 -1.6e-19 -1.6e-19 -1.6e-19 -1.6e-19 -1.6e-19 -1.6e-19 -1.6e-19 -1.6e-19 -1.6e-19 -1.6e-19 -1.6e-19 -1.6e-19 -1.6e-19 -1.6e-19 -1.6e-19 -1.6e-19 -1.6e-19 -1.6e-19 -1.6e-19 -1.6e-19 -1.6e-19 -1.6e-19 -1.6e-19 -1.6e-19 -1.6e-19 -1.6e-19 -1.6e-19 -1.6e-19 -1.6e-19 -1.6e-19 -1.6e-19 -1.6e-19 -1.6e-19 -1.6e-19 -1.6e-19 -1.6e-19 -1.6e-19 -1.6e-19 -1.6e-19 -1.6e-19 -1.6e-19 -1.6e-19 -1.6e-19 -1.6e-19 -1.6e-19 -1.6e-19 -1.6e-19 -1.6e-19 -1.6e-19 -1.6e-19 -1.6e-19 -1.6e-19 -1.6e-19 -1.6e-19 -1.6e-19 -1.6e-19 -1.6e-19 -1.6e-19 -1.6e-19 -1.6e-19 -1.6e-19 -1.6e-19 -1.6e-19 -1.6e-19 -1.6e-19 -1.6e-19 -1.6e-19 -1.6e-19 -1.6e-19 -1.6e-19 -1.6e-19 -1.6e-19 -1.6e-19 -1.6e-19 -1.6e-19 -1.6e-19 -1.6e-19 -1.6e-19 -1.6e-19 -1.6e-19 -1.6e-19 -1.6e-19 -1.6e-19 -1.6e-19 -1.6e-19 -1.6e-19 -1.6e-19 -1.6e-19 -1.6e-19 -1.6e-19 -1.6e-19 -1.6e-19 -1.6e-19 -1.6e-19 -1.6e-19 -1.6e-19 -1.6e-19 -1.6e-19 -1.6e-19 -1.6e-19 -1.6e-19 -1.6e-19 -1.6e-19 -1.6e-19 -1.6e-19 -1.6e-19 -1.6e-19 -1.6e-19 -1.6e-19 -1.6e-19 -1.6e-19 -1.6e-19 -1.6e-19 -1.6e-19 -1.6e-19 -1.6e-19 -1.6e-19 -1.6e-19 -1.6e-19 -1.6e-19 -1.6e-19 -1.6e-19 -1.6e-19 -1.6e-19 -1.6e-19 -1.6e-19 -1.6e-19 -1.6e-19 -1.6e-19 -1.6e-19 -1.6e-19 -1.6e-19 -1.6e-19 -1.6e-19 -1.6e-19 -1.6e-19 -1.6e-19 -1.6e-19 -1.6e-19 -1.6e-19 -1.6e-19 -1.6e-19 -1.6e-19 -1.6e-19 -1.6e-19 -1.6e-19 -1.6e-19 -1.6e-19 -1.6e-19 -1.6e-19 -1.6e-19 -1.6e-19 -1.6e-19 -1.6e-19 -1.6e-19 -1.6e-19 -1.6e-19 -1.6e-19 -1.6e-19 -1.6e-19 -1.6e-19 -1.6e-19 -1.6e-19 -1.6e-19 -1.6e-19 -1.6e-19 -1.6e-19 -1.6e-19 -1.6e-19 -1.6e-19 -1.6e-19 -1.6e-19 -1.6e-19 -1.6e-19 -1.6e-19 -1.6e-19 -1.6e-19 -1.6e-19 -1.6e-19 -1.6e-19 -1.6e-19 -1.6e-19 -1.6e-19 -1.6e-19 -1.6e-19 -1.6e-19 -1.6e-19 -1.6e-19 -1.6e-19 -1.6e-19 -1.6e-19 -1.6e-19 -1.6e-19 -1.6e-19 -1.6e-19 -1.6e-19 -1.6e-19 -1.6e-19 -1.6e-19 -1.6e-19 -1.6e-19 -1.6e-19 -1.6e-19 -1.6e-19 -1.6e-19 -1.6e-19 -1.6e-19 -1.6e-19 -1.6e-19 -1.6e-19 -1.6e-19 -1.6e-19 -1.6e-19 -1.6e-19 -1.6e-19 -1.6e-19 -1.6e-19 -1.6e-19 -1.6e-19 -1.6e-19 -1.6e-19 -1.6e-19 -1.6e-19 -1.6e-19 -1.6e-19 -1.6e-19 -1.6e-19 -1.6e-19 -1.6e-19 -1.6e-19 -1.6e-19 -1.6e-19 -1.6e-19 -1.6e-19 -1.6e-19 -1.6e-19 -1.6e-19 -1.6e-19 -1.6e-19 -1.6e-19 -1.6e-19 -1.6e-19 -1.6e-19 -1.6e-19 -1.6e-19 -1.6e-19 -1.6e-19 -1.6e-19 -1.6e-19 -1.6e-19 -1.6e-19 -1.6e-19 -1.6e-19 -1.6e-19 -1.6e-19 -1.6e-19 -1.6e-19 -1.6e-19 -1.6e-19 -1.6e-19 -1.6e-19 -1.6e-19 -1.6e-19 -1.6e-19 -1.6e-19 -1.6e-19 -1.6e-19 -1.6e-19 -1.6e-19 -1.6e-19 -1.6e-19 -1.6e-19 -1.6e-19 -1.6e-19 -1.6e-19 -1.6e-19 -1.6e-19 -1.6e-19 -1.6e-19 -1.6e-19 -1.6e-19 -1.6e-19 -1.6e-19 -1.6e-19 -1.6e-19 -1.6e-19 -1.6e-19 -1.6e-19 -1.6e-19 -1.6e-19 -1.6e-19 -1.6e-19 -1.6e-19 -1.6e-19 -1.6e-19 -1.6e-19 -1.6e-19 -1.6e-19 -1.6e-19 -1.6e-19 -1.6e-19 -1.6e-19 -1.6e-19 -1.6e-19 -1.6e-19 -1.6e-19 -1.6e-19 -1.6e-19 -1.6e-19 -1.6e-19 -1.6e-19 -1.6e-19 -1.6e-19 -1.6e-19 -1.6e-19 -1.6e-19 -1.6e-19 -1.6e-19 -1.6e-19 -1.6e-19 -1.6e-19 -1.6e-19 -1.6e-19 -1.6e-19 -1.6e-19 -1.6e-19 -1.6e-19 -1.6e-19 -1.6e-19 -1.6e-19 -1.6e-19 -1.6e-19 -1.6e-19 -1.6e-19 -1.6e-19 -1.6e-19 -1.6e-19 -1.6e-19 -1.6e-19 -1.6e-19 -1.6e-19 -1.6e-19 -1.6e-19 -1.6e-19 -1.6e-19 -1.6e-19 -1.6e-19 -1.6e-19 -1.6e-19 -1.6e-19 -1.6e-19 -1.6e-19 -1.6e-19 -1.6e-19 -1.6e-19 -1.6e-19 -1.6e-19 -1.6e-19 -1.6e-19 -1.6e-19 -1.6e-19 -1.6e-19 -1.6e-19 -1.6e-19 -1.6e-19 -1.6e-19 -1.6e-19 -1.6e-19 -1.6e-19 -1.6e-19 -1.6e-19 -1.6e-19 -1.6e-19 -1.6e-19 -1.6e-19 -1.6e-19 -1.6e-19 -1.6e-19 -1.6e-19 -1.6e-19 -1.6e-19 -1.6e-19 -1.6e-19 -1.6e-19 -1.6e-19 -1.6e-19 -1.6e-19 -1.6e-19 -1.6e-19 -1.6e-19 -1.6e-19 -1.6e-19 -1.6e-19 -1.6e-19 -1.6e-19 -1.6e-19 -1.6e-19 -1.6e-19 -1.6e-19 -1.6e-19 -1.6e-19 -1.6e-19 -1.6e-19 -1.6e-19 -1.6e-19 -1.6e-19 -1.6e-19 -1.6e-19 -1.6e-19 -1.6e-19 -1.6e-19 -1.6e-19 -1.6e-19 -1.6e-19 -1.6e-19 -1.6e-19 -1.6e-19 -1.6e-19 -1.6e-19 -1.6e-19 -1.6e-19 -1.6e-19 -1.6e-19 -1.6e-19 -1.6e-19 -1.6e-19 -1.6e-19 -1.6e-19 -1.6e-19 -1.6e-19 -1.6e-19 -1.6e-19 -1.6e-19 -1.6e-19 -1.6e-19 -1.6e-19 -1.6e-19 -1.6e-19 -1.6e-19 -1.6e-19 -1.6e-19 -1.6e-19 -1.6e-19 -1.6e-19 -1.6e-19 -1.6e-19 -1.6e-19 -1.6e-19 -1.6e-19 -1.6e-19 -1.6e-19 -1.6e-19 -1.6e-19 -1.6e-19 -1.6e-19 -1.6e-19 -1.6e-19 -1.6e-19 -1.6e-19 -1.6e-19 -1.6e-19 -1.6e-19 -1.6e-19 -1.6e-19 -1.6e-19 -1.6e-19 -1.6e-19 -1.6e-19 -1.6e-19 -1.6e-19 -1.6e-19 -1.6e-19 -1.6e-19 -1.6e-19 -1.6e-19 -1.6e-19 -1.6e-19 -1.6e-19 -1.6e-19 -1.6e-19 -1.6e-19 -1.6e-19 -1.6e-19 -1.6e-19 -1.6e-19 -1.6e-19 -1.6e-19 -1.6e-19 -1.6e-19 -1.6e-19 -1.6e-19 -1.6e-19 -1.6e-19 -1.6e-19 -1.6e-19 -1.6e-19 -1.6e-19 -1.6e-19 -1.6e-19 -1.6e-19 -1.6e-19 -1.6e-19 -1.6e-19 -1.6e-19 -1.6e-19 -1.6e-19 -1.6e-19 -1.6e-19 -1.6e-19 -1.6e-19 -1.6e-19 -1.6e-19 -1.6e-19 -1.6e-19 -1.6e-19 -1.6e-19 -1.6e-19 -1.6e-19 -1.6e-19 -1.6e-19 -1.6e-19 -1.6e-19 -1.6e-19 -1.6e-19 -1.6e-19 -1.6e-19 -1.6e-19 -1.6e-19 -1.6e-19 -1.6e-19 -1.6e-19 -1.6e-19 -1.6e-19 -1.6e-19 -1.6e-19 -1.6e-19 -1.6e-19 -1.6e-19 -1.6e-19 -1.6e-19 -1.6e-19 -1.6e-19 -1.6e-19 -1.6e-19 -1.6e-19 -1.6e-19 -1.6e-19 -1.6e-19 -1.6e-19 -1.6e-19 -1.6e-19 -1.6e-19 -1.6e-19 -1.6e-19 -1.6e-19 -1.6e-19 -1.6e-19 -1.6e-19 -1.6e-19 -1.6e-19 -1.6e-19 -1.6e-19 -1.6e-19 -1.6e-19 -1.6e-19 -1.6e-19 -1.6e-19 -1.6e-19 -1.6e-19 -1.6e-19 -1.6e-19 -1.6e-19 -1.6e-19 -1.6e-19 -1.6e-19 -1.6e-19 -1.6e-19 -1.6e-19 -1.6e-19 -1.6e-19 -1.6e-19 -1.6e-19 -1.6e-19 -1.6e-19 -1.6e-19 -1.6e-19 -1.6e-19 -1.6e-19 -1.6e-19 -1.6e-19 -1.6e-19 -1.6e-19 -1.6e-19 -1.6e-19 -1.6e-19 -1.6e-19 -1.6e-19 -1.6e-19 -1.6e-19 -1.6e-19 -1.6e-19 -1.6e-19 -1.6e-19 -1.6e-19 -1.6e-19 -1.6e-19 -1.6e-19 -1.6e-19 -1.6e-19 -1.6e-19 -1.6e-19 -1.6e-19 -1.6e-19 -1.6e-19 -1.6e-19 -1.6e-19 -1.6e-19 -1.6e-19 -1.6e-19 -1.6e-19 -1.6e-19 -1.6e-19 -1.6e-19 -1.6e-19 -1.6e-19 -1.6e-19 -1.6e-19 -1.6e-19 -1.6e-19 -1.6e-19 -1.6e-19 -1.6e-19 -1.6e-19 -1.6e-19 -1.6e-19 -1.6e-19 -1.6e-19 -1.6e-19 -1.6e-19 -1.6e-19 -1.6e-19 -1.6e-19 -1.6e-19 -1.6e-19 -1.6e-19 -1.6e-19 -1.6e-19 -1.6e-19 -1.6e-19 -1.6e-19 -1.6e-19 -1.6e-19 -1.6e-19 -1.6e-19 -1.6e-19 -1.6e-19 -1.6e-19 -1.6e-19 -1.6e-19 -1.6e-19 -1.6e-19 -1.6e-19 -1.6e-19 -1.6e-19 -1.6e-19 -1.6e-19 -1.6e-19 -1.6e-19 -1.6e-19 -1.6e-19 -1.6e-19 -1.6e-19 -1.6e-19 -1.6e-19 -1.6e-19 -1.6e-19 -1.6e-19 -1.6e-19 -1.6e-19 -1.6e-19 -1.6e-19 -1.6e-19
0.282748 0.283032 0.283311 0.283588 0.283863 0.284138 0.284413 0.284691 0.284971 0.285255 0.285542 0.285834 0.286132 0.286434 0.286742 0.287056 0.287376 0.287703 0.288035 0.288374 0.288719 0.289071 0.289428 0.289792 0.290161 0.290537 0.290918 0.291304 0.291696 0.292092 0.292493 0.292899 0.293309 0.293723 0.29414 0.294561 0.294984 0.295411 0.29584 0.296271 0.296704 0.297139 0.297575 0.298011 0.298449 0.298887 0.299325 0.299764 0.300201 0.300638 0.301075 0.30151 0.301944 0.302376 0.302807 0.303236 0.303662 0.304086 0.304508 0.304927 0.305343 0.305756 0.306166 0.306572 0.306975 0.307375 0.307771 0.308163 0.308551 0.308935 0.309316 0.309692 0.310064 0.310431 0.310795 0.311154 0.311508 0.311858 0.312204 0.312545 0.312881 0.313213 0.313541 0.313864 0.314182 0.314495 0.314804 0.315109 0.315409 0.315704 0.315995 0.316281 0.316562 0.31684 0.317112 0.317381 0.317644 0.317904 0.318159 0.31841 0.318656 0.318899 0.319119 0.319359 0.319598 0.319836 0.320073 0.320309 0.320544 0.320778 0.321011 0.321243 0.321474 0.321704 0.321934 0.322162 0.322389 0.322615 0.32284 0.323065 0.323288 0.32351 0.323731 0.323951 0.32417 0.324387 0.324604 0.32482 0.325035 0.325248 0.325461 0.325672 0.325882 0.326091 0.326299 0.326506 0.326712 0.326917 0.327121 0.327323 0.327525 0.327725 0.327924 0.328122 0.328319 0.328515 0.32871 0.328904 0.329096 0.329288 0.329478 0.329667 0.329855 0.330042 0.330228 0.330413 0.330596 0.330779 0.33096 0.33114 0.331319 0.331497 0.331674 0.33185 0.332025 0.332199 0.332371 0.332543 0.332713 0.332882 0.33305 0.333217 0.333383 0.333548 0.333712 0.333875 0.334037 0.334197 0.334357 0.334515 0.334673 0.334829 0.334984 0.335139 0.335292 0.335444 0.335595 0.335745 0.335894 0.336042 0.336189 0.336335 0.33648 0.336624 0.336767 0.336909 0.33705 0.33719 0.337329 0.337467 0.337604 0.33774 0.337875 0.338009 0.338142 0.338275 0.338406 0.338536 0.338665 0.338794 0.338921 0.339048 0.339173 0.339298 0.339422 0.339545 0.339667 0.339788 0.339908 0.340027 0.340145 0.340263 0.340379 0.340495 0.34061 0.340724 0.340837 0.340949 0.341061 0.341171 0.341281 0.34139 0.341498 0.341605 0.341711 0.341817 0.341922 0.342026 0.342129 0.342231 0.342333 0.342434 0.342534 0.342633 0.342731 0.342829 0.342926 0.343022 0.343118 0.343212 0.343306 0.3434 0.343492 0.343584 0.343675 0.343765 0.343855 0.343944 0.344032 0.344119 0.344206 0.344292 0.344377 0.344462 0.344546 0.34463 0.344712 0.344794 0.344876 0.344956 0.345036 0.345116 0.345195 0.345273 0.34535 0.345427 0.345503 0.345579 0.345654 0.345729 0.345802 0.345876 0.345948 0.34602 0.346092 0.346162 0.346233 0.346302 0.346372 0.34644 0.346508 0.346576 0.346642 0.346709 0.346775 0.34684 0.346904 0.346969 0.347032 0.347095 0.347158 0.34722 0.347282 0.347343 0.347403 0.347463 0.347523 0.347582 0.34764 0.347698 0.347756 0.347813 0.34787 0.347926 0.347981 0.348036 0.348091 0.348145 0.348199 0.348253 0.348306 0.348358 0.34841 0.348462 0.348513 0.348564 0.348614 0.348664 0.348713 0.348762 0.348811 0.348859 0.348907 0.348954 0.349001 0.349048 0.349094 0.34914 0.349185 0.34923 0.349275 0.349319 0.349363 0.349406 0.34945 0.349492 0.349535 0.349577 0.349619 0.34966 0.349701 0.349741 0.349782 0.349822 0.349861 0.3499 0.349939 0.349978 0.349995 0.350033 0.350072 0.350111 0.35015 0.35019 0.35023 0.350271 0.350312 0.350353 0.350394 0.350436 0.350478 0.350521 0.350564 0.350607 0.350651 0.350695 0.35074 0.350785 0.35083 0.350875 0.350921 0.350968 0.351015 0.351062 0.35111 0.351158 0.351206 0.351255 0.351304 0.351354 0.351404 0.351454 0.351505 0.351557 0.351609 0.351661 0.351714 0.351767 0.35182 0.351875 0.351929 0.351984 0.35204 0.352095 0.352152 0.352209 0.352266 0.352324 0.352382 0.352441 0.3525 0.35256 0.352621 0.352681 0.352743 0.352805 0.352867 0.35293 0.352993 0.353057 0.353122 0.353187 0.353252 0.353318 0.353385 0.353452 0.35352 0.353588 0.353657 0.353727 0.353797 0.353867 0.353938 0.35401 0.354083 0.354156 0.354229 0.354303 0.354378 0.354453 0.354529 0.354606 0.354683 0.354761 0.35484 0.354919 0.354999 0.355079 0.35516 0.355242 0.355324 0.355407 0.355491 0.355576 0.355661 0.355746 0.355833 0.35592 0.356008 0.356097 0.356186 0.356276 0.356367 0.356458 0.35655 0.356643 0.356737 0.356831 0.356926 0.357022 0.357119 0.357216 0.357314 0.357413 0.357513 0.357613 0.357715 0.357817 0.357919 0.358023 0.358128 0.358233 0.358339 0.358446 0.358553 0.358662 0.358771 0.358882 0.358993 0.359105 0.359217 0.359331 0.359445 0.359561 0.359677 0.359794 0.359912 0.360031 0.360151 0.360271 0.360393 0.360515 0.360639 0.360763 0.360888 0.361014 0.361141 0.361269 0.361398 0.361528 0.361659 0.361791 0.361923 0.362057 0.362192 0.362327 0.362464 0.362602 0.36274 0.36288 0.36302 0.363162 0.363304 0.363448 0.363593 0.363738 0.363885 0.364032 0.364181 0.364331 0.364481 0.364633 0.364786 0.36494 0.365095 0.365251 0.365408 0.365566 0.365725 0.365885 0.366046 0.366208 0.366372 0.366536 0.366702 0.366868 0.367036 0.367205 0.367375 0.367546 0.367718 0.367891 0.368065 0.368241 0.368417 0.368595 0.368773 0.368953 0.369134 0.369316 0.369499 0.369684 0.369869 0.370055 0.370243 0.370432 0.370622 0.370813 0.371005 0.371198 0.371392 0.371587 0.371784 0.371982 0.37218 0.37238 0.372581 0.372783 0.372987 0.373191 0.373396 0.373603 0.373811 0.374019 0.374229 0.37444 0.374652 0.374865 0.375079 0.375295 0.375511 0.375728 0.375947 0.376166 0.376387 0.376608 0.376831 0.377055 0.37728 0.377505 0.377732 0.37796 0.378189 0.378419 0.378649 0.378881 0.379114 0.379348 0.379582 0.379818 0.380055 0.380292 0.380531 0.38077 0.380874 0.381113 0.381355 0.381602 0.381853 0.382109 0.382369 0.382633 0.382901 0.383174 0.383452 0.383734 0.384021 0.384312 0.384607 0.384908 0.385212 0.385522 0.385836 0.386154 0.386478 0.386805 0.387138 0.387475 0.387816 0.388162 0.388513 0.388867 0.389227 0.389591 0.389959 0.390331 0.390707 0.391088 0.391473 0.391861 0.392254 0.39265 0.39305 0.393453 0.39386 0.39427 0.394684 0.3951 0.395519 0.395941 0.396365 0.396792 0.397221 0.397652 0.398084 0.398518 0.398954 0.39939 0.399828 0.400266 0.400704 0.401142 0.40158 0.402018 0.402455 0.402891 0.403325 0.403758 0.404189 0.404618 0.405045 0.405468 0.405889 0.406306 0.40672 0.407129 0.407535 0.407936 0.408332 0.408723 0.409109 0.40949 0.409865 0.410234 0.410597 0.410954 0.411305 0.41165 0.411988 0.412321 0.412647 0.412966 0.41328 0.413588 0.41389 0.414187 0.414479 0.414766 0.415049 0.41533 0.415607 0.415883 0.416157 0.416433 0.416709 0.416989 0.417252
0 0 0 0 0 0 0 0 0 0 0 0 0 0 0 0 0 0 0 0 0 0 0 0 0 0 0 0 0 0 0 0 0 0 0 0 0 0 0 0 0 0 0 0 0 0 0 0 0 0 0 0 0 0 0 0 0 0 0 0 0 0 0 0 0 0 0 0 0 0 0 0 0 0 0 0 0 0 0 0 0 0 0 0 0 0 0 0 0 0 0 0 0 0 0 0 0 0 0 0 0 0 0 0 0 0 0 0 0 0 0 0 0 0 0 0 0 0 0 0 0 0 0 0 0 0 0 0 0 0 0 0 0 0 0 0 0 0 0 0 0 0 0 0 0 0 0 0 0 0 0 0 0 0 0 0 0 0 0 0 0 0 0 0 0 0 0 0 0 0 0 0 0 0 0 0 0 0 0 0 0 0 0 0 0 0 0 0 0 0 0 0 0 0 0 0 0 0 0 0 0 0 0 0 0 0 0 0 0 0 0 0 0 0 0 0 0 0 0 0 0 0 0 0 0 0 0 0 0 0 0 0 0 0 0 0 0 0 0 0 0 0 0 0 0 0 0 0 0 0 0 0 0 0 0 0 0 0 0 0 0 0 0 0 0 0 0 0 0 0 0 0 0 0 0 0 0 0 0 0 0 0 0 0 0 0 0 0 0 0 0 0 0 0 0 0 0 0 0 0 0 0 0 0 0 0 0 0 0 0 0 0 0 0 0 0 0 0 0 0 0 0 0 0 0 0 0 0 0 0 0 0 0 0 0 0 0 0 0 0 0 0 0 0 0 0 0 0 0 0 0 0 0 0 0 0 0 0 0 0 0 0 0 0 0 0 0 0 0 0 0 0 0 0 0 0 0 0 0 0 0 0 0 0 0 0 0 0 0 0 0 0 0 0 0 0 0 0 0 0 0 0 0 0 0 0 0 0 0 0 0 0 0 0 0 0 0 0 0 0 0 0 0 0 0 0 0 0 0 0 0 0 0 0 0 0 0 0 0 0 0 0 0 0 0 0 0 0 0 0 0 0 0 0 0 0 0 0 0 0 0 0 0 0 0 0 0 0 0 0 0 0 0 0 0 0 0 0 0 0 0 0 0 0 0 0 0 0 0 0 0 0 0 0 0 0 0 0 0 0 0 0 0 0 0 0 0 0 0 0 0 0 0 0 0 0 0 0 0 0 0 0 0 0 0 0 0 0 0 0 0 0 0 0 0 0 0 0 0 0 0 0 0 0 0 0 0 0 0 0 0 0 0 0 0 0 0 0 0 0 0 0 0 0 0 0 0 0 0 0 0 0 0 0 0 0 0 0 0 0 0 0 0 0 0 0 0 0 0 0 0 0 0 0 0 0 0 0 0 0 0 0 0 0 0 0 0 0 0 0 0 0 0 0 0 0 0 0 0 0 0 0 0 0 0 0 0 0 0 0 0 0 0 0 0 0 0 0 0 0 0 0 0 0 0 0 0 0 0 0 0 0 0 0 0 0 0 0 0 0 0 0 0 0 0 0 0 0 0 0 0 0 0 0 0 0 0 0 0 0 0 0 0 0 0 0 0 0 0 0 0 0 0 0 0 0 0 0 0 0 0 0 0 0 0 0 0 0 0 0 0 0 0 0 0 0 0
0 4.2111e+20 8.27281e+20 1.21923e+21 1.59765e+21 1.96321e+21 2.31654e+21 2.65824e+21 2.98889e+21 3.30904e+21 3.61921e+21 3.91988e+21 4.21154e+21 4.49461e+21 4.76951e+21 5.03665e+21 5.29639e+21 5.54909e+21 5.79507e+21 6.03467e+21 6.26817e+21 6.49585e+21 6.71799e+21 6.93482e+21 7.14659e+21 7.35353e+21 7.55583e+21 7.7537e+21 7.94733e+21 8.13688e+21 8.32253e+21 8.50443e+21 8.68273e+21 8.85756e+21 9.02905e+21 9.19732e+21 9.36249e+21 9.52466e+21 9.68392e+21 9.84039e+21 9.99413e+21 1.01452e+22 1.02938e+22 1.04398e+22 1.05834e+22 1.07247e+22 1.08637e+22 1.10004e+22 1.11348e+22 1.12672e+22 1.13974e+22 1.15256e+22 1.16517e+22 1.17758e+22 1.18979e+22 1.20181e+22 1.21365e+22 1.22529e+22 1.23675e+22 1.24802e+22 1.25911e+22 1.27003e+22 1.28077e+22 1.29133e+22 1.30172e+22 1.31195e+22 1.322e+22 1.33188e+22 1.3416e+22 1.35116e+22 1.36055e+22 1.36979e+22 1.37886e+22 1.38778e+22 1.39654e+22 1.40515e+22 1.4136e+22 1.42191e+22 1.43006e+22 1.43807e+22 1.44592e+22 1.45364e+22 1.46121e+22 1.46864e+22 1.47593e+22 1.48308e+22 1.4901e+22 1.49698e+22 1.50373e+22 1.51034e+22 1.51683e+22 1.52319e+22 1.52942e+22 1.53553e+22 1.54151e+22 1.54737e+22 1.55312e+22 1.55875e+22 1.56426e+22 1.56965e+22 1.57494e+22 1.58011e+22 1.58481e+22 1.58989e+22 1.59493e+22 1.59994e+22 1.60491e+22 1.60984e+22 1.61473e+22 1.61958e+22 1.62439e+22 1.62916e+22 1.6339e+22 1.63859e+22 1.64325e+22 1.64786e+22 1.65244e+22 1.65698e+22 1.66148e+22 1.66594e+22 1.67036e+22 1.67474e+22 1.67908e+22 1.68338e+22 1.68764e+22 1.69186e+22 1.69605e+22 1.70019e+22 1.70429e+22 1.70836e+22 1.71238e+22 1.71637e+22 1.72031e+22 1.72422e+22 1.72809e+22 1.73192e+22 1.7357e+22 1.73945e+22 1.74317e+22 1.74684e+22 1.75047e+22 1.75407e+22 1.75762e+22 1.76114e+22 1.76462e+22 1.76806e+22 1.77146e+22 1.77483e+22 1.77815e+22 1.78144e+22 1.78469e+22 1.78791e+22 1.79108e+22 1.79422e+22 1.79733e+22 1.80039e+22 1.80342e+22 1.80641e+22 1.80937e+22 1.81229e+22 1.81517e+22 1.81802e+22 1.82083e+22 1.82361e+22 1.82635e+22 1.82906e+22 1.83173e+22 1.83437e+22 1.83698e+22 1.83955e+22 1.84208e+22 1.84459e+22 1.84706e+22 1.84949e+22 1.85189e+22 1.85427e+22 1.8566e+22 1.85891e+22 1.86118e+22 1.86343e+22 1.86564e+22 1.86782e+22 1.86997e+22 1.87209e+22 1.87417e+22 1.87623e+22 1.87826e+22 1.88026e+22 1.88223e+22 1.88417e+22 1.88608e+22 1.88797e+22 1.88982e+22 1.89165e+22 1.89345e+22 1.89522e+22 1.89696e+22 1.89868e+22 1.90037e+22 1.90204e+22 1.90368e+22 1.90529e+22 1.90688e+22 1.90844e+22 1.90997e+22 1.91149e+22 1.91297e+22 1.91444e+22 1.91588e+22 1.91729e+22 1.91869e+22 1.92006e+22 1.9214e+22 1.92273e+22 1.92403e+22 1.92531e+22 1.92657e+22 1.92781e+22 1.92902e+22 1.93022e+22 1.93139e+22 1.93254e+22 1.93368e+22 1.93479e+22 1.93588e+22 1.93696e+22 1.93801e+22 1.93905e+22 1.94006e+22 1.94106e+22 1.94204e+22 1.943e+22 1.94395e+22 1.94488e+22 1.94579e+22 1.94668e+22 1.94755e+22 1.94841e+22 1.94926e+22 1.95008e+22 1.95089e+22 1.95169e+22 1.95247e+22 1.95323e+22 1.95398e+22 1.95472e+22 1.95544e+22 1.95615e+22 1.95684e+22 1.95752e+22 1.95818e+22 1.95883e+22 1.95947e+22 1.96009e+22 1.9607e+22 1.9613e+22 1.96189e+22 1.96246e+22 1.96302e+22 1.96357e+22 1.96411e+22 1.96464e+22 1.96515e+22 1.96566e+22 1.96615e+22 1.96663e+22 1.9671e+22 1.96757e+22 1.96802e+22 1.96846e+22 1.96889e+22 1.96931e+22 1.96972e+22 1.97012e+22 1.97051e+22 1.97089e+22 1.97127e+22 1.97163e+22 1.97199e+22 1.97234e+22 1.97268e+22 1.97301e+22 1.97333e+22 1.97364e+22 1.97395e+22 1.97425e+22 1.97454e+22 1.97483e+22 1.9751e+22 1.97537e+22 1.97563e+22 1.97589e+22 1.97614e+22 1.97638e+22 1.97662e+22 1.97684e+22 1.97707e+22 1.97728e+22 1.97749e+22 1.9777e+22 1.9779e+22 1.97809e+22 1.97828e+22 1.97846e+22 1.97863e+22 1.9788e+22 1.97897e+22 1.97913e+22 1.97928e+22 1.97943e+22 1.97958e+22 1.97972e+22 1.97986e+22 1.97999e+22 1.98011e+22 1.98024e+22 1.98036e+22 1.98047e+22 1.98058e+22 1.98068e+22 1.98079e+22 1.98088e+22 1.98098e+22 1.98107e+22 1.98116e+22 1.98124e+22 1.98132e+22 1.98139e+22 1.98147e+22 1.98154e+22 1.9816e+22 1.98167e+22 1.98173e+22 1.98178e+22 1.98184e+22 1.98189e+22 1.98194e+22 1.98198e+22 1.98203e+22 1.98207e+22 1.9821e+22 1.98214e+22 1.98217e+22 1.9822e+22 1.98223e+22 1.98225e+22 1.98228e+22 1.9823e+22 1.98232e+22 1.98233e+22 1.98235e+22 1.98236e+22 1.98237e+22 1.98238e+22 1.98239e+22 1.98239e+22 1.9824e+22 1.9824e+22 1.9824e+22 1.9824e+22 1.9824e+22 1.98239e+22 1.98239e+22 1.98238e+22 1.98237e+22 1.98236e+22 1.98235e+22 1.98233e+22 1.98231e+22 1.98229e+22 1.98227e+22 1.98225e+22 1.98222e+22 1.98219e+22 1.98216e+22 1.98213e+22 1.98209e+22 1.98205e+22 1.98201e+22 1.98197e+22 1.98192e+22 1.98187e+22 1.98182e+22 1.98176e+22 1.98171e+22 1.98164e+22 1.98158e+22 1.98151e+22 1.98144e+22 1.98137e+22 1.98129e+22 1.98121e+22 1.98112e+22 1.98104e+22 1.98094e+22 1.98085e+22 1.98075e+22 1.98065e+22 1.98054e+22 1.98043e+22 1.98031e+22 1.98019e+22 1.98007e+22 1.97994e+22 1.9798e+22 1.97967e+22 1.97952e+22 1.97938e+22 1.97922e+22 1.97907e+22 1.9789e+22 1.97874e+22 1.97856e+22 1.97839e+22 1.9782e+22 1.97801e+22 1.97782e+22 1.97762e+22 1.97741e+22 1.9772e+22 1.97698e+22 1.97675e+22 1.97652e+22 1.97628e+22 1.97604e+22 1.97578e+22 1.97553e+22 1.97526e+22 1.97499e+22 1.97471e+22 1.97442e+22 1.97412e+22 1.97382e+22 1.97351e+22 1.97319e+22 1.97287e+22 1.97253e+22 1.97219e+22 1.97184e+22 1.97148e+22 1.97111e+22 1.97073e+22 1.97034e+22 1.96994e+22 1.96954e+22 1.96912e+22 1.9687e+22 1.96826e+22 1.96782e+22 1.96736e+22 1.9669e+22 1.96642e+22 1.96593e+22 1.96543e+22 1.96492e+22 1.9644e+22 1.96387e+22 1.96333e+22 1.96277e+22 1.9622e+22 1.96162e+22 1.96103e+22 1.96042e+22 1.95981e+22 1.95918e+22 1.95853e+22 1.95787e+22 1.9572e+22 1.95652e+22 1.95582e+22 1.95511e+22 1.95438e+22 1.95363e+22 1.95288e+22 1.9521e+22 1.95132e+22 1.95051e+22 1.94969e+22 1.94886e+22 1.94801e+22 1.94714e+22 1.94625e+22 1.94535e+22 1.94443e+22 1.9435e+22 1.94254e+22 1.94157e+22 1.94058e+22 1.93958e+22 1.93855e+22 1.9375e+22 1.93644e+22 1.93535e+22 1.93425e+22 1.93313e+22 1.93198e+22 1.93082e+22 1.92963e+22 1.92843e+22 1.9272e+22 1.92595e+22 1.92468e+22 1.92339e+22 1.92208e+22 1.92074e+22 1.91938e+22 1.918e+22 1.9166e+22 1.91517e+22 1.91371e+22 1.91224e+22 1.91074e+22 1.90921e+22 1.90766e+22 1.90609e+22 1.90448e+22 1.90286e+22 1.9012e+22 1.89953e+22 1.89782e+22 1.89609e+22 1.89433e+22 1.89254e+22 1.89073e+22 1.88889e+22 1.88702e+22 1.88512e+22 1.88319e+22 1.88123e+22 1.87925e+22 1.87723e+22 1.87519e+22 1.87311e+22 1.87101e+22 1.86887e+22 1.86671e+22 1.86451e+22 1.86228e+22 1.86002e+22 1.85773e+22 1.85541e+22 1.85305e+22 1.85066e+22 1.84824e+22 1.84578e+22 1.8433e+22 1.84078e+22 1.83822e+22 1.83563e+22 1.83301e+22 1.83035e+22 1.82766e+22 1.82493e+22 1.82217e+22 1.81937e+22 1.81654e+22 1.81367e+22 1.81077e+22 1.80783e+22 1.80485e+22 1.80184e+22 1.79879e+22 1.79571e+22 1.79258e+22 1.78942e+22 1.78622e+22 1.78299e+22 1.77972e+22 1.77641e+22 1.77306e+22 1.76967e+22 1.76625e+22 1.76279e+22 1.75929e+22 1.75575e+22 1.75217e+22 1.74855e+22 1.7449e+22 1.7412e+22 1.73747e+22 1.7337e+22 1.72989e+22 1.72604e+22 1.72215e+22 1.71822e+22 1.71425e+22 1.71024e+22 1.7062e+22 1.70211e+22 1.69798e+22 1.69382e+22 1.68961e+22 1.68537e+22 1.68108e+22 1.67676e+22 1.6724e+22 1.66799e+22 1.66355e+22 1.65907e+22 1.65455e+22 1.64999e+22 1.64539e+22 1.64075e+22 1.63607e+22 1.63135e+22 1.6266e+22 1.6218e+22 1.61697e+22 1.61209e+22 1.60718e+22 1.60223e+22 1.59724e+22 1.59221e+22 1.58715e+22 1.58494e+22 1.57986e+22 1.57468e+22 1.56938e+22 1.56398e+22 1.55846e+22 1.55282e+22 1.54707e+22 1.54119e+22 1.5352e+22 1.52908e+22 1.52284e+22 1.51647e+22 1.50998e+22 1.50335e+22 1.49659e+22 1.4897e+22 1.48268e+22 1.47551e+22 1.46821e+22 1.46077e+22 1.45319e+22 1.44546e+22 1.43759e+22 1.42957e+22 1.42141e+22 1.41309e+22 1.40462e+22 1.396e+22 1.38723e+22 1.3783e+22 1.36921e+22 1.35997e+22 1.35056e+22 1.34099e+22 1.33126e+22 1.32136e+22 1.31129e+22 1.30106e+22 1.29065e+22 1.28007e+22 1.26932e+22 1.25839e+22 1.24728e+22 1.23599e+22 1.22452e+22 1.21286e+22 1.20101e+22 1.18898e+22 1.17675e+22 1.16432e+22 1.15169e+22 1.13886e+22 1.12582e+22 1.11257e+22 1.0991e+22 1.08541e+22 1.0715e+22 1.05736e+22 1.04297e+22 1.02835e+22 1.01348e+22 9.98344e+21 9.82949e+21 9.6728e+21 9.51331e+21 9.3509e+21 9.18549e+21 9.01697e+21 8.84522e+21 8.67013e+21 8.49155e+21 8.30936e+21 8.12341e+21 7.93355e+21 7.7396e+21 7.54139e+21 7.33873e+21 7.13143e+21 6.91928e+21 6.70204e+21 6.47949e+21 6.25136e+21 6.0174e+21 5.77733e+21 5.53084e+21 5.27761e+21 5.01732e+21 4.7496e+21 4.47408e+21 4.19037e+21 3.89805e+21 3.59666e+21 3.28575e+21 2.96482e+21 2.63335e+21 2.29078e+21 1.93655e+21 1.57004e+21 1.19061e+21 7.97604e+20 3.90325e+20 0
1e+06 991603 983551 975824 968402 961268 954402 947789 941410 935252 929299 923538 917954 912537 907274 902155 897169 892306 887558 882916 878372 873919 869549 865256 861034 856878 852781 848739 844748 840803 836900 833036 829206 825409 821641 817899 814181 810486 806810 803153 799512 795887 792276 788677 785091 781516 777952 774398 770854 767319 763794 760277 756771 753273 749785 746307 742839 739382 735936 732501 729078 725667 722270 718887 715518 712164 708826 705505 702201 698915 695648 692400 689172 685966 682781 679618 676479 673363 670271 667205 664164 661150 658162 655202 652270 649366 646491 643645 640829 638043 635288 632564 629870 627209 624579 621981 619415 616881 614380 611912 609476 607074 604879 602485 600092 597699 595307 592916 590525 588137 585750 583364 580981 578599 576220 573844 571470 569099 566731 564367 562006 559649 557295 554946 552601 550261 547925 545594 543268 540947 538631 536321 534017 531718 529426 527140 524860 522587 520320 518060 515807 513562 511323 509093 506869 504654 502446 500246 498055 495871 493696 491530 489372 487223 485083 482952 480829 478716 476613 474519 472434 470359 468293 466237 464191 462156 460130 458114 456108 454113 452128 450153 448189 446235 444292 442359 440437 438526 436625 434736 432857 430989 429132 427286 425451 423627 421814 420012 418222 416442 414674 412916 411170 409435 407711 405999 404297 402607 400928 399260 397604 395958 394324 392701 391089 389489 387899 386321 384753 383197 381652 380118 378595 377083 375582 374092 372613 371145 369687 368241 366805 365380 363966 362563 361170 359788 358416 357055 355704 354364 353034 351715 350406 349107 347819 346541 345273 344014 342766 341528 340300 339082 337874 336675 335487 334307 333138 331978 330828 329687 328555 327433 326320 325217 324123 323037 321961 320894 319836 318787 317746 316715 315692 314678 313672 312675 311687 310707 309735 308772 307817 306870 305932 305001 304079 303164 302258 301359 300468 299585 298710 297842 296982 296129 295284 294447 293616 292793 291978 291169 290368 289573 288786 288006 287232 286466 285706 284953 284206 283467 282734 282007 281287 280574 279866 279166 278471 277783 277100 276424 275754 275090 274432 273780 273134 272494 271859 271230 270607 269990 269378 268771 268170 267575 266985 266400 265820 265246 264677 264113 263554 263001 262452 261909 261370 260836 260307 259783 259264 258749 258239 257734 257233 256737 256246 255759 255276 254798 254324 253854 253389 252928 252471 252019 251570 251126 250686 250249 250061 249627 249189 248749 248305 247857 247407 246953 246495 246035 245571 245103 244632 244158 243680 243199 242714 242226 241734 241239 240740 240238 239732 239223 238709 238193 237672 237148 236621 236089 235554 235015 234473 233927 233377 232823 232266 231704 231139 230570 229998 229421 228841 228256 227668 227076 226480 225881 225277 224669 224058 223442 222823 222199 221572 220941 220305 219666 219023 218376 217724 217069 216410 215747 215079 214408 213733 213053 212370 211682 210991 210295 209596 208892 208185 207473 206757 206038 205314 204586 203855 203119 202379 201635 200888 200136 199380 198621 197857 197089 196318 195542 194763 193980 193193 192402 191607 190808 190006 189199 188389 187575 186758 185936 185111 184282 183450 182614 181774 180931 180084 179234 178380 177523 176662 175798 174930 174059 173185 172307 171427 170543 169656 168765 167872 166975 166076 165174 164268 163360 162449 161535 160619 159699 158777 157853 156926 155996 155064 154130 153193 152254 151313 150370 149424 148477 147528 146576 145623 144668 143712 142753 141793 140832 139869 138905 137939 136973 136005 135036 134066 133095 132123 131151 130177 129203 128229 127254 126279 125303 124327 123351 122375 121399 120424 119448 118473 117498 116523 115549 114576 113603 112631 111660 110690 109722 108754 107788 106822 105859 104897 103936 102978 102021 101066 100113 99161.7 98212.9 97266.4 96322.2 95380.5 94441.3 93504.7 92570.8 91639.8 90711.6 89786.4 88864.3 87945.3 87029.6 86117.2 85208.2 84302.8 83400.9 82502.6 81608.1 80717.5 79830.7 78948 78069.3 77194.8 76324.5 75458.5 74596.8 73739.7 72887 72039 71195.6 70356.9 69523.1 68694.1 67870 67051 66237 65428.1 64624.4 63826 63032.8 62245 61462.6 60685.7 59914.2 59148.3 58388 57633.4 56884.4 56141.2 55403.7 54672.1 53946.2 53226.3 52512.3 51804.2 51102.1 50405.9 49715.8 49418.3 48742.9 48064.3 47382.7 46698.2 46011.1 45321.8 44630.3 43937.1 43242.3 42546.3 41849.2 41151.5 40453.3 39755 39056.8 38359.1 37662.1 36966.2 36271.6 35578.6 34887.6 34198.8 33512.6 32829.1 32148.8 31471.9 30798.7 30129.5 29464.5 28804.1 28148.4 27497.8 26852.4 26212.6 25578.6 24950.5 24328.6 23713.2 23104.3 22502.2 21907 21318.9 20738.1 20164.7 19598.7 19040.3 18489.6 17946.7 17411.6 16884.4 16365.1 15853.8 15350.4 14855 14367.5 13887.9 13416.2 12952.3 12496.1 12047.7 11606.8 11173.5 10747.6 10329 9917.61 9513.3 9115.97 8725.47 8341.71 7964.54 7593.85 7229.54 6871.49 6519.6 6173.79 5833.98 5500.14 5172.21 4850.2 4534.13 4224.06 3920.09 3622.36 3331.06 3046.45 2768.86 2498.68 2236.4 1982.62 1738.02 1503.42 1279.8 1068.28 870.141 686.897 520.264 372.205 244.961 141.072 63.4103 15.2116 1e-08
1e-08 17.7034 68.2082 147.918 253.627 382.489 531.985 699.899 884.283 1083.44 1295.88 1520.32 1755.66 2000.94 2255.34 2518.19 2788.89 3066.98 3352.05 3643.79 3941.94 4246.32 4556.79 4873.24 5195.63 5523.93 5858.16 6198.33 6544.52 6896.79 7255.23 7619.93 7991.01 8368.57 8752.74 9143.64 9541.39 9946.11 10357.9 10776.9 11203.3 11637 12078.3 12527.2 12983.8 13448.1 13920.3 14400.3 14888.2 15384.1 15887.9 16399.7 16919.3 17447 17982.4 18525.7 19076.8 19635.5 20201.8 20775.6 21356.8 21945.1 22540.6 23143 23752.1 24367.8 24989.9 25618.1 26252.3 26892.3 27537.8 28188.5 28844.3 29504.8 30169.8 30839 31512.2 32189.1 32869.3 33552.6 34238.8 34927.4 35618.3 36311 37005.4 37701.1 38397.8 39095.2 39793.1 40491.1 41188.9 41886.2 42582.9 43278.5 43972.8 44665.6 45356.6 46045.4 46732 47415.9 48097 48775 49399.7 50086.8 50780 51479.1 52184.3 52895.4 53612.4 54335.3 55064 55798.6 56538.9 57285 58036.8 58794.3 59557.4 60326 61100.2 61879.8 62664.8 63455.3 64251 65052 65858.2 66669.5 67486 68307.4 69133.8 69965.1 70801.3 71642.2 72487.7 73337.9 74192.7 75051.9 75915.6 76783.6 77655.8 78532.2 79412.7 80297.3 81185.8 82078.1 82974.3 83874.1 84777.5 85684.5 86594.9 87508.7 88425.8 89346.1 90269.4 91195.8 92125.1 93057.2 93992.1 94929.7 95869.8 96812.4 97757.4 98704.7 99654.2 100606 101559 102515 103473 104432 105393 106355 107319 108284 109251 110219 111188 112157 113128 114100 115073 116046 117020 117994 118969 119944 120919 121894 122870 123845 124820 125796 126771 127745 128719 129693 130666 131638 132610 133581 134550 135519 136487 137454 138419 139384 140347 141308 142268 143227 144184 145139 146092 147044 147993 148941 149887 150831 151772 152712 153649 154584 155516 156446 157374 158299 159222 160142 161059 161974 162885 163794 164700 165604 166504 167401 168295 169187 170075 170960 171841 172720 173595 174467 175335 176201 177063 177921 178776 179627 180475 181320 182160 182998 183831 184661 185487 186310 187129 187944 188755 189563 190367 191166 191963 192755 193543 194328 195108 195885 196658 197427 198192 198953 199710 200463 201212 201957 202698 203435 204169 204898 205623 206344 207061 207774 208483 209188 209889 210586 211279 211967 212652 213333 214010 214683 215351 216016 216677 217333 217986 218635 219279 219920 220557 221190 221818 222443 223064 223681 224294 224903 225508 226109 226706 227300 227889 228475 229057 229635 230209 230779 231346 231908 232467 233022 233574 234121 234665 235205 235742 236274 236803 237329 237850 238368 238883 239394 239901 240405 240905 241401 241894 242384 242870 243352 243831 244307 244779 245248 245713 246175 246634 247089 247541 247989 248435 248877 249315 249751 249939 250373 250812 251254 251701 252152 252607 253066 253529 253997 254469 254945 255426 255911 256401 256895 257393 257897 258405 258917 259434 259956 260483 261015 261551 262093 262639 263191 263747 264309 264876 265448 266025 266607 267195 267788 268387 268991 269600 270216 270836 271463 272095 272733 273376 274026 274681 275343 276010 276684 277363 278049 278741 279439 280143 280854 281571 282295 283025 283762 284505 285256 286012 286776 287546 288324 289108 289899 290698 291503 292316 293136 293963 294797 295639 296489 297346 298210 299082 299962 300849 301745 302648 303559 304478 305405 306340 307283 308235 309194 310162 311139 312124 313117 314119 315129 316148 317176 318213 319258 320313 321376 322448 323530 324620 325720 326829 327947 329074 330211 331358 332513 333679 334854 336039 337233 338437 339651 340875 342109 343353 344606 345870 347144 348429 349723 351028 352343 353668 355004 356350 357707 359074 360451 361840 363239 364649 366069 367500 368942 370395 371859 373333 374819 376315 377823 379341 380871 382411 383963 385525 387099 388684 390280 391888 393506 395136 396776 398428 400091 401766 403452 405148 406856 408576 410306 412048 413800 415564 417339 419126 420923 422732 424551 426382 428223 430076 431939 433814 435699 437595 439502 441420 443348 445287 447237 449197 451167 453148 455140 457141 459153 461175 463207 465249 467301 469363 471434 473515 475606 477706 479815 481934 484062 486199 488344 490499 492662 494834 497014 499202 501399 503604 505817 508037 510265 512501 514744 516994 519252 521516 523787 526064 528348 530639 532935 535237 537546 539859 542179 544503 546833 549167 551506 553850 556198 558550 560906 563266 565630 567996 570367 572740 575116 577494 579875 582259 584644 587031 589420 591810 594201 596594 598987 601381 603775 604814 607187 609593 612031 614503 617007 619544 622112 624714 627347 630011 632708 635435 638193 640982 643801 646650 649528 652434 655370 658333 661323 664340 667384 670453 673547 676665 679807 682972 686160 689369 692599 695849 699118 702406 705713 709036 712376 715732 719102 722488 725887 729299 732723 736160 739608 743067 746536 750016 753505 757004 760513 764030 767557 771093 774639 778194 781760 785336 788924 792524 796137 799764 803406 807066 810743 814441 818161 821905 825676 829476 833308 837176 841083 845032 849027 853073 857174 861336 865563 869862 874238 878699 883250 887900 892657 897529 902525 907655 912929 918359 923955 929731 935699 941874 948269 954902 961787 968943 976386 984137 992215 1e+06
0 0 0 0 0 0 0 0 0 0 0 0 0 0 0 0 0 0 0 0 0 0 0 0 0 0 0 0 0 0 0 0 0 0 0 0 0 0 0 0 0 0 0 0 0 0 0 0 0 0 0 0 0 0 0 0 0 0 0 0 0 0 0 0 0 0 0 0 0 0 0 0 0 0 0 0 0 0 0 0 0 0 0 0 0 0 0 0 0 0 0 0 0 0 0 0 0 0 0 0 0 0 0 0 0 0 0 0 0 0 0 0 0 0 0 0 0 0 0 0 0 0 0 0 0 0 0 0 0 0 0 0 0 0 0 0 0 0 0 0 0 0 0 0 0 0 0 0 0 0 0 0 0 0 0 0 0 0 0 0 0 0 0 0 0 0 0 0 0 0 0 0 0 0 0 0 0 0 0 0 0 0 0 0 0 0 0 0 0 0 0 0 0 0 0 0 0 0 0 0 0 0 0 0 0 0 0 0 0 0 0 0 0 0 0 0 0 0 0 0 0 0 0 0 0 0 0 0 0 0 0 0 0 0 0 0 0 0 0 0 0 0 0 0 0 0 0 0 0 0 0 0 0 0 0 0 0 0 0 0 0 0 0 0 0 0 0 0 0 0 0 0 0 0 0 0 0 0 0 0 0 0 0 0 0 0 0 0 0 0 0 0 0 0 0 0 0 0 0 0 0 0 0 0 0 0 0 0 0 0 0 0 0 0 0 0 0 0 0 0 0 0 0 0 0 0 0 0 0 0 0 0 0 0 0 0 0 0 0 0 0 0 0 0 0 0 0 0 0 0 0 0 0 0 0 0 0 0 0 0 0 0 0 0 0 0 0 0 0 0 0 0 0 0 0 0 0 0 0 0 0 0 0 0 0 0 0 0 0 0 0 0 0 0 0 0 0 0 0 0 0 0 0 0 0 0 0 0 0 0 0 0 0 0 0 0 0 0 0 0 0 0 0 0 0 0 0 0 0 0 0 0 0 0 0 0 0 0 0 0 0 0 0 0 0 0 0 0 0 0 0 0 0 0 0 0 0 0 0 0 0 0 0 0 0 0 0 0 0 0 0 0 0 0 0 0 0 0 0 0 0 0 0 0 0 0 0 0 0 0 0 0 0 0 0 0 0 0 0 0 0 0 0 0 0 0 0 0 0 0 0 0 0 0 0 0 0 0 0 0 0 0 0 0 0 0 0 0 0 0 0 0 0 0 0 0 0 0 0 0 0 0 0 0 0 0 0 0 0 0 0 0 0 0 0 0 0 0 0 0 0 0 0 0 0 0 0 0 0 0 0 0 0 0 0 0 0 0 0 0 0 0 0 0 0 0 0 0 0 0 0 0 0 0 0 0 0 0 0 0 0 0 0 0 0 0 0 0 0 0 0 0 0 0 0 0 0 0 0 0 0 0 0 0 0 0 0 0 0 0 0 0 0 0 0 0 0 0 0 0 0 0 0 0 0 0 0 0 0 0 0 0 0 0 0 0 0 0 0 0 0 0 0 0 0 0 0 0 0 0 0 0 0 0 0 0 0 0 0 0 0 0 0 0 0 0 0 0 0 0 0 0 0 0 0 0 0 0 0 0 0 0 0 0 0 0 0 0 0 0 0 0 0 0 0 0 0
1 0 0 0 0 0 0 0 0 0 0 0 0 0 0 0 0 0 0 0 0 0 0 0 0 0 0 0 0 0 0 0 0 0 0 0 0 0 0 0 0 0 0 0 0 0 0 0 0 0 0 0 0 0 0 0 0 0 0 0 0 0 0 0 0 0 0 0 0 0 0 0 0 0 0 0 0 0 0 0 0 0 0 0 0 0 0 0 0 0 0 0 0 0 0 0 0 0 0 0 0 0 0 0 0 0 0 0 0 0 0 0 0 0 0 0 0 0 0 0 0 0 0 0 0 0 0 0 0 0 0 0 0 0 0 0 0 0 0 0 0 0 0 0 0 0 0 0 0 0 0 0 0 0 0 0 0 0 0 0 0 0 0 0 0 0 0 0 0 0 0 0 0 0 0 0 0 0 0 0 0 0 0 0 0 0 0 0 0 0 0 0 0 0 0 0 0 0 0 0 0 0 0 0 0 0 0 0 0 0 0 0 0 0 0 0 0 0 0 0 0 0 0 0 0 0 0 0 0 0 0 0 0 0 0 0 0 0 0 0 0 0 0 0 0 0 0 0 0 0 0 0 0 0 0 0 0 0 0 0 0 0 0 0 0 0 0 0 0 0 0 0 0 0 0 0 0 0 0 0 0 0 0 0 0 0 0 0 0 0 0 0 0 0 0 0 0 0 0 0 0 0 0 0 0 0 0 0 0 0 0 0 0 0 0 0 0 0 0 0 0 0 0 0 0 0 0 0 0 0 0 0 0 0 0 0 0 0 0 0 0 0 0 0 0 0 0 0 0 0 0 0 0 0 0 0 0 0 0 0 0 0 0 0 0 0 0 0 0 0 0 0 0 0 0 0 0 0 0 0 0 0 0 0 0 0 0 0 0 0 0 0 0 0 0 0 0 0 0 0 0 0 0 0 0 0 0 0 0 0 0 0 0 0 0 0 0 0 0 0 0 0 0 0 0 0 0 0 0 0 0 0 0 0 0 0 0 0 0 0 0 0 0 0 0 0 0 0 0 0 0 0 0 0 0 0 0 0 0 0 0 0 0 0 0 0 0 0 0 0 0 0 0 0 0 0 0 0 0 0 0 0 0 0 0 0 0 0 0 0 0 0 0 0 0 0 0 0 0 0 0 0 0 0 0 0 0 0 0 0 0 0 0 0 0 0 0 0 0 0 0 0 0 0 0 0 0 0 0 0 0 0 0 0 0 0 0 0 0 0 0 0 0 0 0 0 0 0 0 0 0 0 0 0 0 0 0 0 0 0 0 0 0 0 0 0 0 0 0 0 0 0 0 0 0 0 0 0 0 0 0 0 0 0 0 0 0 0 0 0 0 0 0 0 0 0 0 0 0 0 0 0 0 0 0 0 0 0 0 0 0 0 0 0 0 0 0 0 0 0 0 0 0 0 0 0 0 0 0 0 0 0 0 0 0 0 0 0 0 0 0 0 0 0 0 0 0 0 0 0 0 0 0 0 0 0 0 0 0 0 0 0 0 0 0 0 0 0 0 0 0 0 0 0 0 0 0 0 0 0 0 0 0 0 0 0 0 0 0 0 0 0 0 0 0 0 0 0 0 0 0 0 0 0 0 0 0 0 0 0 0 0 0 0 0 0 0
0 0 0 0 0 0 0 0 0 0 0 0 0 0 0 0 0 0 0 0 0 0 0 0 0 0 0 0 0 0 0 0 0 0 0 0 0 0 0 0 0 0 0 0 0 0 0 0 0 0 0 0 0 0 0 0 0 0 0 0 0 0 0 0 0 0 0 0 0 0 0 0 0 0 0 0 0 0 0 0 0 0 0 0 0 0 0 0 0 0 0 0 0 0 0 0 0 0 0 0 0 0 0 0 0 0 0 0 0 0 0 0 0 0 0 0 0 0 0 0 0 0 0 0 0 0 0 0 0 0 0 0 0 0 0 0 0 0 0 0 0 0 0 0 0 0 0 0 0 0 0 0 0 0 0 0 0 0 0 0 0 0 0 0 0 0 0 0 0 0 0 0 0 0 0 0 0 0 0 0 0 0 0 0 0 0 0 0 0 0 0 0 0 0 0 0 0 0 0 0 0 0 0 0 0 0 0 0 0 0 0 0 0 0 0 0 0 0 0 0 0 0 0 0 0 0 0 0 0 0 0 0 0 0 0 0 0 0 0 0 0 0 0 0 0 0 0 0 0 0 0 0 0 0 0 0 0 0 0 0 0 0 0 0 0 0 0 0 0 0 0 0 0 0 0 0 0 0 0 0 0 0 0 0 0 0 0 0 0 0 0 0 0 0 0 0 0 0 0 0 0 0 0 0 0 0 0 0 0 0 0 0 0 0 0 0 0 0 0 0 0 0 0 0 0 0 0 0 0 0 0 0 0 0 0 0 0 0 0 0 0 0 0 0 0 0 0 0 0 0 0 0 0 0 0 0 0 0 0 0 0 0 0 0 0 0 0 0 0 0 0 0 0 0 0 0 0 0 0 0 0 0 0 0 0 0 0 0 0 0 0 0 0 0 0 0 0 0 0 0 0 0 0 0 0 0 0 0 0 0 0 0 0 0 0 0 0 0 0 0 0 0 0 0 0 0 0 0 0 0 0 0 0 0 0 0 0 0 0 0 0 0 0 0 0 0 0 0 0 0 0 0 0 0 0 0 0 0 0 0 0 0 0 0 0 0 0 0 0 0 0 0 0 0 0 0 0 0 0 0 0 0 0 0 0 0 0 0 0 0 0 0 0 0 0 0 0 0 0 0 0 0 0 0 0 0 0 0 0 0 0 0 0 0 0 0 0 0 0 0 0 0 0 0 0 0 0 0 0 0 0 0 0 0 0 0 0 0 0 0 0 0 0 0 0 0 0 0 0 0 0 0 0 0 0 0 0 0 0 0 0 0 0 0 0 0 0 0 0 0 0 0 0 0 0 0 0 0 0 0 0 0 0 0 0 0 0 0 0 0 0 0 0 0 0 0 0 0 0 0 0 0 0 0 0 0 0 0 0 0 0 0 0 0 0 0 0 0 0 0 0 0 0 0 0 0 0 0 0 0 0 0 0 0 0 0 0 0 0 0 0 0 0 0 0 0 0 0 0 0 0 0 0 0 0 0 0 0 0 0 0 0 0 0 0 0 0 0 0 0 0 0 0 0 0 0 0 0 0 0 0 0 0 0 0 0 0 0 0 0 0 0 0 0 0 0 0 0 0 0 0 0 0 0 0 0 0 0 0 0 0 0 0 0 0 0 0
1 0 0 0 0 0 0 0 0 0 0 0 0 0 0 0 0 0 0 0 0 0 0 0 0 0 0 0 0 0 0 0 0 0 0 0 0 0 0 0 0 0 0 0 0 0 0 0 0 0 0 0 0 0 0 0 0 0 0 0 0 0 0 0 0 0 0 0 0 0 0 0 0 0 0 0 0 0 0 0 0 0 0 0 0 0 0 0 0 0 0 0 0 0 0 0 0 0 0 0 0 0 0 0 0 0 0 0 0 0 0 0 0 0 0 0 0 0 0 0 0 0 0 0 0 0 0 0 0 0 0 0 0 0 0 0 0 0 0 0 0 0 0 0 0 0 0 0 0 0 0 0 0 0 0 0 0 0 0 0 0 0 0 0 0 0 0 0 0 0 0 0 0 0 0 0 0 0 0 0 0 0 0 0 0 0 0 0 0 0 0 0 0 0 0 0 0 0 0 0 0 0 0 0 0 0 0 0 0 0 0 0 0 0 0 0 0 0 0 0 0 0 0 0 0 0 0 0 0 0 0 0 0 0 0 0 0 0 0 0 0 0 0 0 0 0 0 0 0 0 0 0 0 0 0 0 0 0 0 0 0 0 0 0 0 0 0 0 0 0 0 0 0 0 0 0 0 0 0 0 0 0 0 0 0 0 0 0 0 0 0 0 0 0 0 0 0 0 0 0 0 0 0 0 0 0 0 0 0 0 0 0 0 0 0 0 0 0 0 0 0 0 0 0 0 0 0 0 0 0 0 0 0 0 0 0 0 0 0 0 0 0 0 0 0 0 0 0 0 0 0 0 0 0 0 0 0 0 0 0 0 0 0 0 0 0 0 0 0 0 0 0 0 0 0 0 0 0 0 0 0 0 0 0 0 0 0 0 0 0 0 0 0 0 0 0 0 0 0 0 0 0 0 0 0 0 0 0 0 0 0 0 0 0 0 0 0 0 0 0 0 0 0 0 0 0 0 0 0 0 0 0 0 0 0 0 0 0 0 0 0 0 0 0 0 0 0 0 0 0 0 0 0 0 0 0 0 0 0 0 0 0 0 0 0 0 0 0 0 0 0 0 0 0 0 0 0 0 0 0 0 0 0 0 0 0 0 0 0 0 0 0 0 0 0 0 0 0 0 0 0 0 0 0 0 0 0 0 0 0 0 0 0 0 0 0 0 0 0 0 0 0 0 0 0 0 0 0 0 0 0 0 0 0 0 0 0 0 0 0 0 0 0 0 0 0 0 0 0 0 0 0 0 0 0 0 0 0 0 0 0 0 0 0 0 0 0 0 0 0 0 0 0 0 0 0 0 0 0 0 0 0 0 0 0 0 0 0 0 0 0 0 0 0 0 0 0 0 0 0 0 0 0 0 0 0 0 0 0 0 0 0 0 0 0 0 0 0 0 0 0 0 0 0 0 0 0 0 0 0 0 0 0 0 0 0 0 0 0 0 0 0 0 0 0 0 0 0 0 0 0 0 0 0 0 0 0 0 0 0 0 0 0 0 0 0 0 0 0 0 0 0 0 0 0 0 0 0 0 0 0 0 0 0 0 0 0 0 0 0 0 0 0 0 0 0 0 0 0 0 0 0 0 0 0 0 0 0 0 0 0 0 0 0 0 0 0
0 0 0 0 0 0 0 0 0 0 0 0 0 0 0 0 0 0 0 0 0 0 0 0 0 0 0 0 0 0 0 0 0 0 0 0 0 0 0 0 0 0 0 0 0 0 0 0 0 0 0 0 0 0 0 0 0 0 0 0 0 0 0 0 0 0 0 0 0 0 0 0 0 0 0 0 0 0 0 0 0 0 0 0 0 0 0 0 0 0 0 0 0 0 0 0 0 0 0 0 0 0 0 0 0 0 0 0 0 0 0 0 0 0 0 0 0 0 0 0 0 0 0 0 0 0 0 0 0 0 0 0 0 0 0 0 0 0 0 0 0 0 0 0 0 0 0 0 0 0 0 0 0 0 0 0 0 0 0 0 0 0 0 0 0 0 0 0 0 0 0 0 0 0 0 0 0 0 0 0 0 0 0 0 0 0 0 0 0 0 0 0 0 0 0 0 0 0 0 0 0 0 0 0 0 0 0 0 0 0 0 0 0 0 0 0 0 0 0 0 0 0 0 0 0 0 0 0 0 0 0 0 0 0 0 0 0 0 0 0 0 0 0 0 0 0 0 0 0 0 0 0 0 0 0 0 0 0 0 0 0 0 0 0 0 0 0 0 0 0 0 0 0 0 0 0 0 0 0 0 0 0 0 0 0 0 0 0 0 0 0 0 0 0 0 0 0 0 0 0 0 0 0 0 0 0 0 0 0 0 0 0 0 0 0 0 0 0 0 0 0 0 0 0 0 0 0 0 0 0 0 0 0 0 0 0 0 0 0 0 0 0 0 0 0 0 0 0 0 0 0 0 0 0 0 0 0 0 0 0 0 0 0 0 0 0 0 0 0 0 0 0 0 0 0 0 0 0 0 0 0 0 0 0 0 0 0 0 0 0 0 0 0 0 0 0 0 0 0 0 0 0 0 0 0 0 0 0 0 0 0 0 0 0 0 0 0 0 0 0 0 0 0 0 0 0 0 0 0 0 0 0 0 0 0 0 0 0 0 0 0 0 0 0 0 0 0 0 0 0 0 0 0 0 0 0 0 0 0 0 0 0 0 0 0 0 0 0 0 0 0 0 0 0 0 0 0 0 0 0 0 0 0 0 0 0 0 0 0 0 0 0 0 0 0 0 0 0 0 0 0 0 0 0 0 0 0 0 0 0 0 0 0 0 0 0 0 0 0 0 0 0 0 0 0 0 0 0 0 0 0 0 0 0 0 0 0 0 0 0 0 0 0 0 0 0 0 0 0 0 0 0 0 0 0 0 0 0 0 0 0 0 0 0 0 0 0 0 0 0 0 0 0 0 0 0 0 0 0 0 0 0 0 0 0 0 0 0 0 0 0 0 0 0 0 0 0 0 0 0 0 0 0 0 0 0 0 0 0 0 0 0 0 0 0 0 0 0 0 0 0 0 0 0 0 0 0 0 0 0 0 0 0 0 0 0 0 0 0 0 0 0 0 0 0 0 0 0 0 0 0 0 0 0 0 0 0 0 0 0 0 0 0 0 0 0 0 0 0 0 0 0 0 0 0 0 0 0 0 0 0 0 0 0 0 0 0 0 0 0 0 0 0 0 0 0 0 0 0 0 0 0 0 0 0 0 0 0 0 0 0 0 0 0 0 0 0
1 0 0 0 0 0 0 0 0 0 0 0 0 0 0 0 0 0 0 0 0 0 0 0 0 0 0 0 0 0 0 0 0 0 0 0 0 0 0 0 0 0 0 0 0 0 0 0 0 0 0 0 0 0 0 0 0 0 0 0 0 0 0 0 0 0 0 0 0 0 0 0 0 0 0 0 0 0 0 0 0 0 0 0 0 0 0 0 0 0 0 0 0 0 0 0 0 0 0 0 0 0 0 0 0 0 0 0 0 0 0 0 0 0 0 0 0 0 0 0 0 0 0 0 0 0 0 0 0 0 0 0 0 0 0 0 0 0 0 0 0 0 0 0 0 0 0 0 0 0 0 0 0 0 0 0 0 0 0 0 0 0 0 0 0 0 0 0 0 0 0 0 0 0 0 0 0 0 0 0 0 0 0 0 0 0 0 0 0 0 0 0 0 0 0 0 0 0 0 0 0 0 0 0 0 0 0 0 0 0 0 0 0 0 0 0 0 0 0 0 0 0 0 0 0 0 0 0 0 0 0 0 0 0 0 0 0 0 0 0 0 0 0 0 0 0 0 0 0 0 0 0 0 0 0 0 0 0 0 0 0 0 0 0 0 0 0 0 0 0 0 0 0 0 0 0 0 0 0 0 0 0 0 0 0 0 0 0 0 0 0 0 0 0 0 0 0 0 0 0 0 0 0 0 0 0 0 0 0 0 0 0 0 0 0 0 0 0 0 0 0 0 0 0 0 0 0 0 0 0 0 0 0 0 0 0 0 0 0 0 0 0 0 0 0 0 0 0 0 0 0 0 0 0 0 0 0 0 0 0 0 0 0 0 0 0 0 0 0 0 0 0 0 0 0 0 0 0 0 0 0 0 0 0 0 0 0 0 0 0 0 0 0 0 0 0 0 0 0 0 0 0 0 0 0 0 0 0 0 0 0 0 0 0 0 0 0 0 0 0 0 0 0 0 0 0 0 0 0 0 0 0 0 0 0 0 0 0 0 0 0 0 0 0 0 0 0 0 0 0 0 0 0 0 0 0 0 0 0 0 0 0 0 0 0 0 0 0 0 0 0 0 0 0 0 0 0 0 0 0 0 0 0 0 0 0 0 0 0 0 0 0 0 0 0 0 0 0 0 0 0 0 0 0 0 0 0 0 0 0 0 0 0 0 0 0 0 0 0 0 0 0 0 0 0 0 0 0 0 0 0 0 0 0 0 0 0 0 0 0 0 0 0 0 0 0 0 0 0 0 0 0 0 0 0 0 0 0 0 0 0 0 0 0 0 0 0 0 0 0 0 0 0 0 0 0 0 0 0 0 0 0 0 0 0 0 0 0 0 0 0 0 0 0 0 0 0 0 0 0 0 0 0 0 0 0 0 0 0 0 0 0 0 0 0 0 0 0 0 0 0 0 0 0 0 0 0 0 0 0 0 0 0 0 0 0 0 0 0 0 0 0 0 0 0 0 0 0 0 0 0 0 0 0 0 0 0 0 0 0 0 0 0 0 0 0 0 0 0 0 0 0 0 0 0 0 0 0 0 0 0 0 0 0 0 0 0 0 0 0 0 0 0 0 0 0 0 0 0 0 0 0 0 0 0 0 0 0 0 0 0 0 0 0 0 0 0
0 0 0 0 0 0 0 0 0 0 0 0 0 0 0 0 0 0 0 0 0 0 0 0 0 0 0 0 0 0 0 0 0 0 0 0 0 0 0 0 0 0 0 0 0 0 0 0 0 0 0 0 0 0 0 0 0 0 0 0 0 0 0 0 0 0 0 0 0 0 0 0 0 0 0 0 0 0 0 0 0 0 0 0 0 0 0 0 0 0 0 0 0 0 0 0 0 0 0 0 0 0 0 0 0 0 0 0 0 0 0 0 0 0 0 0 0 0 0 0 0 0 0 0 0 0 0 0 0 0 0 0 0 0 0 0 0 0 0 0 0 0 0 0 0 0 0 0 0 0 0 0 0 0 0 0 0 0 0 0 0 0 0 0 0 0 0 0 0 0 0 0 0 0 0 0 0 0 0 0 0 0 0 0 0 0 0 0 0 0 0 0 0 0 0 0 0 0 0 0 0 0 0 0 0 0 0 0 0 0 0 0 0 0 0 0 0 0 0 0 0 0 0 0 0 0 0 0 0 0 0 0 0 0 0 0 0 0 0 0 0 0 0 0 0 0 0 0 0 0 0 0 0 0 0 0 0 0 0 0 0 0 0 0 0 0 0 0 0 0 0 0 0 0 0 0 0 0 0 0 0 0 0 0 0 0 0 0 0 0 0 0 0 0 0 0 0 0 0 0 0 0 0 0 0 0 0 0 0 0 0 0 0 0 0 0 0 0 0 0 0 0 0 0 0 0 0 0 0 0 0 0 0 0 0 0 0 0 0 0 0 0 0 0 0 0 0 0 0 0 0 0 0 0 0 0 0 0 0 0 0 0 0 0 0 0 0 0 0 0 0 0 0 0 0 0 0 0 0 0 0 0 0 0 0 0 0 0 0 0 0 0 0 0 0 0 0 0 0 0 0 0 0 0 0 0 0 0 0 0 0 0 0 0 0 0 0 0 0 0 0 0 0 0 0 0 0 0 0 0 0 0 0 0 0 0 0 0 0 0 0 0 0 0 0 0 0 0 0 0 0 0 0 0 0 0 0 0 0 0 0 0 0 0 0 0 0 0 0 0 0 0 0 0 0 0 0 0 0 0 0 0 0 0 0 0 0 0 0 0 0 0 0 0 0 0 0 0 0 0 0 0 0 0 0 0 0 0 0 0 0 0 0 0 0 0 0 0 0 0 0 0 0 0 0 0 0 0 0 0 0 0 0 0 0 0 0 0 0 0 0 0 0 0 0 0 0 0 0 0 0 0 0 0 0 0 0 0 0 0 0 0 0 0 0 0 0 0 0 0 0 0 0 0 0 0 0 0 0 0 0 0 0 0 0 0 0 0 0 0 0 0 0 0 0 0 0 0 0 0 0 0 0 0 0 0 0 0 0 0 0 0 0 0 0 0 0 0 0 0 0 0 0 0 0 0 0 0 0 0 0 0 0 0 0 0 0 0 0 0 0 0 0 0 0 0 0 0 0 0 0 0 0 0 0 0 0 0 0 0 0 0 0 0 0 0 0 0 0 0 0 0 0 0 0 0 0 0 0 0 0 0 0 0 0 0 0 0 0 0 0 0 0 0 0 0 0 0 0 0 0 0 0 0 0 0 0 0 0 0 0 0 0 0 0 0 0
0 0 0 0 0 0 0 0 0 0 0 0 0 0 0 0 0 0 0 0 0 0 0 0 0 0 0 0 0 0 0 0 0 0 0 0 0 0 0 0 0 0 0 0 0 0 0 0 0 0 0 0 0 0 0 0 0 0 0 0 0 0 0 0 0 0 0 0 0 0 0 0 0 0 0 0 0 0 0 0 0 0 0 0 0 0 0 0 0 0 0 0 0 0 0 0 0 0 0 0 0 0 0 0 0 0 0 0 0 0 0 0 0 0 0 0 0 0 0 0 0 0 0 0 0 0 0 0 0 0 0 0 0 0 0 0 0 0 0 0 0 0 0 0 0 0 0 0 0 0 0 0 0 0 0 0 0 0 0 0 0 0 0 0 0 0 0 0 0 0 0 0 0 0 0 0 0 0 0 0 0 0 0 0 0 0 0 0 0 0 0 0 0 0 0 0 0 0 0 0 0 0 0 0 0 0 0 0 0 0 0 0 0 0 0 0 0 0 0 0 0 0 0 0 0 0 0 0 0 0 0 0 0 0 0 0 0 0 0 0 0 0 0 0 0 0 0 0 0 0 0 0 0 0 0 0 0 0 0 0 0 0 0 0 0 0 0 0 0 0 0 0 0 0 0 0 0 0 0 0 0 0 0 0 0 0 0 0 0 0 0 0 0 0 0 0 0 0 0 0 0 0 0 0 0 0 0 0 0 0 0 0 0 0 0 0 0 0 0 0 0 0 0 0 0 0 0 0 0 0 0 0 0 0 0 0 0 0 0 0 0 0 0 0 0 0 0 0 0 0 0 0 0 0 0 0 0 0 0 0 0 0 0 0 0 0 0 0 0 0 0 0 0 0 0 0 0 0 0 0 0 0 0 0 0 0 0 0 0 0 0 0 0 0 0 0 0 0 0 0 0 0 0 0 0 0 0 0 0 0 0 0 0 0 0 0 0 0 0 0 0 0 0 0 0 0 0 0 0 0 0 0 0 0 0 0 0 0 0 0 0 0 0 0 0 0 0 0 0 0 0 0 0 0 0 0 0 0 0 0 0 0 0 0 0 0 0 0 0 0 0 0 0 0 0 0 0 0 0 0 0 0 0 0 0 0 0 0 0 0 0 0 0 0 0 0 0 0 0 0 0 0 0 0 0 0 0 0 0 0 0 0 0 0 0 0 0 0 0 0 0 0 0 0 0 0 0 0 0 0 0 0 0 0 0 0 0 0 0 0 0 0 0 0 0 0 0 0 0 0 0 0 0 0 0 0 0 0 0 0 0 0 0 0 0 0 0 0 0 0 0 0 0 0 0 0 0 0 0 0 0 0 0 0 0 0 0 0 0 0 0 0 0 0 0 0 0 0 0 0 0 0 0 0 0 0 0 0 0 0 0 0 0 0 0 0 0 0 0 0 0 0 0 0 0 0 0 0 0 0 0 0 0 0 0 0 0 0 0 0 0 0 0 0 0 0 0 0 0 0 0 0 0 0 0 0 0 0 0 0 0 0 0 0 0 0 0 0 0 0 0 0 0 0 0 0 0 0 0 0 0 0 0 0 0 0 0 0 0 0 0 0 0 0 0 0 0 0 0 0 0 0 0 0 0 0 0 0 0 0 0 0 0 0 0 0 1
0 0 0 0 0 0 0 0 0 0 0 0 0 0 0 0 0 0 0 0 0 0 0 0 0 0 0 0 0 0 0 0 0 0 0 0 0 0 0 0 0 0 0 0 0 0 0 0 0 0 0 0 0 0 0 0 0 0 0 0 0 0 0 0 0 0 0 0 0 0 0 0 0 0 0 0 0 0 0 0 0 0 0 0 0 0 0 0 0 0 0 0 0 0 0 0 0 0 0 0 0 0 0 0 0 0 0 0 0 0 0 0 0 0 0 0 0 0 0 0 0 0 0 0 0 0 0 0 0 0 0 0 0 0 0 0 0 0 0 0 0 0 0 0 0 0 0 0 0 0 0 0 0 0 0 0 0 0 0 0 0 0 0 0 0 0 0 0 0 0 0 0 0 0 0 0 0 0 0 0 0 0 0 0 0 0 0 0 0 0 0 0 0 0 0 0 0 0 0 0 0 0 0 0 0 0 0 0 0 0 0 0 0 0 0 0 0 0 0 0 0 0 0 0 0 0 0 0 0 0 0 0 0 0 0 0 0 0 0 0 0 0 0 0 0 0 0 0 0 0 0 0 0 0 0 0 0 0 0 0 0 0 0 0 0 0 0 0 0 0 0 0 0 0 0 0 0 0 0 0 0 0 0 0 0 0 0 0 0 0 0 0 0 0 0 0 0 0 0 0 0 0 0 0 0 0 0 0 0 0 0 0 0 0 0 0 0 0 0 0 0 0 0 0 0 0 0 0 0 0 0 0 0 0 0 0 0 0 0 0 0 0 0 0 0 0 0 0 0 0 0 0 0 0 0 0 0 0 0 0 0 0 0 0 0 0 0 0 0 0 0 0 0 0 0 0 0 0 0 0 0 0 0 0 0 0 0 0 0 0 0 0 0 0 0 0 0 0 0 0 0 0 0 0 0 0 0 0 0 0 0 0 0 0 0 0 0 0 0 0 0 0 0 0 0 0 0 0 0 0 0 0 0 0 0 0 0 0 0 0 0 0 0 0 0 0 0 0 0 0 0 0 0 0 0 0 0 0 0 0 0 0 0 0 0 0 0 0 0 0 0 0 0 0 0 0 0 0 0 0 0 0 0 0 0 0 0 0 0 0 0 0 0 0 0 0 0 0 0 0 0 0 0 0 0 0 0 0 0 0 0 0 0 0 0 0 0 0 0 0 0 0 0 0 0 0 0 0 0 0 0 0 0 0 0 0 0 0 0 0 0 0 0 0 0 0 0 0 0 0 0 0 0 0 0 0 0 0 0 0 0 0 0 0 0 0 0 0 0 0 0 0 0 0 0 0 0 0 0 0 0 0 0 0 0 0 0 0 0 0 0 0 0 0 0 0 0 0 0 0 0 0 0 0 0 0 0 0 0 0 0 0 0 0 0 0 0 0 0 0 0 0 0 0 0 0 0 0 0 0 0 0 0 0 0 0 0 0 0 0 0 0 0 0 0 0 0 0 0 0 0 0 0 0 0 0 0 0 0 0 0 0 0 0 0 0 0 0 0 0 0 0 0 0 0 0 0 0 0 0 0 0 0 0 0 0 0 0 0 0 0 0 0 0 0 0 0 0 0 0 0 0 0 0 0 0 0 0 0 0 0 0 0 0 0 0 0
0 0 0 0 0 0 0 0 0 0 0 0 0 0 0 0 0 0 0 0 0 0 0 0 0 0 0 0 0 0 0 0 0 0 0 0 0 0 0 0 0 0 0 0 0 0 0 0 0 0 0 0 0 0 0 0 0 0 0 0 0 0 0 0 0 0 0 0 0 0 0 0 0 0 0 0 0 0 0 0 0 0 0 0 0 0 0 0 0 0 0 0 0 0 0 0 0 0 0 0 0 0 0 0 0 0 0 0 0 0 0 0 0 0 0 0 0 0 0 0 0 0 0 0 0 0 0 0 0 0 0 0 0 0 0 0 0 0 0 0 0 0 0 0 0 0 0 0 0 0 0 0 0 0 0 0 0 0 0 0 0 0 0 0 0 0 0 0 0 0 0 0 0 0 0 0 0 0 0 0 0 0 0 0 0 0 0 0 0 0 0 0 0 0 0 0 0 0 0 0 0 0 0 0 0 0 0 0 0 0 0 0 0 0 0 0 0 0 0 0 0 0 0 0 0 0 0 0 0 0 0 0 0 0 0 0 0 0 0 0 0 0 0 0 0 0 0 0 0 0 0 0 0 0 0 0 0 0 0 0 0 0 0 0 0 0 0 0 0 0 0 0 0 0 0 0 0 0 0 0 0 0 0 0 0 0 0 0 0 0 0 0 0 0 0 0 0 0 0 0 0 0 0 0 0 0 0 0 0 0 0 0 0 0 0 0 0 0 0 0 0 0 0 0 0 0 0 0 0 0 0 0 0 0 0 0 0 0 0 0 0 0 0 0 0 0 0 0 0 0 0 0 0 0 0 0 0 0 0 0 0 0 0 0 0 0 0 0 0 0 0 0 0 0 0 0 0 0 0 0 0 0 0 0 0 0 0 0 0 0 0 0 0 0 0 0 0 0 0 0 0 0 0 0 0 0 0 0 0 0 0 0 0 0 0 0 0 0 0 0 0 0 0 0 0 0 0 0 0 0 0 0 0 0 0 0 0 0 0 0 0 0 0 0 0 0 0 0 0 0 0 0 0 0 0 0 0 0 0 0 0 0 0 0 0 0 0 0 0 0 0 0 0 0 0 0 0 0 0 0 0 0 0 0 0 0 0 0 0 0 0 0 0 0 0 0 0 0 0 0 0 0 0 0 0 0 0 0 0 0 0 0 0 0 0 0 0 0 0 0 0 0 0 0 0 0 0 0 0 0 0 0 0 0 0 0 0 0 0 0 0 0 0 0 0 0 0 0 0 0 0 0 0 0 0 0 0 0 0 0 0 0 0 0 0 0 0 0 0 0 0 0 0 0 0 0 0 0 0 0 0 0 0 0 0 0 0 0 0 0 0 0 0 0 0 0 0 0 0 0 0 0 0 0 0 0 0 0 0 0 0 0 0 0 0 0 0 0 0 0 0 0 0 0 0 0 0 0 0 0 0 0 0 0 0 0 0 0 0 0 0 0 0 0 0 0 0 0 0 0 0 0 0 0 0 0 0 0 0 0 0 0 0 0 0 0 0 0 0 0 0 0 0 0 0 0 0 0 0 0 0 0 0 0 0 0 0 0 0 0 0 0 0 0 0 0 0 0 0 0 0 0 0 0 0 0 0 0 0 0 0 0 0 0 0 0 1
0 0 0 0 0 0 0 0 0 0 0 0 0 0 0 0 0 0 0 0 0 0 0 0 0 0 0 0 0 0 0 0 0 0 0 0 0 0 0 0 0 0 0 0 0 0 0 0 0 0 0 0 0 0 0 0 0 0 0 0 0 0 0 0 0 0 0 0 0 0 0 0 0 0 0 0 0 0 0 0 0 0 0 0 0 0 0 0 0 0 0 0 0 0 0 0 0 0 0 0 0 0 0 0 0 0 0 0 0 0 0 0 0 0 0 0 0 0 0 0 0 0 0 0 0 0 0 0 0 0 0 0 0 0 0 0 0 0 0 0 0 0 0 0 0 0 0 0 0 0 0 0 0 0 0 0 0 0 0 0 0 0 0 0 0 0 0 0 0 0 0 0 0 0 0 0 0 0 0 0 0 0 0 0 0 0 0 0 0 0 0 0 0 0 0 0 0 0 0 0 0 0 0 0 0 0 0 0 0 0 0 0 0 0 0 0 0 0 0 0 0 0 0 0 0 0 0 0 0 0 0 0 0 0 0 0 0 0 0 0 0 0 0 0 0 0 0 0 0 0 0 0 0 0 0 0 0 0 0 0 0 0 0 0 0 0 0 0 0 0 0 0 0 0 0 0 0 0 0 0 0 0 0 0 0 0 0 0 0 0 0 0 0 0 0 0 0 0 0 0 0 0 0 0 0 0 0 0 0 0 0 0 0 0 0 0 0 0 0 0 0 0 0 0 0 0 0 0 0 0 0 0 0 0 0 0 0 0 0 0 0 0 0 0 0 0 0 0 0 0 0 0 0 0 0 0 0 0 0 0 0 0 0 0 0 0 0 0 0 0 0 0 0 0 0 0 0 0 0 0 0 0 0 0 0 0 0 0 0 0 0 0 0 0 0 0 0 0 0 0 0 0 0 0 0 0 0 0 0 0 0 0 0 0 0 0 0 0 0 0 0 0 0 0 0 0 0 0 0 0 0 0 0 0 0 0 0 0 0 0 0 0 0 0 0 0 0 0 0 0 0 0 0 0 0 0 0 0 0 0 0 0 0 0 0 0 0 0 0 0 0 0 0 0 0 0 0 0 0 0 0 0 0 0 0 0 0 0 0 0 0 0 0 0 0 0 0 0 0 0 0 0 0 0 0 0 0 0 0 0 0 0 0 0 0 0 0 0 0 0 0 0 0 0 0 0 0 0 0 0 0 0 0 0 0 0 0 0 0 0 0 0 0 0 0 0 0 0 0 0 0 0 0 0 0 0 0 0 0 0 0 0 0 0 0 0 0 0 0 0 0 0 0 0 0 0 0 0 0 0 0 0 0 0 0 0 0 0 0 0 0 0 0 0 0 0 0 0 0 0 0 0 0 0 0 0 0 0 0 0 0 0 0 0 0 0 0 0 0 0 0 0 0 0 0 0 0 0 0 0 0 0 0 0 0 0 0 0 0 0 0 0 0 0 0 0 0 0 0 0 0 0 0 0 0 0 0 0 0 0 0 0 0 0 0 0 0 0 0 0 0 0 0 0 0 0 0 0 0 0 0 0 0 0 0 0 0 0 0 0 0 0 0 0 0 0 0 0 0 0 0 0 0 0 0 0 0 0 0 0 0 0 0 0 0 0 0
0 0 0 0 0 0 0 0 0 0 0 0 0 0 0 0 0 0 0 0 0 0 0 0 0 0 0 0 0 0 0 0 0 0 0 0 0 0 0 0 0 0 0 0 0 0 0 0 0 0 0 0 0 0 0 0 0 0 0 0 0 0 0 0 0 0 0 0 0 0 0 0 0 0 0 0 0 0 0 0 0 0 0 0 0 0 0 0 0 0 0 0 0 0 0 0 0 0 0 0 0 0 0 0 0 0 0 0 0 0 0 0 0 0 0 0 0 0 0 0 0 0 0 0 0 0 0 0 0 0 0 0 0 0 0 0 0 0 0 0 0 0 0 0 0 0 0 0 0 0 0 0 0 0 0 0 0 0 0 0 0 0 0 0 0 0 0 0 0 0 0 0 0 0 0 0 0 0 0 0 0 0 0 0 0 0 0 0 0 0 0 0 0 0 0 0 0 0 0 0 0 0 0 0 0 0 0 0 0 0 0 0 0 0 0 0 0 0 0 0 0 0 0 0 0 0 0 0 0 0 0 0 0 0 0 0 0 0 0 0 0 0 0 0 0 0 0 0 0 0 0 0 0 0 0 0 0 0 0 0 0 0 0 0 0 0 0 0 0 0 0 0 0 0 0 0 0 0 0 0 0 0 0 0 0 0 0 0 0 0 0 0 0 0 0 0 0 0 0 0 0 0 0 0 0 0 0 0 0 0 0 0 0 0 0 0 0 0 0 0 0 0 0 0 0 0 0 0 0 0 0 0 0 0 0 0 0 0 0 0 0 0 0 0 0 0 0 0 0 0 0 0 0 0 0 0 0 0 0 0 0 0 0 0 0 0 0 0 0 0 0 0 0 0 0 0 0 0 0 0 0 0 0 0 0 0 0 0 0 0 0 0 0 0 0 0 0 0 0 0 0 0 0 0 0 0 0 0 0 0 0 0 0 0 0 0 0 0 0 0 0 0 0 0 0 0 0 0 0 0 0 0 0 0 0 0 0 0 0 0 0 0 0 0 0 0 0 0 0 0 0 0 0 0 0 0 0 0 0 0 0 0 0 0 0 0 0 0 0 0 0 0 0 0 0 0 0 0 0 0 0 0 0 0 0 0 0 0 0 0 0 0 0 0 0 0 0 0 0 0 0 0 0 0 0 0 0 0 0 0 0 0 0 0 0 0 0 0 0 0 0 0 0 0 0 0 0 0 0 0 0 0 0 0 0 0 0 0 0 0 0 0 0 0 0 0 0 0 0 0 0 0 0 0 0 0 0 0 0 0 0 0 0 0 0 0 0 0 0 0 0 0 0 0 0 0 0 0 0 0 0 0 0 0 0 0 0 0 0 0 0 0 0 0 0 0 0 0 0 0 0 0 0 0 0 0 0 0 0 0 0 0 0 0 0 0 0 0 0 0 0 0 0 0 0 0 0 0 0 0 0 0 0 0 0 0 0 0 0 0 0 0 0 0 0 0 0 0 0 0 0 0 0 0 0 0 0 0 0 0 0 0 0 0 0 0 0 0 0 0 0 0 0 0 0 0 0 0 0 0 0 0 0 0 0 0 0 0 0 0 0 0 0 0 0 0 0 0 0 0 0 0 0 0 0 0 0 0 0 0 0 0 0 0 0 0 1
0 1 2 3 4 5 6 7 8 9 10 11 12 13 14 15 16 17 18 19 20 21 22 23 24 25 26 27 28 29 30 31 32 33 34 35 36 37 38 39 40 41 42 43 44 45 46 47 48 49 50 51 52 53 54 55 56 57 58 59 60 61 62 63 64 65 66 67 68 69 70 71 72 73 74 75 76 77 78 79 80 81 82 83 84 85 86 87 88 89 90 91 92 93 94 95 96 97 98 99 100 101 102 103 104 105 106 107 108 109 110 111 112 113 114 115 116 117 118 119 120 121 122 123 124 125 126 127 128 129 130 131 132 133 134 135 136 137 138 139 140 141 142 143 144 145 146 147 148 149 150 151 152 153 154 155 156 157 158 159 160 161 162 163 164 165 166 167 168 169 170 171 172 173 174 175 176 177 178 179 180 181 182 183 184 185 186 187 188 189 190 191 192 193 194 195 196 197 198 199 200 201 202 203 204 205 206 207 208 209 210 211 212 213 214 215 216 217 218 219 220 221 222 223 224 225 226 227 228 229 230 231 232 233 234 235 236 237 238 239 240 241 242 243 244 245 246 247 248 249 250 251 252 253 254 255 256 257 258 259 260 261 262 263 264 265 266 267 268 269 270 271 272 273 274 275 276 277 278 279 280 281 282 283 284 285 286 287 288 289 290 291 292 293 294 295 296 297 298 299 300 301 302 303 304 305 306 307 308 309 310 311 312 313 314 315 316 317 318 319 320 321 322 323 324 325 326 327 328 329 330 331 332 333 334 335 336 337 338 339 340 341 342 343 344 345 346 347 348 349 350 351 352 353 354 355 356 357 358 359 360 361 362 363 364 365 366 367 368 369 370 371 372 373 374 375 376 377 378 379 380 381 382 383 384 385 386 387 388 389 390 391 392 393 394 395 396 397 398 399 400 401 402 403 404 405 406 407 408 409 410 411 412 413 414 415 416 417 418 419 420 421 422 423 424 425 426 427 428 429 430 431 432 433 434 435 436 437 438 439 440 441 442 443 444 445 446 447 448 449 450 451 452 453 454 455 456 457 458 459 460 461 462 463 464 465 466 467 468 469 470 471 472 473 474 475 476 477 478 479 480 481 482 483 484 485 486 487 488 489 490 491 492 493 494 495 496 497 498 499 500 501 502 503 504 505 506 507 508 509 510 511 512 513 514 515 516 517 518 519 520 521 522 523 524 525 526 527 528 529 530 531 532 533 534 535 536 537 538 539 540 541 542 543 544 545 546 547 548 549 550 551 552 553 554 555 556 557 558 559 560 561 562 563 564 565 566 567 568 569 570 571 572 573 574 575 576 577 578 579 580 581 582 583 584 585 586 587 588 589 590 591 592 593 594 595 596 597 598 599 600 601 602 603 604 605 606 607 608 609 610 611 612 613 614 615 616 617 618 619 620 621 622 623 624 625 626 627 628 629 630 631 632 633 634 635 636 637 638 639 640 641 642 643 644 645 646 647 648 649 650 651 652 653 654 655 656 657 658 659 660 661 662 663 664 665 666 667 668 669 670 671 672 673 674 675 676 677 678 679 680 681 682 683 684 685 686 687 688 689 690 691 692 693 694 695 696 697 698 699 700 701 702 703 704 705 706 707 708 709 710 711 712 713 714 715 716
0 1 2 3 4 5 6 7 8 9 10 11 12 13 14 15 16 17 18 19 20 21 22 23 24 25 26 27 28 29 30 31 32 33 34 35 36 37 38 39 40 41 42 43 44 45 46 47 48 49 50 51 52 53 54 55 56 57 58 59 60 61 62 63 64 65 66 67 68 69 70 71 72 73 74 75 76 77 78 79 80 81 82 83 84 85 86 87 88 89 90 91 92 93 94 95 96 97 98 99 100 101 102 103 104 105 106 107 108 109 110 111 112 113 114 115 116 117 118 119 120 121 122 123 124 125 126 127 128 129 130 131 132 133 134 135 136 137 138 139 140 141 142 143 144 145 146 147 148 149 150 151 152 153 154 155 156 157 158 159 160 161 162 163 164 165 166 167 168 169 170 171 172 173 174 175 176 177 178 179 180 181 182 183 184 185 186 187 188 189 190 191 192 193 194 195 196 197 198 199 200 201 202 203 204 205 206 207 208 209 210 211 212 213 214 215 216 217 218 219 220 221 222 223 224 225 226 227 228 229 230 231 232 233 234 235 236 237 238 239 240 241 242 243 244 245 246 247 248 249 250 251 252 253 254 255 256 257 258 259 260 261 262 263 264 265 266 267 268 269 270 271 272 273 274 275 276 277 278 279 280 281 282 283 284 285 286 287 288 289 290 291 292 293 294 295 296 297 298 299 300 301 302 303 304 305 306 307 308 309 310 311 312 313 314 315 316 317 318 319 320 321 322 323 324 325 326 327 328 329 330 331 332 333 334 335 336 337 338 339 340 341 342 343 344 345 346 347 348 349 350 351 352 353 354 355 356 357 358 359 360 361 362 363 364 365 366 367 368 369 370 371 372 373 374 375 376 377 378 379 380 381 382 383 384 385 386 387 388 389 390 391 392 393 394 395 396 397 398 399 400 401 402 403 404 405 406 407 408 409 410 411 412 413 414 415 416 417 418 419 420 421 422 423 424 425 426 427 428 429 430 431 432 433 434 435 436 437 438 439 440 441 442 443 444 445 446 447 448 449 450 451 452 453 454 455 456 457 458 459 460 461 462 463 464 465 466 467 468 469 470 471 472 473 474 475 476 477 478 479 480 481 482 483 484 485 486 487 488 489 490 491 492 493 494 495 496 497 498 499 500 501 502 503 504 505 506 507 508 509 510 511 512 513 514 515 516 517 518 519 520 521 522 523 524 525 526 527 528 529 530 531 532 533 534 535 536 537 538 539 540 541 542 543 544 545 546 547 548 549 550 551 552 553 554 555 556 557 558 559 560 561 562 563 564 565 566 567 568 569 570 571 572 573 574 575 576 577 578 579 580 581 582 583 584 585 586 587 588 589 590 591 592 593 594 595 596 597 598 599 600 601 602 603 604 605 606 607 608 609 610 611 612 613 614 615 616 617 618 619 620 621 622 623 624 625 626 627 628 629 630 631 632 633 634 635 636 637 638 639 640 641 642 643 644 645 646 647 648 649 650 651 652 653 654 655 656 657 658 659 660 661 662 663 664 665 666 667 668 669 670 671 672 673 674 675 676 677 678 679 680 681 682 683 684 685 686 687 688 689 690 691 692 693 694 695 696 697 698 699 700 701 702 703 704 705 706 707 708 709 710 711 712 713 714 715 716
0.997448 0.997482 0.997553 0.997632 0.997716 0.997805 0.997899 0.997995 0.998095 0.998197 0.9983 0.998405 0.998511 0.998617 0.998724 0.998831 0.998937 0.999043 0.999149 0.999253 0.999357 0.99946 0.999561 0.999661 0.999759 0.999856 0.999951 1.00004 1.00014 1.00022 1.00031 1.0004 1.00048 1.00056 1.00064 1.00071 1.00079 1.00086 1.00093 1.001 1.00106 1.00112 1.00118 1.00124 1.00129 1.00134 1.00139 1.00144 1.00148 1.00153 1.00157 1.0016 1.00164 1.00167 1.0017 1.00173 1.00176 1.00178 1.0018 1.00182 1.00184 1.00186 1.00187 1.00189 1.0019 1.00191 1.00192 1.00192 1.00193 1.00193 1.00193 1.00193 1.00193 1.00193 1.00193 1.00192 1.00192 1.00191 1.0019 1.00189 1.00189 1.00188 1.00186 1.00185 1.00184 1.00183 1.00181 1.0018 1.00178 1.00177 1.00175 1.00173 1.00172 1.0017 1.00168 1.00166 1.00164 1.00163 1.00161 1.00159 1.00157 1.00149 1.00149 1.00156 1.00156 1.00156 1.00156 1.00156 1.00156 1.00156 1.00156 1.00156 1.00156 1.00156 1.00156 1.00156 1.00156 1.00156 1.00156 1.00156 1.00156 1.00155 1.00155 1.00155 1.00155 1.00155 1.00154 1.00154 1.00154 1.00154 1.00154 1.00153 1.00153 1.00153 1.00152 1.00152 1.00152 1.00151 1.00151 1.00151 1.0015 1.0015 1.0015 1.00149 1.00149 1.00148 1.00148 1.00148 1.00147 1.00147 1.00146 1.00146 1.00145 1.00145 1.00144 1.00144 1.00143 1.00143 1.00142 1.00142 1.00141 1.00141 1.0014 1.0014 1.00139 1.00139 1.00138 1.00138 1.00137 1.00136 1.00136 1.00135 1.00135 1.00134 1.00134 1.00133 1.00132 1.00132 1.00131 1.00131 1.0013 1.00129 1.00129 1.00128 1.00128 1.00127 1.00126 1.00126 1.00125 1.00124 1.00124 1.00123 1.00123 1.00122 1.00121 1.00121 1.0012 1.00119 1.00119 1.00118 1.00117 1.00117 1.00116 1.00116 1.00115 1.00114 1.00114 1.00113 1.00112 1.00112 1.00111 1.0011 1.0011 1.00109 1.00109 1.00108 1.00107 1.00107 1.00106 1.00105 1.00105 1.00104 1.00103 1.00103 1.00102 1.00102 1.00101 1.001 1.001 1.00099 1.00098 1.00098 1.00097 1.00097 1.00096 1.00095 1.00095 1.00094 1.00093 1.00093 1.00092 1.00092 1.00091 1.0009 1.0009 1.00089 1.00089 1.00088 1.00087 1.00087 1.00086 1.00086 1.00085 1.00084 1.00084 1.00083 1.00083 1.00082 1.00082 1.00081 1.0008 1.0008 1.00079 1.00079 1.00078 1.00078 1.00077 1.00077 1.00076 1.00075 1.00075 1.00074 1.00074 1.00073 1.00073 1.00072 1.00072 1.00071 1.00071 1.0007 1.0007 1.00069 1.00069 1.00068 1.00068 1.00067 1.00067 1.00066 1.00066 1.00065 1.00065 1.00064 1.00064 1.00063 1.00063 1.00062 1.00062 1.00061 1.00061 1.0006 1.0006 1.00059 1.00059 1.00059 1.00058 1.00058 1.00057 1.00057 1.00056 1.00056 1.00055 1.00055 1.00055 1.00054 1.00054 1.00053 1.00053 1.00053 1.00052 1.00052 1.00051 1.00051 1.00051 1.0005 1.0005 1.00049 1.00049 1.00049 1.00048 1.00048 1.00047 1.00047 1.00047 1.00046 1.00046 1.00046 1.00045 1.00045 1.00044 1.00044 1.00044 1.00043 1.00043 1.00043 1.00042 1.00042 1.00042 1.00041 1.00041 1.00041 1.0004 1.0004 1.0004 1.00039 1.00039 1.00039 1.00038 1.00027 1.00027 1.00038 1.00039 1.00039 1.00039 1.0004 1.0004 1.0004 1.00041 1.00041 1.00041 1.00042 1.00042 1.00042 1.00043 1.00043 1.00043 1.00044 1.00044 1.00044 1.00045 1.00045 1.00045 1.00046 1.00046 1.00046 1.00047 1.00047 1.00048 1.00048 1.00048 1.00049 1.00049 1.0005 1.0005 1.0005 1.00051 1.00051 1.00052 1.00052 1.00052 1.00053 1.00053 1.00054 1.00054 1.00054 1.00055 1.00055 1.00056 1.00056 1.00057 1.00057 1.00058 1.00058 1.00058 1.00059 1.00059 1.0006 1.0006 1.00061 1.00061 1.00062 1.00062 1.00063 1.00063 1.00064 1.00064 1.00064 1.00065 1.00065 1.00066 1.00066 1.00067 1.00067 1.00068 1.00068 1.00069 1.00069 1.0007 1.0007 1.00071 1.00072 1.00072 1.00073 1.00073 1.00074 1.00074 1.00075 1.00075 1.00076 1.00076 1.00077 1.00077 1.00078 1.00079 1.00079 1.0008 1.0008 1.00081 1.00081 1.00082 1.00083 1.00083 1.00084 1.00084 1.00085 1.00085 1.00086 1.00087 1.00087 1.00088 1.00088 1.00089 1.0009 1.0009 1.00091 1.00091 1.00092 1.00093 1.00093 1.00094 1.00094 1.00095 1.00096 1.00096 1.00097 1.00098 1.00098 1.00099 1.00099 1.001 1.00101 1.00101 1.00102 1.00103 1.00103 1.00104 1.00104 1.00105 1.00106 1.00106 1.00107 1.00108 1.00108 1.00109 1.0011 1.0011 1.00111 1.00111 1.00112 1.00113 1.00113 1.00114 1.00115 1.00115 1.00116 1.00117 1.00117 1.00118 1.00119 1.00119 1.0012 1.0012 1.00121 1.00122 1.00122 1.00123 1.00124 1.00124 1.00125 1.00125 1.00126 1.00127 1.00127 1.00128 1.00129 1.00129 1.0013 1.0013 1.00131 1.00132 1.00132 1.00133 1.00133 1.00134 1.00135 1.00135 1.00136 1.00136 1.00137 1.00137 1.00138 1.00139 1.00139 1.0014 1.0014 1.00141 1.00141 1.00142 1.00142 1.00143 1.00143 1.00144 1.00144 1.00145 1.00145 1.00146 1.00146 1.00147 1.00147 1.00147 1.00148 1.00148 1.00149 1.00149 1.00149 1.0015 1.0015 1.00151 1.00151 1.00151 1.00152 1.00152 1.00152 1.00153 1.00153 1.00153 1.00153 1.00154 1.00154 1.00154 1.00154 1.00155 1.00155 1.00155 1.00155 1.00155 1.00156 1.00156 1.00156 1.00156 1.00156 1.00156 1.00156 1.00156 1.00156 1.00156 1.00156 1.00156 1.00156 1.00156 1.00156 1.00156 1.00156 1.00156 1.00112 1.00111 1.00155 1.00157 1.00159 1.00161 1.00163 1.00165 1.00166 1.00168 1.0017 1.00172 1.00174 1.00175 1.00177 1.00178 1.0018 1.00181 1.00183 1.00184 1.00185 1.00187 1.00188 1.00189 1.0019 1.0019 1.00191 1.00192 1.00192 1.00193 1.00193 1.00193 1.00193 1.00193 1.00193 1.00193 1.00192 1.00192 1.00191 1.0019 1.00189 1.00187 1.00186 1.00184 1.00182 1.0018 1.00178 1.00176 1.00173 1.0017 1.00167 1.00164 1.0016 1.00156 1.00152 1.00148 1.00144 1.00139 1.00134 1.00129 1.00123 1.00118 1.00112 1.00106 1.00099 1.00092 1.00086 1.00078 1.00071 1.00063 1.00056 1.00047 1.00039 1.00031 1.00022 1.00013 1.00004 0.999944 0.999849 0.999752 0.999654 0.999554 0.999453 0.99935 0.999246 0.999141 0.999036 0.99893 0.998823 0.998716 0.99861 0.998503 0.998398 0.998293 0.998189 0.998088 0.997988 0.997892 0.997799 0.99771 0.997626 0.997548 0.997573 0.997636
-19.2817 -19.2821 -19.283 -19.2841 -19.2851 -19.2863 -19.2875 -19.2887 -19.29 -19.2913 -19.2927 -19.294 -19.2954 -19.2968 -19.2981 -19.2995 -19.3009 -19.3022 -19.3036 -19.305 -19.3063 -19.3076 -19.3089 -19.3102 -19.3115 -19.3127 -19.3139 -19.3151 -19.3163 -19.3175 -19.3186 -19.3197 -19.3207 -19.3218 -19.3228 -19.3238 -19.3247 -19.3256 -19.3265 -19.3274 -19.3282 -19.329 -19.3298 -19.3305 -19.3312 -19.3319 -19.3325 -19.3331 -19.3337 -19.3342 -19.3347 -19.3352 -19.3357 -19.3361 -19.3365 -19.3368 -19.3372 -19.3375 -19.3378 -19.3381 -19.3383 -19.3385 -19.3387 -19.3389 -19.339 -19.3391 -19.3392 -19.3393 -19.3394 -19.3394 -19.3394 -19.3394 -19.3394 -19.3394 -19.3394 -19.3393 -19.3392 -19.3392 -19.3391 -19.339 -19.3388 -19.3387 -19.3386 -19.3384 -19.3382 -19.3381 -19.3379 -19.3377 -19.3375 -19.3373 -19.3371 -19.3369 -19.3367 -19.3364 -19.3362 -19.336 -19.3357 -19.3355 -19.3352 -19.335 -19.3347 -19.3338 -19.3337 -19.3346 -19.3346 -19.3346 -19.3346 -19.3346 -19.3347 -19.3347 -19.3347 -19.3347 -19.3347 -19.3347 -19.3347 -19.3346 -19.3346 -19.3346 -19.3346 -19.3346 -19.3346 -19.3346 -19.3345 -19.3345 -19.3345 -19.3345 -19.3345 -19.3344 -19.3344 -19.3344 -19.3343 -19.3343 -19.3343 -19.3342 -19.3342 -19.3341 -19.3341 -19.3341 -19.334 -19.334 -19.3339 -19.3339 -19.3338 -19.3338 -19.3337 -19.3337 -19.3336 -19.3336 -19.3335 -19.3335 -19.3334 -19.3333 -19.3333 -19.3332 -19.3332 -19.3331 -19.333 -19.333 -19.3329 -19.3328 -19.3328 -19.3327 -19.3326 -19.3326 -19.3325 -19.3324 -19.3324 -19.3323 -19.3322 -19.3321 -19.3321 -19.332 -19.3319 -19.3318 -19.3318 -19.3317 -19.3316 -19.3315 -19.3315 -19.3314 -19.3313 -19.3312 -19.3311 -19.3311 -19.331 -19.3309 -19.3308 -19.3308 -19.3307 -19.3306 -19.3305 -19.3304 -19.3303 -19.3303 -19.3302 -19.3301 -19.33 -19.3299 -19.3299 -19.3298 -19.3297 -19.3296 -19.3295 -19.3294 -19.3294 -19.3293 -19.3292 -19.3291 -19.329 -19.329 -19.3289 -19.3288 -19.3287 -19.3286 -19.3285 -19.3285 -19.3284 -19.3283 -19.3282 -19.3281 -19.328 -19.328 -19.3279 -19.3278 -19.3277 -19.3276 -19.3276 -19.3275 -19.3274 -19.3273 -19.3272 -19.3272 -19.3271 -19.327 -19.3269 -19.3268 -19.3268 -19.3267 -19.3266 -19.3265 -19.3264 -19.3264 -19.3263 -19.3262 -19.3261 -19.3261 -19.326 -19.3259 -19.3258 -19.3257 -19.3257 -19.3256 -19.3255 -19.3254 -19.3254 -19.3253 -19.3252 -19.3251 -19.3251 -19.325 -19.3249 -19.3249 -19.3248 -19.3247 -19.3246 -19.3246 -19.3245 -19.3244 -19.3244 -19.3243 -19.3242 -19.3241 -19.3241 -19.324 -19.3239 -19.3239 -19.3238 -19.3237 -19.3237 -19.3236 -19.3235 -19.3235 -19.3234 -19.3233 -19.3233 -19.3232 -19.3231 -19.3231 -19.323 -19.323 -19.3229 -19.3228 -19.3228 -19.3227 -19.3226 -19.3226 -19.3225 -19.3225 -19.3224 -19.3223 -19.3223 -19.3222 -19.3222 -19.3221 -19.3221 -19.322 -19.3219 -19.3219 -19.3218 -19.3218 -19.3217 -19.3217 -19.3216 -19.3215 -19.3215 -19.3214 -19.3214 -19.3213 -19.3213 -19.3212 -19.3212 -19.3211 -19.3211 -19.321 -19.321 -19.3209 -19.3209 -19.3208 -19.3208 -19.3207 -19.3207 -19.3206 -19.3206 -19.3205 -19.3205 -19.3204 -19.3204 -19.3203 -19.3203 -19.3202 -19.3202 -19.3202 -19.3201 -19.3201 -19.32 -19.32 -19.3199 -19.3199 -19.3198 -19.3198 -19.3198 -19.3197 -19.3197 -19.3196 -19.3196 -19.3196 -19.3195 -19.3181 -19.3181 -19.3195 -19.3195 -19.3196 -19.3196 -19.3197 -19.3197 -19.3197 -19.3198 -19.3198 -19.3199 -19.3199 -19.32 -19.32 -19.32 -19.3201 -19.3201 -19.3202 -19.3202 -19.3203 -19.3203 -19.3204 -19.3204 -19.3205 -19.3205 -19.3206 -19.3206 -19.3207 -19.3207 -19.3207 -19.3208 -19.3208 -19.3209 -19.3209 -19.321 -19.3211 -19.3211 -19.3212 -19.3212 -19.3213 -19.3213 -19.3214 -19.3214 -19.3215 -19.3215 -19.3216 -19.3216 -19.3217 -19.3217 -19.3218 -19.3219 -19.3219 -19.322 -19.322 -19.3221 -19.3221 -19.3222 -19.3223 -19.3223 -19.3224 -19.3224 -19.3225 -19.3226 -19.3226 -19.3227 -19.3227 -19.3228 -19.3229 -19.3229 -19.323 -19.3231 -19.3231 -19.3232 -19.3233 -19.3233 -19.3234 -19.3234 -19.3235 -19.3236 -19.3236 -19.3237 -19.3238 -19.3238 -19.3239 -19.324 -19.324 -19.3241 -19.3242 -19.3243 -19.3243 -19.3244 -19.3245 -19.3245 -19.3246 -19.3247 -19.3248 -19.3248 -19.3249 -19.325 -19.325 -19.3251 -19.3252 -19.3253 -19.3253 -19.3254 -19.3255 -19.3256 -19.3256 -19.3257 -19.3258 -19.3259 -19.3259 -19.326 -19.3261 -19.3262 -19.3263 -19.3263 -19.3264 -19.3265 -19.3266 -19.3266 -19.3267 -19.3268 -19.3269 -19.327 -19.327 -19.3271 -19.3272 -19.3273 -19.3274 -19.3274 -19.3275 -19.3276 -19.3277 -19.3278 -19.3278 -19.3279 -19.328 -19.3281 -19.3282 -19.3283 -19.3283 -19.3284 -19.3285 -19.3286 -19.3287 -19.3288 -19.3288 -19.3289 -19.329 -19.3291 -19.3292 -19.3292 -19.3293 -19.3294 -19.3295 -19.3296 -19.3297 -19.3297 -19.3298 -19.3299 -19.33 -19.3301 -19.3302 -19.3302 -19.3303 -19.3304 -19.3305 -19.3306 -19.3306 -19.3307 -19.3308 -19.3309 -19.331 -19.331 -19.3311 -19.3312 -19.3313 -19.3314 -19.3314 -19.3315 -19.3316 -19.3317 -19.3317 -19.3318 -19.3319 -19.332 -19.332 -19.3321 -19.3322 -19.3323 -19.3323 -19.3324 -19.3325 -19.3325 -19.3326 -19.3327 -19.3327 -19.3328 -19.3329 -19.3329 -19.333 -19.3331 -19.3331 -19.3332 -19.3333 -19.3333 -19.3334 -19.3334 -19.3335 -19.3335 -19.3336 -19.3337 -19.3337 -19.3338 -19.3338 -19.3339 -19.3339 -19.334 -19.334 -19.334 -19.3341 -19.3341 -19.3342 -19.3342 -19.3342 -19.3343 -19.3343 -19.3344 -19.3344 -19.3344 -19.3344 -19.3345 -19.3345 -19.3345 -19.3345 -19.3346 -19.3346 -19.3346 -19.3346 -19.3346 -19.3346 -19.3347 -19.3347 -19.3347 -19.3347 -19.3347 -19.3347 -19.3347 -19.3347 -19.3347 -19.3346 -19.3346 -19.3346 -19.3346 -19.3289 -19.3288 -19.3345 -19.3348 -19.335 -19.3353 -19.3355 -19.3358 -19.336 -19.3362 -19.3365 -19.3367 -19.3369 -19.3371 -19.3373 -19.3375 -19.3377 -19.3379 -19.3381 -19.3383 -19.3384 -19.3386 -19.3387 -19.3388 -19.339 -19.3391 -19.3392 -19.3393 -19.3393 -19.3394 -19.3394 -19.3394 -19.3395 -19.3394 -19.3394 -19.3394 -19.3393 -19.3392 -19.3391 -19.339 -19.3389 -19.3387 -19.3385 -19.3383 -19.338 -19.3378 -19.3375 -19.3372 -19.3368 -19.3365 -19.3361 -19.3356 -19.3352 -19.3347 -19.3342 -19.3336 -19.3331 -19.3324 -19.3318 -19.3311 -19.3304 -19.3297 -19.3289 -19.3282 -19.3273 -19.3265 -19.3256 -19.3247 -19.3237 -19.3227 -19.3217 -19.3207 -19.3196 -19.3185 -19.3174 -19.3162 -19.3151 -19.3139 -19.3126 -19.3114 -19.3101 -19.3088 -19.3075 -19.3062 -19.3049 -19.3035 -19.3022 -19.3008 -19.2994 -19.298 -19.2967 -19.2953 -19.2939 -19.2926 -19.2912 -19.2899 -19.2887 -19.2874 -19.2862 -19.2851 -19.284 -19.283 -19.2833 -19.2841
19.2817 19.2821 19.283 19.2841 19.2851 19.2863 19.2875 19.2887 19.29 19.2913 19.2927 19.294 19.2954 19.2968 19.2981 19.2995 19.3009 19.3022 19.3036 19.305 19.3063 19.3076 19.3089 19.3102 19.3115 19.3127 19.3139 19.3151 19.3163 19.3175 19.3186 19.3197 19.3207 19.3218 19.3228 19.3238 19.3247 19.3256 19.3265 19.3274 19.3282 19.329 19.3298 19.3305 19.3312 19.3319 19.3325 19.3331 19.3337 19.3342 19.3347 19.3352 19.3357 19.3361 19.3365 19.3368 19.3372 19.3375 19.3378 19.3381 19.3383 19.3385 19.3387 19.3389 19.339 19.3391 19.3392 19.3393 19.3394 19.3394 19.3394 19.3394 19.3394 19.3394 19.3394 19.3393 19.3392 19.3392 19.3391 19.339 19.3388 19.3387 19.3386 19.3384 19.3382 19.3381 19.3379 19.3377 19.3375 19.3373 19.3371 19.3369 19.3367 19.3364 19.3362 19.336 19.3357 19.3355 19.3352 19.335 19.3347 19.3338 19.3337 19.3346 19.3346 19.3346 19.3346 19.3346 19.3347 19.3347 19.3347 19.3347 19.3347 19.3347 19.3347 19.3346 19.3346 19.3346 19.3346 19.3346 19.3346 19.3346 19.3345 19.3345 19.3345 19.3345 19.3345 19.3344 19.3344 19.3344 19.3343 19.3343 19.3343 19.3342 19.3342 19.3341 19.3341 19.3341 19.334 19.334 19.3339 19.3339 19.3338 19.3338 19.3337 19.3337 19.3336 19.3336 19.3335 19.3335 19.3334 19.3333 19.3333 19.3332 19.3332 19.3331 19.333 19.333 19.3329 19.3328 19.3328 19.3327 19.3326 19.3326 19.3325 19.3324 19.3324 19.3323 19.3322 19.3321 19.3321 19.332 19.3319 19.3318 19.3318 19.3317 19.3316 19.3315 19.3315 19.3314 19.3313 19.3312 19.3311 19.3311 19.331 19.3309 19.3308 19.3308 19.3307 19.3306 19.3305 19.3304 19.3303 19.3303 19.3302 19.3301 19.33 19.3299 19.3299 19.3298 19.3297 19.3296 19.3295 19.3294 19.3294 19.3293 19.3292 19.3291 19.329 19.329 19.3289 19.3288 19.3287 19.3286 19.3285 19.3285 19.3284 19.3283 19.3282 19.3281 19.328 19.328 19.3279 19.3278 19.3277 19.3276 19.3276 19.3275 19.3274 19.3273 19.3272 19.3272 19.3271 19.327 19.3269 19.3268 19.3268 19.3267 19.3266 19.3265 19.3264 19.3264 19.3263 19.3262 19.3261 19.3261 19.326 19.3259 19.3258 19.3257 19.3257 19.3256 19.3255 19.3254 19.3254 19.3253 19.3252 19.3251 19.3251 19.325 19.3249 19.3249 19.3248 19.3247 19.3246 19.3246 19.3245 19.3244 19.3244 19.3243 19.3242 19.3241 19.3241 19.324 19.3239 19.3239 19.3238 19.3237 19.3237 19.3236 19.3235 19.3235 19.3234 19.3233 19.3233 19.3232 19.3231 19.3231 19.323 19.323 19.3229 19.3228 19.3228 19.3227 19.3226 19.3226 19.3225 19.3225 19.3224 19.3223 19.3223 19.3222 19.3222 19.3221 19.3221 19.322 19.3219 19.3219 19.3218 19.3218 19.3217 19.3217 19.3216 19.3215 19.3215 19.3214 19.3214 19.3213 19.3213 19.3212 19.3212 19.3211 19.3211 19.321 19.321 19.3209 19.3209 19.3208 19.3208 19.3207 19.3207 19.3206 19.3206 19.3205 19.3205 19.3204 19.3204 19.3203 19.3203 19.3202 19.3202 19.3202 19.3201 19.3201 19.32 19.32 19.3199 19.3199 19.3198 19.3198 19.3198 19.3197 19.3197 19.3196 19.3196 19.3196 19.3195 19.3181 19.3181 19.3195 19.3195 19.3196 19.3196 19.3197 19.3197 19.3197 19.3198 19.3198 19.3199 19.3199 19.32 19.32 19.32 19.3201 19.3201 19.3202 19.3202 19.3203 19.3203 19.3204 19.3204 19.3205 19.3205 19.3206 19.3206 19.3207 19.3207 19.3207 19.3208 19.3208 19.3209 19.3209 19.321 19.3211 19.3211 19.3212 19.3212 19.3213 19.3213 19.3214 19.3214 19.3215 19.3215 19.3216 19.3216 19.3217 19.3217 19.3218 19.3219 19.3219 19.322 19.322 19.3221 19.3221 19.3222 19.3223 19.3223 19.3224 19.3224 19.3225 19.3226 19.3226 19.3227 19.3227 19.3228 19.3229 19.3229 19.323 19.3231 19.3231 19.3232 19.3233 19.3233 19.3234 19.3234 19.3235 19.3236 19.3236 19.3237 19.3238 19.3238 19.3239 19.324 19.324 19.3241 19.3242 19.3243 19.3243 19.3244 19.3245 19.3245 19.3246 19.3247 19.3248 19.3248 19.3249 19.325 19.325 19.3251 19.3252 19.3253 19.3253 19.3254 19.3255 19.3256 19.3256 19.3257 19.3258 19.3259 19.3259 19.326 19.3261 19.3262 19.3263 19.3263 19.3264 19.3265 19.3266 19.3266 19.3267 19.3268 19.3269 19.327 19.327 19.3271 19.3272 19.3273 19.3274 19.3274 19.3275 19.3276 19.3277 19.3278 19.3278 19.3279 19.328 19.3281 19.3282 19.3283 19.3283 19.3284 19.3285 19.3286 19.3287 19.3288 19.3288 19.3289 19.329 19.3291 19.3292 19.3292 19.3293 19.3294 19.3295 19.3296 19.3297 19.3297 19.3298 19.3299 19.33 19.3301 19.3302 19.3302 19.3303 19.3304 19.3305 19.3306 19.3306 19.3307 19.3308 19.3309 19.331 19.331 19.3311 19.3312 19.3313 19.3314 19.3314 19.3315 19.3316 19.3317 19.3317 19.3318 19.3319 19.332 19.332 19.3321 19.3322 19.3323 19.3323 19.3324 19.3325 19.3325 19.3326 19.3327 19.3327 19.3328 19.3329 19.3329 19.333 19.3331 19.3331 19.3332 19.3333 19.3333 19.3334 19.3334 19.3335 19.3335 19.3336 19.3337 19.3337 19.3338 19.3338 19.3339 19.3339 19.334 19.334 19.334 19.3341 19.3341 19.3342 19.3342 19.3342 19.3343 19.3343 19.3344 19.3344 19.3344 19.3344 19.3345 19.3345 19.3345 19.3345 19.3346 19.3346 19.3346 19.3346 19.3346 19.3346 19.3347 19.3347 19.3347 19.3347 19.3347 19.3347 19.3347 19.3347 19.3347 19.3346 19.3346 19.3346 19.3346 19.3289 19.3288 19.3345 19.3348 19.335 19.3353 19.3355 19.3358 19.336 19.3362 19.3365 19.3367 19.3369 19.3371 19.3373 19.3375 19.3377 19.3379 19.3381 19.3383 19.3384 19.3386 19.3387 19.3388 19.339 19.3391 19.3392 19.3393 19.3393 19.3394 19.3394 19.3394 19.3395 19.3394 19.3394 19.3394 19.3393 19.3392 19.3391 19.339 19.3389 19.3387 19.3385 19.3383 19.338 19.3378 19.3375 19.3372 19.3368 19.3365 19.3361 19.3356 19.3352 19.3347 19.3342 19.3336 19.3331 19.3324 19.3318 19.3311 19.3304 19.3297 19.3289 19.3282 19.3273 19.3265 19.3256 19.3247 19.3237 19.3227 19.3217 19.3207 19.3196 19.3185 19.3174 19.3162 19.3151 19.3139 19.3126 19.3114 19.3101 19.3088 19.3075 19.3062 19.3049 19.3035 19.3022 19.3008 19.2994 19.298 19.2967 19.2953 19.2939 19.2926 19.2912 19.2899 19.2887 19.2874 19.2862 19.2851 19.284 19.283 19.2833 19.2841
1 1 1 1 1 1 1 1 1 1 1 1 1 1 1 1 1 1 1 1 1 1 1 1 1 1 1 1 1 1 1 1 1 1 1 1 1 1 1 1 1 1 1 1 1 1 1 1 1 1 1 1 1 1 1 1 1 1 1 1 1 1 1 1 1 1 1 1 1 1 1 1 1 1 1 1 1 1 1 1 1 1 1 1 1 1 1 1 1 1 1 1 1 1 1 1 1 1 1 1 1 1 1 1 1 1 1 1 1 1 1 1 1 1 1 1 1 1 1 1 1 1 1 1 1 1 1 1 1 1 1 1 1 1 1 1 1 1 1 1 1 1 1 1 1 1 1 1 1 1 1 1 1 1 1 1 1 1 1 1 1 1 1 1 1 1 1 1 1 1 1 1 1 1 1 1 1 1 1 1 1 1 1 1 1 1 1 1 1 1 1 1 1 1 1 1 1 1 1 1 1 1 1 1 1 1 1 1 1 1 1 1 1 1 1 1 1 1 1 1 1 1 1 1 1 1 1 1 1 1 1 1 1 1 1 1 1 1 1 1 1 1 1 1 1 1 1 1 1 1 1 1 1 1 1 1 1 1 1 1 1 1 1 1 1 1 1 1 1 1 1 1 1 1 1 1 1 1 1 1 1 1 1 1 1 1 1 1 1 1 1 1 1 1 1 1 1 1 1 1 1 1 1 1 1 1 1 1 1 1 1 1 1 1 1 1 1 1 1 1 1 1 1 1 1 1 1 1 1 1 1 1 1 1 1 1 1 1 1 1 1 1 1 1 1 1 1 1 1 1 1 1 1 1 1 1 1 1 1 1 1 1 1 1 1 1 1 1 1 1 1 1 1 1 1 1 1 1 1 1 1 1 1 1 1 1 1 1 1 1 1 1 1 1 1 1 1 1 1 1 1 1 1 1 1 1 1 1 1 1 1 1 1 1 1 1 1 1 1 1 1 1 1 1 1 1 1 1 1 1 1 1 1 1 1 1 1 1 1 1 1 1 1 1 1 1 1 1 1 1 1 1 1 1 1 1 1 1 1 1 1 1 1 1 1 1 1 1 1 1 1 1 1 1 1 1 1 1 1 1 1 1 1 1 1 1 1 1 1 1 1 1 1 1 1 1 1 1 1 1 1 1 1 1 1 1 1 1 1 1 1 1 1 1 1 1 1 1 1 1 1 1 1 1 1 1 1 1 1 1 1 1 1 1 1 1 1 1 1 1 1 1 1 1 1 1 1 1 1 1 1 1 1 1 1 1 1 1 1 1 1 1 1 1 1 1 1 1 1 1 1 1 1 1 1 1 1 1 1 1 1 1 1 1 1 1 1 1 1 1 1 1 1 1 1 1 1 1 1 1 1 1 1 1 1 1 1 1 1 1 1 1 1 1 1 1 1 1 1 1 1 1 1 1 1 1 1 1 1 1 1 1 1 1 1 1 1 1 1 1 1 1 1 1 1 1 1 1 1 1 1 1 1 1 1 1 1 1 1 1 1 1 1 1 1 1 1 1 1 1 1 1 1 1 1 1 1 1 1 1 1 1 1 1 1 1 1 1 1 1 1 1 1 1 1 1 1 1 1 1 1 1 1 1 1 1 1 1 1 1 1 1 1 1 1 1 1
1e+07 1.01154e+07 1.03488e+07 1.05876e+07 1.0832e+07 1.10819e+07 1.13377e+07 1.15993e+07 1.1867e+07 1.21408e+07 1.2421e+07 1.27077e+07 1.30009e+07 1.33009e+07 1.36079e+07 1.39219e+07 1.42432e+07 1.45719e+07 1.49081e+07 1.52522e+07 1.56041e+07 1.59642e+07 1.63326e+07 1.67095e+07 1.70952e+07 1.74897e+07 1.78933e+07 1.83062e+07 1.87286e+07 1.91608e+07 1.9603e+07 2.00554e+07 2.05182e+07 2.09917e+07 2.14761e+07 2.19717e+07 2.24788e+07 2.29975e+07 2.35282e+07 2.40712e+07 2.46267e+07 2.5195e+07 2.57764e+07 2.63712e+07 2.69798e+07 2.76024e+07 2.82394e+07 2.88911e+07 2.95578e+07 3.02399e+07 3.09377e+07 3.16517e+07 3.23821e+07 3.31294e+07 3.38939e+07 3.46761e+07 3.54763e+07 3.6295e+07 3.71326e+07 3.79895e+07 3.88661e+07 3.97631e+07 4.06807e+07 4.16194e+07 4.25799e+07 4.35625e+07 4.45678e+07 4.55963e+07 4.66485e+07 4.7725e+07 4.88264e+07 4.99531e+07 5.11059e+07 5.22852e+07 5.34918e+07 5.47263e+07 5.59892e+07 5.72812e+07 5.86031e+07 5.99555e+07 6.13391e+07 6.27546e+07 6.42028e+07 6.56844e+07 6.72002e+07 6.87509e+07 7.03375e+07 7.19607e+07 7.36213e+07 7.53203e+07 7.70584e+07 7.88367e+07 8.0656e+07 8.25173e+07 8.44215e+07 8.63697e+07 8.83629e+07 9.0402e+07 9.24882e+07 9.46226e+07 9.68062e+07 1.0302e+08 1.04065e+08 1.00455e+08 1.01368e+08 1.02289e+08 1.03219e+08 1.04158e+08 1.05104e+08 1.0606e+08 1.07024e+08 1.07997e+08 1.08979e+08 1.0997e+08 1.10969e+08 1.11978e+08 1.12996e+08 1.14023e+08 1.1506e+08 1.16106e+08 1.17161e+08 1.18227e+08 1.19301e+08 1.20386e+08 1.2148e+08 1.22585e+08 1.23699e+08 1.24824e+08 1.25958e+08 1.27103e+08 1.28259e+08 1.29425e+08 1.30601e+08 1.31789e+08 1.32987e+08 1.34196e+08 1.35416e+08 1.36647e+08 1.37889e+08 1.39143e+08 1.40408e+08 1.41684e+08 1.42972e+08 1.44272e+08 1.45583e+08 1.46907e+08 1.48242e+08 1.4959e+08 1.5095e+08 1.52322e+08 1.53707e+08 1.55104e+08 1.56514e+08 1.57937e+08 1.59373e+08 1.60822e+08 1.62284e+08 1.63759e+08 1.65248e+08 1.6675e+08 1.68266e+08 1.69796e+08 1.71339e+08 1.72897e+08 1.74469e+08 1.76055e+08 1.77655e+08 1.7927e+08 1.809e+08 1.82545e+08 1.84204e+08 1.85879e+08 1.87568e+08 1.89274e+08 1.90994e+08 1.92731e+08 1.94483e+08 1.96251e+08 1.98035e+08 1.99835e+08 2.01652e+08 2.03485e+08 2.05335e+08 2.07202e+08 2.09085e+08 2.10986e+08 2.12904e+08 2.1484e+08 2.16793e+08 2.18763e+08 2.20752e+08 2.22759e+08 2.24784e+08 2.26828e+08 2.2889e+08 2.30971e+08 2.3307e+08 2.35189e+08 2.37327e+08 2.39485e+08 2.41662e+08 2.43859e+08 2.46076e+08 2.48313e+08 2.5057e+08 2.52848e+08 2.55147e+08 2.57466e+08 2.59807e+08 2.62169e+08 2.64552e+08 2.66957e+08 2.69384e+08 2.71833e+08 2.74304e+08 2.76798e+08 2.79314e+08 2.81853e+08 2.84416e+08 2.87001e+08 2.8961e+08 2.92243e+08 2.949e+08 2.97581e+08 3.00286e+08 3.03016e+08 3.05771e+08 3.0855e+08 3.11355e+08 3.14186e+08 3.17042e+08 3.19924e+08 3.22833e+08 3.25768e+08 3.28729e+08 3.31717e+08 3.34733e+08 3.37776e+08 3.40847e+08 3.43945e+08 3.47072e+08 3.50227e+08 3.53411e+08 3.56624e+08 3.59866e+08 3.63138e+08 3.66439e+08 3.6977e+08 3.73132e+08 3.76524e+08 3.79947e+08 3.83401e+08 3.86886e+08 3.90403e+08 3.93953e+08 3.97534e+08 4.01148e+08 4.04795e+08 4.08475e+08 4.12188e+08 4.15935e+08 4.19716e+08 4.23532e+08 4.27382e+08 4.31268e+08 4.35188e+08 4.39145e+08 4.43137e+08 4.47165e+08 4.5123e+08 4.55332e+08 4.59472e+08 4.63649e+08 4.67864e+08 4.72117e+08 4.76409e+08 4.8074e+08 4.85111e+08 4.89521e+08 4.93971e+08 4.98461e+08 5.02993e+08 5.07566e+08 5.1218e+08 5.16836e+08 5.21534e+08 5.26276e+08 5.3106e+08 5.35888e+08 5.4076e+08 5.45676e+08 5.50636e+08 5.55642e+08 5.60693e+08 5.65791e+08 5.70934e+08 5.76124e+08 5.81362e+08 5.86647e+08 5.9198e+08 5.97362e+08 6.02792e+08 6.08272e+08 6.13802e+08 6.19382e+08 6.25013e+08 6.30695e+08 6.36428e+08 6.42214e+08 6.48052e+08 6.53944e+08 6.59889e+08 6.65888e+08 6.71941e+08 6.7805e+08 6.84214e+08 6.90434e+08 6.96711e+08 7.03044e+08 7.09436e+08 7.15885e+08 7.22393e+08 7.2896e+08 7.35587e+08 7.42274e+08 7.49022e+08 7.55832e+08 7.62703e+08 7.69637e+08 7.76633e+08 7.83694e+08 7.90818e+08 7.98007e+08 8.05262e+08 8.12582e+08 8.1997e+08 8.27424e+08 8.34946e+08 8.42536e+08 8.50196e+08 8.57925e+08 8.65724e+08 8.73594e+08 8.81536e+08 8.8955e+08 8.97637e+08 9.05797e+08 9.14032e+08 9.22341e+08 9.30726e+08 9.39187e+08 9.47725e+08 9.56341e+08 9.65035e+08 9.73808e+08 9.82661e+08 9.91594e+08 1.6533e+09 1.65525e+09 9.95495e+08 9.86527e+08 9.77639e+08 9.68832e+08 9.60104e+08 9.51454e+08 9.42882e+08 9.34388e+08 9.2597e+08 9.17628e+08 9.09361e+08 9.01169e+08 8.9305e+08 8.85005e+08 8.77031e+08 8.6913e+08 8.613e+08 8.53541e+08 8.45851e+08 8.38231e+08 8.30679e+08 8.23196e+08 8.1578e+08 8.0843e+08 8.01147e+08 7.9393e+08 7.86777e+08 7.79689e+08 7.72665e+08 7.65704e+08 7.58806e+08 7.51969e+08 7.45195e+08 7.38481e+08 7.31828e+08 7.25235e+08 7.18702e+08 7.12227e+08 7.05811e+08 6.99452e+08 6.93151e+08 6.86906e+08 6.80718e+08 6.74585e+08 6.68508e+08 6.62485e+08 6.56517e+08 6.50602e+08 6.44741e+08 6.38932e+08 6.33176e+08 6.27472e+08 6.21819e+08 6.16217e+08 6.10666e+08 6.05164e+08 5.99712e+08 5.94309e+08 5.88955e+08 5.83649e+08 5.78391e+08 5.7318e+08 5.68017e+08 5.62899e+08 5.57828e+08 5.52803e+08 5.47823e+08 5.42887e+08 5.37996e+08 5.3315e+08 5.28346e+08 5.23587e+08 5.1887e+08 5.14195e+08 5.09563e+08 5.04972e+08 5.00423e+08 4.95914e+08 4.91447e+08 4.87019e+08 4.82632e+08 4.78284e+08 4.73975e+08 4.69705e+08 4.65473e+08 4.6128e+08 4.57124e+08 4.53006e+08 4.48925e+08 4.4488e+08 4.40872e+08 4.36901e+08 4.32964e+08 4.29064e+08 4.25198e+08 4.21368e+08 4.17572e+08 4.1381e+08 4.10082e+08 4.06387e+08 4.02726e+08 3.99098e+08 3.95503e+08 3.9194e+08 3.88409e+08 3.84909e+08 3.81442e+08 3.78005e+08 3.746e+08 3.71225e+08 3.67881e+08 3.64566e+08 3.61282e+08 3.58027e+08 3.54802e+08 3.51605e+08 3.48438e+08 3.45299e+08 3.42188e+08 3.39105e+08 3.3605e+08 3.33023e+08 3.30022e+08 3.27049e+08 3.24103e+08 3.21183e+08 3.18289e+08 3.15422e+08 3.1258e+08 3.09764e+08 3.06974e+08 3.04208e+08 3.01468e+08 2.98752e+08 2.9606e+08 2.93393e+08 2.9075e+08 2.8813e+08 2.85535e+08 2.82962e+08 2.80413e+08 2.77887e+08 2.75383e+08 2.72902e+08 2.70444e+08 2.68007e+08 2.65593e+08 2.632e+08 2.60829e+08 2.58479e+08 2.56151e+08 2.53843e+08 2.51556e+08 2.4929e+08 2.47044e+08 2.44818e+08 2.42613e+08 2.40427e+08 2.38261e+08 2.36114e+08 2.33987e+08 2.31879e+08 2.2979e+08 2.2772e+08 2.25669e+08 2.23636e+08 2.21621e+08 2.19624e+08 2.17646e+08 2.15685e+08 2.13742e+08 2.11816e+08 2.09908e+08 2.08017e+08 2.06143e+08 2.04286e+08 2.02445e+08 2.00621e+08 1.98814e+08 1.97023e+08 1.95248e+08 1.93489e+08 1.91746e+08 1.90018e+08 1.88306e+08 1.8661e+08 1.84929e+08 1.83263e+08 1.81612e+08 1.79976e+08 1.78354e+08 1.76747e+08 1.75155e+08 1.73577e+08 1.72013e+08 1.70464e+08 1.68928e+08 1.67406e+08 1.65898e+08 1.64403e+08 1.62922e+08 1.61455e+08 1.6e+08 1.58559e+08 1.5713e+08 1.55715e+08 1.54312e+08 1.52921e+08 1.51544e+08 1.50179e+08 1.48826e+08 1.47485e+08 1.46156e+08 1.44839e+08 1.43535e+08 1.42241e+08 1.4096e+08 1.3969e+08 1.38432e+08 1.37184e+08 1.35949e+08 1.34724e+08 1.3351e+08 1.32307e+08 1.31115e+08 1.29934e+08 1.28764e+08 1.27604e+08 1.26454e+08 1.25315e+08 1.24186e+08 1.23067e+08 1.21958e+08 1.2086e+08 1.19771e+08 1.18692e+08 1.17622e+08 1.16563e+08 1.15513e+08 1.14472e+08 1.13441e+08 1.12419e+08 1.11406e+08 1.10402e+08 1.09408e+08 1.08422e+08 1.07445e+08 1.06477e+08 1.05518e+08 1.04567e+08 1.03625e+08 1.02692e+08 1.01767e+08 1.0085e+08 1.65132e+08 1.64935e+08 9.88722e+07 9.6642e+07 9.44621e+07 9.23314e+07 9.02487e+07 8.8213e+07 8.62232e+07 8.42784e+07 8.23773e+07 8.05192e+07 7.8703e+07 7.69277e+07 7.51925e+07 7.34964e+07 7.18386e+07 7.02182e+07 6.86343e+07 6.70862e+07 6.5573e+07 6.40939e+07 6.26482e+07 6.1235e+07 5.98538e+07 5.85037e+07 5.71841e+07 5.58942e+07 5.46334e+07 5.34011e+07 5.21966e+07 5.10192e+07 4.98684e+07 4.87436e+07 4.76441e+07 4.65694e+07 4.5519e+07 4.44922e+07 4.34886e+07 4.25077e+07 4.15489e+07 4.06117e+07 3.96956e+07 3.88002e+07 3.7925e+07 3.70696e+07 3.62334e+07 3.54161e+07 3.46173e+07 3.38364e+07 3.30732e+07 3.23272e+07 3.1598e+07 3.08853e+07 3.01886e+07 2.95077e+07 2.88421e+07 2.81915e+07 2.75556e+07 2.6934e+07 2.63265e+07 2.57327e+07 2.51522e+07 2.45849e+07 2.40304e+07 2.34883e+07 2.29585e+07 2.24406e+07 2.19345e+07 2.14397e+07 2.09561e+07 2.04834e+07 2.00214e+07 1.95698e+07 1.91283e+07 1.86969e+07 1.82751e+07 1.78629e+07 1.746e+07 1.70662e+07 1.66812e+07 1.63049e+07 1.59372e+07 1.55777e+07 1.52263e+07 1.48829e+07 1.45471e+07 1.4219e+07 1.38983e+07 1.35848e+07 1.32784e+07 1.29789e+07 1.26861e+07 1.23999e+07 1.21202e+07 1.18469e+07 1.15796e+07 1.13184e+07 1.10631e+07 1.08136e+07 1.05697e+07 1.03313e+07 1.0504e+07 1.07946e+07
1e-07 9.88722e-08 9.6642e-08 9.44621e-08 9.23314e-08 9.02487e-08 8.8213e-08 8.62232e-08 8.42784e-08 8.23773e-08 8.05192e-08 7.8703e-08 7.69277e-08 7.51925e-08 7.34964e-08 7.18386e-08 7.02182e-08 6.86343e-08 6.70862e-08 6.5573e-08 6.40939e-08 6.26482e-08 6.1235e-08 5.98538e-08 5.85037e-08 5.71841e-08 5.58942e-08 5.46334e-08 5.34011e-08 5.21966e-08 5.10192e-08 4.98684e-08 4.87436e-08 4.76441e-08 4.65694e-08 4.5519e-08 4.44922e-08 4.34886e-08 4.25077e-08 4.15489e-08 4.06117e-08 3.96956e-08 3.88002e-08 3.7925e-08 3.70696e-08 3.62334e-08 3.54161e-08 3.46173e-08 3.38364e-08 3.30732e-08 3.23272e-08 3.1598e-08 3.08853e-08 3.01886e-08 2.95077e-08 2.88421e-08 2.81915e-08 2.75556e-08 2.6934e-08 2.63265e-08 2.57327e-08 2.51522e-08 2.45849e-08 2.40304e-08 2.34883e-08 2.29585e-08 2.24406e-08 2.19345e-08 2.14397e-08 2.09561e-08 2.04834e-08 2.00214e-08 1.95698e-08 1.91283e-08 1.86969e-08 1.82751e-08 1.78629e-08 1.746e-08 1.70662e-08 1.66812e-08 1.63049e-08 1.59372e-08 1.55777e-08 1.52263e-08 1.48829e-08 1.45471e-08 1.4219e-08 1.38983e-08 1.35848e-08 1.32784e-08 1.29789e-08 1.26861e-08 1.23999e-08 1.21202e-08 1.18469e-08 1.15796e-08 1.13184e-08 1.10631e-08 1.08136e-08 1.05697e-08 1.03313e-08 9.73078e-09 9.62407e-09 9.95495e-09 9.86527e-09 9.77639e-09 9.68832e-09 9.60104e-09 9.51454e-09 9.42882e-09 9.34388e-09 9.2597e-09 9.17628e-09 9.09361e-09 9.01169e-09 8.9305e-09 8.85005e-09 8.77031e-09 8.6913e-09 8.613e-09 8.53541e-09 8.45851e-09 8.38231e-09 8.30679e-09 8.23196e-09 8.1578e-09 8.0843e-09 8.01147e-09 7.9393e-09 7.86777e-09 7.79689e-09 7.72665e-09 7.65704e-09 7.58806e-09 7.51969e-09 7.45195e-09 7.38481e-09 7.31828e-09 7.25235e-09 7.18702e-09 7.12227e-09 7.05811e-09 6.99452e-09 6.93151e-09 6.86906e-09 6.80718e-09 6.74585e-09 6.68508e-09 6.62485e-09 6.56517e-09 6.50602e-09 6.44741e-09 6.38932e-09 6.33176e-09 6.27472e-09 6.21819e-09 6.16217e-09 6.10666e-09 6.05164e-09 5.99712e-09 5.94309e-09 5.88955e-09 5.83649e-09 5.78391e-09 5.7318e-09 5.68017e-09 5.62899e-09 5.57828e-09 5.52803e-09 5.47823e-09 5.42887e-09 5.37996e-09 5.3315e-09 5.28346e-09 5.23587e-09 5.1887e-09 5.14195e-09 5.09563e-09 5.04972e-09 5.00423e-09 4.95914e-09 4.91447e-09 4.87019e-09 4.82632e-09 4.78284e-09 4.73975e-09 4.69705e-09 4.65473e-09 4.6128e-09 4.57124e-09 4.53006e-09 4.48925e-09 4.4488e-09 4.40872e-09 4.36901e-09 4.32964e-09 4.29064e-09 4.25198e-09 4.21368e-09 4.17572e-09 4.1381e-09 4.10082e-09 4.06387e-09 4.02726e-09 3.99098e-09 3.95503e-09 3.9194e-09 3.88409e-09 3.84909e-09 3.81442e-09 3.78005e-09 3.746e-09 3.71225e-09 3.67881e-09 3.64566e-09 3.61282e-09 3.58027e-09 3.54802e-09 3.51605e-09 3.48438e-09 3.45299e-09 3.42188e-09 3.39105e-09 3.3605e-09 3.33023e-09 3.30022e-09 3.27049e-09 3.24103e-09 3.21183e-09 3.18289e-09 3.15422e-09 3.1258e-09 3.09764e-09 3.06974e-09 3.04208e-09 3.01468e-09 2.98752e-09 2.9606e-09 2.93393e-09 2.9075e-09 2.8813e-09 2.85535e-09 2.82962e-09 2.80413e-09 2.77887e-09 2.75383e-09 2.72902e-09 2.70444e-09 2.68007e-09 2.65593e-09 2.632e-09 2.60829e-09 2.58479e-09 2.56151e-09 2.53843e-09 2.51556e-09 2.4929e-09 2.47044e-09 2.44818e-09 2.42613e-09 2.40427e-09 2.38261e-09 2.36114e-09 2.33987e-09 2.31879e-09 2.2979e-09 2.2772e-09 2.25669e-09 2.23636e-09 2.21621e-09 2.19624e-09 2.17646e-09 2.15685e-09 2.13742e-09 2.11816e-09 2.09908e-09 2.08017e-09 2.06143e-09 2.04286e-09 2.02445e-09 2.00621e-09 1.98814e-09 1.97023e-09 1.95248e-09 1.93489e-09 1.91746e-09 1.90018e-09 1.88306e-09 1.8661e-09 1.84929e-09 1.83263e-09 1.81612e-09 1.79976e-09 1.78354e-09 1.76747e-09 1.75155e-09 1.73577e-09 1.72013e-09 1.70464e-09 1.68928e-09 1.67406e-09 1.65898e-09 1.64403e-09 1.62922e-09 1.61455e-09 1.6e-09 1.58559e-09 1.5713e-09 1.55715e-09 1.54312e-09 1.52921e-09 1.51544e-09 1.50179e-09 1.48826e-09 1.47485e-09 1.46156e-09 1.44839e-09 1.43535e-09 1.42241e-09 1.4096e-09 1.3969e-09 1.38432e-09 1.37184e-09 1.35949e-09 1.34724e-09 1.3351e-09 1.32307e-09 1.31115e-09 1.29934e-09 1.28764e-09 1.27604e-09 1.26454e-09 1.25315e-09 1.24186e-09 1.23067e-09 1.21958e-09 1.2086e-09 1.19771e-09 1.18692e-09 1.17622e-09 1.16563e-09 1.15513e-09 1.14472e-09 1.13441e-09 1.12419e-09 1.11406e-09 1.10402e-09 1.09408e-09 1.08422e-09 1.07445e-09 1.06477e-09 1.05518e-09 1.04567e-09 1.03625e-09 1.02692e-09 1.01767e-09 1.0085e-09 7.1837e-10 7.16403e-10 1.00455e-09 1.01368e-09 1.02289e-09 1.03219e-09 1.04158e-09 1.05104e-09 1.0606e-09 1.07024e-09 1.07997e-09 1.08979e-09 1.0997e-09 1.10969e-09 1.11978e-09 1.12996e-09 1.14023e-09 1.1506e-09 1.16106e-09 1.17161e-09 1.18227e-09 1.19301e-09 1.20386e-09 1.2148e-09 1.22585e-09 1.23699e-09 1.24824e-09 1.25958e-09 1.27103e-09 1.28259e-09 1.29425e-09 1.30601e-09 1.31789e-09 1.32987e-09 1.34196e-09 1.35416e-09 1.36647e-09 1.37889e-09 1.39143e-09 1.40408e-09 1.41684e-09 1.42972e-09 1.44272e-09 1.45583e-09 1.46907e-09 1.48242e-09 1.4959e-09 1.5095e-09 1.52322e-09 1.53707e-09 1.55104e-09 1.56514e-09 1.57937e-09 1.59373e-09 1.60822e-09 1.62284e-09 1.63759e-09 1.65248e-09 1.6675e-09 1.68266e-09 1.69796e-09 1.71339e-09 1.72897e-09 1.74469e-09 1.76055e-09 1.77655e-09 1.7927e-09 1.809e-09 1.82545e-09 1.84204e-09 1.85879e-09 1.87568e-09 1.89274e-09 1.90994e-09 1.92731e-09 1.94483e-09 1.96251e-09 1.98035e-09 1.99835e-09 2.01652e-09 2.03485e-09 2.05335e-09 2.07202e-09 2.09085e-09 2.10986e-09 2.12904e-09 2.1484e-09 2.16793e-09 2.18763e-09 2.20752e-09 2.22759e-09 2.24784e-09 2.26828e-09 2.2889e-09 2.30971e-09 2.3307e-09 2.35189e-09 2.37327e-09 2.39485e-09 2.41662e-09 2.43859e-09 2.46076e-09 2.48313e-09 2.5057e-09 2.52848e-09 2.55147e-09 2.57466e-09 2.59807e-09 2.62169e-09 2.64552e-09 2.66957e-09 2.69384e-09 2.71833e-09 2.74304e-09 2.76798e-09 2.79314e-09 2.81853e-09 2.84416e-09 2.87001e-09 2.8961e-09 2.92243e-09 2.949e-09 2.97581e-09 3.00286e-09 3.03016e-09 3.05771e-09 3.0855e-09 3.11355e-09 3.14186e-09 3.17042e-09 3.19924e-09 3.22833e-09 3.25768e-09 3.28729e-09 3.31717e-09 3.34733e-09 3.37776e-09 3.40847e-09 3.43945e-09 3.47072e-09 3.50227e-09 3.53411e-09 3.56624e-09 3.59866e-09 3.63138e-09 3.66439e-09 3.6977e-09 3.73132e-09 3.76524e-09 3.79947e-09 3.83401e-09 3.86886e-09 3.90403e-09 3.93953e-09 3.97534e-09 4.01148e-09 4.04795e-09 4.08475e-09 4.12188e-09 4.15935e-09 4.19716e-09 4.23532e-09 4.27382e-09 4.31268e-09 4.35188e-09 4.39145e-09 4.43137e-09 4.47165e-09 4.5123e-09 4.55332e-09 4.59472e-09 4.63649e-09 4.67864e-09 4.72117e-09 4.76409e-09 4.8074e-09 4.85111e-09 4.89521e-09 4.93971e-09 4.98461e-09 5.02993e-09 5.07566e-09 5.1218e-09 5.16836e-09 5.21534e-09 5.26276e-09 5.3106e-09 5.35888e-09 5.4076e-09 5.45676e-09 5.50636e-09 5.55642e-09 5.60693e-09 5.65791e-09 5.70934e-09 5.76124e-09 5.81362e-09 5.86647e-09 5.9198e-09 5.97362e-09 6.02792e-09 6.08272e-09 6.13802e-09 6.19382e-09 6.25013e-09 6.30695e-09 6.36428e-09 6.42214e-09 6.48052e-09 6.53944e-09 6.59889e-09 6.65888e-09 6.71941e-09 6.7805e-09 6.84214e-09 6.90434e-09 6.96711e-09 7.03044e-09 7.09436e-09 7.15885e-09 7.22393e-09 7.2896e-09 7.35587e-09 7.42274e-09 7.49022e-09 7.55832e-09 7.62703e-09 7.69637e-09 7.76633e-09 7.83694e-09 7.90818e-09 7.98007e-09 8.05262e-09 8.12582e-09 8.1997e-09 8.27424e-09 8.34946e-09 8.42536e-09 8.50196e-09 8.57925e-09 8.65724e-09 8.73594e-09 8.81536e-09 8.8955e-09 8.97637e-09 9.05797e-09 9.14032e-09 9.22341e-09 9.30726e-09 9.39187e-09 9.47725e-09 9.56341e-09 9.65035e-09 9.73808e-09 9.82661e-09 9.91594e-09 7.15554e-09 7.17514e-09 1.01154e-08 1.03488e-08 1.05876e-08 1.0832e-08 1.10819e-08 1.13377e-08 1.15993e-08 1.1867e-08 1.21408e-08 1.2421e-08 1.27077e-08 1.30009e-08 1.33009e-08 1.36079e-08 1.39219e-08 1.42432e-08 1.45719e-08 1.49081e-08 1.52522e-08 1.56041e-08 1.59642e-08 1.63326e-08 1.67095e-08 1.70952e-08 1.74897e-08 1.78933e-08 1.83062e-08 1.87286e-08 1.91608e-08 1.9603e-08 2.00554e-08 2.05182e-08 2.09917e-08 2.14761e-08 2.19717e-08 2.24788e-08 2.29975e-08 2.35282e-08 2.40712e-08 2.46267e-08 2.5195e-08 2.57764e-08 2.63712e-08 2.69798e-08 2.76024e-08 2.82394e-08 2.88911e-08 2.95578e-08 3.02399e-08 3.09377e-08 3.16517e-08 3.23821e-08 3.31294e-08 3.38939e-08 3.46761e-08 3.54763e-08 3.6295e-08 3.71326e-08 3.79895e-08 3.88661e-08 3.97631e-08 4.06807e-08 4.16194e-08 4.25799e-08 4.35625e-08 4.45678e-08 4.55963e-08 4.66485e-08 4.7725e-08 4.88264e-08 4.99531e-08 5.11059e-08 5.22852e-08 5.34918e-08 5.47263e-08 5.59892e-08 5.72812e-08 5.86031e-08 5.99555e-08 6.13391e-08 6.27546e-08 6.42028e-08 6.56844e-08 6.72002e-08 6.87509e-08 7.03375e-08 7.19607e-08 7.36213e-08 7.53203e-08 7.70584e-08 7.88367e-08 8.0656e-08 8.25173e-08 8.44215e-08 8.63697e-08 8.83629e-08 9.0402e-08 9.24882e-08 9.46226e-08 9.68062e-08 9.52745e-08 9.26385e-08
5e-08 4.94361e-08 4.8321e-08 4.7231e-08 4.61657e-08 4.51244e-08 4.41065e-08 4.31116e-08 4.21392e-08 4.11887e-08 4.02596e-08 3.93515e-08 3.84639e-08 3.75963e-08 3.67482e-08 3.59193e-08 3.51091e-08 3.43172e-08 3.35431e-08 3.27865e-08 3.20469e-08 3.13241e-08 3.06175e-08 2.99269e-08 2.92519e-08 2.8592e-08 2.79471e-08 2.73167e-08 2.67006e-08 2.60983e-08 2.55096e-08 2.49342e-08 2.43718e-08 2.3822e-08 2.32847e-08 2.27595e-08 2.22461e-08 2.17443e-08 2.12538e-08 2.07744e-08 2.03058e-08 1.98478e-08 1.94001e-08 1.89625e-08 1.85348e-08 1.81167e-08 1.77081e-08 1.73086e-08 1.69182e-08 1.65366e-08 1.61636e-08 1.5799e-08 1.54426e-08 1.50943e-08 1.47538e-08 1.4421e-08 1.40958e-08 1.37778e-08 1.3467e-08 1.31633e-08 1.28663e-08 1.25761e-08 1.22925e-08 1.20152e-08 1.17442e-08 1.14793e-08 1.12203e-08 1.09672e-08 1.07199e-08 1.04781e-08 1.02417e-08 1.00107e-08 9.78488e-09 9.56417e-09 9.34844e-09 9.13757e-09 8.93146e-09 8.73e-09 8.53308e-09 8.34061e-09 8.15247e-09 7.96858e-09 7.78884e-09 7.61315e-09 7.44143e-09 7.27357e-09 7.10951e-09 6.94914e-09 6.7924e-09 6.63918e-09 6.48943e-09 6.34305e-09 6.19997e-09 6.06012e-09 5.92343e-09 5.78982e-09 5.65922e-09 5.53157e-09 5.4068e-09 5.28484e-09 5.16563e-09 4.86539e-09 4.81204e-09 4.97748e-09 4.93264e-09 4.8882e-09 4.84416e-09 4.80052e-09 4.75727e-09 4.71441e-09 4.67194e-09 4.62985e-09 4.58814e-09 4.54681e-09 4.50584e-09 4.46525e-09 4.42502e-09 4.38516e-09 4.34565e-09 4.3065e-09 4.2677e-09 4.22926e-09 4.19116e-09 4.1534e-09 4.11598e-09 4.0789e-09 4.04215e-09 4.00574e-09 3.96965e-09 3.93389e-09 3.89844e-09 3.86332e-09 3.82852e-09 3.79403e-09 3.75985e-09 3.72597e-09 3.69241e-09 3.65914e-09 3.62618e-09 3.59351e-09 3.56114e-09 3.52905e-09 3.49726e-09 3.46575e-09 3.43453e-09 3.40359e-09 3.37292e-09 3.34254e-09 3.31243e-09 3.28258e-09 3.25301e-09 3.2237e-09 3.19466e-09 3.16588e-09 3.13736e-09 3.1091e-09 3.08109e-09 3.05333e-09 3.02582e-09 2.99856e-09 2.97155e-09 2.94478e-09 2.91825e-09 2.89196e-09 2.8659e-09 2.84008e-09 2.8145e-09 2.78914e-09 2.76401e-09 2.73911e-09 2.71444e-09 2.68998e-09 2.66575e-09 2.64173e-09 2.61793e-09 2.59435e-09 2.57098e-09 2.54781e-09 2.52486e-09 2.50211e-09 2.47957e-09 2.45723e-09 2.4351e-09 2.41316e-09 2.39142e-09 2.36987e-09 2.34852e-09 2.32737e-09 2.3064e-09 2.28562e-09 2.26503e-09 2.24462e-09 2.2244e-09 2.20436e-09 2.1845e-09 2.16482e-09 2.14532e-09 2.12599e-09 2.10684e-09 2.08786e-09 2.06905e-09 2.05041e-09 2.03194e-09 2.01363e-09 1.99549e-09 1.97751e-09 1.9597e-09 1.94204e-09 1.92455e-09 1.90721e-09 1.89003e-09 1.873e-09 1.85613e-09 1.8394e-09 1.82283e-09 1.80641e-09 1.79014e-09 1.77401e-09 1.75803e-09 1.74219e-09 1.72649e-09 1.71094e-09 1.69553e-09 1.68025e-09 1.66511e-09 1.65011e-09 1.63525e-09 1.62051e-09 1.60592e-09 1.59145e-09 1.57711e-09 1.5629e-09 1.54882e-09 1.53487e-09 1.52104e-09 1.50734e-09 1.49376e-09 1.4803e-09 1.46696e-09 1.45375e-09 1.44065e-09 1.42767e-09 1.41481e-09 1.40207e-09 1.38943e-09 1.37692e-09 1.36451e-09 1.35222e-09 1.34004e-09 1.32796e-09 1.316e-09 1.30414e-09 1.2924e-09 1.28075e-09 1.26921e-09 1.25778e-09 1.24645e-09 1.23522e-09 1.22409e-09 1.21306e-09 1.20213e-09 1.1913e-09 1.18057e-09 1.16994e-09 1.1594e-09 1.14895e-09 1.1386e-09 1.12834e-09 1.11818e-09 1.1081e-09 1.09812e-09 1.08823e-09 1.07842e-09 1.06871e-09 1.05908e-09 1.04954e-09 1.04008e-09 1.03071e-09 1.02143e-09 1.01223e-09 1.00311e-09 9.9407e-10 9.85115e-10 9.7624e-10 9.67445e-10 9.58729e-10 9.50092e-10 9.41532e-10 9.3305e-10 9.24644e-10 9.16314e-10 9.08059e-10 8.99878e-10 8.91771e-10 8.83737e-10 8.75776e-10 8.67886e-10 8.60067e-10 8.52319e-10 8.4464e-10 8.37031e-10 8.2949e-10 8.22017e-10 8.14612e-10 8.07273e-10 8e-10 7.92793e-10 7.85651e-10 7.78573e-10 7.71558e-10 7.64607e-10 7.57719e-10 7.50893e-10 7.44128e-10 7.37424e-10 7.30781e-10 7.24197e-10 7.17673e-10 7.11207e-10 7.048e-10 6.9845e-10 6.92158e-10 6.85922e-10 6.79743e-10 6.73619e-10 6.6755e-10 6.61537e-10 6.55577e-10 6.49671e-10 6.43818e-10 6.38018e-10 6.3227e-10 6.26574e-10 6.20929e-10 6.15335e-10 6.09791e-10 6.04298e-10 5.98854e-10 5.93458e-10 5.88112e-10 5.82814e-10 5.77563e-10 5.7236e-10 5.67203e-10 5.62093e-10 5.5703e-10 5.52011e-10 5.47038e-10 5.4211e-10 5.37226e-10 5.32386e-10 5.2759e-10 5.22837e-10 5.18127e-10 5.13459e-10 5.08833e-10 5.04249e-10 3.59185e-10 3.58201e-10 5.02273e-10 5.06839e-10 5.11446e-10 5.16096e-10 5.20788e-10 5.25522e-10 5.303e-10 5.35121e-10 5.39985e-10 5.44894e-10 5.49848e-10 5.54846e-10 5.59891e-10 5.6498e-10 5.70117e-10 5.753e-10 5.8053e-10 5.85807e-10 5.91133e-10 5.96506e-10 6.01929e-10 6.07401e-10 6.12923e-10 6.18495e-10 6.24118e-10 6.29792e-10 6.35517e-10 6.41295e-10 6.47124e-10 6.53007e-10 6.58944e-10 6.64934e-10 6.70979e-10 6.77079e-10 6.83234e-10 6.89445e-10 6.95713e-10 7.02038e-10 7.0842e-10 7.1486e-10 7.21359e-10 7.27917e-10 7.34534e-10 7.41212e-10 7.4795e-10 7.54749e-10 7.61611e-10 7.68535e-10 7.75521e-10 7.82571e-10 7.89686e-10 7.96865e-10 8.04109e-10 8.11419e-10 8.18796e-10 8.26239e-10 8.3375e-10 8.4133e-10 8.48978e-10 8.56696e-10 8.64485e-10 8.72343e-10 8.80274e-10 8.88276e-10 8.96352e-10 9.045e-10 9.12723e-10 9.2102e-10 9.29393e-10 9.37842e-10 9.46368e-10 9.54972e-10 9.63653e-10 9.72414e-10 9.81254e-10 9.90174e-10 9.99176e-10 1.00826e-09 1.01743e-09 1.02667e-09 1.03601e-09 1.04543e-09 1.05493e-09 1.06452e-09 1.0742e-09 1.08396e-09 1.09382e-09 1.10376e-09 1.1138e-09 1.12392e-09 1.13414e-09 1.14445e-09 1.15485e-09 1.16535e-09 1.17595e-09 1.18664e-09 1.19742e-09 1.20831e-09 1.21929e-09 1.23038e-09 1.24156e-09 1.25285e-09 1.26424e-09 1.27573e-09 1.28733e-09 1.29903e-09 1.31084e-09 1.32276e-09 1.33478e-09 1.34692e-09 1.35916e-09 1.37152e-09 1.38399e-09 1.39657e-09 1.40927e-09 1.42208e-09 1.43501e-09 1.44805e-09 1.46122e-09 1.4745e-09 1.4879e-09 1.50143e-09 1.51508e-09 1.52885e-09 1.54275e-09 1.55678e-09 1.57093e-09 1.58521e-09 1.59962e-09 1.61416e-09 1.62884e-09 1.64365e-09 1.65859e-09 1.67367e-09 1.68888e-09 1.70423e-09 1.71973e-09 1.73536e-09 1.75114e-09 1.76706e-09 1.78312e-09 1.79933e-09 1.81569e-09 1.83219e-09 1.84885e-09 1.86566e-09 1.88262e-09 1.89973e-09 1.917e-09 1.93443e-09 1.95202e-09 1.96976e-09 1.98767e-09 2.00574e-09 2.02397e-09 2.04237e-09 2.06094e-09 2.07968e-09 2.09858e-09 2.11766e-09 2.13691e-09 2.15634e-09 2.17594e-09 2.19572e-09 2.21568e-09 2.23583e-09 2.25615e-09 2.27666e-09 2.29736e-09 2.31824e-09 2.33932e-09 2.36059e-09 2.38205e-09 2.4037e-09 2.42555e-09 2.4476e-09 2.46985e-09 2.49231e-09 2.51496e-09 2.53783e-09 2.5609e-09 2.58418e-09 2.60767e-09 2.63138e-09 2.6553e-09 2.67944e-09 2.7038e-09 2.72838e-09 2.75318e-09 2.77821e-09 2.80347e-09 2.82895e-09 2.85467e-09 2.88062e-09 2.90681e-09 2.93323e-09 2.9599e-09 2.98681e-09 3.01396e-09 3.04136e-09 3.06901e-09 3.09691e-09 3.12506e-09 3.15347e-09 3.18214e-09 3.21107e-09 3.24026e-09 3.26972e-09 3.29944e-09 3.32944e-09 3.35971e-09 3.39025e-09 3.42107e-09 3.45217e-09 3.48355e-09 3.51522e-09 3.54718e-09 3.57943e-09 3.61197e-09 3.6448e-09 3.67794e-09 3.71137e-09 3.74511e-09 3.77916e-09 3.81351e-09 3.84818e-09 3.88317e-09 3.91847e-09 3.95409e-09 3.99004e-09 4.02631e-09 4.06291e-09 4.09985e-09 4.13712e-09 4.17473e-09 4.21268e-09 4.25098e-09 4.28962e-09 4.32862e-09 4.36797e-09 4.40768e-09 4.44775e-09 4.48818e-09 4.52899e-09 4.57016e-09 4.61171e-09 4.65363e-09 4.69594e-09 4.73863e-09 4.7817e-09 4.82517e-09 4.86904e-09 4.9133e-09 4.95797e-09 3.57777e-09 3.58757e-09 5.05769e-09 5.17441e-09 5.29382e-09 5.41598e-09 5.54097e-09 5.66884e-09 5.79965e-09 5.93349e-09 6.07042e-09 6.21051e-09 6.35383e-09 6.50045e-09 6.65046e-09 6.80394e-09 6.96095e-09 7.12159e-09 7.28593e-09 7.45407e-09 7.62608e-09 7.80207e-09 7.98212e-09 8.16632e-09 8.35477e-09 8.54758e-09 8.74483e-09 8.94663e-09 9.15309e-09 9.36432e-09 9.58042e-09 9.80151e-09 1.00277e-08 1.02591e-08 1.04959e-08 1.07381e-08 1.09859e-08 1.12394e-08 1.14988e-08 1.17641e-08 1.20356e-08 1.23133e-08 1.25975e-08 1.28882e-08 1.31856e-08 1.34899e-08 1.38012e-08 1.41197e-08 1.44455e-08 1.47789e-08 1.51199e-08 1.54689e-08 1.58258e-08 1.61911e-08 1.65647e-08 1.6947e-08 1.7338e-08 1.77381e-08 1.81475e-08 1.85663e-08 1.89947e-08 1.94331e-08 1.98815e-08 2.03403e-08 2.08097e-08 2.12899e-08 2.17813e-08 2.22839e-08 2.27981e-08 2.33243e-08 2.38625e-08 2.44132e-08 2.49766e-08 2.55529e-08 2.61426e-08 2.67459e-08 2.73631e-08 2.79946e-08 2.86406e-08 2.93016e-08 2.99777e-08 3.06695e-08 3.13773e-08 3.21014e-08 3.28422e-08 3.36001e-08 3.43755e-08 3.51688e-08 3.59803e-08 3.68107e-08 3.76601e-08 3.85292e-08 3.94183e-08 4.0328e-08 4.12586e-08 4.22108e-08 4.31849e-08 4.41814e-08 4.5201e-08 4.62441e-08 4.73113e-08 4.84031e-08 4.76372e-08 4.63193e-08
1322.36 1319.66 1311.73 1298.92 1281.54 1259.83 1234.03 1204.33 1170.89 1133.86 1093.39 1049.57 1002.51 952.307 899.039 842.784 783.61 721.585 656.77 589.227 519.014 446.19 370.811 292.938 212.627 129.94 44.9364 -42.3211 -131.769 -223.342 -316.972 -412.592 -510.131 -609.517 -710.677 -813.537 -918.02 -1024.05 -1131.55 -1240.43 -1350.63 -1462.05 -1574.62 -1688.26 -1802.89 -1918.42 -2034.78 -2151.88 -2269.65 -2388 -2506.86 -2626.16 -2745.81 -2865.74 -2985.88 -3106.15 -3226.49 -3346.83 -3467.1 -3587.23 -3707.16 -3826.83 -3946.18 -4065.16 -4183.7 -4301.75 -4419.27 -4536.19 -4652.49 -4768.1 -4882.98 -4997.1 -5110.42 -5222.89 -5334.49 -5445.17 -5554.92 -5663.69 -5771.46 -5878.2 -5983.89 -6088.52 -6192.05 -6294.46 -6395.75 -6495.9 -6594.88 -6692.69 -6789.32 -6884.75 -6978.99 -7072.01 -7163.82 -7254.4 -7343.76 -7431.9 -7518.8 -7604.48 -7688.92 -7772.13 -7854.12 -7933.43 -8010.51 -8089.06 -8169.16 -8249.13 -8328.96 -8408.64 -8488.18 -8567.56 -8646.78 -8725.83 -8804.72 -8883.42 -8961.95 -9040.29 -9118.44 -9196.39 -9274.14 -9351.69 -9429.03 -9506.15 -9583.06 -9659.74 -9736.2 -9812.43 -9888.42 -9964.18 -10039.7 -10115 -10190 -10264.8 -10339.3 -10413.5 -10487.5 -10561.2 -10634.7 -10707.9 -10780.8 -10853.5 -10925.8 -10997.9 -11069.7 -11141.2 -11212.4 -11283.3 -11354 -11424.3 -11494.3 -11564.1 -11633.5 -11702.6 -11771.5 -11840 -11908.2 -11976.1 -12043.7 -12111 -12177.9 -12244.6 -12310.9 -12376.9 -12442.6 -12507.9 -12573 -12637.7 -12702.1 -12766.2 -12829.9 -12893.3 -12956.4 -13019.2 -13081.6 -13143.7 -13205.5 -13266.9 -13328 -13388.8 -13449.3 -13509.4 -13569.2 -13628.7 -13687.8 -13746.6 -13805 -13863.2 -13921 -13978.4 -14035.6 -14092.4 -14148.9 -14205 -14260.8 -14316.3 -14371.4 -14426.3 -14480.8 -14534.9 -14588.8 -14642.3 -14695.5 -14748.3 -14800.8 -14853 -14904.9 -14956.5 -15007.7 -15058.6 -15109.2 -15159.5 -15209.4 -15259 -15308.3 -15357.3 -15406 -15454.3 -15502.4 -15550.1 -15597.5 -15644.6 -15691.4 -15737.9 -15784 -15829.9 -15875.4 -15920.7 -15965.6 -16010.3 -16054.6 -16098.6 -16142.4 -16185.8 -16228.9 -16271.8 -16314.3 -16356.6 -16398.5 -16440.2 -16481.5 -16522.6 -16563.4 -16603.9 -16644.1 -16684.1 -16723.7 -16763.1 -16802.2 -16841 -16879.5 -16917.8 -16955.8 -16993.5 -17030.9 -17068.1 -17105 -17141.6 -17178 -17214.1 -17249.9 -17285.5 -17320.8 -17355.8 -17390.6 -17425.1 -17459.4 -17493.4 -17527.2 -17560.7 -17594 -17627 -17659.8 -17692.3 -17724.6 -17756.6 -17788.4 -17820 -17851.3 -17882.3 -17913.2 -17943.8 -17974.2 -18004.3 -18034.2 -18063.9 -18093.3 -18122.6 -18151.6 -18180.3 -18208.9 -18237.2 -18265.3 -18293.2 -18320.9 -18348.4 -18375.6 -18402.7 -18429.5 -18456.1 -18482.5 -18508.7 -18534.7 -18560.5 -18586.1 -18611.5 -18636.7 -18661.6 -18686.4 -18711 -18735.4 -18759.6 -18783.6 -18807.4 -18831.1 -18854.5 -18877.8 -18900.8 -18923.7 -18946.4 -18968.9 -18991.3 -19013.4 -19035.4 -19057.2 -19078.8 -19100.3 -19121.5 -19142.6 -19163.6 -19184.3 -19204.9 -19225.4 -19245.6 -19265.7 -19285.6 -19305.4 -19325 -19344.5 -19363.7 -19382.9 -19401.8 -19420.7 -19439.3 -19457.8 -19476.2 -19494.4 -19512.5 -19530.4 -19548.1 -19565.7 -19583.2 -19600.5 -19617.7 -19634.7 -19651.6 -19668.4 -19685 -19701.5 -19715.5 -19721.4 -19713.2 -19696.8 -19680.2 -19663.5 -19646.7 -19629.7 -19612.6 -19595.3 -19577.9 -19560.4 -19542.7 -19524.8 -19506.8 -19488.7 -19470.4 -19451.9 -19433.3 -19414.6 -19395.7 -19376.6 -19357.4 -19338 -19318.5 -19298.8 -19278.9 -19258.9 -19238.7 -19218.3 -19197.8 -19177.1 -19156.3 -19135.2 -19114 -19092.6 -19071.1 -19049.4 -19027.5 -19005.4 -18983.1 -18960.7 -18938.1 -18915.2 -18892.3 -18869.1 -18845.7 -18822.2 -18798.4 -18774.5 -18750.4 -18726.1 -18701.5 -18676.8 -18651.9 -18626.8 -18601.5 -18576 -18550.3 -18524.4 -18498.3 -18472 -18445.4 -18418.7 -18391.7 -18364.6 -18337.2 -18309.6 -18281.8 -18253.8 -18225.5 -18197.1 -18168.4 -18139.5 -18110.3 -18081 -18051.4 -18021.6 -17991.5 -17961.3 -17930.8 -17900 -17869 -17837.8 -17806.4 -17774.7 -17742.7 -17710.6 -17678.1 -17645.5 -17612.5 -17579.4 -17546 -17512.3 -17478.4 -17444.2 -17409.8 -17375.1 -17340.2 -17305 -17269.5 -17233.8 -17197.8 -17161.5 -17125 -17088.2 -17051.2 -17013.9 -16976.3 -16938.4 -16900.2 -16861.8 -16823.1 -16784.2 -16744.9 -16705.4 -16665.5 -16625.4 -16585 -16544.4 -16503.4 -16462.1 -16420.6 -16378.8 -16336.6 -16294.2 -16251.5 -16208.5 -16165.2 -16121.6 -16077.7 -16033.4 -15988.9 -15944.1 -15899 -15853.6 -15807.8 -15761.8 -15715.4 -15668.8 -15621.8 -15574.5 -15526.9 -15479 -15430.8 -15382.2 -15333.4 -15284.2 -15234.7 -15184.9 -15134.8 -15084.3 -15033.5 -14982.4 -14931 -14879.3 -14827.2 -14774.8 -14722.1 -14669 -14615.6 -14561.9 -14507.9 -14453.5 -14398.9 -14343.8 -14288.5 -14232.8 -14176.8 -14120.5 -14063.8 -14006.8 -13949.4 -13891.8 -13833.8 -13775.4 -13716.8 -13657.8 -13598.5 -13538.8 -13478.8 -13418.5 -13357.8 -13296.9 -13235.5 -13173.9 -13111.9 -13049.6 -12987 -12924 -12860.7 -12797.1 -12733.2 -12668.9 -12604.3 -12539.4 -12474.2 -12408.6 -12342.7 -12276.5 -12210 -12143.2 -12076 -12008.6 -11940.8 -11872.7 -11804.3 -11735.6 -11666.6 -11597.3 -11527.6 -11457.7 -11387.5 -11317 -11246.2 -11175.1 -11103.7 -11032 -10960 -10887.8 -10815.2 -10742.4 -10669.3 -10596 -10522.4 -10448.5 -10374.3 -10299.9 -10225.2 -10150.3 -10075.1 -9999.68 -9924.01 -9848.1 -9771.96 -9695.58 -9618.98 -9542.15 -9465.11 -9387.85 -9310.37 -9232.69 -9154.81 -9076.73 -8998.46 -8919.99 -8841.35 -8762.53 -8683.53 -8604.36 -8525.03 -8445.55 -8365.91 -8286.13 -8206.2 -8126.14 -8057.38 -8000 -7931.19 -7850.32 -7768.22 -7684.89 -7600.34 -7514.56 -7427.54 -7339.3 -7249.83 -7159.13 -7067.21 -6974.08 -6879.74 -6784.19 -6687.46 -6589.54 -6490.44 -6390.19 -6288.8 -6186.27 -6082.64 -5977.92 -5872.12 -5765.27 -5657.41 -5548.54 -5438.7 -5327.92 -5216.24 -5103.67 -4990.27 -4876.07 -4761.1 -4645.41 -4529.05 -4412.05 -4294.46 -4176.34 -4057.74 -3938.71 -3819.31 -3699.59 -3579.61 -3459.44 -3339.14 -3218.77 -3098.41 -2978.11 -2857.96 -2738.02 -2618.37 -2499.07 -2380.22 -2261.88 -2144.13 -2027.05 -1910.73 -1795.23 -1680.65 -1567.06 -1454.55 -1343.19 -1233.06 -1124.25 -1016.83 -910.892 -806.503 -703.743 -602.689 -503.414 -405.993 -310.496 -216.995 -125.556 -36.2482 50.8643 135.718 218.25 298.399 376.108 451.315 523.964 593.997 661.355 725.979 787.809 846.782 902.83 955.885 1005.87 1052.7 1096.28 1136.52 1173.29 1206.46 1235.89 1261.4 1282.8 1299.86 1312.31 1319.77 1322.19
1e+07 1.01154e+07 1.03488e+07 1.05876e+07 1.0832e+07 1.10819e+07 1.13377e+07 1.15993e+07 1.1867e+07 1.21408e+07 1.2421e+07 1.27077e+07 1.30009e+07 1.33009e+07 1.36079e+07 1.39219e+07 1.42432e+07 1.45719e+07 1.49081e+07 1.52522e+07 1.56041e+07 1.59642e+07 1.63326e+07 1.67095e+07 1.70952e+07 1.74897e+07 1.78933e+07 1.83062e+07 1.87286e+07 1.91608e+07 1.9603e+07 2.00554e+07 2.05182e+07 2.09917e+07 2.14761e+07 2.19717e+07 2.24788e+07 2.29975e+07 2.35282e+07 2.40712e+07 2.46267e+07 2.5195e+07 2.57764e+07 2.63712e+07 2.69798e+07 2.76024e+07 2.82394e+07 2.88911e+07 2.95578e+07 3.02399e+07 3.09377e+07 3.16517e+07 3.23821e+07 3.31294e+07 3.38939e+07 3.46761e+07 3.54763e+07 3.6295e+07 3.71326e+07 3.79895e+07 3.88661e+07 3.97631e+07 4.06807e+07 4.16194e+07 4.25799e+07 4.35625e+07 4.45678e+07 4.55963e+07 4.66485e+07 4.7725e+07 4.88264e+07 4.99531e+07 5.11059e+07 5.22852e+07 5.34918e+07 5.47263e+07 5.59892e+07 5.72812e+07 5.86031e+07 5.99555e+07 6.13391e+07 6.27546e+07 6.42028e+07 6.56844e+07 6.72002e+07 6.87509e+07 7.03375e+07 7.19607e+07 7.36213e+07 7.53203e+07 7.70584e+07 7.88367e+07 8.0656e+07 8.25173e+07 8.44215e+07 8.63697e+07 8.83629e+07 9.0402e+07 9.24882e+07 9.46226e+07 9.68062e+07 1.0302e+08 1.04065e+08 1.00455e+08 1.01368e+08 1.02289e+08 1.03219e+08 1.04158e+08 1.05104e+08 1.0606e+08 1.07024e+08 1.07997e+08 1.08979e+08 1.0997e+08 1.10969e+08 1.11978e+08 1.12996e+08 1.14023e+08 1.1506e+08 1.16106e+08 1.17161e+08 1.18227e+08 1.19301e+08 1.20386e+08 1.2148e+08 1.22585e+08 1.23699e+08 1.24824e+08 1.25958e+08 1.27103e+08 1.28259e+08 1.29425e+08 1.30601e+08 1.31789e+08 1.32987e+08 1.34196e+08 1.35416e+08 1.36647e+08 1.37889e+08 1.39143e+08 1.40408e+08 1.41684e+08 1.42972e+08 1.44272e+08 1.45583e+08 1.46907e+08 1.48242e+08 1.4959e+08 1.5095e+08 1.52322e+08 1.53707e+08 1.55104e+08 1.56514e+08 1.57937e+08 1.59373e+08 1.60822e+08 1.62284e+08 1.63759e+08 1.65248e+08 1.6675e+08 1.68266e+08 1.69796e+08 1.71339e+08 1.72897e+08 1.74469e+08 1.76055e+08 1.77655e+08 1.7927e+08 1.809e+08 1.82545e+08 1.84204e+08 1.85879e+08 1.87568e+08 1.89274e+08 1.90994e+08 1.92731e+08 1.94483e+08 1.96251e+08 1.98035e+08 1.99835e+08 2.01652e+08 2.03485e+08 2.05335e+08 2.07202e+08 2.09085e+08 2.10986e+08 2.12904e+08 2.1484e+08 2.16793e+08 2.18763e+08 2.20752e+08 2.22759e+08 2.24784e+08 2.26828e+08 2.2889e+08 2.30971e+08 2.3307e+08 2.35189e+08 2.37327e+08 2.39485e+08 2.41662e+08 2.43859e+08 2.46076e+08 2.48313e+08 2.5057e+08 2.52848e+08 2.55147e+08 2.57466e+08 2.59807e+08 2.62169e+08 2.64552e+08 2.66957e+08 2.69384e+08 2.71833e+08 2.74304e+08 2.76798e+08 2.79314e+08 2.81853e+08 2.84416e+08 2.87001e+08 2.8961e+08 2.92243e+08 2.949e+08 2.97581e+08 3.00286e+08 3.03016e+08 3.05771e+08 3.0855e+08 3.11355e+08 3.14186e+08 3.17042e+08 3.19924e+08 3.22833e+08 3.25768e+08 3.28729e+08 3.31717e+08 3.34733e+08 3.37776e+08 3.40847e+08 3.43945e+08 3.47072e+08 3.50227e+08 3.53411e+08 3.56624e+08 3.59866e+08 3.63138e+08 3.66439e+08 3.6977e+08 3.73132e+08 3.76524e+08 3.79947e+08 3.83401e+08 3.86886e+08 3.90403e+08 3.93953e+08 3.97534e+08 4.01148e+08 4.04795e+08 4.08475e+08 4.12188e+08 4.15935e+08 4.19716e+08 4.23532e+08 4.27382e+08 4.31268e+08 4.35188e+08 4.39145e+08 4.43137e+08 4.47165e+08 4.5123e+08 4.55332e+08 4.59472e+08 4.63649e+08 4.67864e+08 4.72117e+08 4.76409e+08 4.8074e+08 4.85111e+08 4.89521e+08 4.93971e+08 4.98461e+08 5.02993e+08 5.07566e+08 5.1218e+08 5.16836e+08 5.21534e+08 5.26276e+08 5.3106e+08 5.35888e+08 5.4076e+08 5.45676e+08 5.50636e+08 5.55642e+08 5.60693e+08 5.65791e+08 5.70934e+08 5.76124e+08 5.81362e+08 5.86647e+08 5.9198e+08 5.97362e+08 6.02792e+08 6.08272e+08 6.13802e+08 6.19382e+08 6.25013e+08 6.30695e+08 6.36428e+08 6.42214e+08 6.48052e+08 6.53944e+08 6.59889e+08 6.65888e+08 6.71941e+08 6.7805e+08 6.84214e+08 6.90434e+08 6.96711e+08 7.03044e+08 7.09436e+08 7.15885e+08 7.22393e+08 7.2896e+08 7.35587e+08 7.42274e+08 7.49022e+08 7.55832e+08 7.62703e+08 7.69637e+08 7.76633e+08 7.83694e+08 7.90818e+08 7.98007e+08 8.05262e+08 8.12582e+08 8.1997e+08 8.27424e+08 8.34946e+08 8.42536e+08 8.50196e+08 8.57925e+08 8.65724e+08 8.73594e+08 8.81536e+08 8.8955e+08 8.97637e+08 9.05797e+08 9.14032e+08 9.22341e+08 9.30726e+08 9.39187e+08 9.47725e+08 9.56341e+08 9.65035e+08 9.73808e+08 9.82661e+08 9.91594e+08 1.6533e+09 1.65525e+09 9.95495e+08 9.86527e+08 9.77639e+08 9.68832e+08 9.60104e+08 9.51454e+08 9.42882e+08 9.34388e+08 9.2597e+08 9.17628e+08 9.09361e+08 9.01169e+08 8.9305e+08 8.85005e+08 8.77031e+08 8.6913e+08 8.613e+08 8.53541e+08 8.45851e+08 8.38231e+08 8.30679e+08 8.23196e+08 8.1578e+08 8.0843e+08 8.01147e+08 7.9393e+08 7.86777e+08 7.79689e+08 7.72665e+08 7.65704e+08 7.58806e+08 7.51969e+08 7.45195e+08 7.38481e+08 7.31828e+08 7.25235e+08 7.18702e+08 7.12227e+08 7.05811e+08 6.99452e+08 6.93151e+08 6.86906e+08 6.80718e+08 6.74585e+08 6.68508e+08 6.62485e+08 6.56517e+08 6.50602e+08 6.44741e+08 6.38932e+08 6.33176e+08 6.27472e+08 6.21819e+08 6.16217e+08 6.10666e+08 6.05164e+08 5.99712e+08 5.94309e+08 5.88955e+08 5.83649e+08 5.78391e+08 5.7318e+08 5.68017e+08 5.62899e+08 5.57828e+08 5.52803e+08 5.47823e+08 5.42887e+08 5.37996e+08 5.3315e+08 5.28346e+08 5.23587e+08 5.1887e+08 5.14195e+08 5.09563e+08 5.04972e+08 5.00423e+08 4.95914e+08 4.91447e+08 4.87019e+08 4.82632e+08 4.78284e+08 4.73975e+08 4.69705e+08 4.65473e+08 4.6128e+08 4.57124e+08 4.53006e+08 4.48925e+08 4.4488e+08 4.40872e+08 4.36901e+08 4.32964e+08 4.29064e+08 4.25198e+08 4.21368e+08 4.17572e+08 4.1381e+08 4.10082e+08 4.06387e+08 4.02726e+08 3.99098e+08 3.95503e+08 3.9194e+08 3.88409e+08 3.84909e+08 3.81442e+08 3.78005e+08 3.746e+08 3.71225e+08 3.67881e+08 3.64566e+08 3.61282e+08 3.58027e+08 3.54802e+08 3.51605e+08 3.48438e+08 3.45299e+08 3.42188e+08 3.39105e+08 3.3605e+08 3.33023e+08 3.30022e+08 3.27049e+08 3.24103e+08 3.21183e+08 3.18289e+08 3.15422e+08 3.1258e+08 3.09764e+08 3.06974e+08 3.04208e+08 3.01468e+08 2.98752e+08 2.9606e+08 2.93393e+08 2.9075e+08 2.8813e+08 2.85535e+08 2.82962e+08 2.80413e+08 2.77887e+08 2.75383e+08 2.72902e+08 2.70444e+08 2.68007e+08 2.65593e+08 2.632e+08 2.60829e+08 2.58479e+08 2.56151e+08 2.53843e+08 2.51556e+08 2.4929e+08 2.47044e+08 2.44818e+08 2.42613e+08 2.40427e+08 2.38261e+08 2.36114e+08 2.33987e+08 2.31879e+08 2.2979e+08 2.2772e+08 2.25669e+08 2.23636e+08 2.21621e+08 2.19624e+08 2.17646e+08 2.15685e+08 2.13742e+08 2.11816e+08 2.09908e+08 2.08017e+08 2.06143e+08 2.04286e+08 2.02445e+08 2.00621e+08 1.98814e+08 1.97023e+08 1.95248e+08 1.93489e+08 1.91746e+08 1.90018e+08 1.88306e+08 1.8661e+08 1.84929e+08 1.83263e+08 1.81612e+08 1.79976e+08 1.78354e+08 1.76747e+08 1.75155e+08 1.73577e+08 1.72013e+08 1.70464e+08 1.68928e+08 1.67406e+08 1.65898e+08 1.64403e+08 1.62922e+08 1.61455e+08 1.6e+08 1.58559e+08 1.5713e+08 1.55715e+08 1.54312e+08 1.52921e+08 1.51544e+08 1.50179e+08 1.48826e+08 1.47485e+08 1.46156e+08 1.44839e+08 1.43535e+08 1.42241e+08 1.4096e+08 1.3969e+08 1.38432e+08 1.37184e+08 1.35949e+08 1.34724e+08 1.3351e+08 1.32307e+08 1.31115e+08 1.29934e+08 1.28764e+08 1.27604e+08 1.26454e+08 1.25315e+08 1.24186e+08 1.23067e+08 1.21958e+08 1.2086e+08 1.19771e+08 1.18692e+08 1.17622e+08 1.16563e+08 1.15513e+08 1.14472e+08 1.13441e+08 1.12419e+08 1.11406e+08 1.10402e+08 1.09408e+08 1.08422e+08 1.07445e+08 1.06477e+08 1.05518e+08 1.04567e+08 1.03625e+08 1.02692e+08 1.01767e+08 1.0085e+08 1.65132e+08 1.64935e+08 9.88722e+07 9.6642e+07 9.44621e+07 9.23314e+07 9.02487e+07 8.8213e+07 8.62232e+07 8.42784e+07 8.23773e+07 8.05192e+07 7.8703e+07 7.69277e+07 7.51925e+07 7.34964e+07 7.18386e+07 7.02182e+07 6.86343e+07 6.70862e+07 6.5573e+07 6.40939e+07 6.26482e+07 6.1235e+07 5.98538e+07 5.85037e+07 5.71841e+07 5.58942e+07 5.46334e+07 5.34011e+07 5.21966e+07 5.10192e+07 4.98684e+07 4.87436e+07 4.76441e+07 4.65694e+07 4.5519e+07 4.44922e+07 4.34886e+07 4.25077e+07 4.15489e+07 4.06117e+07 3.96956e+07 3.88002e+07 3.7925e+07 3.70696e+07 3.62334e+07 3.54161e+07 3.46173e+07 3.38364e+07 3.30732e+07 3.23272e+07 3.1598e+07 3.08853e+07 3.01886e+07 2.95077e+07 2.88421e+07 2.81915e+07 2.75556e+07 2.6934e+07 2.63265e+07 2.57327e+07 2.51522e+07 2.45849e+07 2.40304e+07 2.34883e+07 2.29585e+07 2.24406e+07 2.19345e+07 2.14397e+07 2.09561e+07 2.04834e+07 2.00214e+07 1.95698e+07 1.91283e+07 1.86969e+07 1.82751e+07 1.78629e+07 1.746e+07 1.70662e+07 1.66812e+07 1.63049e+07 1.59372e+07 1.55777e+07 1.52263e+07 1.48829e+07 1.45471e+07 1.4219e+07 1.38983e+07 1.35848e+07 1.32784e+07 1.29789e+07 1.26861e+07 1.23999e+07 1.21202e+07 1.18469e+07 1.15796e+07 1.13184e+07 1.10631e+07 1.08136e+07 1.05697e+07 1.03313e+07 1.0504e+07 1.07946e+07
-1e+07 -1.01154e+07 -1.03488e+07 -1.05876e+07 -1.0832e+07 -1.10819e+07 -1.13377e+07 -1.15993e+07 -1.1867e+07 -1.21408e+07 -1.2421e+07 -1.27077e+07 -1.30009e+07 -1.33009e+07 -1.36079e+07 -1.39219e+07 -1.42432e+07 -1.45719e+07 -1.49081e+07 -1.52522e+07 -1.56041e+07 -1.59642e+07 -1.63326e+07 -1.67095e+07 -1.70952e+07 -1.74897e+07 -1.78933e+07 -1.83062e+07 -1.87286e+07 -1.91608e+07 -1.9603e+07 -2.00554e+07 -2.05182e+07 -2.09917e+07 -2.14761e+07 -2.19717e+07 -2.24788e+07 -2.29975e+07 -2.35282e+07 -2.40712e+07 -2.46267e+07 -2.5195e+07 -2.57764e+07 -2.63712e+07 -2.69798e+07 -2.76024e+07 -2.82394e+07 -2.88911e+07 -2.95578e+07 -3.02399e+07 -3.09377e+07 -3.16517e+07 -3.23821e+07 -3.31294e+07 -3.38939e+07 -3.46761e+07 -3.54763e+07 -3.6295e+07 -3.71326e+07 -3.79895e+07 -3.88661e+07 -3.97631e+07 -4.06807e+07 -4.16194e+07 -4.25799e+07 -4.35625e+07 -4.45678e+07 -4.55963e+07 -4.66485e+07 -4.7725e+07 -4.88264e+07 -4.99531e+07 -5.11059e+07 -5.22852e+07 -5.34918e+07 -5.47263e+07 -5.59892e+07 -5.72812e+07 -5.86031e+07 -5.99555e+07 -6.13391e+07 -6.27546e+07 -6.42028e+07 -6.56844e+07 -6.72002e+07 -6.87509e+07 -7.03375e+07 -7.19607e+07 -7.36213e+07 -7.53203e+07 -7.70584e+07 -7.88367e+07 -8.0656e+07 -8.25173e+07 -8.44215e+07 -8.63697e+07 -8.83629e+07 -9.0402e+07 -9.24882e+07 -9.46226e+07 -9.68062e+07 -1.0302e+08 -1.04065e+08 -1.00455e+08 -1.01368e+08 -1.02289e+08 -1.03219e+08 -1.04158e+08 -1.05104e+08 -1.0606e+08 -1.07024e+08 -1.07997e+08 -1.08979e+08 -1.0997e+08 -1.10969e+08 -1.11978e+08 -1.12996e+08 -1.14023e+08 -1.1506e+08 -1.16106e+08 -1.17161e+08 -1.18227e+08 -1.19301e+08 -1.20386e+08 -1.2148e+08 -1.22585e+08 -1.23699e+08 -1.24824e+08 -1.25958e+08 -1.27103e+08 -1.28259e+08 -1.29425e+08 -1.30601e+08 -1.31789e+08 -1.32987e+08 -1.34196e+08 -1.35416e+08 -1.36647e+08 -1.37889e+08 -1.39143e+08 -1.40408e+08 -1.41684e+08 -1.42972e+08 -1.44272e+08 -1.45583e+08 -1.46907e+08 -1.48242e+08 -1.4959e+08 -1.5095e+08 -1.52322e+08 -1.53707e+08 -1.55104e+08 -1.56514e+08 -1.57937e+08 -1.59373e+08 -1.60822e+08 -1.62284e+08 -1.63759e+08 -1.65248e+08 -1.6675e+08 -1.68266e+08 -1.69796e+08 -1.71339e+08 -1.72897e+08 -1.74469e+08 -1.76055e+08 -1.77655e+08 -1.7927e+08 -1.809e+08 -1.82545e+08 -1.84204e+08 -1.85879e+08 -1.87568e+08 -1.89274e+08 -1.90994e+08 -1.92731e+08 -1.94483e+08 -1.96251e+08 -1.98035e+08 -1.99835e+08 -2.01652e+08 -2.03485e+08 -2.05335e+08 -2.07202e+08 -2.09085e+08 -2.10986e+08 -2.12904e+08 -2.1484e+08 -2.16793e+08 -2.18763e+08 -2.20752e+08 -2.22759e+08 -2.24784e+08 -2.26828e+08 -2.2889e+08 -2.30971e+08 -2.3307e+08 -2.35189e+08 -2.37327e+08 -2.39485e+08 -2.41662e+08 -2.43859e+08 -2.46076e+08 -2.48313e+08 -2.5057e+08 -2.52848e+08 -2.55147e+08 -2.57466e+08 -2.59807e+08 -2.62169e+08 -2.64552e+08 -2.66957e+08 -2.69384e+08 -2.71833e+08 -2.74304e+08 -2.76798e+08 -2.79314e+08 -2.81853e+08 -2.84416e+08 -2.87001e+08 -2.8961e+08 -2.92243e+08 -2.949e+08 -2.97581e+08 -3.00286e+08 -3.03016e+08 -3.05771e+08 -3.0855e+08 -3.11355e+08 -3.14186e+08 -3.17042e+08 -3.19924e+08 -3.22833e+08 -3.25768e+08 -3.28729e+08 -3.31717e+08 -3.34733e+08 -3.37776e+08 -3.40847e+08 -3.43945e+08 -3.47072e+08 -3.50227e+08 -3.53411e+08 -3.56624e+08 -3.59866e+08 -3.63138e+08 -3.66439e+08 -3.6977e+08 -3.73132e+08 -3.76524e+08 -3.79947e+08 -3.83401e+08 -3.86886e+08 -3.90403e+08 -3.93953e+08 -3.97534e+08 -4.01148e+08 -4.04795e+08 -4.08475e+08 -4.12188e+08 -4.15935e+08 -4.19716e+08 -4.23532e+08 -4.27382e+08 -4.31268e+08 -4.35188e+08 -4.39145e+08 -4.43137e+08 -4.47165e+08 -4.5123e+08 -4.55332e+08 -4.59472e+08 -4.63649e+08 -4.67864e+08 -4.72117e+08 -4.76409e+08 -4.8074e+08 -4.85111e+08 -4.89521e+08 -4.93971e+08 -4.98461e+08 -5.02993e+08 -5.07566e+08 -5.1218e+08 -5.16836e+08 -5.21534e+08 -5.26276e+08 -5.3106e+08 -5.35888e+08 -5.4076e+08 -5.45676e+08 -5.50636e+08 -5.55642e+08 -5.60693e+08 -5.65791e+08 -5.70934e+08 -5.76124e+08 -5.81362e+08 -5.86647e+08 -5.9198e+08 -5.97362e+08 -6.02792e+08 -6.08272e+08 -6.13802e+08 -6.19382e+08 -6.25013e+08 -6.30695e+08 -6.36428e+08 -6.42214e+08 -6.48052e+08 -6.53944e+08 -6.59889e+08 -6.65888e+08 -6.71941e+08 -6.7805e+08 -6.84214e+08 -6.90434e+08 -6.96711e+08 -7.03044e+08 -7.09436e+08 -7.15885e+08 -7.22393e+08 -7.2896e+08 -7.35587e+08 -7.42274e+08 -7.49022e+08 -7.55832e+08 -7.62703e+08 -7.69637e+08 -7.76633e+08 -7.83694e+08 -7.90818e+08 -7.98007e+08 -8.05262e+08 -8.12582e+08 -8.1997e+08 -8.27424e+08 -8.34946e+08 -8.42536e+08 -8.50196e+08 -8.57925e+08 -8.65724e+08 -8.73594e+08 -8.81536e+08 -8.8955e+08 -8.97637e+08 -9.05797e+08 -9.14032e+08 -9.22341e+08 -9.30726e+08 -9.39187e+08 -9.47725e+08 -9.56341e+08 -9.65035e+08 -9.73808e+08 -9.82661e+08 -9.91594e+08 -1.6533e+09 -1.65525e+09 -9.95495e+08 -9.86527e+08 -9.77639e+08 -9.68832e+08 -9.60104e+08 -9.51454e+08 -9.42882e+08 -9.34388e+08 -9.2597e+08 -9.17628e+08 -9.09361e+08 -9.01169e+08 -8.9305e+08 -8.85005e+08 -8.77031e+08 -8.6913e+08 -8.613e+08 -8.53541e+08 -8.45851e+08 -8.38231e+08 -8.30679e+08 -8.23196e+08 -8.1578e+08 -8.0843e+08 -8.01147e+08 -7.9393e+08 -7.86777e+08 -7.79689e+08 -7.72665e+08 -7.65704e+08 -7.58806e+08 -7.51969e+08 -7.45195e+08 -7.38481e+08 -7.31828e+08 -7.25235e+08 -7.18702e+08 -7.12227e+08 -7.05811e+08 -6.99452e+08 -6.93151e+08 -6.86906e+08 -6.80718e+08 -6.74585e+08 -6.68508e+08 -6.62485e+08 -6.56517e+08 -6.50602e+08 -6.44741e+08 -6.38932e+08 -6.33176e+08 -6.27472e+08 -6.21819e+08 -6.16217e+08 -6.10666e+08 -6.05164e+08 -5.99712e+08 -5.94309e+08 -5.88955e+08 -5.83649e+08 -5.78391e+08 -5.7318e+08 -5.68017e+08 -5.62899e+08 -5.57828e+08 -5.52803e+08 -5.47823e+08 -5.42887e+08 -5.37996e+08 -5.3315e+08 -5.28346e+08 -5.23587e+08 -5.1887e+08 -5.14195e+08 -5.09563e+08 -5.04972e+08 -5.00423e+08 -4.95914e+08 -4.91447e+08 -4.87019e+08 -4.82632e+08 -4.78284e+08 -4.73975e+08 -4.69705e+08 -4.65473e+08 -4.6128e+08 -4.57124e+08 -4.53006e+08 -4.48925e+08 -4.4488e+08 -4.40872e+08 -4.36901e+08 -4.32964e+08 -4.29064e+08 -4.25198e+08 -4.21368e+08 -4.17572e+08 -4.1381e+08 -4.10082e+08 -4.06387e+08 -4.02726e+08 -3.99098e+08 -3.95503e+08 -3.9194e+08 -3.88409e+08 -3.84909e+08 -3.81442e+08 -3.78005e+08 -3.746e+08 -3.71225e+08 -3.67881e+08 -3.64566e+08 -3.61282e+08 -3.58027e+08 -3.54802e+08 -3.51605e+08 -3.48438e+08 -3.45299e+08 -3.42188e+08 -3.39105e+08 -3.3605e+08 -3.33023e+08 -3.30022e+08 -3.27049e+08 -3.24103e+08 -3.21183e+08 -3.18289e+08 -3.15422e+08 -3.1258e+08 -3.09764e+08 -3.06974e+08 -3.04208e+08 -3.01468e+08 -2.98752e+08 -2.9606e+08 -2.93393e+08 -2.9075e+08 -2.8813e+08 -2.85535e+08 -2.82962e+08 -2.80413e+08 -2.77887e+08 -2.75383e+08 -2.72902e+08 -2.70444e+08 -2.68007e+08 -2.65593e+08 -2.632e+08 -2.60829e+08 -2.58479e+08 -2.56151e+08 -2.53843e+08 -2.51556e+08 -2.4929e+08 -2.47044e+08 -2.44818e+08 -2.42613e+08 -2.40427e+08 -2.38261e+08 -2.36114e+08 -2.33987e+08 -2.31879e+08 -2.2979e+08 -2.2772e+08 -2.25669e+08 -2.23636e+08 -2.21621e+08 -2.19624e+08 -2.17646e+08 -2.15685e+08 -2.13742e+08 -2.11816e+08 -2.09908e+08 -2.08017e+08 -2.06143e+08 -2.04286e+08 -2.02445e+08 -2.00621e+08 -1.98814e+08 -1.97023e+08 -1.95248e+08 -1.93489e+08 -1.91746e+08 -1.90018e+08 -1.88306e+08 -1.8661e+08 -1.84929e+08 -1.83263e+08 -1.81612e+08 -1.79976e+08 -1.78354e+08 -1.76747e+08 -1.75155e+08 -1.73577e+08 -1.72013e+08 -1.70464e+08 -1.68928e+08 -1.67406e+08 -1.65898e+08 -1.64403e+08 -1.62922e+08 -1.61455e+08 -1.6e+08 -1.58559e+08 -1.5713e+08 -1.55715e+08 -1.54312e+08 -1.52921e+08 -1.51544e+08 -1.50179e+08 -1.48826e+08 -1.47485e+08 -1.46156e+08 -1.44839e+08 -1.43535e+08 -1.42241e+08 -1.4096e+08 -1.3969e+08 -1.38432e+08 -1.37184e+08 -1.35949e+08 -1.34724e+08 -1.3351e+08 -1.32307e+08 -1.31115e+08 -1.29934e+08 -1.28764e+08 -1.27604e+08 -1.26454e+08 -1.25315e+08 -1.24186e+08 -1.23067e+08 -1.21958e+08 -1.2086e+08 -1.19771e+08 -1.18692e+08 -1.17622e+08 -1.16563e+08 -1.15513e+08 -1.14472e+08 -1.13441e+08 -1.12419e+08 -1.11406e+08 -1.10402e+08 -1.09408e+08 -1.08422e+08 -1.07445e+08 -1.06477e+08 -1.05518e+08 -1.04567e+08 -1.03625e+08 -1.02692e+08 -1.01767e+08 -1.0085e+08 -1.65132e+08 -1.64935e+08 -9.88722e+07 -9.6642e+07 -9.44621e+07 -9.23314e+07 -9.02487e+07 -8.8213e+07 -8.62232e+07 -8.42784e+07 -8.23773e+07 -8.05192e+07 -7.8703e+07 -7.69277e+07 -7.51925e+07 -7.34964e+07 -7.18386e+07 -7.02182e+07 -6.86343e+07 -6.70862e+07 -6.5573e+07 -6.40939e+07 -6.26482e+07 -6.1235e+07 -5.98538e+07 -5.85037e+07 -5.71841e+07 -5.58942e+07 -5.46334e+07 -5.34011e+07 -5.21966e+07 -5.10192e+07 -4.98684e+07 -4.87436e+07 -4.76441e+07 -4.65694e+07 -4.5519e+07 -4.44922e+07 -4.34886e+07 -4.25077e+07 -4.15489e+07 -4.06117e+07 -3.96956e+07 -3.88002e+07 -3.7925e+07 -3.70696e+07 -3.62334e+07 -3.54161e+07 -3.46173e+07 -3.38364e+07 -3.30732e+07 -3.23272e+07 -3.1598e+07 -3.08853e+07 -3.01886e+07 -2.95077e+07 -2.88421e+07 -2.81915e+07 -2.75556e+07 -2.6934e+07 -2.63265e+07 -2.57327e+07 -2.51522e+07 -2.45849e+07 -2.40304e+07 -2.34883e+07 -2.29585e+07 -2.24406e+07 -2.19345e+07 -2.14397e+07 -2.09561e+07 -2.04834e+07 -2.00214e+07 -1.95698e+07 -1.91283e+07 -1.86969e+07 -1.82751e+07 -1.78629e+07 -1.746e+07 -1.70662e+07 -1.66812e+07 -1.63049e+07 -1.59372e+07 -1.55777e+07 -1.52263e+07 -1.48829e+07 -1.45471e+07 -1.4219e+07 -1.38983e+07 -1.35848e+07 -1.32784e+07 -1.29789e+07 -1.26861e+07 -1.23999e+07 -1.21202e+07 -1.18469e+07 -1.15796e+07 -1.13184e+07 -1.10631e+07 -1.08136e+07 -1.05697e+07 -1.03313e+07 -1.0504e+07 -1.07946e+07
7024.26 7024.26 7024.26 7024.26 7024.26 7024.26 7024.26 7024.26 7024.26 7024.26 7024.26 7024.26 7024.26 7024.26 7024.26 7024.26 7024.26 7024.26 7024.26 7024.26 7024.26 7024.26 7024.26 7024.26 7024.26 7024.26 7024.26 7024.26 7024.26 7024.26 7024.26 7024.26 7024.26 7024.26 7024.26 7024.26 7024.26 7024.26 7024.26 7024.26 7024.26 7024.26 7024.26 7024.26 7024.26 7024.26 7024.26 7024.26 7024.26 7024.26 7024.26 7024.26 7024.26 7024.26 7024.26 7024.26 7024.26 7024.26 7024.26 7024.26 7024.26 7024.26 7024.26 7024.26 7024.26 7024.26 7024.26 7024.26 7024.26 7024.26 7024.26 7024.26 7024.26 7024.26 7024.26 7024.26 7024.26 7024.26 7024.26 7024.26 7024.26 7024.26 7024.26 7024.26 7024.26 7024.26 7024.26 7024.26 7024.26 7024.26 7024.26 7024.26 7024.26 7024.26 7024.26 7024.26 7024.26 7024.26 7024.26 7024.26 7024.26 7024.26 7024.26 7024.26 7024.26 7024.26 7024.26 7024.26 7024.26 7024.26 7024.26 7024.26 7024.26 7024.26 7024.26 7024.26 7024.26 7024.26 7024.26 7024.26 7024.26 7024.26 7024.26 7024.26 7024.26 7024.26 7024.26 7024.26 7024.26 7024.26 7024.26 7024.26 7024.26 7024.26 7024.26 7024.26 7024.26 7024.26 7024.26 7024.26 7024.26 7024.26 7024.26 7024.26 7024.26 7024.26 7024.26 7024.26 7024.26 7024.26 7024.26 7024.26 7024.26 7024.26 7024.26 7024.26 7024.26 7024.26 7024.26 7024.26 7024.26 7024.26 7024.26 7024.26 7024.26 7024.26 7024.26 7024.26 7024.26 7024.26 7024.26 7024.26 7024.26 7024.26 7024.26 7024.26 7024.26 7024.26 7024.26 7024.26 7024.26 7024.26 7024.26 7024.26 7024.26 7024.26 7024.26 7024.26 7024.26 7024.26 7024.26 7024.26 7024.26 7024.26 7024.26 7024.26 7024.26 7024.26 7024.26 7024.26 7024.26 7024.26 7024.26 7024.26 7024.26 7024.26 7024.26 7024.26 7024.26 7024.26 7024.26 7024.26 7024.26 7024.26 7024.26 7024.26 7024.26 7024.26 7024.26 7024.26 7024.26 7024.26 7024.26 7024.26 7024.26 7024.26 7024.26 7024.26 7024.26 7024.26 7024.26 7024.26 7024.26 7024.26 7024.26 7024.26 7024.26 7024.26 7024.26 7024.26 7024.26 7024.26 7024.26 7024.26 7024.26 7024.26 7024.26 7024.26 7024.26 7024.26 7024.26 7024.26 7024.26 7024.26 7024.26 7024.26 7024.26 7024.26 7024.26 7024.26 7024.26 7024.26 7024.26 7024.26 7024.26 7024.26 7024.26 7024.26 7024.26 7024.26 7024.26 7024.26 7024.26 7024.26 7024.26 7024.26 7024.26 7024.26 7024.26 7024.26 7024.26 7024.26 7024.26 7024.26 7024.26 7024.26 7024.26 7024.26 7024.26 7024.26 7024.26 7024.26 7024.26 7024.26 7024.26 7024.26 7024.26 7024.26 7024.26 7024.26 7024.26 7024.26 7024.26 7024.26 7024.26 7024.26 7024.26 7024.26 7024.26 7024.26 7024.26 7024.26 7024.26 7024.26 7024.26 7024.26 7024.26 7024.26 7024.26 7024.26 7024.26 7024.26 7024.26 7024.26 7024.26 7024.26 7024.26 7024.26 7024.26 7024.26 7024.26 7024.26 7024.26 7024.26 7024.26 7024.26 7024.26 7024.26 7024.26 7024.26 7024.26 7024.26 7024.26 7024.26 7024.26 7024.26 7024.26 7024.26 7024.26 7024.26 7024.26 7024.26 7024.26 7024.26 7024.26 7024.26 7024.26 7024.26 7024.26 7024.26 7024.26 7024.26 7024.26 7024.26 7024.26 7024.26 7024.26 7024.26 7024.26 7024.26 7024.26 7024.26 7024.26 7024.26 7024.26 7024.26 7024.26 7024.26 7024.26 7024.26 7024.26 7024.26 7024.26 7024.26 7024.26 7024.26 7024.26 7024.26 7024.26 7024.26 7024.26 7024.26 7024.26 7024.26 7024.26 7024.26 7024.26 7024.26 7024.26 7024.26 7024.26 7024.26 7024.26 7024.26 7024.26 7024.26 7024.26 7024.26 7024.26 7024.26 7024.26 7024.26 7024.26 7024.26 7024.26 7024.26 7024.26 7024.26 7024.26 7024.26 7024.26 7024.26 7024.26 7024.26 7024.26 7024.26 7024.26 7024.26 7024.26 7024.26 7024.26 7024.26 7024.26 7024.26 7024.26 7024.26 7024.26 7024.26 7024.26 7024.26 7024.26 7024.26 7024.26 7024.26 7024.26 7024.26 7024.26 7024.26 7024.26 7024.26 7024.26 7024.26 7024.26 7024.26 7024.26 7024.26 7024.26 7024.26 7024.26 7024.26 7024.26 7024.26 7024.26 7024.26 7024.26 7024.26 7024.26 7024.26 7024.26 7024.26 7024.26 7024.26 7024.26 7024.26 7024.26 7024.26 7024.26 7024.26 7024.26 7024.26 7024.26 7024.26 7024.26 7024.26 7024.26 7024.26 7024.26 7024.26 7024.26 7024.26 7024.26 7024.26 7024.26 7024.26 7024.26 7024.26 7024.26 7024.26 7024.26 7024.26 7024.26 7024.26 7024.26 7024.26 7024.26 7024.26 7024.26 7024.26 7024.26 7024.26 7024.26 7024.26 7024.26 7024.26 7024.26 7024.26 7024.26 7024.26 7024.26 7024.26 7024.26 7024.26 7024.26 7024.26 7024.26 7024.26 7024.26 7024.26 7024.26 7024.26 7024.26 7024.26 7024.26 7024.26 7024.26 7024.26 7024.26 7024.26 7024.26 7024.26 7024.26 7024.26 7024.26 7024.26 7024.26 7024.26 7024.26 7024.26 7024.27 7024.27 7024.27 7024.27 7024.27 7024.27 7024.27 7024.27 7024.27 7024.27 7024.27 7024.27 7024.27 7024.27 7024.27 7024.27 7024.27 7024.27 7024.27 7024.27 7024.27 7024.27 7024.27 7024.27 7024.27 7024.27 7024.27 7024.27 7024.27 7024.27 7024.27 7024.27 7024.27 7024.27 7024.27 7024.27 7024.27 7024.27 7024.27 7024.27 7024.27 7024.27 7024.27 7024.27 7024.27 7024.27 7024.27 7024.27 7024.27 7024.27 7024.27 7024.27 7024.27 7024.27 7024.27 7024.27 7024.27 7024.27 7024.27 7024.27 7024.27 7024.27 7024.27 7024.27 7024.27 7024.27 7024.27 7024.27 7024.27 7024.27 7024.27 7024.27 7024.27 7024.27 7024.27 7024.27 7024.27 7024.27 7024.27 7024.27 7024.27 7024.27 7024.27 7024.27 7024.27 7024.27 7024.27 7024.27 7024.27 7024.27 7024.27 7024.27 7024.27 7024.27 7024.27 7024.27 7024.27 7024.27 7024.27 7024.27 7024.27 7024.27 7024.27 7024.27 7024.27 7024.27 7024.27 7024.27 7024.27 7024.27 7024.27 7024.27 7024.27 7024.27 7024.27 7024.27 7024.27 7024.27 7024.27 7024.27 7024.27 7024.27 7024.27 7024.27 7024.27 7024.27 7024.27 7024.27 7024.27 7024.27 7024.27 7024.27 7024.27 7024.27 7024.27 7024.27 7024.27 7024.27 7024.27 7024.27 7024.27 7024.27 7024.27 7024.27 7024.27 7024.27 7024.27 7024.27 7024.27 7024.27 7024.27 7024.27 7024.27 7024.27 7024.27 7024.27 7024.27 7024.27 7024.27 7024.27 7024.27 7024.27 7024.27 7024.27 7024.27 7024.27 7024.27 7024.27 7024.27
-1.65255e-11 -1.67168e-11 -1.71038e-11 -1.74999e-11 -1.79052e-11 -1.832e-11 -1.87446e-11 -1.9179e-11 -1.96235e-11 -2.00784e-11 -2.05439e-11 -2.10202e-11 -2.15076e-11 -2.20063e-11 -2.25165e-11 -2.30386e-11 -2.35727e-11 -2.41193e-11 -2.46785e-11 -2.52506e-11 -2.5836e-11 -2.6435e-11 -2.70477e-11 -2.76747e-11 -2.83161e-11 -2.89724e-11 -2.96438e-11 -3.03307e-11 -3.10335e-11 -3.17524e-11 -3.2488e-11 -3.32406e-11 -3.40105e-11 -3.47981e-11 -3.5604e-11 -3.64284e-11 -3.72718e-11 -3.81346e-11 -3.90173e-11 -3.99204e-11 -4.08442e-11 -4.17893e-11 -4.27562e-11 -4.37454e-11 -4.47573e-11 -4.57926e-11 -4.68516e-11 -4.79351e-11 -4.90434e-11 -5.01773e-11 -5.13373e-11 -5.2524e-11 -5.3738e-11 -5.49799e-11 -5.62504e-11 -5.75501e-11 -5.88797e-11 -6.024e-11 -6.16315e-11 -6.30551e-11 -6.45114e-11 -6.60012e-11 -6.75253e-11 -6.90844e-11 -7.06795e-11 -7.23113e-11 -7.39806e-11 -7.56883e-11 -7.74353e-11 -7.92225e-11 -8.10509e-11 -8.29214e-11 -8.48349e-11 -8.67924e-11 -8.8795e-11 -9.08437e-11 -9.29396e-11 -9.50838e-11 -9.72773e-11 -9.95213e-11 -1.01817e-10 -1.04166e-10 -1.06568e-10 -1.09026e-10 -1.11541e-10 -1.14113e-10 -1.16745e-10 -1.19437e-10 -1.22192e-10 -1.2501e-10 -1.27892e-10 -1.30842e-10 -1.33859e-10 -1.36945e-10 -1.40103e-10 -1.43334e-10 -1.46639e-10 -1.5002e-10 -1.53479e-10 -1.57018e-10 -1.60638e-10 -1.70936e-10 -1.72669e-10 -1.6669e-10 -1.68206e-10 -1.69735e-10 -1.71278e-10 -1.72835e-10 -1.74407e-10 -1.75992e-10 -1.77592e-10 -1.79207e-10 -1.80836e-10 -1.8248e-10 -1.84139e-10 -1.85813e-10 -1.87502e-10 -1.89206e-10 -1.90926e-10 -1.92661e-10 -1.94413e-10 -1.9618e-10 -1.97963e-10 -1.99762e-10 -2.01578e-10 -2.0341e-10 -2.05259e-10 -2.07124e-10 -2.09007e-10 -2.10906e-10 -2.12823e-10 -2.14757e-10 -2.16709e-10 -2.18678e-10 -2.20666e-10 -2.22671e-10 -2.24695e-10 -2.26737e-10 -2.28797e-10 -2.30876e-10 -2.32974e-10 -2.35091e-10 -2.37228e-10 -2.39383e-10 -2.41559e-10 -2.43754e-10 -2.45968e-10 -2.48204e-10 -2.50459e-10 -2.52735e-10 -2.55031e-10 -2.57348e-10 -2.59687e-10 -2.62046e-10 -2.64427e-10 -2.6683e-10 -2.69254e-10 -2.71701e-10 -2.74169e-10 -2.7666e-10 -2.79174e-10 -2.8171e-10 -2.8427e-10 -2.86853e-10 -2.89459e-10 -2.92089e-10 -2.94742e-10 -2.9742e-10 -3.00122e-10 -3.02849e-10 -3.05601e-10 -3.08377e-10 -3.11179e-10 -3.14006e-10 -3.16858e-10 -3.19737e-10 -3.22642e-10 -3.25573e-10 -3.28531e-10 -3.31515e-10 -3.34527e-10 -3.37566e-10 -3.40633e-10 -3.43728e-10 -3.4685e-10 -3.50001e-10 -3.53181e-10 -3.56389e-10 -3.59627e-10 -3.62894e-10 -3.66191e-10 -3.69518e-10 -3.72875e-10 -3.76262e-10 -3.7968e-10 -3.83129e-10 -3.8661e-10 -3.90122e-10 -3.93666e-10 -3.97242e-10 -4.00851e-10 -4.04493e-10 -4.08167e-10 -4.11875e-10 -4.15617e-10 -4.19392e-10 -4.23202e-10 -4.27047e-10 -4.30926e-10 -4.34841e-10 -4.38791e-10 -4.42778e-10 -4.468e-10 -4.50859e-10 -4.54955e-10 -4.59088e-10 -4.63258e-10 -4.67467e-10 -4.71713e-10 -4.75999e-10 -4.80323e-10 -4.84686e-10 -4.8909e-10 -4.93533e-10 -4.98016e-10 -5.0254e-10 -5.07106e-10 -5.11713e-10 -5.16361e-10 -5.21052e-10 -5.25786e-10 -5.30562e-10 -5.35382e-10 -5.40246e-10 -5.45154e-10 -5.50107e-10 -5.55104e-10 -5.60147e-10 -5.65236e-10 -5.70371e-10 -5.75553e-10 -5.80781e-10 -5.86058e-10 -5.91382e-10 -5.96754e-10 -6.02176e-10 -6.07647e-10 -6.13167e-10 -6.18738e-10 -6.24359e-10 -6.30031e-10 -6.35755e-10 -6.41531e-10 -6.47359e-10 -6.5324e-10 -6.59175e-10 -6.65164e-10 -6.71207e-10 -6.77305e-10 -6.83458e-10 -6.89668e-10 -6.95933e-10 -7.02256e-10 -7.08636e-10 -7.15075e-10 -7.21571e-10 -7.28127e-10 -7.34742e-10 -7.41418e-10 -7.48154e-10 -7.54951e-10 -7.6181e-10 -7.68732e-10 -7.75716e-10 -7.82764e-10 -7.89876e-10 -7.97052e-10 -8.04294e-10 -8.11601e-10 -8.18975e-10 -8.26416e-10 -8.33925e-10 -8.41502e-10 -8.49148e-10 -8.56863e-10 -8.64648e-10 -8.72504e-10 -8.80432e-10 -8.88431e-10 -8.96504e-10 -9.04649e-10 -9.12869e-10 -9.21163e-10 -9.29533e-10 -9.37979e-10 -9.46501e-10 -9.55101e-10 -9.6378e-10 -9.72537e-10 -9.81373e-10 -9.90291e-10 -9.99289e-10 -1.00837e-09 -1.01753e-09 -1.02678e-09 -1.03611e-09 -1.04552e-09 -1.05502e-09 -1.06461e-09 -1.07428e-09 -1.08404e-09 -1.09389e-09 -1.10383e-09 -1.11386e-09 -1.12398e-09 -1.1342e-09 -1.1445e-09 -1.1549e-09 -1.1654e-09 -1.17599e-09 -1.18667e-09 -1.19746e-09 -1.20834e-09 -1.21932e-09 -1.2304e-09 -1.24158e-09 -1.25286e-09 -1.26424e-09 -1.27573e-09 -1.28733e-09 -1.29902e-09 -1.31083e-09 -1.32274e-09 -1.33476e-09 -1.34689e-09 -1.35913e-09 -1.37148e-09 -1.38394e-09 -1.39652e-09 -1.40921e-09 -1.42201e-09 -1.43494e-09 -1.44798e-09 -1.46113e-09 -1.47441e-09 -1.48781e-09 -1.50133e-09 -1.51498e-09 -1.52874e-09 -1.54264e-09 -1.55665e-09 -1.5708e-09 -1.58508e-09 -1.59948e-09 -1.61402e-09 -1.62868e-09 -1.64348e-09 -2.73978e-09 -2.74302e-09 -1.64995e-09 -1.63509e-09 -1.62036e-09 -1.60577e-09 -1.59131e-09 -1.57698e-09 -1.56278e-09 -1.5487e-09 -1.53476e-09 -1.52093e-09 -1.50724e-09 -1.49366e-09 -1.48021e-09 -1.46688e-09 -1.45367e-09 -1.44058e-09 -1.42761e-09 -1.41475e-09 -1.40201e-09 -1.38938e-09 -1.37687e-09 -1.36447e-09 -1.35219e-09 -1.34001e-09 -1.32794e-09 -1.31598e-09 -1.30413e-09 -1.29239e-09 -1.28075e-09 -1.26922e-09 -1.25779e-09 -1.24646e-09 -1.23524e-09 -1.22411e-09 -1.21309e-09 -1.20217e-09 -1.19134e-09 -1.18061e-09 -1.16998e-09 -1.15945e-09 -1.149e-09 -1.13866e-09 -1.1284e-09 -1.11824e-09 -1.10817e-09 -1.09819e-09 -1.08831e-09 -1.07851e-09 -1.06879e-09 -1.05917e-09 -1.04963e-09 -1.04018e-09 -1.03081e-09 -1.02153e-09 -1.01233e-09 -1.00322e-09 -9.94185e-10 -9.85233e-10 -9.76361e-10 -9.6757e-10 -9.58858e-10 -9.50224e-10 -9.41668e-10 -9.33188e-10 -9.24786e-10 -9.16459e-10 -9.08207e-10 -9.00029e-10 -8.91925e-10 -8.83894e-10 -8.75935e-10 -8.68048e-10 -8.60232e-10 -8.52487e-10 -8.44811e-10 -8.37204e-10 -8.29666e-10 -8.22196e-10 -8.14793e-10 -8.07457e-10 -8.00187e-10 -7.92982e-10 -7.85842e-10 -7.78766e-10 -7.71755e-10 -7.64806e-10 -7.5792e-10 -7.51096e-10 -7.44333e-10 -7.37632e-10 -7.3099e-10 -7.24409e-10 -7.17887e-10 -7.11423e-10 -7.05018e-10 -6.9867e-10 -6.9238e-10 -6.86146e-10 -6.79968e-10 -6.73846e-10 -6.67779e-10 -6.61767e-10 -6.55809e-10 -6.49905e-10 -6.44053e-10 -6.38255e-10 -6.32509e-10 -6.26814e-10 -6.21171e-10 -6.15578e-10 -6.10036e-10 -6.04544e-10 -5.99101e-10 -5.93707e-10 -5.88362e-10 -5.83065e-10 -5.77816e-10 -5.72614e-10 -5.67458e-10 -5.6235e-10 -5.57287e-10 -5.5227e-10 -5.47298e-10 -5.4237e-10 -5.37488e-10 -5.32649e-10 -5.27853e-10 -5.23101e-10 -5.18392e-10 -5.13725e-10 -5.091e-10 -5.04516e-10 -4.99974e-10 -4.95473e-10 -4.91013e-10 -4.86592e-10 -4.82212e-10 -4.7787e-10 -4.73568e-10 -4.69305e-10 -4.6508e-10 -4.60893e-10 -4.56744e-10 -4.52632e-10 -4.48557e-10 -4.44519e-10 -4.40517e-10 -4.36551e-10 -4.32621e-10 -4.28726e-10 -4.24866e-10 -4.21041e-10 -4.17251e-10 -4.13495e-10 -4.09772e-10 -4.06083e-10 -4.02427e-10 -3.98804e-10 -3.95214e-10 -3.91656e-10 -3.8813e-10 -3.84636e-10 -3.81173e-10 -3.77741e-10 -3.74341e-10 -3.70971e-10 -3.67631e-10 -3.64321e-10 -3.61041e-10 -3.57791e-10 -3.5457e-10 -3.51378e-10 -3.48214e-10 -3.45079e-10 -3.41972e-10 -3.38894e-10 -3.35843e-10 -3.32819e-10 -3.29823e-10 -3.26853e-10 -3.23911e-10 -3.20994e-10 -3.18104e-10 -3.1524e-10 -3.12402e-10 -3.0959e-10 -3.06802e-10 -3.0404e-10 -3.01303e-10 -2.9859e-10 -2.95901e-10 -2.93237e-10 -2.90597e-10 -2.87981e-10 -2.85388e-10 -2.82818e-10 -2.80272e-10 -2.77748e-10 -2.75247e-10 -2.72769e-10 -2.70313e-10 -2.67879e-10 -2.65467e-10 -2.63077e-10 -2.60708e-10 -2.5836e-10 -2.56034e-10 -2.53729e-10 -2.51444e-10 -2.4918e-10 -2.46936e-10 -2.44712e-10 -2.42509e-10 -2.40325e-10 -2.38161e-10 -2.36016e-10 -2.33891e-10 -2.31784e-10 -2.29697e-10 -2.27628e-10 -2.25579e-10 -2.23547e-10 -2.21534e-10 -2.19539e-10 -2.17561e-10 -2.15602e-10 -2.1366e-10 -2.11736e-10 -2.09829e-10 -2.07939e-10 -2.06066e-10 -2.0421e-10 -2.02371e-10 -2.00548e-10 -1.98742e-10 -1.96952e-10 -1.95178e-10 -1.93419e-10 -1.91677e-10 -1.8995e-10 -1.88239e-10 -1.86544e-10 -1.84863e-10 -1.83198e-10 -1.81548e-10 -1.79912e-10 -1.78291e-10 -1.76685e-10 -1.75093e-10 -1.73516e-10 -1.71952e-10 -1.70403e-10 -1.68868e-10 -1.67346e-10 -2.73845e-10 -2.73517e-10 -1.64063e-10 -1.60366e-10 -1.56752e-10 -1.53219e-10 -1.49766e-10 -1.4639e-10 -1.43091e-10 -1.39866e-10 -1.36713e-10 -1.33632e-10 -1.3062e-10 -1.27676e-10 -1.24798e-10 -1.21985e-10 -1.19235e-10 -1.16547e-10 -1.1392e-10 -1.11352e-10 -1.08841e-10 -1.06388e-10 -1.03989e-10 -1.01644e-10 -9.93526e-11 -9.71124e-11 -9.49226e-11 -9.27821e-11 -9.06898e-11 -8.86445e-11 -8.66453e-11 -8.46911e-11 -8.27808e-11 -8.09135e-11 -7.90882e-11 -7.7304e-11 -7.55599e-11 -7.38551e-11 -7.21886e-11 -7.05596e-11 -6.89673e-11 -6.74107e-11 -6.58892e-11 -6.44019e-11 -6.29481e-11 -6.15269e-11 -6.01377e-11 -5.87798e-11 -5.74524e-11 -5.61549e-11 -5.48865e-11 -5.36467e-11 -5.24348e-11 -5.12501e-11 -5.00921e-11 -4.89601e-11 -4.78536e-11 -4.6772e-11 -4.57148e-11 -4.46813e-11 -4.36711e-11 -4.26836e-11 -4.17183e-11 -4.07748e-11 -3.98525e-11 -3.8951e-11 -3.80698e-11 -3.72084e-11 -3.63664e-11 -3.55434e-11 -3.47389e-11 -3.39526e-11 -3.3184e-11 -3.24327e-11 -3.16984e-11 -3.09806e-11 -3.02791e-11 -2.95933e-11 -2.8923e-11 -2.82679e-11 -2.76276e-11 -2.70017e-11 -2.63899e-11 -2.5792e-11 -2.52076e-11 -2.46365e-11 -2.40782e-11 -2.35326e-11 -2.29993e-11 -2.24781e-11 -2.19688e-11 -2.14709e-11 -2.09844e-11 -2.05089e-11 -2.00442e-11 -1.95901e-11 -1.91463e-11 -1.87127e-11 -1.82889e-11 -1.78747e-11 -1.74701e-11 -1.70747e-11 -1.73607e-11 -1.78421e-11
1.66102e-11 1.68012e-11 1.71877e-11 1.7583e-11 1.79872e-11 1.84007e-11 1.88235e-11 1.92561e-11 1.96985e-11 2.0151e-11 2.06139e-11 2.10874e-11 2.15717e-11 2.20672e-11 2.2574e-11 2.30925e-11 2.36229e-11 2.41655e-11 2.47205e-11 2.52884e-11 2.58692e-11 2.64635e-11 2.70715e-11 2.76934e-11 2.83297e-11 2.89807e-11 2.96466e-11 3.0328e-11 3.1025e-11 3.17382e-11 3.24677e-11 3.32142e-11 3.39778e-11 3.47591e-11 3.55585e-11 3.63763e-11 3.7213e-11 3.80691e-11 3.89449e-11 3.9841e-11 4.07578e-11 4.16958e-11 4.26555e-11 4.36373e-11 4.46419e-11 4.56698e-11 4.67214e-11 4.77973e-11 4.88982e-11 5.00245e-11 5.11769e-11 5.23559e-11 5.35622e-11 5.47965e-11 5.60593e-11 5.73513e-11 5.86732e-11 6.00258e-11 6.14096e-11 6.28255e-11 6.42741e-11 6.57563e-11 6.72727e-11 6.88243e-11 7.04117e-11 7.20359e-11 7.36977e-11 7.5398e-11 7.71375e-11 7.89174e-11 8.07384e-11 8.26015e-11 8.45078e-11 8.64581e-11 8.84536e-11 9.04953e-11 9.25841e-11 9.47213e-11 9.69079e-11 9.91451e-11 1.01434e-10 1.03776e-10 1.06172e-10 1.08623e-10 1.11131e-10 1.13697e-10 1.16323e-10 1.19009e-10 1.21757e-10 1.24569e-10 1.27446e-10 1.30389e-10 1.334e-10 1.36481e-10 1.39633e-10 1.42858e-10 1.46157e-10 1.49533e-10 1.52987e-10 1.5652e-10 1.60135e-10 1.70428e-10 1.72157e-10 1.66172e-10 1.67683e-10 1.69207e-10 1.70745e-10 1.72297e-10 1.73863e-10 1.75444e-10 1.77039e-10 1.78648e-10 1.80272e-10 1.81911e-10 1.83565e-10 1.85234e-10 1.86918e-10 1.88617e-10 1.90332e-10 1.92063e-10 1.93809e-10 1.95571e-10 1.9735e-10 1.99144e-10 2.00955e-10 2.02782e-10 2.04626e-10 2.06487e-10 2.08364e-10 2.10259e-10 2.12171e-10 2.141e-10 2.16047e-10 2.18012e-10 2.19995e-10 2.21995e-10 2.24014e-10 2.26051e-10 2.28107e-10 2.30182e-10 2.32275e-10 2.34387e-10 2.36519e-10 2.3867e-10 2.40841e-10 2.43031e-10 2.45242e-10 2.47472e-10 2.49723e-10 2.51994e-10 2.54286e-10 2.56599e-10 2.58933e-10 2.61288e-10 2.63665e-10 2.66063e-10 2.68483e-10 2.70925e-10 2.7339e-10 2.75877e-10 2.78386e-10 2.80918e-10 2.83474e-10 2.86052e-10 2.88654e-10 2.9128e-10 2.93929e-10 2.96603e-10 2.99301e-10 3.02024e-10 3.04771e-10 3.07544e-10 3.10341e-10 3.13164e-10 3.16013e-10 3.18888e-10 3.21789e-10 3.24716e-10 3.2767e-10 3.30651e-10 3.33659e-10 3.36694e-10 3.39757e-10 3.42848e-10 3.45967e-10 3.49114e-10 3.5229e-10 3.55495e-10 3.58729e-10 3.61992e-10 3.65285e-10 3.68609e-10 3.71962e-10 3.75346e-10 3.7876e-10 3.82206e-10 3.85683e-10 3.89192e-10 3.92732e-10 3.96305e-10 3.99911e-10 4.03549e-10 4.0722e-10 4.10925e-10 4.14663e-10 4.18435e-10 4.22242e-10 4.26083e-10 4.29959e-10 4.33871e-10 4.37818e-10 4.41801e-10 4.4582e-10 4.49876e-10 4.53969e-10 4.58099e-10 4.62266e-10 4.66472e-10 4.70715e-10 4.74997e-10 4.79319e-10 4.83679e-10 4.88079e-10 4.9252e-10 4.97e-10 5.01521e-10 5.06084e-10 5.10688e-10 5.15334e-10 5.20022e-10 5.24753e-10 5.29526e-10 5.34344e-10 5.39205e-10 5.4411e-10 5.4906e-10 5.54055e-10 5.59095e-10 5.64181e-10 5.69313e-10 5.74493e-10 5.79719e-10 5.84992e-10 5.90314e-10 5.95684e-10 6.01103e-10 6.06571e-10 6.12089e-10 6.17657e-10 6.23276e-10 6.28946e-10 6.34667e-10 6.40441e-10 6.46267e-10 6.52146e-10 6.58078e-10 6.64064e-10 6.70105e-10 6.76201e-10 6.82352e-10 6.88559e-10 6.94823e-10 7.01143e-10 7.07521e-10 7.13957e-10 7.20452e-10 7.27005e-10 7.33618e-10 7.40292e-10 7.47026e-10 7.53821e-10 7.60678e-10 7.67597e-10 7.7458e-10 7.81625e-10 7.88735e-10 7.9591e-10 8.03149e-10 8.10455e-10 8.17827e-10 8.25266e-10 8.32773e-10 8.40348e-10 8.47992e-10 8.55705e-10 8.63488e-10 8.71343e-10 8.79268e-10 8.87266e-10 8.95336e-10 9.0348e-10 9.11698e-10 9.19991e-10 9.28359e-10 9.36803e-10 9.45324e-10 9.53922e-10 9.62598e-10 9.71354e-10 9.80189e-10 9.89104e-10 9.98101e-10 1.00718e-09 1.01634e-09 1.02558e-09 1.03491e-09 1.04432e-09 1.05382e-09 1.06341e-09 1.07308e-09 1.08284e-09 1.09269e-09 1.10263e-09 1.11266e-09 1.12278e-09 1.13299e-09 1.14329e-09 1.15369e-09 1.16418e-09 1.17477e-09 1.18546e-09 1.19624e-09 1.20712e-09 1.2181e-09 1.22917e-09 1.24035e-09 1.25163e-09 1.26302e-09 1.2745e-09 1.2861e-09 1.29779e-09 1.3096e-09 1.32151e-09 1.33352e-09 1.34565e-09 1.35789e-09 1.37024e-09 1.3827e-09 1.39528e-09 1.40797e-09 1.42077e-09 1.43369e-09 1.44673e-09 1.45989e-09 1.47317e-09 1.48656e-09 1.50008e-09 1.51372e-09 1.52749e-09 1.54138e-09 1.5554e-09 1.56954e-09 1.58382e-09 1.59822e-09 1.61276e-09 1.62742e-09 1.64222e-09 2.73852e-09 2.74176e-09 1.64869e-09 1.63383e-09 1.6191e-09 1.60451e-09 1.59005e-09 1.57572e-09 1.56152e-09 1.54745e-09 1.5335e-09 1.51968e-09 1.50599e-09 1.49241e-09 1.47896e-09 1.46563e-09 1.45243e-09 1.43934e-09 1.42636e-09 1.41351e-09 1.40077e-09 1.38814e-09 1.37563e-09 1.36324e-09 1.35095e-09 1.33877e-09 1.32671e-09 1.31475e-09 1.3029e-09 1.29116e-09 1.27952e-09 1.26799e-09 1.25656e-09 1.24524e-09 1.23401e-09 1.22289e-09 1.21187e-09 1.20095e-09 1.19012e-09 1.1794e-09 1.16877e-09 1.15823e-09 1.14779e-09 1.13745e-09 1.1272e-09 1.11704e-09 1.10697e-09 1.09699e-09 1.0871e-09 1.0773e-09 1.06759e-09 1.05797e-09 1.04844e-09 1.03899e-09 1.02962e-09 1.02034e-09 1.01114e-09 1.00203e-09 9.92998e-10 9.84047e-10 9.75178e-10 9.66388e-10 9.57677e-10 9.49045e-10 9.4049e-10 9.32013e-10 9.23612e-10 9.15287e-10 9.07037e-10 8.98861e-10 8.90759e-10 8.8273e-10 8.74773e-10 8.66888e-10 8.59073e-10 8.5133e-10 8.43656e-10 8.36051e-10 8.28515e-10 8.21047e-10 8.13646e-10 8.06311e-10 7.99043e-10 7.9184e-10 7.84702e-10 7.77629e-10 7.70619e-10 7.63673e-10 7.56789e-10 7.49967e-10 7.43206e-10 7.36507e-10 7.29867e-10 7.23288e-10 7.16768e-10 7.10307e-10 7.03904e-10 6.97558e-10 6.9127e-10 6.85038e-10 6.78863e-10 6.72743e-10 6.66679e-10 6.60669e-10 6.54713e-10 6.48811e-10 6.42962e-10 6.37166e-10 6.31422e-10 6.2573e-10 6.20089e-10 6.14499e-10 6.08959e-10 6.0347e-10 5.98029e-10 5.92638e-10 5.87296e-10 5.82001e-10 5.76754e-10 5.71555e-10 5.66402e-10 5.61296e-10 5.56236e-10 5.51221e-10 5.46252e-10 5.41328e-10 5.36447e-10 5.31611e-10 5.26819e-10 5.22069e-10 5.17363e-10 5.12699e-10 5.08076e-10 5.03496e-10 4.98957e-10 4.94459e-10 4.90001e-10 4.85583e-10 4.81206e-10 4.76868e-10 4.72568e-10 4.68308e-10 4.64086e-10 4.59902e-10 4.55756e-10 4.51647e-10 4.47575e-10 4.4354e-10 4.39542e-10 4.35579e-10 4.31652e-10 4.27761e-10 4.23904e-10 4.20083e-10 4.16295e-10 4.12542e-10 4.08823e-10 4.05137e-10 4.01485e-10 3.97865e-10 3.94279e-10 3.90724e-10 3.87202e-10 3.83711e-10 3.80252e-10 3.76823e-10 3.73426e-10 3.7006e-10 3.66724e-10 3.63417e-10 3.60141e-10 3.56894e-10 3.53677e-10 3.50489e-10 3.47329e-10 3.44198e-10 3.41095e-10 3.3802e-10 3.34972e-10 3.31953e-10 3.2896e-10 3.25994e-10 3.23056e-10 3.20143e-10 3.17257e-10 3.14397e-10 3.11563e-10 3.08754e-10 3.05971e-10 3.03213e-10 3.0048e-10 2.97771e-10 2.95087e-10 2.92427e-10 2.8979e-10 2.87178e-10 2.84589e-10 2.82024e-10 2.79482e-10 2.76963e-10 2.74466e-10 2.71992e-10 2.6954e-10 2.67111e-10 2.64703e-10 2.62317e-10 2.59953e-10 2.57609e-10 2.55287e-10 2.52986e-10 2.50706e-10 2.48446e-10 2.46207e-10 2.43988e-10 2.41789e-10 2.3961e-10 2.3745e-10 2.3531e-10 2.33189e-10 2.31088e-10 2.29005e-10 2.26941e-10 2.24896e-10 2.22869e-10 2.2086e-10 2.1887e-10 2.16898e-10 2.14943e-10 2.13006e-10 2.11086e-10 2.09184e-10 2.07299e-10 2.05431e-10 2.0358e-10 2.01745e-10 1.99928e-10 1.98126e-10 1.96341e-10 1.94572e-10 1.92819e-10 1.91081e-10 1.8936e-10 1.87653e-10 1.85963e-10 1.84287e-10 1.82627e-10 1.80982e-10 1.79351e-10 1.77735e-10 1.76134e-10 1.74547e-10 1.72975e-10 1.71417e-10 1.69873e-10 1.68342e-10 1.66826e-10 2.73329e-10 2.73005e-10 1.63556e-10 1.59863e-10 1.56254e-10 1.52727e-10 1.49279e-10 1.45909e-10 1.42615e-10 1.39396e-10 1.36249e-10 1.33174e-10 1.30168e-10 1.27229e-10 1.24357e-10 1.21551e-10 1.18807e-10 1.16125e-10 1.13504e-10 1.10943e-10 1.08439e-10 1.05992e-10 1.036e-10 1.01262e-10 9.89768e-11 9.67434e-11 9.45605e-11 9.2427e-11 9.03417e-11 8.83035e-11 8.63115e-11 8.43644e-11 8.24614e-11 8.06014e-11 7.87835e-11 7.70067e-11 7.52701e-11 7.35727e-11 7.19138e-11 7.02923e-11 6.87076e-11 6.71587e-11 6.56448e-11 6.41651e-11 6.2719e-11 6.13055e-11 5.9924e-11 5.85738e-11 5.72541e-11 5.59643e-11 5.47036e-11 5.34715e-11 5.22672e-11 5.10902e-11 4.99398e-11 4.88154e-11 4.77164e-11 4.66423e-11 4.55925e-11 4.45664e-11 4.35635e-11 4.25833e-11 4.16252e-11 4.06888e-11 3.97736e-11 3.8879e-11 3.80047e-11 3.71501e-11 3.63148e-11 3.54984e-11 3.47004e-11 3.39204e-11 3.3158e-11 3.24129e-11 3.16845e-11 3.09726e-11 3.02767e-11 2.95966e-11 2.89317e-11 2.82819e-11 2.76467e-11 2.70257e-11 2.64188e-11 2.58256e-11 2.52457e-11 2.46788e-11 2.41247e-11 2.3583e-11 2.30535e-11 2.25359e-11 2.20299e-11 2.15353e-11 2.10518e-11 2.05791e-11 2.0117e-11 1.96652e-11 1.92235e-11 1.87918e-11 1.83696e-11 1.79568e-11 1.75533e-11 1.71587e-11 1.74451e-11 1.79267e-11
0 0 0 0 0 0 0 0 0 0 0 0 0 0 0 0 0 0 0 0 0 0 0 0 0 0 0 0 0 0 0 0 0 0 0 0 0 0 0 0 0 0 0 0 0 0 0 0 0 0 0 0 0 0 0 0 0 0 0 0 0 0 0 0 0 0 0 0 0 0 0 0 0 0 0 0 0 0 0 0 0 0 0 0 0 0 0 0 0 0 0 0 0 0 0 0 0 0 0 0 0 0 0 0 0 0 0 0 0 0 0 0 0 0 0 0 0 0 0 0 0 0 0 0 0 0 0 0 0 0 0 0 0 0 0 0 0 0 0 0 0 0 0 0 0 0 0 0 0 0 0 0 0 0 0 0 0 0 0 0 0 0 0 0 0 0 0 0 0 0 0 0 0 0 0 0 0 0 0 0 0 0 0 0 0 0 0 0 0 0 0 0 0 0 0 0 0 0 0 0 0 0 0 0 0 0 0 0 0 0 0 0 0 0 0 0 0 0 0 0 0 0 0 0 0 0 0 0 0 0 0 0 0 0 0 0 0 0 0 0 0 0 0 0 0 0 0 0 0 0 0 0 0 0 0 0 0 0 0 0 0 0 0 0 0 0 0 0 0 0 0 0 0 0 0 0 0 0 0 0 0 0 0 0 0 0 0 0 0 0 0 0 0 0 0 0 0 0 0 0 0 0 0 0 0 0 0 0 0 0 0 0 0 0 0 0 0 0 0 0 0 0 0 0 0 0 0 0 0 0 0 0 0 0 0 0 0 0 0 0 0 0 0 0 0 0 0 0 0 0 0 0 0 0 0 0 0 0 0 0 0 0 0 0 0 0 0 0 0 0 0 0 0 0 0 0 0 0 0 0 0 0 0 0 0 0 0 0 0 0 0 0 0 0 0 0 0 0 0 0 0 0 0 0 0 0 0 0 0 0 0 0 0 0 0 0 0 0 0 0 0 0 0 0 0 0 0 0 0 0 0 0 0 0 0 0 0 0 0 0 0 0 0 0 0 0 0 0 0 0 0 0 0 0 0 0 0 0 0 0 0 0 0 0 0 0 0 0 0 0 0 0 0 0 0 0 0 0 0 0 0 0 0 0 0 0 0 0 0 0 0 0 0 0 0 0 0 0 0 0 0 0 0 0 0 0 0 0 0 0 0 0 0 0 0 0 0 0 0 0 0 0 0 0 0 0 0 0 0 0 0 0 0 0 0 0 0 0 0 0 0 0 0 0 0 0 0 0 0 0 0 0 0 0 0 0 0 0 0 0 0 0 0 0 0 0 0 0 0 0 0 0 0 0 0 0 0 0 0 0 0 0 0 0 0 0 0 0 0 0 0 0 0 0 0 0 0 0 0 0 0 0 0 0 0 0 0 0 0 0 0 0 0 0 0 0 0 0 0 0 0 0 0 0 0 0 0 0 0 0 0 0 0 0 0 0 0 0 0 0 0 0 0 0 0 0 0 0 0 0 0 0 0 0 0 0 0 0 0 0 0 0 0 0 0 0 0 0 0 0 0 0 0 0 0 0 0 0 0 0 0 0 0 0 0 0 0 0 0 0 0 0 0 0 0 0 0 0 0 0 0 0 0 0 0 0 0 0 0 0 0 0 0 0 0 0 0
0 0 0 0 0 0 0 0 0 0 0 0 0 0 0 0 0 0 0 0 0 0 0 0 0 0 0 0 0 0 0 0 0 0 0 0 0 0 0 0 0 0 0 0 0 0 0 0 0 0 0 0 0 0 0 0 0 0 0 0 0 0 0 0 0 0 0 0 0 0 0 0 0 0 0 0 0 0 0 0 0 0 0 0 0 0 0 0 0 0 0 0 0 0 0 0 0 0 0 0 0 0 0 0 0 0 0 0 0 0 0 0 0 0 0 0 0 0 0 0 0 0 0 0 0 0 0 0 0 0 0 0 0 0 0 0 0 0 0 0 0 0 0 0 0 0 0 0 0 0 0 0 0 0 0 0 0 0 0 0 0 0 0 0 0 0 0 0 0 0 0 0 0 0 0 0 0 0 0 0 0 0 0 0 0 0 0 0 0 0 0 0 0 0 0 0 0 0 0 0 0 0 0 0 0 0 0 0 0 0 0 0 0 0 0 0 0 0 0 0 0 0 0 0 0 0 0 0 0 0 0 0 0 0 0 0 0 0 0 0 0 0 0 0 0 0 0 0 0 0 0 0 0 0 0 0 0 0 0 0 0 0 0 0 0 0 0 0 0 0 0 0 0 0 0 0 0 0 0 0 0 0 0 0 0 0 0 0 0 0 0 0 0 0 0 0 0 0 0 0 0 0 0 0 0 0 0 0 0 0 0 0 0 0 0 0 0 0 0 0 0 0 0 0 0 0 0 0 0 0 0 0 0 0 0 0 0 0 0 0 0 0 0 0 0 0 0 0 0 0 0 0 0 0 0 0 0 0 0 0 0 0 0 0 0 0 0 0 0 0 0 0 0 0 0 0 0 0 0 0 0 0 0 0 0 0 0 0 0 0 0 0 0 0 0 0 0 0 0 0 0 0 0 0 0 0 0 0 0 0 0 0 0 0 0 0 0 0 0 0 0 0 0 0 0 0 0 0 0 0 0 0 0 0 0 0 0 0 0 0 0 0 0 0 0 0 0 0 0 0 0 0 0 0 0 0 0 0 0 0 0 0 0 0 0 0 0 0 0 0 0 0 0 0 0 0 0 0 0 0 0 0 0 0 0 0 0 0 0 0 0 0 0 0 0 0 0 0 0 0 0 0 0 0 0 0 0 0 0 0 0 0 0 0 0 0 0 0 0 0 0 0 0 0 0 0 0 0 0 0 0 0 0 0 0 0 0 0 0 0 0 0 0 0 0 0 0 0 0 0 0 0 0 0 0 0 0 0 0 0 0 0 0 0 0 0 0 0 0 0 0 0 0 0 0 0 0 0 0 0 0 0 0 0 0 0 0 0 0 0 0 0 0 0 0 0 0 0 0 0 0 0 0 0 0 0 0 0 0 0 0 0 0 0 0 0 0 0 0 0 0 0 0 0 0 0 0 0 0 0 0 0 0 0 0 0 0 0 0 0 0 0 0 0 0 0 0 0 0 0 0 0 0 0 0 0 0 0 0 0 0 0 0 0 0 0 0 0 0 0 0 0 0 0 0 0 0 0 0 0 0 0 0 0 0 0 0 0 0 0 0 0 0 0 0 0 0 0 0 0 0 0 0 0 0 0 0 0 0 0 0 0 0 0 0 0 0
135555 273660 552387 836239 1.12541e+06 1.4201e+06 1.72054e+06 2.02695e+06 2.33958e+06 2.65868e+06 2.98453e+06 3.31739e+06 3.65756e+06 4.00533e+06 4.361e+06 4.7249e+06 5.09734e+06 5.47866e+06 5.86921e+06 6.26934e+06 6.67942e+06 7.09981e+06 7.5309e+06 7.97309e+06 8.42678e+06 8.89237e+06 9.37029e+06 9.86098e+06 1.03649e+07 1.08824e+07 1.14141e+07 1.19604e+07 1.25218e+07 1.30987e+07 1.36917e+07 1.43013e+07 1.49281e+07 1.55725e+07 1.62351e+07 1.69165e+07 1.76173e+07 1.83379e+07 1.90791e+07 1.98415e+07 2.06255e+07 2.1432e+07 2.22615e+07 2.31146e+07 2.39921e+07 2.48946e+07 2.58229e+07 2.67775e+07 2.77593e+07 2.87689e+07 2.98072e+07 3.08748e+07 3.19726e+07 3.31014e+07 3.42618e+07 3.54548e+07 3.66812e+07 3.79418e+07 3.92376e+07 4.05693e+07 4.19379e+07 4.33442e+07 4.47893e+07 4.62741e+07 4.77994e+07 4.93665e+07 5.09761e+07 5.26294e+07 5.43273e+07 5.6071e+07 5.78616e+07 5.97001e+07 6.15876e+07 6.35254e+07 6.55146e+07 6.75564e+07 6.9652e+07 7.18026e+07 7.40096e+07 7.62742e+07 7.85978e+07 8.09816e+07 8.34272e+07 8.59359e+07 8.85091e+07 9.11483e+07 9.3855e+07 9.66307e+07 9.94771e+07 1.02396e+08 1.05388e+08 1.08456e+08 1.11601e+08 1.14825e+08 1.1813e+08 1.21517e+08 1.24989e+08 1.33713e+08 1.35716e+08 1.31688e+08 1.33573e+08 1.3548e+08 1.37412e+08 1.39367e+08 1.41346e+08 1.4335e+08 1.45378e+08 1.47431e+08 1.4951e+08 1.51614e+08 1.53743e+08 1.55898e+08 1.5808e+08 1.60288e+08 1.62522e+08 1.64784e+08 1.67073e+08 1.6939e+08 1.71734e+08 1.74107e+08 1.76507e+08 1.78937e+08 1.81396e+08 1.83883e+08 1.86401e+08 1.88948e+08 1.91525e+08 1.94133e+08 1.96771e+08 1.9944e+08 2.02141e+08 2.04873e+08 2.07638e+08 2.10434e+08 2.13263e+08 2.16125e+08 2.1902e+08 2.21949e+08 2.24911e+08 2.27908e+08 2.30939e+08 2.34005e+08 2.37106e+08 2.40242e+08 2.43414e+08 2.46623e+08 2.49867e+08 2.53149e+08 2.56468e+08 2.59824e+08 2.63218e+08 2.6665e+08 2.70121e+08 2.73631e+08 2.7718e+08 2.80769e+08 2.84398e+08 2.88067e+08 2.91777e+08 2.95528e+08 2.9932e+08 3.03154e+08 3.07031e+08 3.1095e+08 3.14913e+08 3.18919e+08 3.22968e+08 3.27062e+08 3.31201e+08 3.35384e+08 3.39613e+08 3.43888e+08 3.48209e+08 3.52577e+08 3.56992e+08 3.61454e+08 3.65965e+08 3.70523e+08 3.75131e+08 3.79788e+08 3.84494e+08 3.89251e+08 3.94059e+08 3.98917e+08 4.03827e+08 4.08789e+08 4.13803e+08 4.18871e+08 4.23991e+08 4.29166e+08 4.34394e+08 4.39678e+08 4.45017e+08 4.50412e+08 4.55863e+08 4.6137e+08 4.66935e+08 4.72558e+08 4.7824e+08 4.8398e+08 4.89779e+08 4.95638e+08 5.01558e+08 5.07538e+08 5.1358e+08 5.19684e+08 5.25851e+08 5.3208e+08 5.38374e+08 5.44731e+08 5.51154e+08 5.57641e+08 5.64195e+08 5.70815e+08 5.77503e+08 5.84258e+08 5.91081e+08 5.97973e+08 6.04935e+08 6.11967e+08 6.19069e+08 6.26243e+08 6.33489e+08 6.40807e+08 6.48199e+08 6.55665e+08 6.63205e+08 6.7082e+08 6.78511e+08 6.86279e+08 6.94124e+08 7.02047e+08 7.10048e+08 7.18129e+08 7.26289e+08 7.34531e+08 7.42853e+08 7.51258e+08 7.59745e+08 7.68316e+08 7.76972e+08 7.85712e+08 7.94538e+08 8.0345e+08 8.1245e+08 8.21538e+08 8.30714e+08 8.3998e+08 8.49337e+08 8.58785e+08 8.68324e+08 8.77957e+08 8.87683e+08 8.97503e+08 9.07419e+08 9.17431e+08 9.2754e+08 9.37746e+08 9.48051e+08 9.58456e+08 9.68961e+08 9.79567e+08 9.90276e+08 1.00109e+09 1.012e+09 1.02302e+09 1.03415e+09 1.04538e+09 1.05672e+09 1.06817e+09 1.07973e+09 1.0914e+09 1.10318e+09 1.11508e+09 1.12709e+09 1.13921e+09 1.15144e+09 1.1638e+09 1.17627e+09 1.18886e+09 1.20157e+09 1.2144e+09 1.22735e+09 1.24043e+09 1.25363e+09 1.26695e+09 1.28041e+09 1.29398e+09 1.30769e+09 1.32153e+09 1.33549e+09 1.34959e+09 1.36382e+09 1.37819e+09 1.39269e+09 1.40733e+09 1.42211e+09 1.43702e+09 1.45208e+09 1.46728e+09 1.48262e+09 1.4981e+09 1.51373e+09 1.52951e+09 1.54543e+09 1.5615e+09 1.57773e+09 1.59411e+09 1.61064e+09 1.62732e+09 1.64416e+09 1.66116e+09 1.67831e+09 1.69563e+09 1.71311e+09 1.73075e+09 1.74856e+09 1.76653e+09 1.78467e+09 1.80298e+09 1.82146e+09 1.84011e+09 1.85894e+09 1.87794e+09 1.89712e+09 1.91648e+09 1.93601e+09 1.95573e+09 1.97563e+09 1.99572e+09 2.01599e+09 2.03645e+09 2.0571e+09 2.07794e+09 2.09897e+09 2.1202e+09 2.14163e+09 2.16326e+09 2.18508e+09 2.20711e+09 2.22934e+09 2.25178e+09 2.27442e+09 2.29727e+09 2.32034e+09 2.34362e+09 2.36711e+09 2.39082e+09 2.41475e+09 2.4389e+09 2.46328e+09 2.48787e+09 2.5127e+09 4.1931e+09 4.19965e+09 2.52793e+09 2.50735e+09 2.48696e+09 2.46675e+09 2.44672e+09 2.42687e+09 2.4072e+09 2.38771e+09 2.3684e+09 2.34926e+09 2.33029e+09 2.31149e+09 2.29286e+09 2.2744e+09 2.25611e+09 2.23798e+09 2.22001e+09 2.20221e+09 2.18457e+09 2.16708e+09 2.14976e+09 2.13258e+09 2.11557e+09 2.09871e+09 2.082e+09 2.06544e+09 2.04903e+09 2.03276e+09 2.01665e+09 2.00068e+09 1.98485e+09 1.96916e+09 1.95362e+09 1.93822e+09 1.92295e+09 1.90783e+09 1.89284e+09 1.87798e+09 1.86326e+09 1.84867e+09 1.83421e+09 1.81989e+09 1.80569e+09 1.79162e+09 1.77767e+09 1.76386e+09 1.75016e+09 1.73659e+09 1.72315e+09 1.70982e+09 1.69661e+09 1.68352e+09 1.67055e+09 1.6577e+09 1.64496e+09 1.63234e+09 1.61983e+09 1.60744e+09 1.59515e+09 1.58298e+09 1.57091e+09 1.55896e+09 1.54711e+09 1.53537e+09 1.52373e+09 1.5122e+09 1.50077e+09 1.48945e+09 1.47823e+09 1.46711e+09 1.45608e+09 1.44516e+09 1.43434e+09 1.42361e+09 1.41298e+09 1.40245e+09 1.39201e+09 1.38166e+09 1.37141e+09 1.36125e+09 1.35118e+09 1.3412e+09 1.33131e+09 1.32151e+09 1.3118e+09 1.30217e+09 1.29263e+09 1.28318e+09 1.27381e+09 1.26453e+09 1.25533e+09 1.24621e+09 1.23717e+09 1.22822e+09 1.21934e+09 1.21055e+09 1.20183e+09 1.19319e+09 1.18463e+09 1.17615e+09 1.16774e+09 1.15941e+09 1.15115e+09 1.14296e+09 1.13485e+09 1.12682e+09 1.11885e+09 1.11095e+09 1.10313e+09 1.09538e+09 1.08769e+09 1.08007e+09 1.07253e+09 1.06504e+09 1.05763e+09 1.05028e+09 1.043e+09 1.03578e+09 1.02863e+09 1.02154e+09 1.01451e+09 1.00755e+09 1.00065e+09 9.93808e+08 9.87028e+08 9.80309e+08 9.7365e+08 9.67049e+08 9.60508e+08 9.54024e+08 9.47598e+08 9.41228e+08 9.34915e+08 9.28659e+08 9.22457e+08 9.1631e+08 9.10218e+08 9.04179e+08 8.98194e+08 8.92261e+08 8.86381e+08 8.80552e+08 8.74775e+08 8.69049e+08 8.63373e+08 8.57746e+08 8.52169e+08 8.46641e+08 8.41162e+08 8.3573e+08 8.30346e+08 8.25009e+08 8.19718e+08 8.14473e+08 8.09275e+08 8.04121e+08 7.99012e+08 7.93947e+08 7.88927e+08 7.8395e+08 7.79015e+08 7.74124e+08 7.69275e+08 7.64467e+08 7.59701e+08 7.54975e+08 7.50291e+08 7.45646e+08 7.41041e+08 7.36475e+08 7.31949e+08 7.27461e+08 7.2301e+08 7.18598e+08 7.14223e+08 7.09885e+08 7.05584e+08 7.01319e+08 6.97089e+08 6.92895e+08 6.88736e+08 6.84612e+08 6.80523e+08 6.76467e+08 6.72445e+08 6.68456e+08 6.645e+08 6.60576e+08 6.56685e+08 6.52826e+08 6.48998e+08 6.45201e+08 6.41436e+08 6.377e+08 6.33995e+08 6.3032e+08 6.26674e+08 6.23057e+08 6.1947e+08 6.1591e+08 6.12379e+08 6.08876e+08 6.054e+08 6.01951e+08 5.9853e+08 5.95135e+08 5.91766e+08 5.88423e+08 5.85106e+08 5.81814e+08 5.78547e+08 5.75305e+08 5.72087e+08 5.68894e+08 5.65724e+08 5.62578e+08 5.59455e+08 5.56355e+08 5.53278e+08 5.50223e+08 5.47191e+08 5.4418e+08 5.4119e+08 5.38222e+08 5.35275e+08 5.32349e+08 5.29443e+08 5.26557e+08 5.23691e+08 5.20844e+08 5.18017e+08 5.15209e+08 5.1242e+08 5.09649e+08 5.06897e+08 5.04162e+08 5.01445e+08 4.98746e+08 4.96064e+08 4.93399e+08 4.90751e+08 4.88119e+08 4.85504e+08 4.82904e+08 4.8032e+08 4.77752e+08 4.75199e+08 4.7266e+08 4.70137e+08 4.67628e+08 4.65134e+08 4.62653e+08 4.60186e+08 4.57733e+08 7.5228e+08 7.52593e+08 4.52808e+08 4.44246e+08 4.35867e+08 4.27668e+08 4.19644e+08 4.11791e+08 4.04106e+08 3.96583e+08 3.8922e+08 3.82011e+08 3.74954e+08 3.68045e+08 3.6128e+08 3.54655e+08 3.48168e+08 3.41814e+08 3.35591e+08 3.29495e+08 3.23523e+08 3.17671e+08 3.11938e+08 3.06319e+08 3.00813e+08 2.95415e+08 2.90124e+08 2.84936e+08 2.79849e+08 2.74861e+08 2.69968e+08 2.65169e+08 2.6046e+08 2.55839e+08 2.51305e+08 2.46855e+08 2.42486e+08 2.38196e+08 2.33984e+08 2.29846e+08 2.25782e+08 2.2179e+08 2.17866e+08 2.1401e+08 2.10219e+08 2.06493e+08 2.02828e+08 1.99224e+08 1.95679e+08 1.9219e+08 1.88758e+08 1.8538e+08 1.82054e+08 1.7878e+08 1.75556e+08 1.72381e+08 1.69254e+08 1.66173e+08 1.63137e+08 1.60145e+08 1.57196e+08 1.5429e+08 1.51424e+08 1.48599e+08 1.45813e+08 1.43066e+08 1.40357e+08 1.37684e+08 1.35048e+08 1.32448e+08 1.29883e+08 1.27353e+08 1.24856e+08 1.22394e+08 1.19964e+08 1.17567e+08 1.15203e+08 1.12871e+08 1.1057e+08 1.08302e+08 1.06064e+08 1.03858e+08 1.01683e+08 9.95384e+07 9.74248e+07 9.5342e+07 9.32898e+07 9.12682e+07 8.92773e+07 8.7317e+07 8.53874e+07 8.34887e+07 8.16208e+07 7.97839e+07 7.79781e+07 7.62037e+07 7.44608e+07 7.27496e+07 7.10704e+07 6.94235e+07 6.78093e+07 6.62282e+07 6.72797e+07 6.91135e+07
-135555 -273660 -552387 -836239 -1.12541e+06 -1.4201e+06 -1.72054e+06 -2.02695e+06 -2.33958e+06 -2.65868e+06 -2.98453e+06 -3.31739e+06 -3.65756e+06 -4.00533e+06 -4.361e+06 -4.7249e+06 -5.09734e+06 -5.47866e+06 -5.86921e+06 -6.26934e+06 -6.67942e+06 -7.09981e+06 -7.5309e+06 -7.97309e+06 -8.42678e+06 -8.89237e+06 -9.37029e+06 -9.86098e+06 -1.03649e+07 -1.08824e+07 -1.14141e+07 -1.19604e+07 -1.25218e+07 -1.30987e+07 -1.36917e+07 -1.43013e+07 -1.49281e+07 -1.55725e+07 -1.62351e+07 -1.69165e+07 -1.76173e+07 -1.83379e+07 -1.90791e+07 -1.98415e+07 -2.06255e+07 -2.1432e+07 -2.22615e+07 -2.31146e+07 -2.39921e+07 -2.48946e+07 -2.58229e+07 -2.67775e+07 -2.77593e+07 -2.87689e+07 -2.98072e+07 -3.08748e+07 -3.19726e+07 -3.31014e+07 -3.42618e+07 -3.54548e+07 -3.66812e+07 -3.79418e+07 -3.92376e+07 -4.05693e+07 -4.19379e+07 -4.33442e+07 -4.47893e+07 -4.62741e+07 -4.77994e+07 -4.93665e+07 -5.09761e+07 -5.26294e+07 -5.43273e+07 -5.6071e+07 -5.78616e+07 -5.97001e+07 -6.15876e+07 -6.35254e+07 -6.55146e+07 -6.75564e+07 -6.9652e+07 -7.18026e+07 -7.40096e+07 -7.62742e+07 -7.85978e+07 -8.09816e+07 -8.34272e+07 -8.59359e+07 -8.85091e+07 -9.11483e+07 -9.3855e+07 -9.66307e+07 -9.94771e+07 -1.02396e+08 -1.05388e+08 -1.08456e+08 -1.11601e+08 -1.14825e+08 -1.1813e+08 -1.21517e+08 -1.24989e+08 -1.33713e+08 -1.35716e+08 -1.31688e+08 -1.33573e+08 -1.3548e+08 -1.37412e+08 -1.39367e+08 -1.41346e+08 -1.4335e+08 -1.45378e+08 -1.47431e+08 -1.4951e+08 -1.51614e+08 -1.53743e+08 -1.55898e+08 -1.5808e+08 -1.60288e+08 -1.62522e+08 -1.64784e+08 -1.67073e+08 -1.6939e+08 -1.71734e+08 -1.74107e+08 -1.76507e+08 -1.78937e+08 -1.81396e+08 -1.83883e+08 -1.86401e+08 -1.88948e+08 -1.91525e+08 -1.94133e+08 -1.96771e+08 -1.9944e+08 -2.02141e+08 -2.04873e+08 -2.07638e+08 -2.10434e+08 -2.13263e+08 -2.16125e+08 -2.1902e+08 -2.21949e+08 -2.24911e+08 -2.27908e+08 -2.30939e+08 -2.34005e+08 -2.37106e+08 -2.40242e+08 -2.43414e+08 -2.46623e+08 -2.49867e+08 -2.53149e+08 -2.56468e+08 -2.59824e+08 -2.63218e+08 -2.6665e+08 -2.70121e+08 -2.73631e+08 -2.7718e+08 -2.80769e+08 -2.84398e+08 -2.88067e+08 -2.91777e+08 -2.95528e+08 -2.9932e+08 -3.03154e+08 -3.07031e+08 -3.1095e+08 -3.14913e+08 -3.18919e+08 -3.22968e+08 -3.27062e+08 -3.31201e+08 -3.35384e+08 -3.39613e+08 -3.43888e+08 -3.48209e+08 -3.52577e+08 -3.56992e+08 -3.61454e+08 -3.65965e+08 -3.70523e+08 -3.75131e+08 -3.79788e+08 -3.84494e+08 -3.89251e+08 -3.94059e+08 -3.98917e+08 -4.03827e+08 -4.08789e+08 -4.13803e+08 -4.18871e+08 -4.23991e+08 -4.29166e+08 -4.34394e+08 -4.39678e+08 -4.45017e+08 -4.50412e+08 -4.55863e+08 -4.6137e+08 -4.66935e+08 -4.72558e+08 -4.7824e+08 -4.8398e+08 -4.89779e+08 -4.95638e+08 -5.01558e+08 -5.07538e+08 -5.1358e+08 -5.19684e+08 -5.25851e+08 -5.3208e+08 -5.38374e+08 -5.44731e+08 -5.51154e+08 -5.57641e+08 -5.64195e+08 -5.70815e+08 -5.77503e+08 -5.84258e+08 -5.91081e+08 -5.97973e+08 -6.04935e+08 -6.11967e+08 -6.19069e+08 -6.26243e+08 -6.33489e+08 -6.40807e+08 -6.48199e+08 -6.55665e+08 -6.63205e+08 -6.7082e+08 -6.78511e+08 -6.86279e+08 -6.94124e+08 -7.02047e+08 -7.10048e+08 -7.18129e+08 -7.26289e+08 -7.34531e+08 -7.42853e+08 -7.51258e+08 -7.59745e+08 -7.68316e+08 -7.76972e+08 -7.85712e+08 -7.94538e+08 -8.0345e+08 -8.1245e+08 -8.21538e+08 -8.30714e+08 -8.3998e+08 -8.49337e+08 -8.58785e+08 -8.68324e+08 -8.77957e+08 -8.87683e+08 -8.97503e+08 -9.07419e+08 -9.17431e+08 -9.2754e+08 -9.37746e+08 -9.48051e+08 -9.58456e+08 -9.68961e+08 -9.79567e+08 -9.90276e+08 -1.00109e+09 -1.012e+09 -1.02302e+09 -1.03415e+09 -1.04538e+09 -1.05672e+09 -1.06817e+09 -1.07973e+09 -1.0914e+09 -1.10318e+09 -1.11508e+09 -1.12709e+09 -1.13921e+09 -1.15144e+09 -1.1638e+09 -1.17627e+09 -1.18886e+09 -1.20157e+09 -1.2144e+09 -1.22735e+09 -1.24043e+09 -1.25363e+09 -1.26695e+09 -1.28041e+09 -1.29398e+09 -1.30769e+09 -1.32153e+09 -1.33549e+09 -1.34959e+09 -1.36382e+09 -1.37819e+09 -1.39269e+09 -1.40733e+09 -1.42211e+09 -1.43702e+09 -1.45208e+09 -1.46728e+09 -1.48262e+09 -1.4981e+09 -1.51373e+09 -1.52951e+09 -1.54543e+09 -1.5615e+09 -1.57773e+09 -1.59411e+09 -1.61064e+09 -1.62732e+09 -1.64416e+09 -1.66116e+09 -1.67831e+09 -1.69563e+09 -1.71311e+09 -1.73075e+09 -1.74856e+09 -1.76653e+09 -1.78467e+09 -1.80298e+09 -1.82146e+09 -1.84011e+09 -1.85894e+09 -1.87794e+09 -1.89712e+09 -1.91648e+09 -1.93601e+09 -1.95573e+09 -1.97563e+09 -1.99572e+09 -2.01599e+09 -2.03645e+09 -2.0571e+09 -2.07794e+09 -2.09897e+09 -2.1202e+09 -2.14163e+09 -2.16326e+09 -2.18508e+09 -2.20711e+09 -2.22934e+09 -2.25178e+09 -2.27442e+09 -2.29727e+09 -2.32034e+09 -2.34362e+09 -2.36711e+09 -2.39082e+09 -2.41475e+09 -2.4389e+09 -2.46328e+09 -2.48787e+09 -2.5127e+09 -4.1931e+09 -4.19965e+09 -2.52793e+09 -2.50735e+09 -2.48696e+09 -2.46675e+09 -2.44672e+09 -2.42687e+09 -2.4072e+09 -2.38771e+09 -2.3684e+09 -2.34926e+09 -2.33029e+09 -2.31149e+09 -2.29286e+09 -2.2744e+09 -2.25611e+09 -2.23798e+09 -2.22001e+09 -2.20221e+09 -2.18457e+09 -2.16708e+09 -2.14976e+09 -2.13258e+09 -2.11557e+09 -2.09871e+09 -2.082e+09 -2.06544e+09 -2.04903e+09 -2.03276e+09 -2.01665e+09 -2.00068e+09 -1.98485e+09 -1.96916e+09 -1.95362e+09 -1.93822e+09 -1.92295e+09 -1.90783e+09 -1.89284e+09 -1.87798e+09 -1.86326e+09 -1.84867e+09 -1.83421e+09 -1.81989e+09 -1.80569e+09 -1.79162e+09 -1.77767e+09 -1.76386e+09 -1.75016e+09 -1.73659e+09 -1.72315e+09 -1.70982e+09 -1.69661e+09 -1.68352e+09 -1.67055e+09 -1.6577e+09 -1.64496e+09 -1.63234e+09 -1.61983e+09 -1.60744e+09 -1.59515e+09 -1.58298e+09 -1.57091e+09 -1.55896e+09 -1.54711e+09 -1.53537e+09 -1.52373e+09 -1.5122e+09 -1.50077e+09 -1.48945e+09 -1.47823e+09 -1.46711e+09 -1.45608e+09 -1.44516e+09 -1.43434e+09 -1.42361e+09 -1.41298e+09 -1.40245e+09 -1.39201e+09 -1.38166e+09 -1.37141e+09 -1.36125e+09 -1.35118e+09 -1.3412e+09 -1.33131e+09 -1.32151e+09 -1.3118e+09 -1.30217e+09 -1.29263e+09 -1.28318e+09 -1.27381e+09 -1.26453e+09 -1.25533e+09 -1.24621e+09 -1.23717e+09 -1.22822e+09 -1.21934e+09 -1.21055e+09 -1.20183e+09 -1.19319e+09 -1.18463e+09 -1.17615e+09 -1.16774e+09 -1.15941e+09 -1.15115e+09 -1.14296e+09 -1.13485e+09 -1.12682e+09 -1.11885e+09 -1.11095e+09 -1.10313e+09 -1.09538e+09 -1.08769e+09 -1.08007e+09 -1.07253e+09 -1.06504e+09 -1.05763e+09 -1.05028e+09 -1.043e+09 -1.03578e+09 -1.02863e+09 -1.02154e+09 -1.01451e+09 -1.00755e+09 -1.00065e+09 -9.93808e+08 -9.87028e+08 -9.80309e+08 -9.7365e+08 -9.67049e+08 -9.60508e+08 -9.54024e+08 -9.47598e+08 -9.41228e+08 -9.34915e+08 -9.28659e+08 -9.22457e+08 -9.1631e+08 -9.10218e+08 -9.04179e+08 -8.98194e+08 -8.92261e+08 -8.86381e+08 -8.80552e+08 -8.74775e+08 -8.69049e+08 -8.63373e+08 -8.57746e+08 -8.52169e+08 -8.46641e+08 -8.41162e+08 -8.3573e+08 -8.30346e+08 -8.25009e+08 -8.19718e+08 -8.14473e+08 -8.09275e+08 -8.04121e+08 -7.99012e+08 -7.93947e+08 -7.88927e+08 -7.8395e+08 -7.79015e+08 -7.74124e+08 -7.69275e+08 -7.64467e+08 -7.59701e+08 -7.54975e+08 -7.50291e+08 -7.45646e+08 -7.41041e+08 -7.36475e+08 -7.31949e+08 -7.27461e+08 -7.2301e+08 -7.18598e+08 -7.14223e+08 -7.09885e+08 -7.05584e+08 -7.01319e+08 -6.97089e+08 -6.92895e+08 -6.88736e+08 -6.84612e+08 -6.80523e+08 -6.76467e+08 -6.72445e+08 -6.68456e+08 -6.645e+08 -6.60576e+08 -6.56685e+08 -6.52826e+08 -6.48998e+08 -6.45201e+08 -6.41436e+08 -6.377e+08 -6.33995e+08 -6.3032e+08 -6.26674e+08 -6.23057e+08 -6.1947e+08 -6.1591e+08 -6.12379e+08 -6.08876e+08 -6.054e+08 -6.01951e+08 -5.9853e+08 -5.95135e+08 -5.91766e+08 -5.88423e+08 -5.85106e+08 -5.81814e+08 -5.78547e+08 -5.75305e+08 -5.72087e+08 -5.68894e+08 -5.65724e+08 -5.62578e+08 -5.59455e+08 -5.56355e+08 -5.53278e+08 -5.50223e+08 -5.47191e+08 -5.4418e+08 -5.4119e+08 -5.38222e+08 -5.35275e+08 -5.32349e+08 -5.29443e+08 -5.26557e+08 -5.23691e+08 -5.20844e+08 -5.18017e+08 -5.15209e+08 -5.1242e+08 -5.09649e+08 -5.06897e+08 -5.04162e+08 -5.01445e+08 -4.98746e+08 -4.96064e+08 -4.93399e+08 -4.90751e+08 -4.88119e+08 -4.85504e+08 -4.82904e+08 -4.8032e+08 -4.77752e+08 -4.75199e+08 -4.7266e+08 -4.70137e+08 -4.67628e+08 -4.65134e+08 -4.62653e+08 -4.60186e+08 -4.57733e+08 -7.5228e+08 -7.52593e+08 -4.52808e+08 -4.44246e+08 -4.35867e+08 -4.27668e+08 -4.19644e+08 -4.11791e+08 -4.04106e+08 -3.96583e+08 -3.8922e+08 -3.82011e+08 -3.74954e+08 -3.68045e+08 -3.6128e+08 -3.54655e+08 -3.48168e+08 -3.41814e+08 -3.35591e+08 -3.29495e+08 -3.23523e+08 -3.17671e+08 -3.11938e+08 -3.06319e+08 -3.00813e+08 -2.95415e+08 -2.90124e+08 -2.84936e+08 -2.79849e+08 -2.74861e+08 -2.69968e+08 -2.65169e+08 -2.6046e+08 -2.55839e+08 -2.51305e+08 -2.46855e+08 -2.42486e+08 -2.38196e+08 -2.33984e+08 -2.29846e+08 -2.25782e+08 -2.2179e+08 -2.17866e+08 -2.1401e+08 -2.10219e+08 -2.06493e+08 -2.02828e+08 -1.99224e+08 -1.95679e+08 -1.9219e+08 -1.88758e+08 -1.8538e+08 -1.82054e+08 -1.7878e+08 -1.75556e+08 -1.72381e+08 -1.69254e+08 -1.66173e+08 -1.63137e+08 -1.60145e+08 -1.57196e+08 -1.5429e+08 -1.51424e+08 -1.48599e+08 -1.45813e+08 -1.43066e+08 -1.40357e+08 -1.37684e+08 -1.35048e+08 -1.32448e+08 -1.29883e+08 -1.27353e+08 -1.24856e+08 -1.22394e+08 -1.19964e+08 -1.17567e+08 -1.15203e+08 -1.12871e+08 -1.1057e+08 -1.08302e+08 -1.06064e+08 -1.03858e+08 -1.01683e+08 -9.95384e+07 -9.74248e+07 -9.5342e+07 -9.32898e+07 -9.12682e+07 -8.92773e+07 -8.7317e+07 -8.53874e+07 -8.34887e+07 -8.16208e+07 -7.97839e+07 -7.79781e+07 -7.62037e+07 -7.44608e+07 -7.27496e+07 -7.10704e+07 -6.94235e+07 -6.78093e+07 -6.62282e+07 -6.72797e+07 -6.91135e+07
1000 2.11445e+14 6.2853e+14 1.03421e+15 1.42887e+15 1.81294e+15 2.1868e+15 2.55085e+15 2.90548e+15 3.25108e+15 3.58801e+15 3.91664e+15 4.23732e+15 4.5504e+15 4.85619e+15 5.15503e+15 5.44722e+15 5.73305e+15 6.01281e+15 6.28678e+15 6.55521e+15 6.81837e+15 7.07648e+15 7.32979e+15 7.5785e+15 7.82285e+15 8.06301e+15 8.2992e+15 8.53158e+15 8.76033e+15 8.98563e+15 9.20762e+15 9.42645e+15 9.64226e+15 9.8552e+15 1.00654e+16 1.02729e+16 1.04779e+16 1.06805e+16 1.08807e+16 1.10787e+16 1.12746e+16 1.14684e+16 1.16602e+16 1.185e+16 1.2038e+16 1.22242e+16 1.24086e+16 1.25914e+16 1.27724e+16 1.29519e+16 1.31298e+16 1.33061e+16 1.34809e+16 1.36542e+16 1.38261e+16 1.39965e+16 1.41655e+16 1.43331e+16 1.44993e+16 1.46641e+16 1.48275e+16 1.49896e+16 1.51503e+16 1.53096e+16 1.54676e+16 1.56242e+16 1.57795e+16 1.59334e+16 1.6086e+16 1.62372e+16 1.63871e+16 1.65356e+16 1.66827e+16 1.68285e+16 1.69729e+16 1.71159e+16 1.72575e+16 1.73977e+16 1.75365e+16 1.76739e+16 1.78099e+16 1.79444e+16 1.80776e+16 1.82093e+16 1.83396e+16 1.84684e+16 1.85958e+16 1.87218e+16 1.88463e+16 1.89694e+16 1.9091e+16 1.92111e+16 1.93298e+16 1.94471e+16 1.95628e+16 1.96771e+16 1.979e+16 1.99014e+16 2.00113e+16 2.01198e+16 2.02268e+16 2.03286e+16 2.04301e+16 2.0536e+16 2.06419e+16 2.07478e+16 2.08537e+16 2.09596e+16 2.10655e+16 2.11714e+16 2.12773e+16 2.13831e+16 2.14889e+16 2.15947e+16 2.17004e+16 2.18061e+16 2.19118e+16 2.20174e+16 2.2123e+16 2.22285e+16 2.23339e+16 2.24393e+16 2.25447e+16 2.26499e+16 2.27551e+16 2.28602e+16 2.29652e+16 2.30702e+16 2.3175e+16 2.32798e+16 2.33845e+16 2.3489e+16 2.35935e+16 2.36978e+16 2.38021e+16 2.39062e+16 2.40102e+16 2.4114e+16 2.42178e+16 2.43214e+16 2.44248e+16 2.45281e+16 2.46313e+16 2.47343e+16 2.48372e+16 2.49399e+16 2.50424e+16 2.51448e+16 2.5247e+16 2.5349e+16 2.54509e+16 2.55525e+16 2.5654e+16 2.57553e+16 2.58564e+16 2.59573e+16 2.6058e+16 2.61584e+16 2.62587e+16 2.63588e+16 2.64586e+16 2.65582e+16 2.66576e+16 2.67568e+16 2.68557e+16 2.69544e+16 2.70528e+16 2.7151e+16 2.7249e+16 2.73467e+16 2.74441e+16 2.75413e+16 2.76383e+16 2.77349e+16 2.78313e+16 2.79275e+16 2.80233e+16 2.81189e+16 2.82142e+16 2.83092e+16 2.8404e+16 2.84984e+16 2.85926e+16 2.86864e+16 2.878e+16 2.88733e+16 2.89662e+16 2.90589e+16 2.91512e+16 2.92433e+16 2.9335e+16 2.94264e+16 2.95175e+16 2.96082e+16 2.96987e+16 2.97888e+16 2.98786e+16 2.99681e+16 3.00572e+16 3.0146e+16 3.02345e+16 3.03226e+16 3.04104e+16 3.04978e+16 3.05849e+16 3.06717e+16 3.07581e+16 3.08441e+16 3.09298e+16 3.10152e+16 3.11002e+16 3.11848e+16 3.12691e+16 3.13531e+16 3.14366e+16 3.15198e+16 3.16027e+16 3.16852e+16 3.17673e+16 3.1849e+16 3.19304e+16 3.20114e+16 3.20921e+16 3.21724e+16 3.22523e+16 3.23318e+16 3.2411e+16 3.24897e+16 3.25682e+16 3.26462e+16 3.27239e+16 3.28011e+16 3.2878e+16 3.29546e+16 3.30307e+16 3.31065e+16 3.31819e+16 3.32569e+16 3.33315e+16 3.34058e+16 3.34796e+16 3.35531e+16 3.36262e+16 3.3699e+16 3.37713e+16 3.38433e+16 3.39148e+16 3.3986e+16 3.40568e+16 3.41273e+16 3.41973e+16 3.4267e+16 3.43363e+16 3.44052e+16 3.44737e+16 3.45419e+16 3.46096e+16 3.4677e+16 3.4744e+16 3.48106e+16 3.48769e+16 3.49428e+16 3.50082e+16 3.50734e+16 3.51381e+16 3.52024e+16 3.52664e+16 3.533e+16 3.53933e+16 3.54561e+16 3.55186e+16 3.55807e+16 3.56424e+16 3.57038e+16 3.57648e+16 3.58254e+16 3.58856e+16 3.59455e+16 3.6005e+16 3.60642e+16 3.6123e+16 3.61814e+16 3.62394e+16 3.62971e+16 3.63545e+16 3.64114e+16 3.6468e+16 3.65243e+16 3.65802e+16 3.66357e+16 3.66909e+16 3.67457e+16 3.68002e+16 3.68543e+16 3.69081e+16 3.69615e+16 3.70145e+16 3.70673e+16 3.71196e+16 3.71717e+16 3.72233e+16 3.72747e+16 3.73257e+16 3.73763e+16 3.74267e+16 3.74766e+16 3.75263e+16 3.75756e+16 3.76246e+16 3.76732e+16 3.77215e+16 3.77695e+16 3.78172e+16 3.78645e+16 3.79115e+16 3.79582e+16 3.80045e+16 3.80505e+16 3.80963e+16 3.81417e+16 3.81867e+16 3.82315e+16 3.82759e+16 3.83201e+16 3.83639e+16 3.84074e+16 3.84506e+16 3.84935e+16 3.85361e+16 3.85784e+16 3.86204e+16 3.86621e+16 3.87035e+16 3.87446e+16 3.87854e+16 3.88259e+16 3.88661e+16 3.8906e+16 3.89456e+16 3.8985e+16 3.9024e+16 3.90628e+16 3.91012e+16 3.91394e+16 3.91774e+16 3.9215e+16 3.92524e+16 3.92894e+16 3.93262e+16 3.93628e+16 3.9399e+16 3.9435e+16 3.94708e+16 3.95062e+16 3.95414e+16 3.95763e+16 3.9611e+16 3.96357e+16 3.96604e+16 3.9695e+16 3.97299e+16 3.97652e+16 3.98007e+16 3.98366e+16 3.98729e+16 3.99094e+16 3.99463e+16 3.99835e+16 4.00211e+16 4.0059e+16 4.00972e+16 4.01358e+16 4.01748e+16 4.02141e+16 4.02537e+16 4.02938e+16 4.03342e+16 4.03749e+16 4.0416e+16 4.04575e+16 4.04994e+16 4.05417e+16 4.05843e+16 4.06274e+16 4.06708e+16 4.07146e+16 4.07589e+16 4.08035e+16 4.08485e+16 4.0894e+16 4.09398e+16 4.09861e+16 4.10328e+16 4.10799e+16 4.11275e+16 4.11755e+16 4.12239e+16 4.12728e+16 4.13221e+16 4.13718e+16 4.1422e+16 4.14727e+16 4.15238e+16 4.15754e+16 4.16275e+16 4.168e+16 4.1733e+16 4.17865e+16 4.18405e+16 4.18949e+16 4.19499e+16 4.20054e+16 4.20613e+16 4.21178e+16 4.21748e+16 4.22323e+16 4.22903e+16 4.23488e+16 4.24079e+16 4.24675e+16 4.25277e+16 4.25884e+16 4.26496e+16 4.27114e+16 4.27738e+16 4.28367e+16 4.29002e+16 4.29643e+16 4.30289e+16 4.30941e+16 4.31599e+16 4.32264e+16 4.32934e+16 4.3361e+16 4.34292e+16 4.3498e+16 4.35675e+16 4.36376e+16 4.37083e+16 4.37796e+16 4.38516e+16 4.39243e+16 4.39976e+16 4.40715e+16 4.41461e+16 4.42214e+16 4.42974e+16 4.4374e+16 4.44513e+16 4.45293e+16 4.4608e+16 4.46875e+16 4.47676e+16 4.48484e+16 4.493e+16 4.50123e+16 4.50953e+16 4.51791e+16 4.52636e+16 4.53489e+16 4.54349e+16 4.55217e+16 4.56092e+16 4.56976e+16 4.57867e+16 4.58766e+16 4.59673e+16 4.60588e+16 4.61512e+16 4.62443e+16 4.63382e+16 4.6433e+16 4.65287e+16 4.66251e+16 4.67224e+16 4.68206e+16 4.69196e+16 4.70195e+16 4.71203e+16 4.7222e+16 4.73245e+16 4.74279e+16 4.75323e+16 4.76375e+16 4.77437e+16 4.78508e+16 4.79588e+16 4.80678e+16 4.81777e+16 4.82886e+16 4.84004e+16 4.85132e+16 4.86269e+16 4.87417e+16 4.88574e+16 4.89741e+16 4.90918e+16 4.92105e+16 4.93303e+16 4.94511e+16 4.95729e+16 4.96957e+16 4.98196e+16 4.99445e+16 5.00705e+16 5.01975e+16 5.03257e+16 5.04549e+16 5.05852e+16 5.07165e+16 5.0849e+16 5.09826e+16 5.11173e+16 5.12532e+16 5.13901e+16 5.15282e+16 5.16675e+16 5.18079e+16 5.19494e+16 5.20922e+16 5.2236e+16 5.23811e+16 5.25274e+16 5.26748e+16 5.28234e+16 5.29733e+16 5.31244e+16 5.32766e+16 5.34301e+16 5.35849e+16 5.37408e+16 5.38981e+16 5.40565e+16 5.42162e+16 5.43772e+16 5.45395e+16 5.4703e+16 5.48678e+16 5.50339e+16 5.52013e+16 5.537e+16 5.55399e+16 5.57112e+16 5.58838e+16 5.60577e+16 5.6233e+16 5.64095e+16 5.65874e+16 5.67667e+16 5.69473e+16 5.71292e+16 5.73124e+16 5.74971e+16 5.7683e+16 5.78704e+16 5.80591e+16 5.82492e+16 5.84406e+16 5.86334e+16 5.88276e+16 5.90232e+16 5.92201e+16 5.94184e+16 5.96181e+16 5.98192e+16 6.00217e+16 6.02255e+16 6.04308e+16 6.06374e+16 6.08455e+16 6.10549e+16 6.12657e+16 6.14779e+16 6.16914e+16 6.19064e+16 6.21227e+16 6.23405e+16 6.25596e+16 6.278e+16 6.30019e+16 6.32251e+16 6.34497e+16 6.36756e+16 6.3903e+16 6.41316e+16 6.43616e+16 6.4593e+16 6.48257e+16 6.50597e+16 6.5295e+16 6.55317e+16 6.57696e+16 6.60089e+16 6.62495e+16 6.64913e+16 6.67344e+16 6.69788e+16 6.72244e+16 6.74713e+16 6.77194e+16 6.79687e+16 6.82192e+16 6.84709e+16 6.87238e+16 6.89779e+16 6.92331e+16 6.94894e+16 6.97469e+16 7.00054e+16 7.02651e+16 7.05258e+16 7.07875e+16 7.10503e+16 7.12392e+16 7.14277e+16 7.16923e+16 7.19616e+16 7.22356e+16 7.25142e+16 7.27976e+16 7.30857e+16 7.33786e+16 7.36762e+16 7.39787e+16 7.4286e+16 7.45981e+16 7.49151e+16 7.52368e+16 7.55634e+16 7.58947e+16 7.62309e+16 7.65718e+16 7.69174e+16 7.72676e+16 7.76226e+16 7.79821e+16 7.83461e+16 7.87146e+16 7.90874e+16 7.94645e+16 7.98458e+16 8.02312e+16 8.06206e+16 8.10138e+16 8.14108e+16 8.18113e+16 8.22152e+16 8.26223e+16 8.30326e+16 8.34456e+16 8.38614e+16 8.42796e+16 8.47e+16 8.51223e+16 8.55464e+16 8.5972e+16 8.63987e+16 8.68263e+16 8.72544e+16 8.76828e+16 8.81111e+16 8.85389e+16 8.89659e+16 8.93918e+16 8.98161e+16 9.02384e+16 9.06583e+16 9.10755e+16 9.14895e+16 9.18997e+16 9.23059e+16 9.27075e+16 9.31041e+16 9.34951e+16 9.38802e+16 9.42589e+16 9.46306e+16 9.49949e+16 9.53513e+16 9.56994e+16 9.60386e+16 9.63684e+16 9.66885e+16 9.69983e+16 9.72975e+16 9.75855e+16 9.78619e+16 9.81264e+16 9.83786e+16 9.86181e+16 9.88445e+16 9.90575e+16 9.92568e+16 9.94423e+16 9.96135e+16 9.97704e+16 9.99127e+16 1.0004e+17 1.00153e+17 1.00252e+17 1.00335e+17 1.00404e+17 1.00458e+17 1.00498e+17 1.00523e+17 1.00535e+17 1.00534e+17 1.00519e+17 1.00493e+17 1.00454e+17 1.00405e+17 1.00346e+17 1.00279e+17 1.00204e+17 1.00122e+17 1.00081e+17
4.22889e+14 6.2853e+14 1.03421e+15 1.42887e+15 1.81294e+15 2.1868e+15 2.55085e+15 2.90548e+15 3.25108e+15 3.58801e+15 3.91664e+15 4.23732e+15 4.5504e+15 4.85619e+15 5.15503e+15 5.44722e+15 5.73305e+15 6.01281e+15 6.28678e+15 6.55521e+15 6.81837e+15 7.07648e+15 7.32979e+15 7.5785e+15 7.82285e+15 8.06301e+15 8.2992e+15 8.53158e+15 8.76033e+15 8.98563e+15 9.20762e+15 9.42645e+15 9.64226e+15 9.8552e+15 1.00654e+16 1.02729e+16 1.04779e+16 1.06805e+16 1.08807e+16 1.10787e+16 1.12746e+16 1.14684e+16 1.16602e+16 1.185e+16 1.2038e+16 1.22242e+16 1.24086e+16 1.25914e+16 1.27724e+16 1.29519e+16 1.31298e+16 1.33061e+16 1.34809e+16 1.36542e+16 1.38261e+16 1.39965e+16 1.41655e+16 1.43331e+16 1.44993e+16 1.46641e+16 1.48275e+16 1.49896e+16 1.51503e+16 1.53096e+16 1.54676e+16 1.56242e+16 1.57795e+16 1.59334e+16 1.6086e+16 1.62372e+16 1.63871e+16 1.65356e+16 1.66827e+16 1.68285e+16 1.69729e+16 1.71159e+16 1.72575e+16 1.73977e+16 1.75365e+16 1.76739e+16 1.78099e+16 1.79444e+16 1.80776e+16 1.82093e+16 1.83396e+16 1.84684e+16 1.85958e+16 1.87218e+16 1.88463e+16 1.89694e+16 1.9091e+16 1.92111e+16 1.93298e+16 1.94471e+16 1.95628e+16 1.96771e+16 1.979e+16 1.99014e+16 2.00113e+16 2.01198e+16 2.02268e+16 2.03286e+16 2.04301e+16 2.0536e+16 2.06419e+16 2.07478e+16 2.08537e+16 2.09596e+16 2.10655e+16 2.11714e+16 2.12773e+16 2.13831e+16 2.14889e+16 2.15947e+16 2.17004e+16 2.18061e+16 2.19118e+16 2.20174e+16 2.2123e+16 2.22285e+16 2.23339e+16 2.24393e+16 2.25447e+16 2.26499e+16 2.27551e+16 2.28602e+16 2.29652e+16 2.30702e+16 2.3175e+16 2.32798e+16 2.33845e+16 2.3489e+16 2.35935e+16 2.36978e+16 2.38021e+16 2.39062e+16 2.40102e+16 2.4114e+16 2.42178e+16 2.43214e+16 2.44248e+16 2.45281e+16 2.46313e+16 2.47343e+16 2.48372e+16 2.49399e+16 2.50424e+16 2.51448e+16 2.5247e+16 2.5349e+16 2.54509e+16 2.55525e+16 2.5654e+16 2.57553e+16 2.58564e+16 2.59573e+16 2.6058e+16 2.61584e+16 2.62587e+16 2.63588e+16 2.64586e+16 2.65582e+16 2.66576e+16 2.67568e+16 2.68557e+16 2.69544e+16 2.70528e+16 2.7151e+16 2.7249e+16 2.73467e+16 2.74441e+16 2.75413e+16 2.76383e+16 2.77349e+16 2.78313e+16 2.79275e+16 2.80233e+16 2.81189e+16 2.82142e+16 2.83092e+16 2.8404e+16 2.84984e+16 2.85926e+16 2.86864e+16 2.878e+16 2.88733e+16 2.89662e+16 2.90589e+16 2.91512e+16 2.92433e+16 2.9335e+16 2.94264e+16 2.95175e+16 2.96082e+16 2.96987e+16 2.97888e+16 2.98786e+16 2.99681e+16 3.00572e+16 3.0146e+16 3.02345e+16 3.03226e+16 3.04104e+16 3.04978e+16 3.05849e+16 3.06717e+16 3.07581e+16 3.08441e+16 3.09298e+16 3.10152e+16 3.11002e+16 3.11848e+16 3.12691e+16 3.13531e+16 3.14366e+16 3.15198e+16 3.16027e+16 3.16852e+16 3.17673e+16 3.1849e+16 3.19304e+16 3.20114e+16 3.20921e+16 3.21724e+16 3.22523e+16 3.23318e+16 3.2411e+16 3.24897e+16 3.25682e+16 3.26462e+16 3.27239e+16 3.28011e+16 3.2878e+16 3.29546e+16 3.30307e+16 3.31065e+16 3.31819e+16 3.32569e+16 3.33315e+16 3.34058e+16 3.34796e+16 3.35531e+16 3.36262e+16 3.3699e+16 3.37713e+16 3.38433e+16 3.39148e+16 3.3986e+16 3.40568e+16 3.41273e+16 3.41973e+16 3.4267e+16 3.43363e+16 3.44052e+16 3.44737e+16 3.45419e+16 3.46096e+16 3.4677e+16 3.4744e+16 3.48106e+16 3.48769e+16 3.49428e+16 3.50082e+16 3.50734e+16 3.51381e+16 3.52024e+16 3.52664e+16 3.533e+16 3.53933e+16 3.54561e+16 3.55186e+16 3.55807e+16 3.56424e+16 3.57038e+16 3.57648e+16 3.58254e+16 3.58856e+16 3.59455e+16 3.6005e+16 3.60642e+16 3.6123e+16 3.61814e+16 3.62394e+16 3.62971e+16 3.63545e+16 3.64114e+16 3.6468e+16 3.65243e+16 3.65802e+16 3.66357e+16 3.66909e+16 3.67457e+16 3.68002e+16 3.68543e+16 3.69081e+16 3.69615e+16 3.70145e+16 3.70673e+16 3.71196e+16 3.71717e+16 3.72233e+16 3.72747e+16 3.73257e+16 3.73763e+16 3.74267e+16 3.74766e+16 3.75263e+16 3.75756e+16 3.76246e+16 3.76732e+16 3.77215e+16 3.77695e+16 3.78172e+16 3.78645e+16 3.79115e+16 3.79582e+16 3.80045e+16 3.80505e+16 3.80963e+16 3.81417e+16 3.81867e+16 3.82315e+16 3.82759e+16 3.83201e+16 3.83639e+16 3.84074e+16 3.84506e+16 3.84935e+16 3.85361e+16 3.85784e+16 3.86204e+16 3.86621e+16 3.87035e+16 3.87446e+16 3.87854e+16 3.88259e+16 3.88661e+16 3.8906e+16 3.89456e+16 3.8985e+16 3.9024e+16 3.90628e+16 3.91012e+16 3.91394e+16 3.91774e+16 3.9215e+16 3.92524e+16 3.92894e+16 3.93262e+16 3.93628e+16 3.9399e+16 3.9435e+16 3.94708e+16 3.95062e+16 3.95414e+16 3.95763e+16 3.9611e+16 3.96357e+16 3.96604e+16 3.9695e+16 3.97299e+16 3.97652e+16 3.98007e+16 3.98366e+16 3.98729e+16 3.99094e+16 3.99463e+16 3.99835e+16 4.00211e+16 4.0059e+16 4.00972e+16 4.01358e+16 4.01748e+16 4.02141e+16 4.02537e+16 4.02938e+16 4.03342e+16 4.03749e+16 4.0416e+16 4.04575e+16 4.04994e+16 4.05417e+16 4.05843e+16 4.06274e+16 4.06708e+16 4.07146e+16 4.07589e+16 4.08035e+16 4.08485e+16 4.0894e+16 4.09398e+16 4.09861e+16 4.10328e+16 4.10799e+16 4.11275e+16 4.11755e+16 4.12239e+16 4.12728e+16 4.13221e+16 4.13718e+16 4.1422e+16 4.14727e+16 4.15238e+16 4.15754e+16 4.16275e+16 4.168e+16 4.1733e+16 4.17865e+16 4.18405e+16 4.18949e+16 4.19499e+16 4.20054e+16 4.20613e+16 4.21178e+16 4.21748e+16 4.22323e+16 4.22903e+16 4.23488e+16 4.24079e+16 4.24675e+16 4.25277e+16 4.25884e+16 4.26496e+16 4.27114e+16 4.27738e+16 4.28367e+16 4.29002e+16 4.29643e+16 4.30289e+16 4.30941e+16 4.31599e+16 4.32264e+16 4.32934e+16 4.3361e+16 4.34292e+16 4.3498e+16 4.35675e+16 4.36376e+16 4.37083e+16 4.37796e+16 4.38516e+16 4.39243e+16 4.39976e+16 4.40715e+16 4.41461e+16 4.42214e+16 4.42974e+16 4.4374e+16 4.44513e+16 4.45293e+16 4.4608e+16 4.46875e+16 4.47676e+16 4.48484e+16 4.493e+16 4.50123e+16 4.50953e+16 4.51791e+16 4.52636e+16 4.53489e+16 4.54349e+16 4.55217e+16 4.56092e+16 4.56976e+16 4.57867e+16 4.58766e+16 4.59673e+16 4.60588e+16 4.61512e+16 4.62443e+16 4.63382e+16 4.6433e+16 4.65287e+16 4.66251e+16 4.67224e+16 4.68206e+16 4.69196e+16 4.70195e+16 4.71203e+16 4.7222e+16 4.73245e+16 4.74279e+16 4.75323e+16 4.76375e+16 4.77437e+16 4.78508e+16 4.79588e+16 4.80678e+16 4.81777e+16 4.82886e+16 4.84004e+16 4.85132e+16 4.86269e+16 4.87417e+16 4.88574e+16 4.89741e+16 4.90918e+16 4.92105e+16 4.93303e+16 4.94511e+16 4.95729e+16 4.96957e+16 4.98196e+16 4.99445e+16 5.00705e+16 5.01975e+16 5.03257e+16 5.04549e+16 5.05852e+16 5.07165e+16 5.0849e+16 5.09826e+16 5.11173e+16 5.12532e+16 5.13901e+16 5.15282e+16 5.16675e+16 5.18079e+16 5.19494e+16 5.20922e+16 5.2236e+16 5.23811e+16 5.25274e+16 5.26748e+16 5.28234e+16 5.29733e+16 5.31244e+16 5.32766e+16 5.34301e+16 5.35849e+16 5.37408e+16 5.38981e+16 5.40565e+16 5.42162e+16 5.43772e+16 5.45395e+16 5.4703e+16 5.48678e+16 5.50339e+16 5.52013e+16 5.537e+16 5.55399e+16 5.57112e+16 5.58838e+16 5.60577e+16 5.6233e+16 5.64095e+16 5.65874e+16 5.67667e+16 5.69473e+16 5.71292e+16 5.73124e+16 5.74971e+16 5.7683e+16 5.78704e+16 5.80591e+16 5.82492e+16 5.84406e+16 5.86334e+16 5.88276e+16 5.90232e+16 5.92201e+16 5.94184e+16 5.96181e+16 5.98192e+16 6.00217e+16 6.02255e+16 6.04308e+16 6.06374e+16 6.08455e+16 6.10549e+16 6.12657e+16 6.14779e+16 6.16914e+16 6.19064e+16 6.21227e+16 6.23405e+16 6.25596e+16 6.278e+16 6.30019e+16 6.32251e+16 6.34497e+16 6.36756e+16 6.3903e+16 6.41316e+16 6.43616e+16 6.4593e+16 6.48257e+16 6.50597e+16 6.5295e+16 6.55317e+16 6.57696e+16 6.60089e+16 6.62495e+16 6.64913e+16 6.67344e+16 6.69788e+16 6.72244e+16 6.74713e+16 6.77194e+16 6.79687e+16 6.82192e+16 6.84709e+16 6.87238e+16 6.89779e+16 6.92331e+16 6.94894e+16 6.97469e+16 7.00054e+16 7.02651e+16 7.05258e+16 7.07875e+16 7.10503e+16 7.12392e+16 7.14277e+16 7.16923e+16 7.19616e+16 7.22356e+16 7.25142e+16 7.27976e+16 7.30857e+16 7.33786e+16 7.36762e+16 7.39787e+16 7.4286e+16 7.45981e+16 7.49151e+16 7.52368e+16 7.55634e+16 7.58947e+16 7.62309e+16 7.65718e+16 7.69174e+16 7.72676e+16 7.76226e+16 7.79821e+16 7.83461e+16 7.87146e+16 7.90874e+16 7.94645e+16 7.98458e+16 8.02312e+16 8.06206e+16 8.10138e+16 8.14108e+16 8.18113e+16 8.22152e+16 8.26223e+16 8.30326e+16 8.34456e+16 8.38614e+16 8.42796e+16 8.47e+16 8.51223e+16 8.55464e+16 8.5972e+16 8.63987e+16 8.68263e+16 8.72544e+16 8.76828e+16 8.81111e+16 8.85389e+16 8.89659e+16 8.93918e+16 8.98161e+16 9.02384e+16 9.06583e+16 9.10755e+16 9.14895e+16 9.18997e+16 9.23059e+16 9.27075e+16 9.31041e+16 9.34951e+16 9.38802e+16 9.42589e+16 9.46306e+16 9.49949e+16 9.53513e+16 9.56994e+16 9.60386e+16 9.63684e+16 9.66885e+16 9.69983e+16 9.72975e+16 9.75855e+16 9.78619e+16 9.81264e+16 9.83786e+16 9.86181e+16 9.88445e+16 9.90575e+16 9.92568e+16 9.94423e+16 9.96135e+16 9.97704e+16 9.99127e+16 1.0004e+17 1.00153e+17 1.00252e+17 1.00335e+17 1.00404e+17 1.00458e+17 1.00498e+17 1.00523e+17 1.00535e+17 1.00534e+17 1.00519e+17 1.00493e+17 1.00454e+17 1.00405e+17 1.00346e+17 1.00279e+17 1.00204e+17 1.00122e+17 1.0004e+17 1e+17
3512.33 3512.33 3512.33 3512.33 3512.33 3512.33 3512.33 3512.33 3512.33 3512.33 3512.33 3512.33 3512.33 3512.33 3512.33 3512.33 3512.33 3512.33 3512.33 3512.33 3512.33 3512.33 3512.33 3512.33 3512.33 3512.33 3512.33 3512.33 3512.33 3512.33 3512.33 3512.33 3512.33 3512.33 3512.33 3512.33 3512.33 3512.33 3512.33 3512.33 3512.33 3512.33 3512.33 3512.33 3512.33 3512.33 3512.33 3512.33 3512.33 3512.33 3512.33 3512.33 3512.33 3512.33 3512.33 3512.33 3512.33 3512.33 3512.33 3512.33 3512.33 3512.33 3512.33 3512.33 3512.33 3512.33 3512.33 3512.33 3512.33 3512.33 3512.33 3512.33 3512.33 3512.33 3512.33 3512.33 3512.33 3512.33 3512.33 3512.33 3512.33 3512.33 3512.33 3512.33 3512.33 3512.33 3512.33 3512.33 3512.33 3512.33 3512.33 3512.33 3512.33 3512.33 3512.33 3512.33 3512.33 3512.33 3512.33 3512.33 3512.33 3512.33 3512.33 3512.33 3512.33 3512.33 3512.33 3512.33 3512.33 3512.33 3512.33 3512.33 3512.33 3512.33 3512.33 3512.33 3512.33 3512.33 3512.33 3512.33 3512.33 3512.33 3512.33 3512.33 3512.33 3512.33 3512.33 3512.33 3512.33 3512.33 3512.33 3512.33 3512.33 3512.33 3512.33 3512.33 3512.33 3512.33 3512.33 3512.33 3512.33 3512.33 3512.33 3512.33 3512.33 3512.33 3512.33 3512.33 3512.33 3512.33 3512.33 3512.33 3512.33 3512.33 3512.33 3512.33 3512.33 3512.33 3512.33 3512.33 3512.33 3512.33 3512.33 3512.33 3512.33 3512.33 3512.33 3512.33 3512.33 3512.33 3512.33 3512.33 3512.33 3512.33 3512.33 3512.33 3512.33 3512.33 3512.33 3512.33 3512.33 3512.33 3512.33 3512.33 3512.33 3512.33 3512.33 3512.33 3512.33 3512.33 3512.33 3512.33 3512.33 3512.33 3512.33 3512.33 3512.33 3512.33 3512.33 3512.33 3512.33 3512.33 3512.33 3512.33 3512.33 3512.33 3512.33 3512.33 3512.33 3512.33 3512.33 3512.33 3512.33 3512.33 3512.33 3512.33 3512.33 3512.33 3512.33 3512.33 3512.33 3512.33 3512.33 3512.33 3512.33 3512.33 3512.33 3512.33 3512.33 3512.33 3512.33 3512.33 3512.33 3512.33 3512.33 3512.33 3512.33 3512.33 3512.33 3512.33 3512.33 3512.33 3512.33 3512.33 3512.33 3512.33 3512.33 3512.33 3512.33 3512.33 3512.33 3512.33 3512.33 3512.33 3512.33 3512.33 3512.33 3512.33 3512.33 3512.33 3512.33 3512.33 3512.33 3512.33 3512.33 3512.33 3512.33 3512.33 3512.33 3512.33 3512.33 3512.33 3512.33 3512.33 3512.33 3512.33 3512.33 3512.33 3512.33 3512.33 3512.33 3512.33 3512.33 3512.33 3512.33 3512.33 3512.33 3512.33 3512.33 3512.33 3512.33 3512.33 3512.33 3512.33 3512.33 3512.33 3512.33 3512.33 3512.33 3512.33 3512.33 3512.33 3512.33 3512.33 3512.33 3512.33 3512.33 3512.33 3512.33 3512.33 3512.33 3512.33 3512.33 3512.33 3512.33 3512.33 3512.33 3512.33 3512.33 3512.33 3512.33 3512.33 3512.33 3512.33 3512.33 3512.33 3512.33 3512.33 3512.33 3512.33 3512.33 3512.33 3512.33 3512.33 3512.33 3512.33 3512.33 3512.33 3512.33 3512.33 3512.33 3512.33 3512.33 3512.33 3512.33 3512.33 3512.33 3512.33 3512.33 3512.33 3512.33 3512.33 3512.33 3512.33 3512.33 3512.33 3512.33 3512.33 3512.33 3512.33 3512.33 3512.33 3512.33 3512.33 3512.33 3512.33 3512.33 3512.33 3512.33 3512.33 3512.33 3512.33 3512.33 3512.33 3512.33 3512.33 3512.33 3512.33 3512.33 3512.33 3512.33 3512.33 3512.33 3512.33 3512.33 3512.33 3512.33 3512.33 3512.33 3512.33 3512.33 3512.33 3512.33 3512.33 3512.33 3512.33 3512.33 3512.33 3512.33 3512.33 3512.33 3512.33 3512.33 3512.33 3512.33 3512.33 3512.33 3512.33 3512.33 3512.33 3512.33 3512.33 3512.33 3512.33 3512.33 3512.33 3512.33 3512.33 3512.33 3512.33 3512.33 3512.33 3512.33 3512.33 3512.33 3512.33 3512.33 3512.33 3512.33 3512.33 3512.33 3512.33 3512.33 3512.33 3512.33 3512.33 3512.33 3512.33 3512.33 3512.33 3512.33 3512.33 3512.33 3512.33 3512.33 3512.33 3512.33 3512.33 3512.33 3512.33 3512.33 3512.33 3512.33 3512.33 3512.33 3512.33 3512.33 3512.33 3512.33 3512.33 3512.33 3512.33 3512.33 3512.33 3512.33 3512.33 3512.33 3512.33 3512.33 3512.33 3512.33 3512.33 3512.33 3512.33 3512.33 3512.33 3512.33 3512.33 3512.33 3512.33 3512.33 3512.33 3512.33 3512.33 3512.33 3512.33 3512.33 3512.33 3512.33 3512.33 3512.33 3512.33 3512.33 3512.33 3512.33 3512.33 3512.33 3512.33 3512.33 3512.33 3512.33 3512.33 3512.33 3512.33 3512.33 3512.33 3512.33 3512.33 3512.33 3512.33 3512.33 3512.33 3512.33 3512.33 3512.33 3512.33 3512.33 3512.33 3512.33 3512.33 3512.33 3512.33 3512.33 3512.33 3512.33 3512.33 3512.33 3512.33 3512.33 3512.33 3512.33 3512.33 3512.33 3512.33 3512.33 3512.33 3512.33 3512.33 3512.33 3512.33 3512.33 3512.33 3512.33 3512.33 3512.33 3512.33 3512.33 3512.33 3512.33 3512.33 3512.33 3512.33 3512.33 3512.33 3512.33 3512.33 3512.33 3512.32 3512.32 3512.32 3512.32 3512.32 3512.32 3512.32 3512.32 3512.32 3512.32 3512.32 3512.32 3512.32 3512.32 3512.32 3512.32 3512.32 3512.32 3512.32 3512.32 3512.32 3512.32 3512.32 3512.32 3512.32 3512.32 3512.32 3512.32 3512.32 3512.32 3512.32 3512.32 3512.32 3512.32 3512.32 3512.32 3512.32 3512.32 3512.32 3512.32 3512.32 3512.32 3512.32 3512.32 3512.32 3512.32 3512.32 3512.32 3512.32 3512.32 3512.32 3512.32 3512.32 3512.32 3512.32 3512.32 3512.32 3512.32 3512.32 3512.32 3512.32 3512.32 3512.32 3512.32 3512.32 3512.32 3512.32 3512.32 3512.32 3512.32 3512.32 3512.32 3512.32 3512.32 3512.32 3512.32 3512.32 3512.32 3512.32 3512.32 3512.32 3512.32 3512.32 3512.32 3512.32 3512.32 3512.32 3512.32 3512.32 3512.32 3512.32 3512.32 3512.32 3512.32 3512.32 3512.32 3512.32 3512.32 3512.32 3512.32 3512.32 3512.32 3512.32 3512.32 3512.32 3512.32 3512.32 3512.32 3512.32 3512.32 3512.32 3512.32 3512.32 3512.32 3512.32 3512.32 3512.32 3512.32 3512.32 3512.32 3512.32 3512.32 3512.32 3512.32 3512.32 3512.32 3512.32 3512.32 3512.32 3512.32 3512.32 3512.32 3512.32 3512.32 3512.32 3512.32 3512.32 3512.32 3512.32 3512.32 3512.32 3512.32 3512.32 3512.32 3512.32 3512.32 3512.32 3512.32 3512.32 3512.32 3512.32 3512.32 3512.32 3512.32 3512.32 3512.32 3512.32 3512.32 3512.32 3512.32
0 0 0 0 0 0 0 0 0 0 0 0 0 0 0 0 0 0 0 0 0 0 0 0 0 0 0 0 0 0 0 0 0 0 0 0 0 0 0 0 0 0 0 0 0 0 0 0 0 0 0 0 0 0 0 0 0 0 0 0 0 0 0 0 0 0 0 0 0 0 0 0 0 0 0 0 0 0 0 0 0 0 0 0 0 0 0 0 0 0 0 0 0 0 0 0 0 0 0 0 0 0 0 0 0 0 0 0 0 0 0 0 0 0 0 0 0 0 0 0 0 0 0 0 0 0 0 0 0 0 0 0 0 0 0 0 0 0 0 0 0 0 0 0 0 0 0 0 0 0 0 0 0 0 0 0 0 0 0 0 0 0 0 0 0 0 0 0 0 0 0 0 0 0 0 0 0 0 0 0 0 0 0 0 0 0 0 0 0 0 0 0 0 0 0 0 0 0 0 0 0 0 0 0 0 0 0 0 0 0 0 0 0 0 0 0 0 0 0 0 0 0 0 0 0 0 0 0 0 0 0 0 0 0 0 0 0 0 0 0 0 0 0 0 0 0 0 0 0 0 0 0 0 0 0 0 0 0 0 0 0 0 0 0 0 0 0 0 0 0 0 0 0 0 0 0 0 0 0 0 0 0 0 0 0 0 0 0 0 0 0 0 0 0 0 0 0 0 0 0 0 0 0 0 0 0 0 0 0 0 0 0 0 0 0 0 0 0 0 0 0 0 0 0 0 0 0 0 0 0 0 0 0 0 0 0 0 0 0 0 0 0 0 0 0 0 0 0 0 0 0 0 0 0 0 0 0 0 0 0 0 0 0 0 0 0 0 0 0 0 0 0 0 0 0 0 0 0 0 0 0 0 0 0 0 0 0 0 0 0 0 0 0 0 0 0 0 0 0 0 0 0 0 0 0 0 0 0 0 0 0 0 0 0 0 0 0 0 0 0 0 0 0 0 0 0 0 0 0 0 0 0 0 0 0 0 0 0 0 0 0 0 0 0 0 0 0 0 0 0 0 0 0 0 0 0 0 0 0 0 0 0 0 0 0 0 0 0 0 0 0 0 0 0 0 0 0 0 0 0 0 0 0 0 0 0 0 0 0 0 0 0 0 0 0 0 0 0 0 0 0 0 0 0 0 0 0 0 0 0 0 0 0 0 0 0 0 0 0 0 0 0 0 0 0 0 0 0 0 0 0 0 0 0 0 0 0 0 0 0 0 0 0 0 0 0 0 0 0 0 0 0 0 0 0 0 0 0 0 0 0 0 0 0 0 0 0 0 0 0 0 0 0 0 0 0 0 0 0 0 0 0 0 0 0 0 0 0 0 0 0 0 0 0 0 0 0 0 0 0 0 0 0 0 0 0 0 0 0 0 0 0 0 0 0 0 0 0 0 0 0 0 0 0 0 0 0 0 0 0 0 0 0 0 0 0 0 0 0 0 0 0 0 0 0 0 0 0 0 0 0 0 0 0 0 0 0 0 0 0 0 0 0 0 0 0 0 0 0 0 0 0 0 0 0 0 0 0 0 0 0 0 0 0 0 0 0 0 0 0 0 0 0 0 0 0 0 0 0 0 0 0 0 0 0 0 0 0 0 0 0 0 0 0 0 0 0
0 0 0 0 0 0 0 0 0 0 0 0 0 0 0 0 0 0 0 0 0 0 0 0 0 0 0 0 0 0 0 0 0 0 0 0 0 0 0 0 0 0 0 0 0 0 0 0 0 0 0 0 0 0 0 0 0 0 0 0 0 0 0 0 0 0 0 0 0 0 0 0 0 0 0 0 0 0 0 0 0 0 0 0 0 0 0 0 0 0 0 0 0 0 0 0 0 0 0 0 0 0 0 0 0 0 0 0 0 0 0 0 0 0 0 0 0 0 0 0 0 0 0 0 0 0 0 0 0 0 0 0 0 0 0 0 0 0 0 0 0 0 0 0 0 0 0 0 0 0 0 0 0 0 0 0 0 0 0 0 0 0 0 0 0 0 0 0 0 0 0 0 0 0 0 0 0 0 0 0 0 0 0 0 0 0 0 0 0 0 0 0 0 0 0 0 0 0 0 0 0 0 0 0 0 0 0 0 0 0 0 0 0 0 0 0 0 0 0 0 0 0 0 0 0 0 0 0 0 0 0 0 0 0 0 0 0 0 0 0 0 0 0 0 0 0 0 0 0 0 0 0 0 0 0 0 0 0 0 0 0 0 0 0 0 0 0 0 0 0 0 0 0 0 0 0 0 0 0 0 0 0 0 0 0 0 0 0 0 0 0 0 0 0 0 0 0 0 0 0 0 0 0 0 0 0 0 0 0 0 0 0 0 0 0 0 0 0 0 0 0 0 0 0 0 0 0 0 0 0 0 0 0 0 0 0 0 0 0 0 0 0 0 0 0 0 0 0 0 0 0 0 0 0 0 0 0 0 0 0 0 0 0 0 0 0 0 0 0 0 0 0 0 0 0 0 0 0 0 0 0 0 0 0 0 0 0 0 0 0 0 0 0 0 0 0 0 0 0 0 0 0 0 0 0 0 0 0 0 0 0 0 0 0 0 0 0 0 0 0 0 0 0 0 0 0 0 0 0 0 0 0 0 0 0 0 0 0 0 0 0 0 0 0 0 0 0 0 0 0 0 0 0 0 0 0 0 0 0 0 0 0 0 0 0 0 0 0 0 0 0 0 0 0 0 0 0 0 0 0 0 0 0 0 0 0 0 0 0 0 0 0 0 0 0 0 0 0 0 0 0 0 0 0 0 0 0 0 0 0 0 0 0 0 0 0 0 0 0 0 0 0 0 0 0 0 0 0 0 0 0 0 0 0 0 0 0 0 0 0 0 0 0 0 0 0 0 0 0 0 0 0 0 0 0 0 0 0 0 0 0 0 0 0 0 0 0 0 0 0 0 0 0 0 0 0 0 0 0 0 0 0 0 0 0 0 0 0 0 0 0 0 0 0 0 0 0 0 0 0 0 0 0 0 0 0 0 0 0 0 0 0 0 0 0 0 0 0 0 0 0 0 0 0 0 0 0 0 0 0 0 0 0 0 0 0 0 0 0 0 0 0 0 0 0 0 0 0 0 0 0 0 0 0 0 0 0 0 0 0 0 0 0 0 0 0 0 0 0 0 0 0 0 0 0 0 0 0 0 0 0 0 0 0 0 0 0 0 0 0 0 0 0 0 0 0 0 0 0 0 0 0 0 0 0 0 0 0 0 0 0 0 0 0 0 0 0
8.30508e-12 8.40062e-12 8.59386e-12 8.79149e-12 8.99361e-12 9.20034e-12 9.41177e-12 9.62804e-12 9.84924e-12 1.00755e-11 1.03069e-11 1.05437e-11 1.07859e-11 1.10336e-11 1.1287e-11 1.15463e-11 1.18114e-11 1.20827e-11 1.23603e-11 1.26442e-11 1.29346e-11 1.32318e-11 1.35357e-11 1.38467e-11 1.41649e-11 1.44903e-11 1.48233e-11 1.5164e-11 1.55125e-11 1.58691e-11 1.62339e-11 1.66071e-11 1.69889e-11 1.73796e-11 1.77792e-11 1.81882e-11 1.86065e-11 1.90345e-11 1.94724e-11 1.99205e-11 2.03789e-11 2.08479e-11 2.13277e-11 2.18187e-11 2.2321e-11 2.28349e-11 2.33607e-11 2.38987e-11 2.44491e-11 2.50122e-11 2.55884e-11 2.61779e-11 2.67811e-11 2.73982e-11 2.80296e-11 2.86757e-11 2.93366e-11 3.00129e-11 3.07048e-11 3.14127e-11 3.21371e-11 3.28781e-11 3.36364e-11 3.44121e-11 3.52059e-11 3.6018e-11 3.68489e-11 3.7699e-11 3.85688e-11 3.94587e-11 4.03692e-11 4.13008e-11 4.22539e-11 4.32291e-11 4.42268e-11 4.52476e-11 4.62921e-11 4.73606e-11 4.8454e-11 4.95725e-11 5.0717e-11 5.18879e-11 5.30859e-11 5.43116e-11 5.55657e-11 5.68487e-11 5.81614e-11 5.95045e-11 6.08786e-11 6.22845e-11 6.37228e-11 6.51945e-11 6.67001e-11 6.82405e-11 6.98165e-11 7.1429e-11 7.30787e-11 7.47665e-11 7.64934e-11 7.82601e-11 8.00677e-11 8.5214e-11 8.60783e-11 8.30862e-11 8.38414e-11 8.46035e-11 8.53726e-11 8.61486e-11 8.69317e-11 8.7722e-11 8.85194e-11 8.93242e-11 9.01362e-11 9.09557e-11 9.17826e-11 9.2617e-11 9.3459e-11 9.43087e-11 9.51662e-11 9.60314e-11 9.69046e-11 9.77857e-11 9.86748e-11 9.9572e-11 1.00477e-10 1.01391e-10 1.02313e-10 1.03243e-10 1.04182e-10 1.05129e-10 1.06085e-10 1.0705e-10 1.08024e-10 1.09006e-10 1.09997e-10 1.10998e-10 1.12007e-10 1.13026e-10 1.14054e-10 1.15091e-10 1.16138e-10 1.17194e-10 1.1826e-10 1.19335e-10 1.2042e-10 1.21516e-10 1.22621e-10 1.23736e-10 1.24862e-10 1.25997e-10 1.27143e-10 1.283e-10 1.29467e-10 1.30644e-10 1.31833e-10 1.33032e-10 1.34242e-10 1.35463e-10 1.36695e-10 1.37938e-10 1.39193e-10 1.40459e-10 1.41737e-10 1.43026e-10 1.44327e-10 1.4564e-10 1.46965e-10 1.48302e-10 1.49651e-10 1.51012e-10 1.52386e-10 1.53772e-10 1.55171e-10 1.56582e-10 1.58007e-10 1.59444e-10 1.60894e-10 1.62358e-10 1.63835e-10 1.65325e-10 1.66829e-10 1.68347e-10 1.69879e-10 1.71424e-10 1.72983e-10 1.74557e-10 1.76145e-10 1.77747e-10 1.79364e-10 1.80996e-10 1.82643e-10 1.84304e-10 1.85981e-10 1.87673e-10 1.8938e-10 1.91103e-10 1.92842e-10 1.94596e-10 1.96366e-10 1.98153e-10 1.99955e-10 2.01774e-10 2.0361e-10 2.05462e-10 2.07331e-10 2.09218e-10 2.11121e-10 2.13042e-10 2.1498e-10 2.16935e-10 2.18909e-10 2.209e-10 2.2291e-10 2.24938e-10 2.26984e-10 2.29049e-10 2.31133e-10 2.33236e-10 2.35358e-10 2.37499e-10 2.39659e-10 2.4184e-10 2.4404e-10 2.4626e-10 2.485e-10 2.50761e-10 2.53042e-10 2.55344e-10 2.57667e-10 2.60011e-10 2.62376e-10 2.64763e-10 2.67172e-10 2.69602e-10 2.72055e-10 2.7453e-10 2.77027e-10 2.79547e-10 2.82091e-10 2.84657e-10 2.87246e-10 2.89859e-10 2.92496e-10 2.95157e-10 2.97842e-10 3.00552e-10 3.03286e-10 3.06045e-10 3.08829e-10 3.11638e-10 3.14473e-10 3.17334e-10 3.2022e-10 3.23133e-10 3.26073e-10 3.29039e-10 3.32032e-10 3.35053e-10 3.381e-10 3.41176e-10 3.4428e-10 3.47411e-10 3.50572e-10 3.53761e-10 3.56979e-10 3.60226e-10 3.63503e-10 3.66809e-10 3.70146e-10 3.73513e-10 3.7691e-10 3.80339e-10 3.83799e-10 3.8729e-10 3.90813e-10 3.94368e-10 3.97955e-10 4.01575e-10 4.05228e-10 4.08914e-10 4.12633e-10 4.16386e-10 4.20174e-10 4.23996e-10 4.27852e-10 4.31744e-10 4.35671e-10 4.39634e-10 4.43633e-10 4.47668e-10 4.5174e-10 4.55849e-10 4.59995e-10 4.64179e-10 4.68401e-10 4.72662e-10 4.76961e-10 4.81299e-10 4.85677e-10 4.90094e-10 4.94552e-10 4.9905e-10 5.03589e-10 5.0817e-10 5.12792e-10 5.17456e-10 5.22162e-10 5.26912e-10 5.31704e-10 5.3654e-10 5.4142e-10 5.46344e-10 5.51314e-10 5.56328e-10 5.61388e-10 5.66494e-10 5.71646e-10 5.76845e-10 5.82092e-10 5.87386e-10 5.92728e-10 5.98119e-10 6.03559e-10 6.09048e-10 6.14587e-10 6.20177e-10 6.25817e-10 6.31509e-10 6.37252e-10 6.43048e-10 6.48896e-10 6.54798e-10 6.60753e-10 6.66762e-10 6.72826e-10 6.78946e-10 6.8512e-10 6.91351e-10 6.97639e-10 7.03983e-10 7.10386e-10 7.16846e-10 7.23366e-10 7.29944e-10 7.36583e-10 7.43281e-10 7.50041e-10 7.56862e-10 7.63745e-10 7.70691e-10 7.777e-10 7.84772e-10 7.91909e-10 7.99111e-10 8.06378e-10 8.13712e-10 8.21112e-10 1.36926e-09 1.37088e-09 8.24343e-10 8.16914e-10 8.09552e-10 8.02256e-10 7.95026e-10 7.87861e-10 7.80761e-10 7.73724e-10 7.66751e-10 7.59841e-10 7.52993e-10 7.46207e-10 7.39482e-10 7.32817e-10 7.26213e-10 7.19668e-10 7.13182e-10 7.06754e-10 7.00385e-10 6.94072e-10 6.87817e-10 6.81618e-10 6.75475e-10 6.69387e-10 6.63354e-10 6.57375e-10 6.51451e-10 6.45579e-10 6.39761e-10 6.33995e-10 6.28281e-10 6.22618e-10 6.17006e-10 6.11445e-10 6.05934e-10 6.00473e-10 5.95061e-10 5.89698e-10 5.84383e-10 5.79116e-10 5.73896e-10 5.68724e-10 5.63598e-10 5.58518e-10 5.53484e-10 5.48495e-10 5.43551e-10 5.38652e-10 5.33797e-10 5.28986e-10 5.24218e-10 5.19493e-10 5.1481e-10 5.1017e-10 5.05572e-10 5.01015e-10 4.96499e-10 4.92024e-10 4.87589e-10 4.83194e-10 4.78839e-10 4.74522e-10 4.70245e-10 4.66007e-10 4.61806e-10 4.57643e-10 4.53518e-10 4.4943e-10 4.45379e-10 4.41365e-10 4.37386e-10 4.33444e-10 4.29537e-10 4.25665e-10 4.21828e-10 4.18026e-10 4.14257e-10 4.10523e-10 4.06823e-10 4.03156e-10 3.99521e-10 3.9592e-10 3.92351e-10 3.88814e-10 3.8531e-10 3.81836e-10 3.78394e-10 3.74983e-10 3.71603e-10 3.68253e-10 3.64934e-10 3.61644e-10 3.58384e-10 3.55153e-10 3.51952e-10 3.48779e-10 3.45635e-10 3.42519e-10 3.39432e-10 3.36372e-10 3.33339e-10 3.30334e-10 3.27357e-10 3.24406e-10 3.21481e-10 3.18583e-10 3.15711e-10 3.12865e-10 3.10045e-10 3.07249e-10 3.0448e-10 3.01735e-10 2.99015e-10 2.96319e-10 2.93648e-10 2.91001e-10 2.88377e-10 2.85777e-10 2.83201e-10 2.80648e-10 2.78118e-10 2.75611e-10 2.73126e-10 2.70664e-10 2.68224e-10 2.65806e-10 2.63409e-10 2.61035e-10 2.58681e-10 2.56349e-10 2.54038e-10 2.51748e-10 2.49478e-10 2.47229e-10 2.45e-10 2.42792e-10 2.40603e-10 2.38434e-10 2.36284e-10 2.34154e-10 2.32043e-10 2.29951e-10 2.27878e-10 2.25824e-10 2.23788e-10 2.2177e-10 2.19771e-10 2.1779e-10 2.15826e-10 2.1388e-10 2.11952e-10 2.10041e-10 2.08148e-10 2.06271e-10 2.04412e-10 2.02569e-10 2.00742e-10 1.98933e-10 1.97139e-10 1.95362e-10 1.93601e-10 1.91855e-10 1.90126e-10 1.88412e-10 1.86713e-10 1.8503e-10 1.83362e-10 1.81709e-10 1.80071e-10 1.78447e-10 1.76838e-10 1.75244e-10 1.73664e-10 1.72099e-10 1.70547e-10 1.6901e-10 1.67486e-10 1.65976e-10 1.6448e-10 1.62997e-10 1.61528e-10 1.60072e-10 1.58629e-10 1.57199e-10 1.55782e-10 1.54377e-10 1.52986e-10 1.51606e-10 1.5024e-10 1.48885e-10 1.47543e-10 1.46213e-10 1.44895e-10 1.43589e-10 1.42295e-10 1.41012e-10 1.39741e-10 1.38481e-10 1.37233e-10 1.35996e-10 1.3477e-10 1.33555e-10 1.32351e-10 1.31158e-10 1.29976e-10 1.28805e-10 1.27644e-10 1.26493e-10 1.25353e-10 1.24223e-10 1.23104e-10 1.21994e-10 1.20894e-10 1.19805e-10 1.18725e-10 1.17655e-10 1.16595e-10 1.15544e-10 1.14502e-10 1.1347e-10 1.12448e-10 1.11434e-10 1.1043e-10 1.09435e-10 1.08449e-10 1.07471e-10 1.06503e-10 1.05543e-10 1.04592e-10 1.0365e-10 1.02716e-10 1.0179e-10 1.00873e-10 9.99638e-11 9.9063e-11 9.81704e-11 9.72859e-11 9.64093e-11 9.55406e-11 9.46798e-11 9.38267e-11 9.29814e-11 9.21437e-11 9.13135e-11 9.04908e-11 8.96756e-11 8.88677e-11 8.80671e-11 8.72737e-11 8.64875e-11 8.57084e-11 8.49363e-11 8.41712e-11 8.3413e-11 1.36665e-10 1.36503e-10 8.17779e-11 7.99317e-11 7.81272e-11 7.63635e-11 7.46396e-11 7.29546e-11 7.13077e-11 6.9698e-11 6.81247e-11 6.65868e-11 6.50838e-11 6.36147e-11 6.21787e-11 6.07753e-11 5.94035e-11 5.80627e-11 5.67522e-11 5.54714e-11 5.42195e-11 5.29958e-11 5.17999e-11 5.06309e-11 4.94884e-11 4.83717e-11 4.72803e-11 4.62135e-11 4.51708e-11 4.41518e-11 4.31557e-11 4.21822e-11 4.12307e-11 4.03007e-11 3.93918e-11 3.85033e-11 3.7635e-11 3.67864e-11 3.59569e-11 3.51462e-11 3.43538e-11 3.35793e-11 3.28224e-11 3.20826e-11 3.13595e-11 3.06528e-11 2.9962e-11 2.92869e-11 2.86271e-11 2.79821e-11 2.73518e-11 2.67357e-11 2.61336e-11 2.55451e-11 2.49699e-11 2.44077e-11 2.38582e-11 2.33211e-11 2.27962e-11 2.22832e-11 2.17817e-11 2.12916e-11 2.08126e-11 2.03444e-11 1.98868e-11 1.94395e-11 1.90023e-11 1.8575e-11 1.81574e-11 1.77492e-11 1.73502e-11 1.69602e-11 1.6579e-11 1.62064e-11 1.58423e-11 1.54863e-11 1.51384e-11 1.47983e-11 1.44659e-11 1.41409e-11 1.38233e-11 1.35129e-11 1.32094e-11 1.29128e-11 1.26228e-11 1.23394e-11 1.20623e-11 1.17915e-11 1.15268e-11 1.1268e-11 1.1015e-11 1.07677e-11 1.05259e-11 1.02895e-11 1.00585e-11 9.83261e-12 9.61177e-12 9.39588e-12 9.18479e-12 8.97842e-12 8.77663e-12 8.57933e-12 8.72257e-12 8.96335e-12
-8.26276e-12 -8.35839e-12 -8.55189e-12 -8.74993e-12 -8.9526e-12 -9.16002e-12 -9.37228e-12 -9.5895e-12 -9.81177e-12 -1.00392e-11 -1.0272e-11 -1.05101e-11 -1.07538e-11 -1.10031e-11 -1.12582e-11 -1.15193e-11 -1.17864e-11 -1.20596e-11 -1.23392e-11 -1.26253e-11 -1.2918e-11 -1.32175e-11 -1.35239e-11 -1.38373e-11 -1.41581e-11 -1.44862e-11 -1.48219e-11 -1.51653e-11 -1.55167e-11 -1.58762e-11 -1.6244e-11 -1.66203e-11 -1.70052e-11 -1.73991e-11 -1.7802e-11 -1.82142e-11 -1.86359e-11 -1.90673e-11 -1.95087e-11 -1.99602e-11 -2.04221e-11 -2.08947e-11 -2.13781e-11 -2.18727e-11 -2.23787e-11 -2.28963e-11 -2.34258e-11 -2.39675e-11 -2.45217e-11 -2.50887e-11 -2.56686e-11 -2.6262e-11 -2.6869e-11 -2.74899e-11 -2.81252e-11 -2.87751e-11 -2.94399e-11 -3.012e-11 -3.08158e-11 -3.15275e-11 -3.22557e-11 -3.30006e-11 -3.37626e-11 -3.45422e-11 -3.53397e-11 -3.61556e-11 -3.69903e-11 -3.78441e-11 -3.87177e-11 -3.96113e-11 -4.05255e-11 -4.14607e-11 -4.24174e-11 -4.33962e-11 -4.43975e-11 -4.54219e-11 -4.64698e-11 -4.75419e-11 -4.86386e-11 -4.97606e-11 -5.09085e-11 -5.20828e-11 -5.32841e-11 -5.45131e-11 -5.57704e-11 -5.70566e-11 -5.83725e-11 -5.97187e-11 -6.10959e-11 -6.25048e-11 -6.39462e-11 -6.54208e-11 -6.69293e-11 -6.84726e-11 -7.00515e-11 -7.16668e-11 -7.33193e-11 -7.50099e-11 -7.67394e-11 -7.85088e-11 -8.0319e-11 -8.54679e-11 -8.63346e-11 -8.33451e-11 -8.41028e-11 -8.48675e-11 -8.56391e-11 -8.64177e-11 -8.72034e-11 -8.79962e-11 -8.87961e-11 -8.96034e-11 -9.0418e-11 -9.12399e-11 -9.20693e-11 -9.29063e-11 -9.37508e-11 -9.4603e-11 -9.5463e-11 -9.63307e-11 -9.72063e-11 -9.80899e-11 -9.89814e-11 -9.98811e-11 -1.00789e-10 -1.01705e-10 -1.02629e-10 -1.03562e-10 -1.04503e-10 -1.05453e-10 -1.06412e-10 -1.07379e-10 -1.08354e-10 -1.09339e-10 -1.10333e-10 -1.11336e-10 -1.12347e-10 -1.13368e-10 -1.14399e-10 -1.15438e-10 -1.16487e-10 -1.17546e-10 -1.18614e-10 -1.19692e-10 -1.20779e-10 -1.21877e-10 -1.22984e-10 -1.24102e-10 -1.25229e-10 -1.26367e-10 -1.27516e-10 -1.28674e-10 -1.29843e-10 -1.31023e-10 -1.32214e-10 -1.33415e-10 -1.34627e-10 -1.3585e-10 -1.37085e-10 -1.3833e-10 -1.39587e-10 -1.40855e-10 -1.42135e-10 -1.43426e-10 -1.44729e-10 -1.46044e-10 -1.47371e-10 -1.4871e-10 -1.50061e-10 -1.51425e-10 -1.528e-10 -1.54188e-10 -1.55589e-10 -1.57003e-10 -1.58429e-10 -1.59869e-10 -1.61321e-10 -1.62787e-10 -1.64265e-10 -1.65758e-10 -1.67264e-10 -1.68783e-10 -1.70317e-10 -1.71864e-10 -1.73425e-10 -1.75001e-10 -1.7659e-10 -1.78195e-10 -1.79814e-10 -1.81447e-10 -1.83095e-10 -1.84759e-10 -1.86437e-10 -1.88131e-10 -1.8984e-10 -1.91565e-10 -1.93305e-10 -1.95061e-10 -1.96833e-10 -1.98621e-10 -2.00426e-10 -2.02246e-10 -2.04084e-10 -2.05938e-10 -2.07808e-10 -2.09696e-10 -2.11601e-10 -2.13523e-10 -2.15463e-10 -2.17421e-10 -2.19396e-10 -2.21389e-10 -2.234e-10 -2.25429e-10 -2.27477e-10 -2.29544e-10 -2.31629e-10 -2.33733e-10 -2.35857e-10 -2.37999e-10 -2.40161e-10 -2.42343e-10 -2.44545e-10 -2.46766e-10 -2.49008e-10 -2.5127e-10 -2.53553e-10 -2.55856e-10 -2.58181e-10 -2.60526e-10 -2.62893e-10 -2.65281e-10 -2.67691e-10 -2.70123e-10 -2.72577e-10 -2.75053e-10 -2.77552e-10 -2.80074e-10 -2.82618e-10 -2.85185e-10 -2.87776e-10 -2.90391e-10 -2.93029e-10 -2.95691e-10 -2.98377e-10 -3.01088e-10 -3.03823e-10 -3.06584e-10 -3.09369e-10 -3.12179e-10 -3.15016e-10 -3.17877e-10 -3.20765e-10 -3.2368e-10 -3.2662e-10 -3.29588e-10 -3.32582e-10 -3.35603e-10 -3.38652e-10 -3.41729e-10 -3.44834e-10 -3.47967e-10 -3.51128e-10 -3.54318e-10 -3.57537e-10 -3.60786e-10 -3.64064e-10 -3.67371e-10 -3.70709e-10 -3.74077e-10 -3.77476e-10 -3.80905e-10 -3.84366e-10 -3.87858e-10 -3.91382e-10 -3.94938e-10 -3.98526e-10 -4.02147e-10 -4.05801e-10 -4.09488e-10 -4.13208e-10 -4.16963e-10 -4.20751e-10 -4.24574e-10 -4.28431e-10 -4.32324e-10 -4.36252e-10 -4.40216e-10 -4.44216e-10 -4.48252e-10 -4.52325e-10 -4.56434e-10 -4.60582e-10 -4.64766e-10 -4.68989e-10 -4.73251e-10 -4.77551e-10 -4.8189e-10 -4.86268e-10 -4.90687e-10 -4.95145e-10 -4.99644e-10 -5.04184e-10 -5.08765e-10 -5.13388e-10 -5.18053e-10 -5.2276e-10 -5.2751e-10 -5.32304e-10 -5.3714e-10 -5.42021e-10 -5.46946e-10 -5.51916e-10 -5.56931e-10 -5.61992e-10 -5.67098e-10 -5.72252e-10 -5.77451e-10 -5.82699e-10 -5.87993e-10 -5.93336e-10 -5.98728e-10 -6.04169e-10 -6.09659e-10 -6.15198e-10 -6.20789e-10 -6.2643e-10 -6.32122e-10 -6.37866e-10 -6.43663e-10 -6.49512e-10 -6.55414e-10 -6.6137e-10 -6.6738e-10 -6.73444e-10 -6.79564e-10 -6.85739e-10 -6.91971e-10 -6.98259e-10 -7.04604e-10 -7.11007e-10 -7.17468e-10 -7.23988e-10 -7.30567e-10 -7.37206e-10 -7.43906e-10 -7.50666e-10 -7.57488e-10 -7.64371e-10 -7.71318e-10 -7.78327e-10 -7.854e-10 -7.92538e-10 -7.9974e-10 -8.07008e-10 -8.14341e-10 -8.21742e-10 -1.36989e-09 -1.37151e-09 -8.24974e-10 -8.17545e-10 -8.10182e-10 -8.02885e-10 -7.95655e-10 -7.88489e-10 -7.81388e-10 -7.74351e-10 -7.67378e-10 -7.60467e-10 -7.53619e-10 -7.46832e-10 -7.40106e-10 -7.33441e-10 -7.26836e-10 -7.2029e-10 -7.13804e-10 -7.07376e-10 -7.01005e-10 -6.94692e-10 -6.88436e-10 -6.82237e-10 -6.76093e-10 -6.70004e-10 -6.63971e-10 -6.57992e-10 -6.52066e-10 -6.46194e-10 -6.40375e-10 -6.34608e-10 -6.28894e-10 -6.2323e-10 -6.17618e-10 -6.12056e-10 -6.06545e-10 -6.01083e-10 -5.9567e-10 -5.90306e-10 -5.8499e-10 -5.79723e-10 -5.74502e-10 -5.69329e-10 -5.64202e-10 -5.59122e-10 -5.54087e-10 -5.49097e-10 -5.44153e-10 -5.39253e-10 -5.34397e-10 -5.29585e-10 -5.24816e-10 -5.2009e-10 -5.15407e-10 -5.10766e-10 -5.06167e-10 -5.01609e-10 -4.97093e-10 -4.92616e-10 -4.88181e-10 -4.83785e-10 -4.79429e-10 -4.75112e-10 -4.70834e-10 -4.66594e-10 -4.62393e-10 -4.58229e-10 -4.54103e-10 -4.50015e-10 -4.45963e-10 -4.41947e-10 -4.37968e-10 -4.34024e-10 -4.30116e-10 -4.26243e-10 -4.22406e-10 -4.18602e-10 -4.14833e-10 -4.11098e-10 -4.07397e-10 -4.03728e-10 -4.00093e-10 -3.96491e-10 -3.92921e-10 -3.89383e-10 -3.85877e-10 -3.82403e-10 -3.7896e-10 -3.75548e-10 -3.72167e-10 -3.68816e-10 -3.65495e-10 -3.62204e-10 -3.58943e-10 -3.55712e-10 -3.52509e-10 -3.49335e-10 -3.4619e-10 -3.43073e-10 -3.39984e-10 -3.36923e-10 -3.3389e-10 -3.30884e-10 -3.27905e-10 -3.24952e-10 -3.22027e-10 -3.19127e-10 -3.16254e-10 -3.13407e-10 -3.10585e-10 -3.07789e-10 -3.05018e-10 -3.02272e-10 -2.99551e-10 -2.96854e-10 -2.94181e-10 -2.91533e-10 -2.88908e-10 -2.86307e-10 -2.83729e-10 -2.81175e-10 -2.78643e-10 -2.76135e-10 -2.73649e-10 -2.71185e-10 -2.68744e-10 -2.66324e-10 -2.63927e-10 -2.61551e-10 -2.59196e-10 -2.56862e-10 -2.5455e-10 -2.52258e-10 -2.49987e-10 -2.47737e-10 -2.45506e-10 -2.43296e-10 -2.41106e-10 -2.38935e-10 -2.36784e-10 -2.34652e-10 -2.3254e-10 -2.30446e-10 -2.28372e-10 -2.26316e-10 -2.24278e-10 -2.22259e-10 -2.20258e-10 -2.18275e-10 -2.1631e-10 -2.14363e-10 -2.12433e-10 -2.10521e-10 -2.08626e-10 -2.06747e-10 -2.04886e-10 -2.03042e-10 -2.01214e-10 -1.99402e-10 -1.97607e-10 -1.95828e-10 -1.94065e-10 -1.92318e-10 -1.90587e-10 -1.88871e-10 -1.8717e-10 -1.85485e-10 -1.83815e-10 -1.82161e-10 -1.80521e-10 -1.78895e-10 -1.77285e-10 -1.75689e-10 -1.74107e-10 -1.7254e-10 -1.70986e-10 -1.69447e-10 -1.67921e-10 -1.6641e-10 -1.64911e-10 -1.63427e-10 -1.61955e-10 -1.60497e-10 -1.59052e-10 -1.5762e-10 -1.56201e-10 -1.54795e-10 -1.53401e-10 -1.5202e-10 -1.50651e-10 -1.49295e-10 -1.47951e-10 -1.46619e-10 -1.45299e-10 -1.4399e-10 -1.42694e-10 -1.41409e-10 -1.40136e-10 -1.38874e-10 -1.37624e-10 -1.36385e-10 -1.35157e-10 -1.3394e-10 -1.32734e-10 -1.31538e-10 -1.30354e-10 -1.2918e-10 -1.28017e-10 -1.26864e-10 -1.25722e-10 -1.2459e-10 -1.23468e-10 -1.22356e-10 -1.21254e-10 -1.20162e-10 -1.1908e-10 -1.18008e-10 -1.16945e-10 -1.15892e-10 -1.14849e-10 -1.13814e-10 -1.12789e-10 -1.11774e-10 -1.10767e-10 -1.09769e-10 -1.08781e-10 -1.07801e-10 -1.0683e-10 -1.05868e-10 -1.04914e-10 -1.0397e-10 -1.03033e-10 -1.02105e-10 -1.01185e-10 -1.00274e-10 -9.93709e-11 -9.84758e-11 -9.75888e-11 -9.67097e-11 -9.58386e-11 -9.49752e-11 -9.41197e-11 -9.32718e-11 -9.24316e-11 -9.15989e-11 -9.07738e-11 -8.9956e-11 -8.91456e-11 -8.83424e-11 -8.75465e-11 -8.67578e-11 -8.59761e-11 -8.52015e-11 -8.44338e-11 -8.36731e-11 -1.36923e-10 -1.36759e-10 -8.20317e-11 -8.01829e-11 -7.83758e-11 -7.66094e-11 -7.48828e-11 -7.31951e-11 -7.15454e-11 -6.99329e-11 -6.83566e-11 -6.68159e-11 -6.53099e-11 -6.38378e-11 -6.23989e-11 -6.09923e-11 -5.96175e-11 -5.82736e-11 -5.69599e-11 -5.56759e-11 -5.44207e-11 -5.31938e-11 -5.19945e-11 -5.08222e-11 -4.96763e-11 -4.85562e-11 -4.74613e-11 -4.63911e-11 -4.53449e-11 -4.43223e-11 -4.33226e-11 -4.23455e-11 -4.13904e-11 -4.04567e-11 -3.95441e-11 -3.8652e-11 -3.778e-11 -3.69276e-11 -3.60943e-11 -3.52798e-11 -3.44836e-11 -3.37054e-11 -3.29446e-11 -3.2201e-11 -3.1474e-11 -3.07635e-11 -3.00689e-11 -2.93899e-11 -2.87262e-11 -2.80774e-11 -2.74433e-11 -2.68234e-11 -2.62174e-11 -2.56251e-11 -2.50461e-11 -2.44801e-11 -2.39268e-11 -2.3386e-11 -2.28574e-11 -2.23406e-11 -2.18355e-11 -2.13418e-11 -2.08592e-11 -2.03874e-11 -1.99262e-11 -1.94755e-11 -1.90349e-11 -1.86042e-11 -1.81832e-11 -1.77717e-11 -1.73695e-11 -1.69763e-11 -1.6592e-11 -1.62164e-11 -1.58492e-11 -1.54903e-11 -1.51395e-11 -1.47967e-11 -1.44615e-11 -1.4134e-11 -1.38138e-11 -1.35008e-11 -1.3195e-11 -1.2896e-11 -1.26038e-11 -1.23182e-11 -1.20391e-11 -1.17663e-11 -1.14997e-11 -1.12391e-11 -1.09844e-11 -1.07355e-11 -1.04922e-11 -1.02545e-11 -1.00221e-11 -9.79506e-12 -9.57317e-12 -9.35633e-12 -9.14443e-12 -8.93737e-12 -8.73504e-12 -8.53734e-12 -8.68034e-12 -8.92104e-12
3.20139e+07 3.23973e+07 3.31724e+07 3.39642e+07 3.47725e+07 3.55972e+07 3.6438e+07 3.72948e+07 3.81675e+07 3.90559e+07 3.99599e+07 4.08796e+07 4.18147e+07 4.27653e+07 4.37312e+07 4.47125e+07 4.57092e+07 4.67212e+07 4.77484e+07 4.87911e+07 4.9849e+07 5.09224e+07 5.20112e+07 5.31156e+07 5.42355e+07 5.53711e+07 5.65225e+07 5.76899e+07 5.88733e+07 6.0073e+07 6.12891e+07 6.25218e+07 6.37713e+07 6.50379e+07 6.63218e+07 6.76233e+07 6.89428e+07 7.02804e+07 7.16367e+07 7.30118e+07 7.44063e+07 7.58205e+07 7.72549e+07 7.87099e+07 8.0186e+07 8.16836e+07 8.32034e+07 8.47459e+07 8.63116e+07 8.79011e+07 8.95151e+07 9.11542e+07 9.2819e+07 9.45103e+07 9.62288e+07 9.79752e+07 9.97503e+07 1.01555e+08 1.0339e+08 1.05256e+08 1.07154e+08 1.09084e+08 1.11049e+08 1.13048e+08 1.15083e+08 1.17155e+08 1.19264e+08 1.21412e+08 1.236e+08 1.25829e+08 1.28099e+08 1.30413e+08 1.32771e+08 1.35175e+08 1.37625e+08 1.40123e+08 1.42671e+08 1.45269e+08 1.47919e+08 1.50622e+08 1.5338e+08 1.56194e+08 1.59065e+08 1.61995e+08 1.64987e+08 1.6804e+08 1.71157e+08 1.74339e+08 1.77588e+08 1.80906e+08 1.84295e+08 1.87755e+08 1.9129e+08 1.949e+08 1.98588e+08 2.02356e+08 2.06206e+08 2.10139e+08 2.14158e+08 2.18265e+08 2.22462e+08 2.35863e+08 2.37447e+08 2.28361e+08 2.29585e+08 2.30816e+08 2.32053e+08 2.33298e+08 2.3455e+08 2.35809e+08 2.37075e+08 2.38348e+08 2.3963e+08 2.40919e+08 2.42215e+08 2.4352e+08 2.44833e+08 2.46154e+08 2.47483e+08 2.48821e+08 2.50167e+08 2.51522e+08 2.52886e+08 2.54258e+08 2.5564e+08 2.57031e+08 2.58431e+08 2.59841e+08 2.61261e+08 2.6269e+08 2.64129e+08 2.65578e+08 2.67037e+08 2.68507e+08 2.69986e+08 2.71477e+08 2.72978e+08 2.7449e+08 2.76013e+08 2.77547e+08 2.79093e+08 2.8065e+08 2.82218e+08 2.83798e+08 2.8539e+08 2.86994e+08 2.88611e+08 2.90239e+08 2.9188e+08 2.93534e+08 2.952e+08 2.96879e+08 2.98571e+08 3.00277e+08 3.01996e+08 3.03728e+08 3.05475e+08 3.07235e+08 3.09009e+08 3.10797e+08 3.126e+08 3.14417e+08 3.16248e+08 3.18095e+08 3.19957e+08 3.21833e+08 3.23726e+08 3.25633e+08 3.27557e+08 3.29496e+08 3.31451e+08 3.33423e+08 3.3541e+08 3.37415e+08 3.39436e+08 3.41474e+08 3.43529e+08 3.45602e+08 3.47692e+08 3.49799e+08 3.51925e+08 3.54068e+08 3.5623e+08 3.5841e+08 3.60608e+08 3.62826e+08 3.65062e+08 3.67318e+08 3.69593e+08 3.71887e+08 3.74202e+08 3.76536e+08 3.78891e+08 3.81266e+08 3.83661e+08 3.86077e+08 3.88515e+08 3.90973e+08 3.93453e+08 3.95955e+08 3.98478e+08 4.01024e+08 4.03591e+08 4.06182e+08 4.08795e+08 4.11431e+08 4.1409e+08 4.16773e+08 4.19479e+08 4.22209e+08 4.24963e+08 4.27742e+08 4.30545e+08 4.33373e+08 4.36226e+08 4.39105e+08 4.42008e+08 4.44938e+08 4.47894e+08 4.50876e+08 4.53884e+08 4.5692e+08 4.59982e+08 4.63072e+08 4.66189e+08 4.69334e+08 4.72508e+08 4.75709e+08 4.7894e+08 4.82199e+08 4.85487e+08 4.88805e+08 4.92152e+08 4.9553e+08 4.98938e+08 5.02376e+08 5.05846e+08 5.09346e+08 5.12878e+08 5.16442e+08 5.20038e+08 5.23666e+08 5.27326e+08 5.3102e+08 5.34747e+08 5.38508e+08 5.42302e+08 5.46131e+08 5.49994e+08 5.53892e+08 5.57825e+08 5.61794e+08 5.65799e+08 5.69839e+08 5.73916e+08 5.78031e+08 5.82182e+08 5.8637e+08 5.90597e+08 5.94862e+08 5.99165e+08 6.03508e+08 6.07889e+08 6.12311e+08 6.16772e+08 6.21274e+08 6.25816e+08 6.304e+08 6.35025e+08 6.39692e+08 6.44401e+08 6.49153e+08 6.53948e+08 6.58787e+08 6.63669e+08 6.68596e+08 6.73567e+08 6.78584e+08 6.83646e+08 6.88754e+08 6.93908e+08 6.99109e+08 7.04357e+08 7.09653e+08 7.14996e+08 7.20389e+08 7.2583e+08 7.31321e+08 7.36861e+08 7.42452e+08 7.48094e+08 7.53786e+08 7.59531e+08 7.65328e+08 7.71177e+08 7.7708e+08 7.83036e+08 7.89046e+08 7.95111e+08 8.01231e+08 8.07406e+08 8.13638e+08 8.19926e+08 8.26271e+08 8.32674e+08 8.39136e+08 8.45655e+08 8.52235e+08 8.58874e+08 8.65573e+08 8.72333e+08 8.79155e+08 8.86039e+08 8.92985e+08 8.99994e+08 9.07068e+08 9.14205e+08 9.21407e+08 9.28675e+08 9.36009e+08 9.4341e+08 9.50877e+08 9.58413e+08 9.66017e+08 9.73691e+08 9.81434e+08 9.89248e+08 9.97132e+08 1.00509e+09 1.01312e+09 1.02122e+09 1.02939e+09 1.03764e+09 1.04597e+09 1.05437e+09 1.06285e+09 1.0714e+09 1.08003e+09 1.08874e+09 1.09753e+09 1.1064e+09 1.11535e+09 1.12438e+09 1.1335e+09 1.14269e+09 1.15197e+09 1.16134e+09 1.17079e+09 1.18032e+09 1.18994e+09 1.19965e+09 1.20945e+09 1.21934e+09 1.22932e+09 1.23938e+09 1.24954e+09 1.2598e+09 2.09864e+09 2.10034e+09 1.26208e+09 1.24961e+09 1.23726e+09 1.22502e+09 1.2129e+09 1.20088e+09 1.18898e+09 1.17718e+09 1.16549e+09 1.15391e+09 1.14243e+09 1.13106e+09 1.1198e+09 1.10863e+09 1.09757e+09 1.08661e+09 1.07575e+09 1.065e+09 1.05434e+09 1.04377e+09 1.03331e+09 1.02294e+09 1.01266e+09 1.00249e+09 9.924e+08 9.82407e+08 9.72506e+08 9.62696e+08 9.52976e+08 9.43346e+08 9.33805e+08 9.24352e+08 9.14986e+08 9.05706e+08 8.96512e+08 8.87403e+08 8.78378e+08 8.69436e+08 8.60577e+08 8.518e+08 8.43105e+08 8.34489e+08 8.25954e+08 8.17497e+08 8.09119e+08 8.00819e+08 7.92595e+08 7.84448e+08 7.76376e+08 7.6838e+08 7.60457e+08 7.52609e+08 7.44833e+08 7.3713e+08 7.29498e+08 7.21938e+08 7.14448e+08 7.07028e+08 6.99677e+08 6.92394e+08 6.8518e+08 6.78033e+08 6.70953e+08 6.63939e+08 6.56991e+08 6.50108e+08 6.43289e+08 6.36534e+08 6.29843e+08 6.23214e+08 6.16648e+08 6.10143e+08 6.037e+08 5.97317e+08 5.90994e+08 5.84731e+08 5.78527e+08 5.72382e+08 5.66294e+08 5.60264e+08 5.54291e+08 5.48375e+08 5.42514e+08 5.36709e+08 5.30959e+08 5.25264e+08 5.19623e+08 5.14035e+08 5.085e+08 5.03018e+08 4.97589e+08 4.92211e+08 4.86884e+08 4.81608e+08 4.76383e+08 4.71207e+08 4.66081e+08 4.61005e+08 4.55977e+08 4.50997e+08 4.46065e+08 4.4118e+08 4.36342e+08 4.31551e+08 4.26806e+08 4.22107e+08 4.17453e+08 4.12844e+08 4.0828e+08 4.0376e+08 3.99284e+08 3.94851e+08 3.90461e+08 3.86114e+08 3.81809e+08 3.77546e+08 3.73325e+08 3.69145e+08 3.65006e+08 3.60907e+08 3.56848e+08 3.5283e+08 3.4885e+08 3.4491e+08 3.41008e+08 3.37145e+08 3.3332e+08 3.29533e+08 3.25783e+08 3.2207e+08 3.18394e+08 3.14755e+08 3.11151e+08 3.07584e+08 3.04052e+08 3.00555e+08 2.97093e+08 2.93665e+08 2.90272e+08 2.86913e+08 2.83588e+08 2.80296e+08 2.77037e+08 2.73811e+08 2.70617e+08 2.67456e+08 2.64326e+08 2.61229e+08 2.58162e+08 2.55127e+08 2.52123e+08 2.49149e+08 2.46206e+08 2.43293e+08 2.40409e+08 2.37555e+08 2.3473e+08 2.31935e+08 2.29168e+08 2.26429e+08 2.23719e+08 2.21037e+08 2.18382e+08 2.15756e+08 2.13156e+08 2.10583e+08 2.08038e+08 2.05518e+08 2.03026e+08 2.00559e+08 1.98118e+08 1.95703e+08 1.93313e+08 1.90948e+08 1.88608e+08 1.86293e+08 1.84003e+08 1.81736e+08 1.79494e+08 1.77276e+08 1.75081e+08 1.7291e+08 1.70762e+08 1.68637e+08 1.66535e+08 1.64456e+08 1.62399e+08 1.60364e+08 1.58351e+08 1.5636e+08 1.54391e+08 1.52443e+08 1.50516e+08 1.4861e+08 1.46725e+08 1.44861e+08 1.43017e+08 1.41194e+08 1.3939e+08 1.37607e+08 1.35843e+08 1.34099e+08 1.32374e+08 1.30668e+08 1.28982e+08 1.27314e+08 1.25665e+08 1.24034e+08 1.22421e+08 1.20827e+08 1.19251e+08 1.17692e+08 1.16152e+08 1.14628e+08 1.13122e+08 1.11633e+08 1.10161e+08 1.08706e+08 1.07268e+08 1.05846e+08 1.0444e+08 1.03051e+08 1.01677e+08 1.0032e+08 9.89782e+07 9.76521e+07 9.63413e+07 9.50458e+07 9.37655e+07 9.25001e+07 9.12496e+07 9.00138e+07 8.87925e+07 8.75856e+07 8.6393e+07 8.52145e+07 8.40499e+07 8.28993e+07 8.17623e+07 8.06389e+07 7.95289e+07 7.84322e+07 7.73486e+07 7.62781e+07 7.52205e+07 7.41756e+07 7.31434e+07 7.21236e+07 7.11163e+07 7.01212e+07 6.91382e+07 6.81672e+07 6.7208e+07 6.62606e+07 1.07935e+08 1.07564e+08 6.41484e+07 6.23723e+07 6.06393e+07 5.89484e+07 5.72988e+07 5.56895e+07 5.41196e+07 5.25882e+07 5.10945e+07 4.96378e+07 4.8217e+07 4.68315e+07 4.54805e+07 4.41632e+07 4.28788e+07 4.16267e+07 4.0406e+07 3.92162e+07 3.80564e+07 3.69261e+07 3.58246e+07 3.47512e+07 3.37052e+07 3.26862e+07 3.16934e+07 3.07262e+07 2.97842e+07 2.88666e+07 2.79729e+07 2.71027e+07 2.62553e+07 2.54302e+07 2.46268e+07 2.38448e+07 2.30835e+07 2.23425e+07 2.16214e+07 2.09195e+07 2.02365e+07 1.95719e+07 1.89253e+07 1.82962e+07 1.76842e+07 1.70888e+07 1.65097e+07 1.59464e+07 1.53986e+07 1.48658e+07 1.43477e+07 1.38439e+07 1.3354e+07 1.28776e+07 1.24144e+07 1.1964e+07 1.15261e+07 1.11004e+07 1.06865e+07 1.02841e+07 9.8928e+06 9.51239e+06 9.14253e+06 8.78291e+06 8.43323e+06 8.0932e+06 7.76255e+06 7.44098e+06 7.12822e+06 6.82401e+06 6.52808e+06 6.24017e+06 5.96004e+06 5.68743e+06 5.4221e+06 5.16381e+06 4.91234e+06 4.66746e+06 4.42895e+06 4.19658e+06 3.97016e+06 3.74947e+06 3.53431e+06 3.32449e+06 3.11981e+06 2.9201e+06 2.72516e+06 2.53482e+06 2.34891e+06 2.16726e+06 1.98971e+06 1.8161e+06 1.64629e+06 1.48011e+06 1.31743e+06 1.15812e+06 1.00203e+06 849039 699030 551884 407493 265753 131659 67785.4
-3.20139e+07 -3.23973e+07 -3.31724e+07 -3.39642e+07 -3.47725e+07 -3.55972e+07 -3.6438e+07 -3.72948e+07 -3.81675e+07 -3.90559e+07 -3.99599e+07 -4.08796e+07 -4.18147e+07 -4.27653e+07 -4.37312e+07 -4.47125e+07 -4.57092e+07 -4.67212e+07 -4.77484e+07 -4.87911e+07 -4.9849e+07 -5.09224e+07 -5.20112e+07 -5.31156e+07 -5.42355e+07 -5.53711e+07 -5.65225e+07 -5.76899e+07 -5.88733e+07 -6.0073e+07 -6.12891e+07 -6.25218e+07 -6.37713e+07 -6.50379e+07 -6.63218e+07 -6.76233e+07 -6.89428e+07 -7.02804e+07 -7.16367e+07 -7.30118e+07 -7.44063e+07 -7.58205e+07 -7.72549e+07 -7.87099e+07 -8.0186e+07 -8.16836e+07 -8.32034e+07 -8.47459e+07 -8.63116e+07 -8.79011e+07 -8.95151e+07 -9.11542e+07 -9.2819e+07 -9.45103e+07 -9.62288e+07 -9.79752e+07 -9.97503e+07 -1.01555e+08 -1.0339e+08 -1.05256e+08 -1.07154e+08 -1.09084e+08 -1.11049e+08 -1.13048e+08 -1.15083e+08 -1.17155e+08 -1.19264e+08 -1.21412e+08 -1.236e+08 -1.25829e+08 -1.28099e+08 -1.30413e+08 -1.32771e+08 -1.35175e+08 -1.37625e+08 -1.40123e+08 -1.42671e+08 -1.45269e+08 -1.47919e+08 -1.50622e+08 -1.5338e+08 -1.56194e+08 -1.59065e+08 -1.61995e+08 -1.64987e+08 -1.6804e+08 -1.71157e+08 -1.74339e+08 -1.77588e+08 -1.80906e+08 -1.84295e+08 -1.87755e+08 -1.9129e+08 -1.949e+08 -1.98588e+08 -2.02356e+08 -2.06206e+08 -2.10139e+08 -2.14158e+08 -2.18265e+08 -2.22462e+08 -2.35863e+08 -2.37447e+08 -2.28361e+08 -2.29585e+08 -2.30816e+08 -2.32053e+08 -2.33298e+08 -2.3455e+08 -2.35809e+08 -2.37075e+08 -2.38348e+08 -2.3963e+08 -2.40919e+08 -2.42215e+08 -2.4352e+08 -2.44833e+08 -2.46154e+08 -2.47483e+08 -2.48821e+08 -2.50167e+08 -2.51522e+08 -2.52886e+08 -2.54258e+08 -2.5564e+08 -2.57031e+08 -2.58431e+08 -2.59841e+08 -2.61261e+08 -2.6269e+08 -2.64129e+08 -2.65578e+08 -2.67037e+08 -2.68507e+08 -2.69986e+08 -2.71477e+08 -2.72978e+08 -2.7449e+08 -2.76013e+08 -2.77547e+08 -2.79093e+08 -2.8065e+08 -2.82218e+08 -2.83798e+08 -2.8539e+08 -2.86994e+08 -2.88611e+08 -2.90239e+08 -2.9188e+08 -2.93534e+08 -2.952e+08 -2.96879e+08 -2.98571e+08 -3.00277e+08 -3.01996e+08 -3.03728e+08 -3.05475e+08 -3.07235e+08 -3.09009e+08 -3.10797e+08 -3.126e+08 -3.14417e+08 -3.16248e+08 -3.18095e+08 -3.19957e+08 -3.21833e+08 -3.23726e+08 -3.25633e+08 -3.27557e+08 -3.29496e+08 -3.31451e+08 -3.33423e+08 -3.3541e+08 -3.37415e+08 -3.39436e+08 -3.41474e+08 -3.43529e+08 -3.45602e+08 -3.47692e+08 -3.49799e+08 -3.51925e+08 -3.54068e+08 -3.5623e+08 -3.5841e+08 -3.60608e+08 -3.62826e+08 -3.65062e+08 -3.67318e+08 -3.69593e+08 -3.71887e+08 -3.74202e+08 -3.76536e+08 -3.78891e+08 -3.81266e+08 -3.83661e+08 -3.86077e+08 -3.88515e+08 -3.90973e+08 -3.93453e+08 -3.95955e+08 -3.98478e+08 -4.01024e+08 -4.03591e+08 -4.06182e+08 -4.08795e+08 -4.11431e+08 -4.1409e+08 -4.16773e+08 -4.19479e+08 -4.22209e+08 -4.24963e+08 -4.27742e+08 -4.30545e+08 -4.33373e+08 -4.36226e+08 -4.39105e+08 -4.42008e+08 -4.44938e+08 -4.47894e+08 -4.50876e+08 -4.53884e+08 -4.5692e+08 -4.59982e+08 -4.63072e+08 -4.66189e+08 -4.69334e+08 -4.72508e+08 -4.75709e+08 -4.7894e+08 -4.82199e+08 -4.85487e+08 -4.88805e+08 -4.92152e+08 -4.9553e+08 -4.98938e+08 -5.02376e+08 -5.05846e+08 -5.09346e+08 -5.12878e+08 -5.16442e+08 -5.20038e+08 -5.23666e+08 -5.27326e+08 -5.3102e+08 -5.34747e+08 -5.38508e+08 -5.42302e+08 -5.46131e+08 -5.49994e+08 -5.53892e+08 -5.57825e+08 -5.61794e+08 -5.65799e+08 -5.69839e+08 -5.73916e+08 -5.78031e+08 -5.82182e+08 -5.8637e+08 -5.90597e+08 -5.94862e+08 -5.99165e+08 -6.03508e+08 -6.07889e+08 -6.12311e+08 -6.16772e+08 -6.21274e+08 -6.25816e+08 -6.304e+08 -6.35025e+08 -6.39692e+08 -6.44401e+08 -6.49153e+08 -6.53948e+08 -6.58787e+08 -6.63669e+08 -6.68596e+08 -6.73567e+08 -6.78584e+08 -6.83646e+08 -6.88754e+08 -6.93908e+08 -6.99109e+08 -7.04357e+08 -7.09653e+08 -7.14996e+08 -7.20389e+08 -7.2583e+08 -7.31321e+08 -7.36861e+08 -7.42452e+08 -7.48094e+08 -7.53786e+08 -7.59531e+08 -7.65328e+08 -7.71177e+08 -7.7708e+08 -7.83036e+08 -7.89046e+08 -7.95111e+08 -8.01231e+08 -8.07406e+08 -8.13638e+08 -8.19926e+08 -8.26271e+08 -8.32674e+08 -8.39136e+08 -8.45655e+08 -8.52235e+08 -8.58874e+08 -8.65573e+08 -8.72333e+08 -8.79155e+08 -8.86039e+08 -8.92985e+08 -8.99994e+08 -9.07068e+08 -9.14205e+08 -9.21407e+08 -9.28675e+08 -9.36009e+08 -9.4341e+08 -9.50877e+08 -9.58413e+08 -9.66017e+08 -9.73691e+08 -9.81434e+08 -9.89248e+08 -9.97132e+08 -1.00509e+09 -1.01312e+09 -1.02122e+09 -1.02939e+09 -1.03764e+09 -1.04597e+09 -1.05437e+09 -1.06285e+09 -1.0714e+09 -1.08003e+09 -1.08874e+09 -1.09753e+09 -1.1064e+09 -1.11535e+09 -1.12438e+09 -1.1335e+09 -1.14269e+09 -1.15197e+09 -1.16134e+09 -1.17079e+09 -1.18032e+09 -1.18994e+09 -1.19965e+09 -1.20945e+09 -1.21934e+09 -1.22932e+09 -1.23938e+09 -1.24954e+09 -1.2598e+09 -2.09864e+09 -2.10034e+09 -1.26208e+09 -1.24961e+09 -1.23726e+09 -1.22502e+09 -1.2129e+09 -1.20088e+09 -1.18898e+09 -1.17718e+09 -1.16549e+09 -1.15391e+09 -1.14243e+09 -1.13106e+09 -1.1198e+09 -1.10863e+09 -1.09757e+09 -1.08661e+09 -1.07575e+09 -1.065e+09 -1.05434e+09 -1.04377e+09 -1.03331e+09 -1.02294e+09 -1.01266e+09 -1.00249e+09 -9.924e+08 -9.82407e+08 -9.72506e+08 -9.62696e+08 -9.52976e+08 -9.43346e+08 -9.33805e+08 -9.24352e+08 -9.14986e+08 -9.05706e+08 -8.96512e+08 -8.87403e+08 -8.78378e+08 -8.69436e+08 -8.60577e+08 -8.518e+08 -8.43105e+08 -8.34489e+08 -8.25954e+08 -8.17497e+08 -8.09119e+08 -8.00819e+08 -7.92595e+08 -7.84448e+08 -7.76376e+08 -7.6838e+08 -7.60457e+08 -7.52609e+08 -7.44833e+08 -7.3713e+08 -7.29498e+08 -7.21938e+08 -7.14448e+08 -7.07028e+08 -6.99677e+08 -6.92394e+08 -6.8518e+08 -6.78033e+08 -6.70953e+08 -6.63939e+08 -6.56991e+08 -6.50108e+08 -6.43289e+08 -6.36534e+08 -6.29843e+08 -6.23214e+08 -6.16648e+08 -6.10143e+08 -6.037e+08 -5.97317e+08 -5.90994e+08 -5.84731e+08 -5.78527e+08 -5.72382e+08 -5.66294e+08 -5.60264e+08 -5.54291e+08 -5.48375e+08 -5.42514e+08 -5.36709e+08 -5.30959e+08 -5.25264e+08 -5.19623e+08 -5.14035e+08 -5.085e+08 -5.03018e+08 -4.97589e+08 -4.92211e+08 -4.86884e+08 -4.81608e+08 -4.76383e+08 -4.71207e+08 -4.66081e+08 -4.61005e+08 -4.55977e+08 -4.50997e+08 -4.46065e+08 -4.4118e+08 -4.36342e+08 -4.31551e+08 -4.26806e+08 -4.22107e+08 -4.17453e+08 -4.12844e+08 -4.0828e+08 -4.0376e+08 -3.99284e+08 -3.94851e+08 -3.90461e+08 -3.86114e+08 -3.81809e+08 -3.77546e+08 -3.73325e+08 -3.69145e+08 -3.65006e+08 -3.60907e+08 -3.56848e+08 -3.5283e+08 -3.4885e+08 -3.4491e+08 -3.41008e+08 -3.37145e+08 -3.3332e+08 -3.29533e+08 -3.25783e+08 -3.2207e+08 -3.18394e+08 -3.14755e+08 -3.11151e+08 -3.07584e+08 -3.04052e+08 -3.00555e+08 -2.97093e+08 -2.93665e+08 -2.90272e+08 -2.86913e+08 -2.83588e+08 -2.80296e+08 -2.77037e+08 -2.73811e+08 -2.70617e+08 -2.67456e+08 -2.64326e+08 -2.61229e+08 -2.58162e+08 -2.55127e+08 -2.52123e+08 -2.49149e+08 -2.46206e+08 -2.43293e+08 -2.40409e+08 -2.37555e+08 -2.3473e+08 -2.31935e+08 -2.29168e+08 -2.26429e+08 -2.23719e+08 -2.21037e+08 -2.18382e+08 -2.15756e+08 -2.13156e+08 -2.10583e+08 -2.08038e+08 -2.05518e+08 -2.03026e+08 -2.00559e+08 -1.98118e+08 -1.95703e+08 -1.93313e+08 -1.90948e+08 -1.88608e+08 -1.86293e+08 -1.84003e+08 -1.81736e+08 -1.79494e+08 -1.77276e+08 -1.75081e+08 -1.7291e+08 -1.70762e+08 -1.68637e+08 -1.66535e+08 -1.64456e+08 -1.62399e+08 -1.60364e+08 -1.58351e+08 -1.5636e+08 -1.54391e+08 -1.52443e+08 -1.50516e+08 -1.4861e+08 -1.46725e+08 -1.44861e+08 -1.43017e+08 -1.41194e+08 -1.3939e+08 -1.37607e+08 -1.35843e+08 -1.34099e+08 -1.32374e+08 -1.30668e+08 -1.28982e+08 -1.27314e+08 -1.25665e+08 -1.24034e+08 -1.22421e+08 -1.20827e+08 -1.19251e+08 -1.17692e+08 -1.16152e+08 -1.14628e+08 -1.13122e+08 -1.11633e+08 -1.10161e+08 -1.08706e+08 -1.07268e+08 -1.05846e+08 -1.0444e+08 -1.03051e+08 -1.01677e+08 -1.0032e+08 -9.89782e+07 -9.76521e+07 -9.63413e+07 -9.50458e+07 -9.37655e+07 -9.25001e+07 -9.12496e+07 -9.00138e+07 -8.87925e+07 -8.75856e+07 -8.6393e+07 -8.52145e+07 -8.40499e+07 -8.28993e+07 -8.17623e+07 -8.06389e+07 -7.95289e+07 -7.84322e+07 -7.73486e+07 -7.62781e+07 -7.52205e+07 -7.41756e+07 -7.31434e+07 -7.21236e+07 -7.11163e+07 -7.01212e+07 -6.91382e+07 -6.81672e+07 -6.7208e+07 -6.62606e+07 -1.07935e+08 -1.07564e+08 -6.41484e+07 -6.23723e+07 -6.06393e+07 -5.89484e+07 -5.72988e+07 -5.56895e+07 -5.41196e+07 -5.25882e+07 -5.10945e+07 -4.96378e+07 -4.8217e+07 -4.68315e+07 -4.54805e+07 -4.41632e+07 -4.28788e+07 -4.16267e+07 -4.0406e+07 -3.92162e+07 -3.80564e+07 -3.69261e+07 -3.58246e+07 -3.47512e+07 -3.37052e+07 -3.26862e+07 -3.16934e+07 -3.07262e+07 -2.97842e+07 -2.88666e+07 -2.79729e+07 -2.71027e+07 -2.62553e+07 -2.54302e+07 -2.46268e+07 -2.38448e+07 -2.30835e+07 -2.23425e+07 -2.16214e+07 -2.09195e+07 -2.02365e+07 -1.95719e+07 -1.89253e+07 -1.82962e+07 -1.76842e+07 -1.70888e+07 -1.65097e+07 -1.59464e+07 -1.53986e+07 -1.48658e+07 -1.43477e+07 -1.38439e+07 -1.3354e+07 -1.28776e+07 -1.24144e+07 -1.1964e+07 -1.15261e+07 -1.11004e+07 -1.06865e+07 -1.02841e+07 -9.8928e+06 -9.51239e+06 -9.14253e+06 -8.78291e+06 -8.43323e+06 -8.0932e+06 -7.76255e+06 -7.44098e+06 -7.12822e+06 -6.82401e+06 -6.52808e+06 -6.24017e+06 -5.96004e+06 -5.68743e+06 -5.4221e+06 -5.16381e+06 -4.91234e+06 -4.66746e+06 -4.42895e+06 -4.19658e+06 -3.97016e+06 -3.74947e+06 -3.53431e+06 -3.32449e+06 -3.11981e+06 -2.9201e+06 -2.72516e+06 -2.53482e+06 -2.34891e+06 -2.16726e+06 -1.98971e+06 -1.8161e+06 -1.64629e+06 -1.48011e+06 -1.31743e+06 -1.15812e+06 -1.00203e+06 -849039 -699030 -551884 -407493 -265753 -131659 -67785.4
1e+17 1.00044e+17 1.00129e+17 1.0021e+17 1.00284e+17 1.00351e+17 1.0041e+17 1.00458e+17 1.00495e+17 1.00521e+17 1.00535e+17 1.00535e+17 1.00523e+17 1.00496e+17 1.00455e+17 1.004e+17 1.0033e+17 1.00246e+17 1.00146e+17 1.00033e+17 9.99038e+16 9.97604e+16 9.96026e+16 9.94303e+16 9.92439e+16 9.90436e+16 9.88297e+16 9.86024e+16 9.83621e+16 9.81091e+16 9.78438e+16 9.75665e+16 9.72778e+16 9.69779e+16 9.66674e+16 9.63467e+16 9.60162e+16 9.56765e+16 9.53279e+16 9.4971e+16 9.46062e+16 9.42341e+16 9.3855e+16 9.34695e+16 9.30782e+16 9.26813e+16 9.22794e+16 9.1873e+16 9.14626e+16 9.10485e+16 9.06312e+16 9.02112e+16 8.97888e+16 8.93645e+16 8.89386e+16 8.85116e+16 8.80838e+16 8.76556e+16 8.72273e+16 8.67993e+16 8.63719e+16 8.59453e+16 8.552e+16 8.50961e+16 8.46739e+16 8.42538e+16 8.38359e+16 8.34204e+16 8.30076e+16 8.25977e+16 8.21909e+16 8.17873e+16 8.13871e+16 8.09905e+16 8.05976e+16 8.02086e+16 7.98236e+16 7.94426e+16 7.90659e+16 7.86934e+16 7.83254e+16 7.79617e+16 7.76026e+16 7.72481e+16 7.68983e+16 7.65531e+16 7.62126e+16 7.58768e+16 7.55459e+16 7.52197e+16 7.48984e+16 7.45819e+16 7.42702e+16 7.39633e+16 7.36612e+16 7.33639e+16 7.30714e+16 7.27837e+16 7.25008e+16 7.22225e+16 7.19489e+16 7.16801e+16 7.14255e+16 7.11723e+16 7.09091e+16 7.06469e+16 7.03858e+16 7.01257e+16 6.98667e+16 6.96088e+16 6.93521e+16 6.90964e+16 6.88419e+16 6.85885e+16 6.83363e+16 6.80853e+16 6.78355e+16 6.75869e+16 6.73395e+16 6.70934e+16 6.68485e+16 6.66049e+16 6.63625e+16 6.61214e+16 6.58816e+16 6.56431e+16 6.54059e+16 6.517e+16 6.49355e+16 6.47022e+16 6.44703e+16 6.42398e+16 6.40105e+16 6.37827e+16 6.35562e+16 6.3331e+16 6.31072e+16 6.28848e+16 6.26637e+16 6.24441e+16 6.22258e+16 6.20088e+16 6.17933e+16 6.15791e+16 6.13664e+16 6.1155e+16 6.0945e+16 6.07364e+16 6.05292e+16 6.03233e+16 6.01189e+16 5.99158e+16 5.97142e+16 5.95139e+16 5.9315e+16 5.91174e+16 5.89213e+16 5.87265e+16 5.85331e+16 5.83411e+16 5.81505e+16 5.79612e+16 5.77733e+16 5.75867e+16 5.74015e+16 5.72177e+16 5.70352e+16 5.6854e+16 5.66742e+16 5.64958e+16 5.63186e+16 5.61428e+16 5.59684e+16 5.57952e+16 5.56234e+16 5.54528e+16 5.52836e+16 5.51157e+16 5.4949e+16 5.47837e+16 5.46196e+16 5.44568e+16 5.42953e+16 5.4135e+16 5.3976e+16 5.38183e+16 5.36618e+16 5.35065e+16 5.33525e+16 5.31997e+16 5.30481e+16 5.28978e+16 5.27486e+16 5.26006e+16 5.24539e+16 5.23083e+16 5.21639e+16 5.20207e+16 5.18786e+16 5.17378e+16 5.1598e+16 5.14594e+16 5.1322e+16 5.11857e+16 5.10505e+16 5.09164e+16 5.07834e+16 5.06516e+16 5.05208e+16 5.03911e+16 5.02626e+16 5.0135e+16 5.00086e+16 4.98832e+16 4.97589e+16 4.96356e+16 4.95134e+16 4.93922e+16 4.9272e+16 4.91528e+16 4.90347e+16 4.89175e+16 4.88014e+16 4.86862e+16 4.8572e+16 4.84588e+16 4.83466e+16 4.82353e+16 4.8125e+16 4.80156e+16 4.79072e+16 4.77997e+16 4.76931e+16 4.75875e+16 4.74828e+16 4.73789e+16 4.7276e+16 4.7174e+16 4.70728e+16 4.69725e+16 4.68731e+16 4.67746e+16 4.66769e+16 4.65801e+16 4.64841e+16 4.6389e+16 4.62946e+16 4.62012e+16 4.61085e+16 4.60166e+16 4.59256e+16 4.58353e+16 4.57459e+16 4.56572e+16 4.55693e+16 4.54822e+16 4.53958e+16 4.53102e+16 4.52254e+16 4.51413e+16 4.50579e+16 4.49753e+16 4.48935e+16 4.48123e+16 4.47319e+16 4.46521e+16 4.45731e+16 4.44948e+16 4.44172e+16 4.43402e+16 4.4264e+16 4.41884e+16 4.41135e+16 4.40393e+16 4.39657e+16 4.38928e+16 4.38205e+16 4.37489e+16 4.36779e+16 4.36075e+16 4.35378e+16 4.34687e+16 4.34002e+16 4.33324e+16 4.32651e+16 4.31984e+16 4.31323e+16 4.30669e+16 4.3002e+16 4.29377e+16 4.28739e+16 4.28107e+16 4.27481e+16 4.26861e+16 4.26246e+16 4.25637e+16 4.25033e+16 4.24435e+16 4.23841e+16 4.23254e+16 4.22671e+16 4.22094e+16 4.21522e+16 4.20955e+16 4.20393e+16 4.19836e+16 4.19285e+16 4.18738e+16 4.18196e+16 4.17659e+16 4.17127e+16 4.16599e+16 4.16077e+16 4.15559e+16 4.15046e+16 4.14537e+16 4.14033e+16 4.13533e+16 4.13038e+16 4.12548e+16 4.12062e+16 4.1158e+16 4.11102e+16 4.10629e+16 4.10161e+16 4.09696e+16 4.09236e+16 4.08779e+16 4.08327e+16 4.07879e+16 4.07435e+16 4.06995e+16 4.06559e+16 4.06127e+16 4.05699e+16 4.05274e+16 4.04854e+16 4.04437e+16 4.04024e+16 4.03615e+16 4.0321e+16 4.02808e+16 4.0241e+16 4.02015e+16 4.01624e+16 4.01236e+16 4.00852e+16 4.00472e+16 4.00095e+16 3.99721e+16 3.99351e+16 3.98984e+16 3.9862e+16 3.9826e+16 3.97903e+16 3.97549e+16 3.97198e+16 3.96851e+16 3.96603e+16 3.96357e+16 3.96011e+16 3.95663e+16 3.95312e+16 3.94958e+16 3.94602e+16 3.94243e+16 3.93881e+16 3.93517e+16 3.9315e+16 3.9278e+16 3.92408e+16 3.92032e+16 3.91654e+16 3.91273e+16 3.9089e+16 3.90503e+16 3.90114e+16 3.89721e+16 3.89326e+16 3.88928e+16 3.88527e+16 3.88123e+16 3.87716e+16 3.87307e+16 3.86894e+16 3.86478e+16 3.86059e+16 3.85638e+16 3.85213e+16 3.84785e+16 3.84354e+16 3.8392e+16 3.83483e+16 3.83043e+16 3.82599e+16 3.82153e+16 3.81703e+16 3.81251e+16 3.80795e+16 3.80335e+16 3.79873e+16 3.79408e+16 3.78939e+16 3.78467e+16 3.77991e+16 3.77513e+16 3.77031e+16 3.76546e+16 3.76057e+16 3.75565e+16 3.7507e+16 3.74572e+16 3.7407e+16 3.73564e+16 3.73056e+16 3.72544e+16 3.72028e+16 3.71509e+16 3.70987e+16 3.70461e+16 3.69931e+16 3.69399e+16 3.68862e+16 3.68322e+16 3.67779e+16 3.67232e+16 3.66682e+16 3.66128e+16 3.6557e+16 3.65009e+16 3.64444e+16 3.63876e+16 3.63304e+16 3.62728e+16 3.62149e+16 3.61566e+16 3.6098e+16 3.6039e+16 3.59796e+16 3.59198e+16 3.58597e+16 3.57992e+16 3.57384e+16 3.56771e+16 3.56156e+16 3.55536e+16 3.54912e+16 3.54285e+16 3.53654e+16 3.5302e+16 3.52381e+16 3.51739e+16 3.51093e+16 3.50443e+16 3.4979e+16 3.49133e+16 3.48472e+16 3.47807e+16 3.47138e+16 3.46466e+16 3.45789e+16 3.45109e+16 3.44425e+16 3.43738e+16 3.43046e+16 3.42351e+16 3.41652e+16 3.40949e+16 3.40242e+16 3.39531e+16 3.38817e+16 3.38099e+16 3.37377e+16 3.36651e+16 3.35921e+16 3.35188e+16 3.3445e+16 3.33709e+16 3.32964e+16 3.32216e+16 3.31463e+16 3.30707e+16 3.29946e+16 3.29183e+16 3.28415e+16 3.27643e+16 3.26868e+16 3.26089e+16 3.25306e+16 3.2452e+16 3.2373e+16 3.22935e+16 3.22138e+16 3.21336e+16 3.20531e+16 3.19722e+16 3.1891e+16 3.18093e+16 3.17274e+16 3.1645e+16 3.15623e+16 3.14792e+16 3.13958e+16 3.13119e+16 3.12278e+16 3.11433e+16 3.10584e+16 3.09731e+16 3.08876e+16 3.08016e+16 3.07153e+16 3.06287e+16 3.05417e+16 3.04544e+16 3.03667e+16 3.02787e+16 3.01904e+16 3.01017e+16 3.00127e+16 2.99233e+16 2.98336e+16 2.97436e+16 2.96533e+16 2.95626e+16 2.94716e+16 2.93803e+16 2.92887e+16 2.91968e+16 2.91045e+16 2.9012e+16 2.89191e+16 2.88259e+16 2.87325e+16 2.86387e+16 2.85446e+16 2.84503e+16 2.83557e+16 2.82607e+16 2.81655e+16 2.807e+16 2.79742e+16 2.78782e+16 2.77819e+16 2.76853e+16 2.75884e+16 2.74913e+16 2.73939e+16 2.72963e+16 2.71984e+16 2.71003e+16 2.70019e+16 2.69033e+16 2.68044e+16 2.67054e+16 2.6606e+16 2.65065e+16 2.64067e+16 2.63067e+16 2.62065e+16 2.61061e+16 2.60055e+16 2.59046e+16 2.58036e+16 2.57024e+16 2.56009e+16 2.54993e+16 2.53975e+16 2.52955e+16 2.51934e+16 2.5091e+16 2.49885e+16 2.48859e+16 2.47831e+16 2.46801e+16 2.45769e+16 2.44736e+16 2.43702e+16 2.42666e+16 2.41629e+16 2.40591e+16 2.39551e+16 2.3851e+16 2.37468e+16 2.36425e+16 2.3538e+16 2.34335e+16 2.33288e+16 2.32241e+16 2.31192e+16 2.30143e+16 2.29093e+16 2.28042e+16 2.2699e+16 2.25937e+16 2.24884e+16 2.2383e+16 2.22775e+16 2.2172e+16 2.20664e+16 2.19608e+16 2.18551e+16 2.17494e+16 2.16437e+16 2.15379e+16 2.14321e+16 2.13262e+16 2.12203e+16 2.11144e+16 2.10085e+16 2.09026e+16 2.07966e+16 2.06907e+16 2.05848e+16 2.04788e+16 2.04028e+16 2.03274e+16 2.02216e+16 2.01145e+16 2.00059e+16 1.98958e+16 1.97842e+16 1.96713e+16 1.95568e+16 1.94409e+16 1.93235e+16 1.92047e+16 1.90844e+16 1.89627e+16 1.88395e+16 1.87148e+16 1.85887e+16 1.84612e+16 1.83322e+16 1.82017e+16 1.80699e+16 1.79366e+16 1.78019e+16 1.76658e+16 1.75282e+16 1.73893e+16 1.72489e+16 1.71072e+16 1.69641e+16 1.68196e+16 1.66737e+16 1.65264e+16 1.63778e+16 1.62278e+16 1.60764e+16 1.59237e+16 1.57697e+16 1.56142e+16 1.54575e+16 1.52993e+16 1.51399e+16 1.4979e+16 1.48168e+16 1.46533e+16 1.44883e+16 1.4322e+16 1.41543e+16 1.39852e+16 1.38146e+16 1.36426e+16 1.34692e+16 1.32942e+16 1.31177e+16 1.29397e+16 1.27601e+16 1.25789e+16 1.2396e+16 1.22114e+16 1.20251e+16 1.18369e+16 1.16469e+16 1.14549e+16 1.1261e+16 1.10649e+16 1.08667e+16 1.06663e+16 1.04635e+16 1.02583e+16 1.00506e+16 9.84016e+15 9.627e+15 9.41094e+15 9.19185e+15 8.9696e+15 8.74403e+15 8.51499e+15 8.28231e+15 8.04582e+15 7.80532e+15 7.56064e+15 7.31157e+15 7.05789e+15 6.79939e+15 6.53583e+15 6.26698e+15 5.99257e+15 5.71234e+15 5.42603e+15 5.13334e+15 4.83397e+15 4.52763e+15 4.21398e+15 3.8927e+15 3.56344e+15 3.22586e+15 2.87958e+15 2.52424e+15 2.15945e+15 1.78482e+15 1.39996e+15 1.00446e+15 5.9793e+14 3.91853e+14
1.00087e+17 1.00129e+17 1.0021e+17 1.00284e+17 1.00351e+17 1.0041e+17 1.00458e+17 1.00495e+17 1.00521e+17 1.00535e+17 1.00535e+17 1.00523e+17 1.00496e+17 1.00455e+17 1.004e+17 1.0033e+17 1.00246e+17 1.00146e+17 1.00033e+17 9.99038e+16 9.97604e+16 9.96026e+16 9.94303e+16 9.92439e+16 9.90436e+16 9.88297e+16 9.86024e+16 9.83621e+16 9.81091e+16 9.78438e+16 9.75665e+16 9.72778e+16 9.69779e+16 9.66674e+16 9.63467e+16 9.60162e+16 9.56765e+16 9.53279e+16 9.4971e+16 9.46062e+16 9.42341e+16 9.3855e+16 9.34695e+16 9.30782e+16 9.26813e+16 9.22794e+16 9.1873e+16 9.14626e+16 9.10485e+16 9.06312e+16 9.02112e+16 8.97888e+16 8.93645e+16 8.89386e+16 8.85116e+16 8.80838e+16 8.76556e+16 8.72273e+16 8.67993e+16 8.63719e+16 8.59453e+16 8.552e+16 8.50961e+16 8.46739e+16 8.42538e+16 8.38359e+16 8.34204e+16 8.30076e+16 8.25977e+16 8.21909e+16 8.17873e+16 8.13871e+16 8.09905e+16 8.05976e+16 8.02086e+16 7.98236e+16 7.94426e+16 7.90659e+16 7.86934e+16 7.83254e+16 7.79617e+16 7.76026e+16 7.72481e+16 7.68983e+16 7.65531e+16 7.62126e+16 7.58768e+16 7.55459e+16 7.52197e+16 7.48984e+16 7.45819e+16 7.42702e+16 7.39633e+16 7.36612e+16 7.33639e+16 7.30714e+16 7.27837e+16 7.25008e+16 7.22225e+16 7.19489e+16 7.16801e+16 7.14255e+16 7.11723e+16 7.09091e+16 7.06469e+16 7.03858e+16 7.01257e+16 6.98667e+16 6.96088e+16 6.93521e+16 6.90964e+16 6.88419e+16 6.85885e+16 6.83363e+16 6.80853e+16 6.78355e+16 6.75869e+16 6.73395e+16 6.70934e+16 6.68485e+16 6.66049e+16 6.63625e+16 6.61214e+16 6.58816e+16 6.56431e+16 6.54059e+16 6.517e+16 6.49355e+16 6.47022e+16 6.44703e+16 6.42398e+16 6.40105e+16 6.37827e+16 6.35562e+16 6.3331e+16 6.31072e+16 6.28848e+16 6.26637e+16 6.24441e+16 6.22258e+16 6.20088e+16 6.17933e+16 6.15791e+16 6.13664e+16 6.1155e+16 6.0945e+16 6.07364e+16 6.05292e+16 6.03233e+16 6.01189e+16 5.99158e+16 5.97142e+16 5.95139e+16 5.9315e+16 5.91174e+16 5.89213e+16 5.87265e+16 5.85331e+16 5.83411e+16 5.81505e+16 5.79612e+16 5.77733e+16 5.75867e+16 5.74015e+16 5.72177e+16 5.70352e+16 5.6854e+16 5.66742e+16 5.64958e+16 5.63186e+16 5.61428e+16 5.59684e+16 5.57952e+16 5.56234e+16 5.54528e+16 5.52836e+16 5.51157e+16 5.4949e+16 5.47837e+16 5.46196e+16 5.44568e+16 5.42953e+16 5.4135e+16 5.3976e+16 5.38183e+16 5.36618e+16 5.35065e+16 5.33525e+16 5.31997e+16 5.30481e+16 5.28978e+16 5.27486e+16 5.26006e+16 5.24539e+16 5.23083e+16 5.21639e+16 5.20207e+16 5.18786e+16 5.17378e+16 5.1598e+16 5.14594e+16 5.1322e+16 5.11857e+16 5.10505e+16 5.09164e+16 5.07834e+16 5.06516e+16 5.05208e+16 5.03911e+16 5.02626e+16 5.0135e+16 5.00086e+16 4.98832e+16 4.97589e+16 4.96356e+16 4.95134e+16 4.93922e+16 4.9272e+16 4.91528e+16 4.90347e+16 4.89175e+16 4.88014e+16 4.86862e+16 4.8572e+16 4.84588e+16 4.83466e+16 4.82353e+16 4.8125e+16 4.80156e+16 4.79072e+16 4.77997e+16 4.76931e+16 4.75875e+16 4.74828e+16 4.73789e+16 4.7276e+16 4.7174e+16 4.70728e+16 4.69725e+16 4.68731e+16 4.67746e+16 4.66769e+16 4.65801e+16 4.64841e+16 4.6389e+16 4.62946e+16 4.62012e+16 4.61085e+16 4.60166e+16 4.59256e+16 4.58353e+16 4.57459e+16 4.56572e+16 4.55693e+16 4.54822e+16 4.53958e+16 4.53102e+16 4.52254e+16 4.51413e+16 4.50579e+16 4.49753e+16 4.48935e+16 4.48123e+16 4.47319e+16 4.46521e+16 4.45731e+16 4.44948e+16 4.44172e+16 4.43402e+16 4.4264e+16 4.41884e+16 4.41135e+16 4.40393e+16 4.39657e+16 4.38928e+16 4.38205e+16 4.37489e+16 4.36779e+16 4.36075e+16 4.35378e+16 4.34687e+16 4.34002e+16 4.33324e+16 4.32651e+16 4.31984e+16 4.31323e+16 4.30669e+16 4.3002e+16 4.29377e+16 4.28739e+16 4.28107e+16 4.27481e+16 4.26861e+16 4.26246e+16 4.25637e+16 4.25033e+16 4.24435e+16 4.23841e+16 4.23254e+16 4.22671e+16 4.22094e+16 4.21522e+16 4.20955e+16 4.20393e+16 4.19836e+16 4.19285e+16 4.18738e+16 4.18196e+16 4.17659e+16 4.17127e+16 4.16599e+16 4.16077e+16 4.15559e+16 4.15046e+16 4.14537e+16 4.14033e+16 4.13533e+16 4.13038e+16 4.12548e+16 4.12062e+16 4.1158e+16 4.11102e+16 4.10629e+16 4.10161e+16 4.09696e+16 4.09236e+16 4.08779e+16 4.08327e+16 4.07879e+16 4.07435e+16 4.06995e+16 4.06559e+16 4.06127e+16 4.05699e+16 4.05274e+16 4.04854e+16 4.04437e+16 4.04024e+16 4.03615e+16 4.0321e+16 4.02808e+16 4.0241e+16 4.02015e+16 4.01624e+16 4.01236e+16 4.00852e+16 4.00472e+16 4.00095e+16 3.99721e+16 3.99351e+16 3.98984e+16 3.9862e+16 3.9826e+16 3.97903e+16 3.97549e+16 3.97198e+16 3.96851e+16 3.96603e+16 3.96357e+16 3.96011e+16 3.95663e+16 3.95312e+16 3.94958e+16 3.94602e+16 3.94243e+16 3.93881e+16 3.93517e+16 3.9315e+16 3.9278e+16 3.92408e+16 3.92032e+16 3.91654e+16 3.91273e+16 3.9089e+16 3.90503e+16 3.90114e+16 3.89721e+16 3.89326e+16 3.88928e+16 3.88527e+16 3.88123e+16 3.87716e+16 3.87307e+16 3.86894e+16 3.86478e+16 3.86059e+16 3.85638e+16 3.85213e+16 3.84785e+16 3.84354e+16 3.8392e+16 3.83483e+16 3.83043e+16 3.82599e+16 3.82153e+16 3.81703e+16 3.81251e+16 3.80795e+16 3.80335e+16 3.79873e+16 3.79408e+16 3.78939e+16 3.78467e+16 3.77991e+16 3.77513e+16 3.77031e+16 3.76546e+16 3.76057e+16 3.75565e+16 3.7507e+16 3.74572e+16 3.7407e+16 3.73564e+16 3.73056e+16 3.72544e+16 3.72028e+16 3.71509e+16 3.70987e+16 3.70461e+16 3.69931e+16 3.69399e+16 3.68862e+16 3.68322e+16 3.67779e+16 3.67232e+16 3.66682e+16 3.66128e+16 3.6557e+16 3.65009e+16 3.64444e+16 3.63876e+16 3.63304e+16 3.62728e+16 3.62149e+16 3.61566e+16 3.6098e+16 3.6039e+16 3.59796e+16 3.59198e+16 3.58597e+16 3.57992e+16 3.57384e+16 3.56771e+16 3.56156e+16 3.55536e+16 3.54912e+16 3.54285e+16 3.53654e+16 3.5302e+16 3.52381e+16 3.51739e+16 3.51093e+16 3.50443e+16 3.4979e+16 3.49133e+16 3.48472e+16 3.47807e+16 3.47138e+16 3.46466e+16 3.45789e+16 3.45109e+16 3.44425e+16 3.43738e+16 3.43046e+16 3.42351e+16 3.41652e+16 3.40949e+16 3.40242e+16 3.39531e+16 3.38817e+16 3.38099e+16 3.37377e+16 3.36651e+16 3.35921e+16 3.35188e+16 3.3445e+16 3.33709e+16 3.32964e+16 3.32216e+16 3.31463e+16 3.30707e+16 3.29946e+16 3.29183e+16 3.28415e+16 3.27643e+16 3.26868e+16 3.26089e+16 3.25306e+16 3.2452e+16 3.2373e+16 3.22935e+16 3.22138e+16 3.21336e+16 3.20531e+16 3.19722e+16 3.1891e+16 3.18093e+16 3.17274e+16 3.1645e+16 3.15623e+16 3.14792e+16 3.13958e+16 3.13119e+16 3.12278e+16 3.11433e+16 3.10584e+16 3.09731e+16 3.08876e+16 3.08016e+16 3.07153e+16 3.06287e+16 3.05417e+16 3.04544e+16 3.03667e+16 3.02787e+16 3.01904e+16 3.01017e+16 3.00127e+16 2.99233e+16 2.98336e+16 2.97436e+16 2.96533e+16 2.95626e+16 2.94716e+16 2.93803e+16 2.92887e+16 2.91968e+16 2.91045e+16 2.9012e+16 2.89191e+16 2.88259e+16 2.87325e+16 2.86387e+16 2.85446e+16 2.84503e+16 2.83557e+16 2.82607e+16 2.81655e+16 2.807e+16 2.79742e+16 2.78782e+16 2.77819e+16 2.76853e+16 2.75884e+16 2.74913e+16 2.73939e+16 2.72963e+16 2.71984e+16 2.71003e+16 2.70019e+16 2.69033e+16 2.68044e+16 2.67054e+16 2.6606e+16 2.65065e+16 2.64067e+16 2.63067e+16 2.62065e+16 2.61061e+16 2.60055e+16 2.59046e+16 2.58036e+16 2.57024e+16 2.56009e+16 2.54993e+16 2.53975e+16 2.52955e+16 2.51934e+16 2.5091e+16 2.49885e+16 2.48859e+16 2.47831e+16 2.46801e+16 2.45769e+16 2.44736e+16 2.43702e+16 2.42666e+16 2.41629e+16 2.40591e+16 2.39551e+16 2.3851e+16 2.37468e+16 2.36425e+16 2.3538e+16 2.34335e+16 2.33288e+16 2.32241e+16 2.31192e+16 2.30143e+16 2.29093e+16 2.28042e+16 2.2699e+16 2.25937e+16 2.24884e+16 2.2383e+16 2.22775e+16 2.2172e+16 2.20664e+16 2.19608e+16 2.18551e+16 2.17494e+16 2.16437e+16 2.15379e+16 2.14321e+16 2.13262e+16 2.12203e+16 2.11144e+16 2.10085e+16 2.09026e+16 2.07966e+16 2.06907e+16 2.05848e+16 2.04788e+16 2.04028e+16 2.03274e+16 2.02216e+16 2.01145e+16 2.00059e+16 1.98958e+16 1.97842e+16 1.96713e+16 1.95568e+16 1.94409e+16 1.93235e+16 1.92047e+16 1.90844e+16 1.89627e+16 1.88395e+16 1.87148e+16 1.85887e+16 1.84612e+16 1.83322e+16 1.82017e+16 1.80699e+16 1.79366e+16 1.78019e+16 1.76658e+16 1.75282e+16 1.73893e+16 1.72489e+16 1.71072e+16 1.69641e+16 1.68196e+16 1.66737e+16 1.65264e+16 1.63778e+16 1.62278e+16 1.60764e+16 1.59237e+16 1.57697e+16 1.56142e+16 1.54575e+16 1.52993e+16 1.51399e+16 1.4979e+16 1.48168e+16 1.46533e+16 1.44883e+16 1.4322e+16 1.41543e+16 1.39852e+16 1.38146e+16 1.36426e+16 1.34692e+16 1.32942e+16 1.31177e+16 1.29397e+16 1.27601e+16 1.25789e+16 1.2396e+16 1.22114e+16 1.20251e+16 1.18369e+16 1.16469e+16 1.14549e+16 1.1261e+16 1.10649e+16 1.08667e+16 1.06663e+16 1.04635e+16 1.02583e+16 1.00506e+16 9.84016e+15 9.627e+15 9.41094e+15 9.19185e+15 8.9696e+15 8.74403e+15 8.51499e+15 8.28231e+15 8.04582e+15 7.80532e+15 7.56064e+15 7.31157e+15 7.05789e+15 6.79939e+15 6.53583e+15 6.26698e+15 5.99257e+15 5.71234e+15 5.42603e+15 5.13334e+15 4.83397e+15 4.52763e+15 4.21398e+15 3.8927e+15 3.56344e+15 3.22586e+15 2.87958e+15 2.52424e+15 2.15945e+15 1.78482e+15 1.39996e+15 1.00446e+15 5.9793e+14 1.95927e+14 1000
0.382748 0.382682 0.382551 0.382424 0.382302 0.382183 0.38207 0.381961 0.381857 0.381758 0.381665 0.381577 0.381494 0.381417 0.381345 0.381279 0.381219 0.381164 0.381114 0.38107 0.381031 0.380998 0.38097 0.380947 0.38093 0.380917 0.38091 0.380907 0.38091 0.380917 0.380928 0.380944 0.380965 0.38099 0.381019 0.381052 0.381089 0.38113 0.381174 0.381222 0.381274 0.381329 0.381387 0.381448 0.381512 0.381578 0.381648 0.38172 0.381794 0.381871 0.38195 0.382031 0.382114 0.382199 0.382285 0.382374 0.382463 0.382554 0.382646 0.38274 0.382834 0.382929 0.383026 0.383123 0.38322 0.383319 0.383417 0.383516 0.383616 0.383716 0.383816 0.383916 0.384016 0.384116 0.384216 0.384315 0.384415 0.384514 0.384613 0.384711 0.384809 0.384907 0.385004 0.3851 0.385196 0.385291 0.385386 0.38548 0.385573 0.385665 0.385756 0.385847 0.385937 0.386025 0.386113 0.3862 0.386286 0.386371 0.386456 0.386539 0.386621 0.386702 0.386779 0.386856 0.386937 0.387017 0.387098 0.387179 0.387259 0.38734 0.387421 0.387502 0.387583 0.387663 0.387744 0.387825 0.387906 0.387986 0.388067 0.388148 0.388228 0.388309 0.388389 0.388469 0.38855 0.38863 0.38871 0.38879 0.38887 0.388949 0.389029 0.389108 0.389188 0.389267 0.389346 0.389425 0.389503 0.389582 0.38966 0.389738 0.389816 0.389894 0.389972 0.390049 0.390127 0.390204 0.39028 0.390357 0.390433 0.390509 0.390585 0.390661 0.390737 0.390812 0.390887 0.390961 0.391036 0.39111 0.391184 0.391258 0.391331 0.391404 0.391477 0.39155 0.391622 0.391694 0.391766 0.391838 0.391909 0.39198 0.39205 0.392121 0.392191 0.39226 0.39233 0.392399 0.392468 0.392536 0.392605 0.392673 0.39274 0.392807 0.392874 0.392941 0.393007 0.393073 0.393139 0.393205 0.39327 0.393334 0.393399 0.393463 0.393527 0.39359 0.393653 0.393716 0.393778 0.393841 0.393902 0.393964 0.394025 0.394086 0.394146 0.394206 0.394266 0.394326 0.394385 0.394444 0.394502 0.39456 0.394618 0.394676 0.394733 0.39479 0.394846 0.394902 0.394958 0.395014 0.395069 0.395124 0.395178 0.395232 0.395286 0.39534 0.395393 0.395446 0.395498 0.395551 0.395602 0.395654 0.395705 0.395756 0.395807 0.395857 0.395907 0.395957 0.396006 0.396055 0.396104 0.396152 0.3962 0.396248 0.396295 0.396342 0.396389 0.396435 0.396482 0.396527 0.396573 0.396618 0.396663 0.396708 0.396752 0.396796 0.39684 0.396883 0.396926 0.396969 0.397012 0.397054 0.397096 0.397138 0.397179 0.39722 0.397261 0.397301 0.397341 0.397381 0.397421 0.39746 0.397499 0.397538 0.397577 0.397615 0.397653 0.397691 0.397728 0.397765 0.397802 0.397839 0.397875 0.397911 0.397947 0.397982 0.398018 0.398053 0.398087 0.398122 0.398156 0.39819 0.398224 0.398257 0.39829 0.398323 0.398356 0.398389 0.398421 0.398453 0.398485 0.398516 0.398547 0.398578 0.398609 0.39864 0.39867 0.3987 0.39873 0.39876 0.398789 0.398818 0.398847 0.398876 0.398904 0.398933 0.398961 0.398989 0.399016 0.399044 0.399071 0.399098 0.399125 0.399151 0.399177 0.399204 0.39923 0.399255 0.399281 0.399306 0.399331 0.399356 0.399381 0.399405 0.39943 0.399454 0.399478 0.399502 0.399525 0.399549 0.399572 0.399595 0.399618 0.39964 0.399663 0.399685 0.399707 0.399729 0.399751 0.399772 0.399794 0.399815 0.399836 0.399857 0.399877 0.399898 0.399918 0.399939 0.399959 0.399978 0.399993 0.400007 0.400027 0.400047 0.400067 0.400087 0.400107 0.400128 0.400149 0.40017 0.400191 0.400212 0.400234 0.400255 0.400277 0.400299 0.400321 0.400344 0.400366 0.400389 0.400412 0.400435 0.400459 0.400482 0.400506 0.40053 0.400554 0.400578 0.400602 0.400627 0.400652 0.400677 0.400702 0.400728 0.400753 0.400779 0.400805 0.400831 0.400858 0.400885 0.400911 0.400939 0.400966 0.400993 0.401021 0.401049 0.401077 0.401106 0.401134 0.401163 0.401192 0.401222 0.401251 0.401281 0.401311 0.401341 0.401372 0.401402 0.401433 0.401464 0.401496 0.401528 0.401559 0.401592 0.401624 0.401657 0.401689 0.401723 0.401756 0.40179 0.401823 0.401858 0.401892 0.401927 0.401961 0.401997 0.402032 0.402068 0.402104 0.40214 0.402176 0.402213 0.40225 0.402287 0.402325 0.402363 0.402401 0.402439 0.402478 0.402517 0.402556 0.402596 0.402636 0.402676 0.402716 0.402757 0.402798 0.402839 0.40288 0.402922 0.402964 0.403007 0.403049 0.403092 0.403136 0.403179 0.403223 0.403267 0.403312 0.403357 0.403402 0.403447 0.403493 0.403539 0.403585 0.403632 0.403679 0.403726 0.403774 0.403822 0.40387 0.403919 0.403968 0.404017 0.404066 0.404116 0.404166 0.404217 0.404267 0.404319 0.40437 0.404422 0.404474 0.404526 0.404579 0.404632 0.404685 0.404739 0.404793 0.404848 0.404902 0.404957 0.405013 0.405068 0.405124 0.405181 0.405238 0.405295 0.405352 0.40541 0.405468 0.405526 0.405585 0.405644 0.405703 0.405763 0.405823 0.405883 0.405944 0.406005 0.406066 0.406128 0.40619 0.406252 0.406315 0.406378 0.406441 0.406505 0.406569 0.406633 0.406698 0.406763 0.406828 0.406893 0.406959 0.407026 0.407092 0.407159 0.407226 0.407294 0.407361 0.40743 0.407498 0.407567 0.407636 0.407705 0.407775 0.407845 0.407915 0.407985 0.408056 0.408127 0.408199 0.40827 0.408342 0.408415 0.408487 0.40856 0.408633 0.408706 0.40878 0.408854 0.408928 0.409002 0.409077 0.409152 0.409227 0.409302 0.409378 0.409454 0.40953 0.409606 0.409683 0.409759 0.409836 0.409913 0.409991 0.410068 0.410146 0.410224 0.410302 0.41038 0.410459 0.410538 0.410616 0.410695 0.410774 0.410854 0.410933 0.411013 0.411092 0.411172 0.411252 0.411332 0.411412 0.411492 0.411573 0.411653 0.411734 0.411814 0.411895 0.411975 0.412056 0.412137 0.412218 0.412298 0.412379 0.41246 0.412541 0.412622 0.412702 0.412783 0.412864 0.412945 0.413025 0.413106 0.413164 0.413221 0.413301 0.413382 0.413465 0.413548 0.413632 0.413717 0.413803 0.413891 0.413979 0.414067 0.414157 0.414248 0.414339 0.414432 0.414525 0.414619 0.414713 0.414808 0.414904 0.415001 0.415098 0.415196 0.415294 0.415392 0.415491 0.41559 0.41569 0.41579 0.41589 0.41599 0.41609 0.41619 0.41629 0.41639 0.416489 0.416588 0.416687 0.416785 0.416883 0.41698 0.417076 0.417171 0.417266 0.417359 0.417451 0.417542 0.417632 0.41772 0.417806 0.417891 0.417974 0.418054 0.418133 0.41821 0.418284 0.418356 0.418426 0.418492 0.418556 0.418617 0.418675 0.418729 0.418781 0.418828 0.418873 0.418913 0.41895 0.418983 0.419012 0.419036 0.419056 0.419072 0.419084 0.41909 0.419092 0.419089 0.419081 0.419069 0.419051 0.419028 0.418999 0.418966 0.418927 0.418882 0.418832 0.418777 0.418716 0.418649 0.418577 0.4185 0.418417 0.418328 0.418234 0.418135 0.418031 0.417922 0.417808 0.417689 0.417566 0.417439 0.417375
0.382616 0.382551 0.382424 0.382302 0.382183 0.38207 0.381961 0.381857 0.381758 0.381665 0.381577 0.381494 0.381417 0.381345 0.381279 0.381219 0.381164 0.381114 0.38107 0.381031 0.380998 0.38097 0.380947 0.38093 0.380917 0.38091 0.380907 0.38091 0.380917 0.380928 0.380944 0.380965 0.38099 0.381019 0.381052 0.381089 0.38113 0.381174 0.381222 0.381274 0.381329 0.381387 0.381448 0.381512 0.381578 0.381648 0.38172 0.381794 0.381871 0.38195 0.382031 0.382114 0.382199 0.382285 0.382374 0.382463 0.382554 0.382646 0.38274 0.382834 0.382929 0.383026 0.383123 0.38322 0.383319 0.383417 0.383516 0.383616 0.383716 0.383816 0.383916 0.384016 0.384116 0.384216 0.384315 0.384415 0.384514 0.384613 0.384711 0.384809 0.384907 0.385004 0.3851 0.385196 0.385291 0.385386 0.38548 0.385573 0.385665 0.385756 0.385847 0.385937 0.386025 0.386113 0.3862 0.386286 0.386371 0.386456 0.386539 0.386621 0.386702 0.386779 0.386856 0.386937 0.387017 0.387098 0.387179 0.387259 0.38734 0.387421 0.387502 0.387583 0.387663 0.387744 0.387825 0.387906 0.387986 0.388067 0.388148 0.388228 0.388309 0.388389 0.388469 0.38855 0.38863 0.38871 0.38879 0.38887 0.388949 0.389029 0.389108 0.389188 0.389267 0.389346 0.389425 0.389503 0.389582 0.38966 0.389738 0.389816 0.389894 0.389972 0.390049 0.390127 0.390204 0.39028 0.390357 0.390433 0.390509 0.390585 0.390661 0.390737 0.390812 0.390887 0.390961 0.391036 0.39111 0.391184 0.391258 0.391331 0.391404 0.391477 0.39155 0.391622 0.391694 0.391766 0.391838 0.391909 0.39198 0.39205 0.392121 0.392191 0.39226 0.39233 0.392399 0.392468 0.392536 0.392605 0.392673 0.39274 0.392807 0.392874 0.392941 0.393007 0.393073 0.393139 0.393205 0.39327 0.393334 0.393399 0.393463 0.393527 0.39359 0.393653 0.393716 0.393778 0.393841 0.393902 0.393964 0.394025 0.394086 0.394146 0.394206 0.394266 0.394326 0.394385 0.394444 0.394502 0.39456 0.394618 0.394676 0.394733 0.39479 0.394846 0.394902 0.394958 0.395014 0.395069 0.395124 0.395178 0.395232 0.395286 0.39534 0.395393 0.395446 0.395498 0.395551 0.395602 0.395654 0.395705 0.395756 0.395807 0.395857 0.395907 0.395957 0.396006 0.396055 0.396104 0.396152 0.3962 0.396248 0.396295 0.396342 0.396389 0.396435 0.396482 0.396527 0.396573 0.396618 0.396663 0.396708 0.396752 0.396796 0.39684 0.396883 0.396926 0.396969 0.397012 0.397054 0.397096 0.397138 0.397179 0.39722 0.397261 0.397301 0.397341 0.397381 0.397421 0.39746 0.397499 0.397538 0.397577 0.397615 0.397653 0.397691 0.397728 0.397765 0.397802 0.397839 0.397875 0.397911 0.397947 0.397982 0.398018 0.398053 0.398087 0.398122 0.398156 0.39819 0.398224 0.398257 0.39829 0.398323 0.398356 0.398389 0.398421 0.398453 0.398485 0.398516 0.398547 0.398578 0.398609 0.39864 0.39867 0.3987 0.39873 0.39876 0.398789 0.398818 0.398847 0.398876 0.398904 0.398933 0.398961 0.398989 0.399016 0.399044 0.399071 0.399098 0.399125 0.399151 0.399177 0.399204 0.39923 0.399255 0.399281 0.399306 0.399331 0.399356 0.399381 0.399405 0.39943 0.399454 0.399478 0.399502 0.399525 0.399549 0.399572 0.399595 0.399618 0.39964 0.399663 0.399685 0.399707 0.399729 0.399751 0.399772 0.399794 0.399815 0.399836 0.399857 0.399877 0.399898 0.399918 0.399939 0.399959 0.399978 0.399993 0.400007 0.400027 0.400047 0.400067 0.400087 0.400107 0.400128 0.400149 0.40017 0.400191 0.400212 0.400234 0.400255 0.400277 0.400299 0.400321 0.400344 0.400366 0.400389 0.400412 0.400435 0.400459 0.400482 0.400506 0.40053 0.400554 0.400578 0.400602 0.400627 0.400652 0.400677 0.400702 0.400728 0.400753 0.400779 0.400805 0.400831 0.400858 0.400885 0.400911 0.400939 0.400966 0.400993 0.401021 0.401049 0.401077 0.401106 0.401134 0.401163 0.401192 0.401222 0.401251 0.401281 0.401311 0.401341 0.401372 0.401402 0.401433 0.401464 0.401496 0.401528 0.401559 0.401592 0.401624 0.401657 0.401689 0.401723 0.401756 0.40179 0.401823 0.401858 0.401892 0.401927 0.401961 0.401997 0.402032 0.402068 0.402104 0.40214 0.402176 0.402213 0.40225 0.402287 0.402325 0.402363 0.402401 0.402439 0.402478 0.402517 0.402556 0.402596 0.402636 0.402676 0.402716 0.402757 0.402798 0.402839 0.40288 0.402922 0.402964 0.403007 0.403049 0.403092 0.403136 0.403179 0.403223 0.403267 0.403312 0.403357 0.403402 0.403447 0.403493 0.403539 0.403585 0.403632 0.403679 0.403726 0.403774 0.403822 0.40387 0.403919 0.403968 0.404017 0.404066 0.404116 0.404166 0.404217 0.404267 0.404319 0.40437 0.404422 0.404474 0.404526 0.404579 0.404632 0.404685 0.404739 0.404793 0.404848 0.404902 0.404957 0.405013 0.405068 0.405124 0.405181 0.405238 0.405295 0.405352 0.40541 0.405468 0.405526 0.405585 0.405644 0.405703 0.405763 0.405823 0.405883 0.405944 0.406005 0.406066 0.406128 0.40619 0.406252 0.406315 0.406378 0.406441 0.406505 0.406569 0.406633 0.406698 0.406763 0.406828 0.406893 0.406959 0.407026 0.407092 0.407159 0.407226 0.407294 0.407361 0.40743 0.407498 0.407567 0.407636 0.407705 0.407775 0.407845 0.407915 0.407985 0.408056 0.408127 0.408199 0.40827 0.408342 0.408415 0.408487 0.40856 0.408633 0.408706 0.40878 0.408854 0.408928 0.409002 0.409077 0.409152 0.409227 0.409302 0.409378 0.409454 0.40953 0.409606 0.409683 0.409759 0.409836 0.409913 0.409991 0.410068 0.410146 0.410224 0.410302 0.41038 0.410459 0.410538 0.410616 0.410695 0.410774 0.410854 0.410933 0.411013 0.411092 0.411172 0.411252 0.411332 0.411412 0.411492 0.411573 0.411653 0.411734 0.411814 0.411895 0.411975 0.412056 0.412137 0.412218 0.412298 0.412379 0.41246 0.412541 0.412622 0.412702 0.412783 0.412864 0.412945 0.413025 0.413106 0.413164 0.413221 0.413301 0.413382 0.413465 0.413548 0.413632 0.413717 0.413803 0.413891 0.413979 0.414067 0.414157 0.414248 0.414339 0.414432 0.414525 0.414619 0.414713 0.414808 0.414904 0.415001 0.415098 0.415196 0.415294 0.415392 0.415491 0.41559 0.41569 0.41579 0.41589 0.41599 0.41609 0.41619 0.41629 0.41639 0.416489 0.416588 0.416687 0.416785 0.416883 0.41698 0.417076 0.417171 0.417266 0.417359 0.417451 0.417542 0.417632 0.41772 0.417806 0.417891 0.417974 0.418054 0.418133 0.41821 0.418284 0.418356 0.418426 0.418492 0.418556 0.418617 0.418675 0.418729 0.418781 0.418828 0.418873 0.418913 0.41895 0.418983 0.419012 0.419036 0.419056 0.419072 0.419084 0.41909 0.419092 0.419089 0.419081 0.419069 0.419051 0.419028 0.418999 0.418966 0.418927 0.418882 0.418832 0.418777 0.418716 0.418649 0.418577 0.4185 0.418417 0.418328 0.418234 0.418135 0.418031 0.417922 0.417808 0.417689 0.417566 0.417439 0.417313 0.417252
1.29902e-09 1.29637e-09 1.28858e-09 1.276e-09 1.25892e-09 1.2376e-09 1.21225e-09 1.18307e-09 1.15022e-09 1.11385e-09 1.07409e-09 1.03104e-09 9.84816e-10 9.35499e-10 8.83171e-10 8.27909e-10 7.69779e-10 7.08849e-10 6.45178e-10 5.78827e-10 5.09853e-10 4.38314e-10 3.64267e-10 2.87767e-10 2.08875e-10 1.27647e-10 4.41433e-11 -4.15742e-11 -1.29443e-10 -2.194e-10 -3.11378e-10 -4.0531e-10 -5.01127e-10 -5.98759e-10 -6.98134e-10 -7.99178e-10 -9.01817e-10 -1.00597e-09 -1.11157e-09 -1.21854e-09 -1.32679e-09 -1.43625e-09 -1.54683e-09 -1.65846e-09 -1.77107e-09 -1.88456e-09 -1.99886e-09 -2.1139e-09 -2.22959e-09 -2.34585e-09 -2.46262e-09 -2.57981e-09 -2.69734e-09 -2.81516e-09 -2.93318e-09 -3.05133e-09 -3.16954e-09 -3.28776e-09 -3.4059e-09 -3.52391e-09 -3.64173e-09 -3.75929e-09 -3.87653e-09 -3.99341e-09 -4.10986e-09 -4.22583e-09 -4.34127e-09 -4.45613e-09 -4.57037e-09 -4.68394e-09 -4.7968e-09 -4.90891e-09 -5.02022e-09 -5.13071e-09 -5.24034e-09 -5.34907e-09 -5.45687e-09 -5.56372e-09 -5.66959e-09 -5.77445e-09 -5.87828e-09 -5.98105e-09 -6.08276e-09 -6.18337e-09 -6.28287e-09 -6.38124e-09 -6.47848e-09 -6.57457e-09 -6.66949e-09 -6.76324e-09 -6.85581e-09 -6.94719e-09 -7.03738e-09 -7.12636e-09 -7.21415e-09 -7.30072e-09 -7.38609e-09 -7.47026e-09 -7.55321e-09 -7.63496e-09 -7.7155e-09 -7.79341e-09 -7.86912e-09 -7.94628e-09 -8.02497e-09 -8.10353e-09 -8.18195e-09 -8.26023e-09 -8.33836e-09 -8.41634e-09 -8.49416e-09 -8.57182e-09 -8.64931e-09 -8.72663e-09 -8.80377e-09 -8.88073e-09 -8.9575e-09 -9.03407e-09 -9.11045e-09 -9.18663e-09 -9.2626e-09 -9.33837e-09 -9.41392e-09 -9.48925e-09 -9.56436e-09 -9.63924e-09 -9.71389e-09 -9.78831e-09 -9.8625e-09 -9.93644e-09 -1.00101e-08 -1.00836e-08 -1.01568e-08 -1.02297e-08 -1.03024e-08 -1.03748e-08 -1.0447e-08 -1.05189e-08 -1.05905e-08 -1.06619e-08 -1.0733e-08 -1.08038e-08 -1.08743e-08 -1.09446e-08 -1.10145e-08 -1.10842e-08 -1.11536e-08 -1.12227e-08 -1.12915e-08 -1.136e-08 -1.14282e-08 -1.14961e-08 -1.15637e-08 -1.1631e-08 -1.1698e-08 -1.17647e-08 -1.18311e-08 -1.18972e-08 -1.1963e-08 -1.20284e-08 -1.20936e-08 -1.21584e-08 -1.2223e-08 -1.22872e-08 -1.23511e-08 -1.24146e-08 -1.24779e-08 -1.25408e-08 -1.26035e-08 -1.26658e-08 -1.27277e-08 -1.27894e-08 -1.28507e-08 -1.29117e-08 -1.29724e-08 -1.30328e-08 -1.30928e-08 -1.31525e-08 -1.32119e-08 -1.3271e-08 -1.33297e-08 -1.33881e-08 -1.34462e-08 -1.35039e-08 -1.35614e-08 -1.36185e-08 -1.36753e-08 -1.37317e-08 -1.37878e-08 -1.38437e-08 -1.38991e-08 -1.39543e-08 -1.40091e-08 -1.40636e-08 -1.41178e-08 -1.41716e-08 -1.42252e-08 -1.42784e-08 -1.43313e-08 -1.43838e-08 -1.44361e-08 -1.4488e-08 -1.45396e-08 -1.45909e-08 -1.46418e-08 -1.46925e-08 -1.47428e-08 -1.47928e-08 -1.48425e-08 -1.48919e-08 -1.4941e-08 -1.49897e-08 -1.50381e-08 -1.50863e-08 -1.51341e-08 -1.51816e-08 -1.52288e-08 -1.52756e-08 -1.53222e-08 -1.53685e-08 -1.54144e-08 -1.54601e-08 -1.55054e-08 -1.55505e-08 -1.55952e-08 -1.56397e-08 -1.56838e-08 -1.57277e-08 -1.57712e-08 -1.58145e-08 -1.58575e-08 -1.59001e-08 -1.59425e-08 -1.59846e-08 -1.60264e-08 -1.60679e-08 -1.61091e-08 -1.615e-08 -1.61906e-08 -1.6231e-08 -1.62711e-08 -1.63109e-08 -1.63504e-08 -1.63896e-08 -1.64286e-08 -1.64672e-08 -1.65056e-08 -1.65438e-08 -1.65816e-08 -1.66192e-08 -1.66565e-08 -1.66936e-08 -1.67303e-08 -1.67668e-08 -1.68031e-08 -1.68391e-08 -1.68748e-08 -1.69102e-08 -1.69454e-08 -1.69804e-08 -1.70151e-08 -1.70495e-08 -1.70837e-08 -1.71176e-08 -1.71513e-08 -1.71847e-08 -1.72178e-08 -1.72508e-08 -1.72835e-08 -1.73159e-08 -1.73481e-08 -1.738e-08 -1.74117e-08 -1.74432e-08 -1.74744e-08 -1.75054e-08 -1.75362e-08 -1.75667e-08 -1.7597e-08 -1.76271e-08 -1.76569e-08 -1.76865e-08 -1.77159e-08 -1.77451e-08 -1.7774e-08 -1.78027e-08 -1.78312e-08 -1.78595e-08 -1.78875e-08 -1.79153e-08 -1.7943e-08 -1.79704e-08 -1.79975e-08 -1.80245e-08 -1.80513e-08 -1.80779e-08 -1.81042e-08 -1.81304e-08 -1.81563e-08 -1.8182e-08 -1.82076e-08 -1.82329e-08 -1.8258e-08 -1.8283e-08 -1.83077e-08 -1.83323e-08 -1.83566e-08 -1.83808e-08 -1.84047e-08 -1.84285e-08 -1.84521e-08 -1.84755e-08 -1.84987e-08 -1.85217e-08 -1.85446e-08 -1.85672e-08 -1.85897e-08 -1.8612e-08 -1.86341e-08 -1.86561e-08 -1.86778e-08 -1.86994e-08 -1.87208e-08 -1.87421e-08 -1.87631e-08 -1.8784e-08 -1.88048e-08 -1.88253e-08 -1.88457e-08 -1.8866e-08 -1.8886e-08 -1.89059e-08 -1.89257e-08 -1.89452e-08 -1.89647e-08 -1.89839e-08 -1.9003e-08 -1.9022e-08 -1.90408e-08 -1.90594e-08 -1.90779e-08 -1.90962e-08 -1.91144e-08 -1.91324e-08 -1.91503e-08 -1.91681e-08 -1.91856e-08 -1.92031e-08 -1.92204e-08 -1.92376e-08 -1.92546e-08 -1.92714e-08 -1.92882e-08 -1.93048e-08 -1.93212e-08 -1.93376e-08 -1.93537e-08 -1.93675e-08 -1.93733e-08 -1.93653e-08 -1.93491e-08 -1.93329e-08 -1.93165e-08 -1.92999e-08 -1.92832e-08 -1.92664e-08 -1.92495e-08 -1.92324e-08 -1.92151e-08 -1.91977e-08 -1.91802e-08 -1.91625e-08 -1.91447e-08 -1.91267e-08 -1.91086e-08 -1.90903e-08 -1.90719e-08 -1.90533e-08 -1.90346e-08 -1.90157e-08 -1.89967e-08 -1.89775e-08 -1.89581e-08 -1.89386e-08 -1.8919e-08 -1.88991e-08 -1.88791e-08 -1.8859e-08 -1.88386e-08 -1.88181e-08 -1.87975e-08 -1.87767e-08 -1.87557e-08 -1.87345e-08 -1.87131e-08 -1.86916e-08 -1.86699e-08 -1.86481e-08 -1.8626e-08 -1.86038e-08 -1.85814e-08 -1.85588e-08 -1.8536e-08 -1.85131e-08 -1.849e-08 -1.84666e-08 -1.84431e-08 -1.84194e-08 -1.83955e-08 -1.83715e-08 -1.83472e-08 -1.83227e-08 -1.82981e-08 -1.82732e-08 -1.82482e-08 -1.82229e-08 -1.81974e-08 -1.81718e-08 -1.81459e-08 -1.81199e-08 -1.80936e-08 -1.80671e-08 -1.80404e-08 -1.80136e-08 -1.79865e-08 -1.79591e-08 -1.79316e-08 -1.79039e-08 -1.78759e-08 -1.78477e-08 -1.78193e-08 -1.77907e-08 -1.77619e-08 -1.77328e-08 -1.77035e-08 -1.7674e-08 -1.76443e-08 -1.76143e-08 -1.75841e-08 -1.75536e-08 -1.7523e-08 -1.74921e-08 -1.74609e-08 -1.74296e-08 -1.7398e-08 -1.73661e-08 -1.7334e-08 -1.73017e-08 -1.72691e-08 -1.72363e-08 -1.72032e-08 -1.71699e-08 -1.71363e-08 -1.71025e-08 -1.70684e-08 -1.70341e-08 -1.69995e-08 -1.69647e-08 -1.69296e-08 -1.68943e-08 -1.68586e-08 -1.68228e-08 -1.67866e-08 -1.67502e-08 -1.67136e-08 -1.66766e-08 -1.66394e-08 -1.6602e-08 -1.65642e-08 -1.65262e-08 -1.64879e-08 -1.64493e-08 -1.64105e-08 -1.63714e-08 -1.6332e-08 -1.62923e-08 -1.62524e-08 -1.62121e-08 -1.61716e-08 -1.61308e-08 -1.60897e-08 -1.60483e-08 -1.60066e-08 -1.59647e-08 -1.59224e-08 -1.58799e-08 -1.5837e-08 -1.57939e-08 -1.57505e-08 -1.57067e-08 -1.56627e-08 -1.56184e-08 -1.55737e-08 -1.55288e-08 -1.54836e-08 -1.54381e-08 -1.53922e-08 -1.53461e-08 -1.52996e-08 -1.52529e-08 -1.52058e-08 -1.51584e-08 -1.51107e-08 -1.50628e-08 -1.50144e-08 -1.49658e-08 -1.49169e-08 -1.48676e-08 -1.48181e-08 -1.47682e-08 -1.4718e-08 -1.46675e-08 -1.46166e-08 -1.45655e-08 -1.4514e-08 -1.44622e-08 -1.44101e-08 -1.43577e-08 -1.43049e-08 -1.42518e-08 -1.41984e-08 -1.41447e-08 -1.40907e-08 -1.40363e-08 -1.39816e-08 -1.39266e-08 -1.38712e-08 -1.38156e-08 -1.37596e-08 -1.37032e-08 -1.36466e-08 -1.35896e-08 -1.35323e-08 -1.34747e-08 -1.34167e-08 -1.33584e-08 -1.32998e-08 -1.32409e-08 -1.31817e-08 -1.31221e-08 -1.30622e-08 -1.30019e-08 -1.29414e-08 -1.28805e-08 -1.28193e-08 -1.27578e-08 -1.26959e-08 -1.26337e-08 -1.25713e-08 -1.25084e-08 -1.24453e-08 -1.23819e-08 -1.23181e-08 -1.2254e-08 -1.21896e-08 -1.21249e-08 -1.20599e-08 -1.19945e-08 -1.19289e-08 -1.18629e-08 -1.17966e-08 -1.173e-08 -1.16632e-08 -1.1596e-08 -1.15285e-08 -1.14607e-08 -1.13926e-08 -1.13242e-08 -1.12555e-08 -1.11865e-08 -1.11172e-08 -1.10477e-08 -1.09778e-08 -1.09077e-08 -1.08373e-08 -1.07666e-08 -1.06956e-08 -1.06243e-08 -1.05528e-08 -1.0481e-08 -1.0409e-08 -1.03366e-08 -1.0264e-08 -1.01912e-08 -1.01181e-08 -1.00447e-08 -9.97113e-09 -9.89728e-09 -9.82318e-09 -9.74885e-09 -9.67428e-09 -9.59948e-09 -9.52446e-09 -9.44921e-09 -9.37373e-09 -9.29805e-09 -9.22215e-09 -9.14604e-09 -9.06973e-09 -8.99323e-09 -8.91652e-09 -8.83963e-09 -8.76256e-09 -8.6853e-09 -8.60787e-09 -8.53026e-09 -8.4525e-09 -8.37457e-09 -8.29648e-09 -8.21825e-09 -8.13987e-09 -8.06136e-09 -7.98271e-09 -7.91516e-09 -7.8588e-09 -7.7912e-09 -7.71176e-09 -7.63111e-09 -7.54926e-09 -7.46619e-09 -7.38192e-09 -7.29645e-09 -7.20976e-09 -7.12187e-09 -7.03277e-09 -6.94248e-09 -6.85099e-09 -6.75831e-09 -6.66445e-09 -6.56942e-09 -6.47323e-09 -6.37589e-09 -6.27741e-09 -6.1778e-09 -6.07709e-09 -5.97528e-09 -5.87241e-09 -5.76848e-09 -5.66352e-09 -5.55755e-09 -5.45061e-09 -5.34271e-09 -5.23389e-09 -5.12417e-09 -5.0136e-09 -4.90219e-09 -4.79001e-09 -4.67707e-09 -4.56342e-09 -4.44911e-09 -4.33417e-09 -4.21867e-09 -4.10263e-09 -3.98612e-09 -3.86919e-09 -3.7519e-09 -3.63429e-09 -3.51643e-09 -3.39838e-09 -3.2802e-09 -3.16196e-09 -3.04372e-09 -2.92555e-09 -2.80752e-09 -2.68969e-09 -2.57215e-09 -2.45497e-09 -2.33821e-09 -2.22196e-09 -2.10629e-09 -1.99128e-09 -1.877e-09 -1.76355e-09 -1.65099e-09 -1.5394e-09 -1.42887e-09 -1.31948e-09 -1.2113e-09 -1.10441e-09 -9.98886e-10 -8.94815e-10 -7.92268e-10 -6.91322e-10 -5.92052e-10 -4.94529e-10 -3.98827e-10 -3.05016e-10 -2.13165e-10 -1.2334e-10 -3.56084e-11 4.99666e-11 1.33322e-10 2.14398e-10 2.93133e-10 3.69469e-10 4.4335e-10 5.14716e-10 5.83513e-10 6.49682e-10 7.13166e-10 7.73904e-10 8.31836e-10 8.86896e-10 9.39014e-10 9.88115e-10 1.03412e-09 1.07693e-09 1.11646e-09 1.15258e-09 1.18517e-09 1.21408e-09 1.23914e-09 1.26016e-09 1.27691e-09 1.28915e-09 1.29648e-09 1.29885e-09
9.8235e-06 9.93685e-06 1.01662e-05 1.04008e-05 1.06408e-05 1.08863e-05 1.11376e-05 1.13946e-05 1.16575e-05 1.19266e-05 1.22018e-05 1.24834e-05 1.27714e-05 1.30662e-05 1.33677e-05 1.36762e-05 1.39918e-05 1.43147e-05 1.4645e-05 1.4983e-05 1.53287e-05 1.56825e-05 1.60444e-05 1.64146e-05 1.67934e-05 1.7181e-05 1.75774e-05 1.79831e-05 1.83981e-05 1.88226e-05 1.9257e-05 1.97014e-05 2.01561e-05 2.06212e-05 2.10971e-05 2.15839e-05 2.2082e-05 2.25916e-05 2.31129e-05 2.36463e-05 2.4192e-05 2.47503e-05 2.53214e-05 2.59058e-05 2.65036e-05 2.71152e-05 2.7741e-05 2.83811e-05 2.90361e-05 2.97062e-05 3.03917e-05 3.1093e-05 3.18106e-05 3.25447e-05 3.32957e-05 3.4064e-05 3.48501e-05 3.56544e-05 3.64772e-05 3.73189e-05 3.81802e-05 3.90612e-05 3.99626e-05 4.08849e-05 4.18284e-05 4.27936e-05 4.37812e-05 4.47915e-05 4.58252e-05 4.68827e-05 4.79646e-05 4.90714e-05 5.02039e-05 5.13624e-05 5.25477e-05 5.37603e-05 5.5001e-05 5.62702e-05 5.75688e-05 5.88973e-05 6.02564e-05 6.1647e-05 6.30696e-05 6.4525e-05 6.60141e-05 6.75375e-05 6.9096e-05 7.06906e-05 7.23219e-05 7.39909e-05 7.56983e-05 7.74452e-05 7.92324e-05 8.10609e-05 8.29315e-05 8.48453e-05 8.68033e-05 8.88064e-05 9.08558e-05 9.29525e-05 9.50975e-05 0.000101202 0.000102228 9.86815e-05 9.95786e-05 0.000100484 0.000101397 0.000102319 0.000103249 0.000104188 0.000105135 0.000106091 0.000107055 0.000108029 0.000109011 0.000110002 0.000111002 0.000112011 0.000113029 0.000114057 0.000115094 0.00011614 0.000117196 0.000118261 0.000119336 0.000120421 0.000121516 0.00012262 0.000123735 0.00012486 0.000125995 0.000127141 0.000128296 0.000129463 0.00013064 0.000131827 0.000133026 0.000134235 0.000135455 0.000136687 0.000137929 0.000139183 0.000140449 0.000141725 0.000143014 0.000144314 0.000145626 0.00014695 0.000148286 0.000149634 0.000150994 0.000152367 0.000153752 0.00015515 0.00015656 0.000157983 0.000159419 0.000160869 0.000162331 0.000163807 0.000165296 0.000166799 0.000168315 0.000169845 0.000171389 0.000172947 0.00017452 0.000176106 0.000177707 0.000179323 0.000180953 0.000182598 0.000184258 0.000185933 0.000187623 0.000189329 0.00019105 0.000192787 0.00019454 0.000196308 0.000198093 0.000199894 0.000201711 0.000203544 0.000205395 0.000207262 0.000209146 0.000211048 0.000212966 0.000214902 0.000216856 0.000218827 0.000220817 0.000222824 0.00022485 0.000226894 0.000228957 0.000231038 0.000233138 0.000235258 0.000237397 0.000239555 0.000241732 0.00024393 0.000246148 0.000248385 0.000250643 0.000252922 0.000255221 0.000257541 0.000259883 0.000262245 0.000264629 0.000267035 0.000269463 0.000271912 0.000274384 0.000276879 0.000279396 0.000281936 0.000284499 0.000287085 0.000289695 0.000292328 0.000294986 0.000297668 0.000300374 0.000303104 0.00030586 0.00030864 0.000311446 0.000314278 0.000317135 0.000320018 0.000322927 0.000325863 0.000328825 0.000331814 0.000334831 0.000337875 0.000340946 0.000344046 0.000347174 0.00035033 0.000353515 0.000356728 0.000359971 0.000363244 0.000366546 0.000369878 0.000373241 0.000376634 0.000380058 0.000383513 0.000386999 0.000390517 0.000394068 0.00039765 0.000401265 0.000404913 0.000408594 0.000412308 0.000416057 0.000419839 0.000423656 0.000427507 0.000431394 0.000435315 0.000439273 0.000443266 0.000447296 0.000451362 0.000455465 0.000459606 0.000463784 0.000468001 0.000472255 0.000476548 0.000480881 0.000485252 0.000489664 0.000494115 0.000498607 0.00050314 0.000507714 0.000512329 0.000516987 0.000521687 0.000526429 0.000531215 0.000536044 0.000540918 0.000545835 0.000550797 0.000555804 0.000560857 0.000565956 0.000571101 0.000576293 0.000581532 0.000586818 0.000592153 0.000597536 0.000602968 0.00060845 0.000613981 0.000619563 0.000625195 0.000630879 0.000636614 0.000642402 0.000648242 0.000654135 0.000660081 0.000666082 0.000672137 0.000678248 0.000684414 0.000690636 0.000696914 0.00070325 0.000709643 0.000716094 0.000722604 0.000729173 0.000735802 0.000742491 0.000749241 0.000756052 0.000762926 0.000769861 0.00077686 0.000783922 0.000791049 0.00079824 0.000805497 0.00081282 0.000820209 0.000827665 0.00083519 0.000842782 0.000850444 0.000858175 0.000865977 0.000873849 0.000881794 0.00088981 0.000897899 0.000906062 0.000914299 0.00092261 0.000930998 0.000939461 0.000948002 0.00095662 0.000965317 0.000974092 0.00162411 0.00162604 0.000977925 0.000969115 0.000960384 0.000951732 0.000943158 0.000934661 0.000926241 0.000917896 0.000909627 0.000901432 0.000893311 0.000885263 0.000877288 0.000869384 0.000861552 0.00085379 0.000846098 0.000838476 0.000830922 0.000823436 0.000816018 0.000808666 0.000801381 0.000794161 0.000787007 0.000779917 0.00077289 0.000765927 0.000759027 0.000752189 0.000745413 0.000738697 0.000732042 0.000725447 0.000718912 0.000712435 0.000706017 0.000699656 0.000693353 0.000687107 0.000680916 0.000674782 0.000668703 0.000662679 0.000656708 0.000650792 0.000644929 0.000639119 0.000633361 0.000627655 0.000622001 0.000616397 0.000610844 0.000605341 0.000599887 0.000594483 0.000589127 0.00058382 0.00057856 0.000573348 0.000568183 0.000563064 0.000557991 0.000552964 0.000547983 0.000543046 0.000538154 0.000533305 0.000528501 0.000523739 0.000519021 0.000514345 0.000509711 0.000505119 0.000500569 0.000496059 0.00049159 0.000487161 0.000482773 0.000478423 0.000474113 0.000469842 0.000465609 0.000461414 0.000457258 0.000453138 0.000449056 0.00044501 0.000441001 0.000437028 0.000433091 0.000429189 0.000425323 0.000421491 0.000417694 0.000413931 0.000410202 0.000406506 0.000402844 0.000399215 0.000395618 0.000392054 0.000388522 0.000385022 0.000381553 0.000378116 0.000374709 0.000371333 0.000367988 0.000364673 0.000361388 0.000358132 0.000354905 0.000351708 0.00034854 0.0003454 0.000342288 0.000339204 0.000336148 0.00033312 0.000330119 0.000327145 0.000324198 0.000321277 0.000318382 0.000315514 0.000312672 0.000309855 0.000307063 0.000304297 0.000301556 0.000298839 0.000296147 0.000293479 0.000290835 0.000288215 0.000285618 0.000283045 0.000280495 0.000277968 0.000275464 0.000272982 0.000270523 0.000268086 0.00026567 0.000263277 0.000260905 0.000258555 0.000256225 0.000253917 0.000251629 0.000249363 0.000247116 0.00024489 0.000242684 0.000240497 0.000238331 0.000236183 0.000234056 0.000231947 0.000229857 0.000227787 0.000225735 0.000223701 0.000221686 0.000219688 0.000217709 0.000215748 0.000213804 0.000211878 0.000209969 0.000208078 0.000206203 0.000204345 0.000202504 0.00020068 0.000198872 0.00019708 0.000195305 0.000193545 0.000191802 0.000190074 0.000188361 0.000186665 0.000184983 0.000183316 0.000181665 0.000180028 0.000178406 0.000176799 0.000175206 0.000173628 0.000172064 0.000170514 0.000168977 0.000167455 0.000165946 0.000164451 0.00016297 0.000161502 0.000160047 0.000158605 0.000157176 0.00015576 0.000154357 0.000152966 0.000151588 0.000150222 0.000148869 0.000147528 0.000146199 0.000144882 0.000143576 0.000142283 0.000141001 0.000139731 0.000138472 0.000137225 0.000135988 0.000134763 0.000133549 0.000132346 0.000131154 0.000129972 0.000128801 0.000127641 0.000126491 0.000125351 0.000124222 0.000123103 0.000121994 0.000120895 0.000119806 0.000118726 0.000117657 0.000116597 0.000115546 0.000114505 0.000113474 0.000112452 0.000111438 0.000110435 0.00010944 0.000108454 0.000107477 0.000106508 0.000105549 0.000104598 0.000103656 0.000102722 0.000101796 0.000100879 9.99704e-05 9.90698e-05 0.000162217 0.000162024 9.71271e-05 9.49362e-05 9.27948e-05 9.07017e-05 8.86558e-05 8.66561e-05 8.47014e-05 8.27908e-05 8.09234e-05 7.9098e-05 7.73139e-05 7.557e-05 7.38654e-05 7.21992e-05 7.05707e-05 6.89789e-05 6.74229e-05 6.59021e-05 6.44156e-05 6.29626e-05 6.15424e-05 6.01542e-05 5.87974e-05 5.74711e-05 5.61748e-05 5.49077e-05 5.36692e-05 5.24586e-05 5.12753e-05 5.01187e-05 4.89882e-05 4.78832e-05 4.68032e-05 4.57474e-05 4.47155e-05 4.37069e-05 4.27211e-05 4.17574e-05 4.08155e-05 3.98949e-05 3.8995e-05 3.81154e-05 3.72557e-05 3.64153e-05 3.55939e-05 3.4791e-05 3.40063e-05 3.32392e-05 3.24895e-05 3.17566e-05 3.10403e-05 3.03401e-05 2.96558e-05 2.89869e-05 2.8333e-05 2.76939e-05 2.70692e-05 2.64587e-05 2.58619e-05 2.52785e-05 2.47083e-05 2.4151e-05 2.36062e-05 2.30737e-05 2.25533e-05 2.20446e-05 2.15473e-05 2.10613e-05 2.05862e-05 2.01219e-05 1.9668e-05 1.92244e-05 1.87907e-05 1.83669e-05 1.79526e-05 1.75476e-05 1.71518e-05 1.67649e-05 1.63868e-05 1.60172e-05 1.56559e-05 1.53027e-05 1.49576e-05 1.46202e-05 1.42904e-05 1.39681e-05 1.3653e-05 1.3345e-05 1.3044e-05 1.27498e-05 1.24622e-05 1.21811e-05 1.19063e-05 1.16378e-05 1.13753e-05 1.11187e-05 1.08679e-05 1.06227e-05 1.03831e-05 1.01489e-05 1.03186e-05 1.06041e-05
-9.8235e-06 -9.93685e-06 -1.01662e-05 -1.04008e-05 -1.06408e-05 -1.08863e-05 -1.11376e-05 -1.13946e-05 -1.16575e-05 -1.19266e-05 -1.22018e-05 -1.24834e-05 -1.27714e-05 -1.30662e-05 -1.33677e-05 -1.36762e-05 -1.39918e-05 -1.43147e-05 -1.4645e-05 -1.4983e-05 -1.53287e-05 -1.56825e-05 -1.60444e-05 -1.64146e-05 -1.67934e-05 -1.7181e-05 -1.75774e-05 -1.79831e-05 -1.83981e-05 -1.88226e-05 -1.9257e-05 -1.97014e-05 -2.01561e-05 -2.06212e-05 -2.10971e-05 -2.15839e-05 -2.2082e-05 -2.25916e-05 -2.31129e-05 -2.36463e-05 -2.4192e-05 -2.47503e-05 -2.53214e-05 -2.59058e-05 -2.65036e-05 -2.71152e-05 -2.7741e-05 -2.83811e-05 -2.90361e-05 -2.97062e-05 -3.03917e-05 -3.1093e-05 -3.18106e-05 -3.25447e-05 -3.32957e-05 -3.4064e-05 -3.48501e-05 -3.56544e-05 -3.64772e-05 -3.73189e-05 -3.81802e-05 -3.90612e-05 -3.99626e-05 -4.08849e-05 -4.18284e-05 -4.27936e-05 -4.37812e-05 -4.47915e-05 -4.58252e-05 -4.68827e-05 -4.79646e-05 -4.90714e-05 -5.02039e-05 -5.13624e-05 -5.25477e-05 -5.37603e-05 -5.5001e-05 -5.62702e-05 -5.75688e-05 -5.88973e-05 -6.02564e-05 -6.1647e-05 -6.30696e-05 -6.4525e-05 -6.60141e-05 -6.75375e-05 -6.9096e-05 -7.06906e-05 -7.23219e-05 -7.39909e-05 -7.56983e-05 -7.74452e-05 -7.92324e-05 -8.10609e-05 -8.29315e-05 -8.48453e-05 -8.68033e-05 -8.88064e-05 -9.08558e-05 -9.29525e-05 -9.50975e-05 -0.000101202 -0.000102228 -9.86815e-05 -9.95786e-05 -0.000100484 -0.000101397 -0.000102319 -0.000103249 -0.000104188 -0.000105135 -0.000106091 -0.000107055 -0.000108029 -0.000109011 -0.000110002 -0.000111002 -0.000112011 -0.000113029 -0.000114057 -0.000115094 -0.00011614 -0.000117196 -0.000118261 -0.000119336 -0.000120421 -0.000121516 -0.00012262 -0.000123735 -0.00012486 -0.000125995 -0.000127141 -0.000128296 -0.000129463 -0.00013064 -0.000131827 -0.000133026 -0.000134235 -0.000135455 -0.000136687 -0.000137929 -0.000139183 -0.000140449 -0.000141725 -0.000143014 -0.000144314 -0.000145626 -0.00014695 -0.000148286 -0.000149634 -0.000150994 -0.000152367 -0.000153752 -0.00015515 -0.00015656 -0.000157983 -0.000159419 -0.000160869 -0.000162331 -0.000163807 -0.000165296 -0.000166799 -0.000168315 -0.000169845 -0.000171389 -0.000172947 -0.00017452 -0.000176106 -0.000177707 -0.000179323 -0.000180953 -0.000182598 -0.000184258 -0.000185933 -0.000187623 -0.000189329 -0.00019105 -0.000192787 -0.00019454 -0.000196308 -0.000198093 -0.000199894 -0.000201711 -0.000203544 -0.000205395 -0.000207262 -0.000209146 -0.000211048 -0.000212966 -0.000214902 -0.000216856 -0.000218827 -0.000220817 -0.000222824 -0.00022485 -0.000226894 -0.000228957 -0.000231038 -0.000233138 -0.000235258 -0.000237397 -0.000239555 -0.000241732 -0.00024393 -0.000246148 -0.000248385 -0.000250643 -0.000252922 -0.000255221 -0.000257541 -0.000259883 -0.000262245 -0.000264629 -0.000267035 -0.000269463 -0.000271912 -0.000274384 -0.000276879 -0.000279396 -0.000281936 -0.000284499 -0.000287085 -0.000289695 -0.000292328 -0.000294986 -0.000297668 -0.000300374 -0.000303104 -0.00030586 -0.00030864 -0.000311446 -0.000314278 -0.000317135 -0.000320018 -0.000322927 -0.000325863 -0.000328825 -0.000331814 -0.000334831 -0.000337875 -0.000340946 -0.000344046 -0.000347174 -0.00035033 -0.000353515 -0.000356728 -0.000359971 -0.000363244 -0.000366546 -0.000369878 -0.000373241 -0.000376634 -0.000380058 -0.000383513 -0.000386999 -0.000390517 -0.000394068 -0.00039765 -0.000401265 -0.000404913 -0.000408594 -0.000412308 -0.000416057 -0.000419839 -0.000423656 -0.000427507 -0.000431394 -0.000435315 -0.000439273 -0.000443266 -0.000447296 -0.000451362 -0.000455465 -0.000459606 -0.000463784 -0.000468001 -0.000472255 -0.000476548 -0.000480881 -0.000485252 -0.000489664 -0.000494115 -0.000498607 -0.00050314 -0.000507714 -0.000512329 -0.000516987 -0.000521687 -0.000526429 -0.000531215 -0.000536044 -0.000540918 -0.000545835 -0.000550797 -0.000555804 -0.000560857 -0.000565956 -0.000571101 -0.000576293 -0.000581532 -0.000586818 -0.000592153 -0.000597536 -0.000602968 -0.00060845 -0.000613981 -0.000619563 -0.000625195 -0.000630879 -0.000636614 -0.000642402 -0.000648242 -0.000654135 -0.000660081 -0.000666082 -0.000672137 -0.000678248 -0.000684414 -0.000690636 -0.000696914 -0.00070325 -0.000709643 -0.000716094 -0.000722604 -0.000729173 -0.000735802 -0.000742491 -0.000749241 -0.000756052 -0.000762926 -0.000769861 -0.00077686 -0.000783922 -0.000791049 -0.00079824 -0.000805497 -0.00081282 -0.000820209 -0.000827665 -0.00083519 -0.000842782 -0.000850444 -0.000858175 -0.000865977 -0.000873849 -0.000881794 -0.00088981 -0.000897899 -0.000906062 -0.000914299 -0.00092261 -0.000930998 -0.000939461 -0.000948002 -0.00095662 -0.000965317 -0.000974092 -0.00162411 -0.00162604 -0.000977925 -0.000969115 -0.000960384 -0.000951732 -0.000943158 -0.000934661 -0.000926241 -0.000917896 -0.000909627 -0.000901432 -0.000893311 -0.000885263 -0.000877288 -0.000869384 -0.000861552 -0.00085379 -0.000846098 -0.000838476 -0.000830922 -0.000823436 -0.000816018 -0.000808666 -0.000801381 -0.000794161 -0.000787007 -0.000779917 -0.00077289 -0.000765927 -0.000759027 -0.000752189 -0.000745413 -0.000738697 -0.000732042 -0.000725447 -0.000718912 -0.000712435 -0.000706017 -0.000699656 -0.000693353 -0.000687107 -0.000680916 -0.000674782 -0.000668703 -0.000662679 -0.000656708 -0.000650792 -0.000644929 -0.000639119 -0.000633361 -0.000627655 -0.000622001 -0.000616397 -0.000610844 -0.000605341 -0.000599887 -0.000594483 -0.000589127 -0.00058382 -0.00057856 -0.000573348 -0.000568183 -0.000563064 -0.000557991 -0.000552964 -0.000547983 -0.000543046 -0.000538154 -0.000533305 -0.000528501 -0.000523739 -0.000519021 -0.000514345 -0.000509711 -0.000505119 -0.000500569 -0.000496059 -0.00049159 -0.000487161 -0.000482773 -0.000478423 -0.000474113 -0.000469842 -0.000465609 -0.000461414 -0.000457258 -0.000453138 -0.000449056 -0.00044501 -0.000441001 -0.000437028 -0.000433091 -0.000429189 -0.000425323 -0.000421491 -0.000417694 -0.000413931 -0.000410202 -0.000406506 -0.000402844 -0.000399215 -0.000395618 -0.000392054 -0.000388522 -0.000385022 -0.000381553 -0.000378116 -0.000374709 -0.000371333 -0.000367988 -0.000364673 -0.000361388 -0.000358132 -0.000354905 -0.000351708 -0.00034854 -0.0003454 -0.000342288 -0.000339204 -0.000336148 -0.00033312 -0.000330119 -0.000327145 -0.000324198 -0.000321277 -0.000318382 -0.000315514 -0.000312672 -0.000309855 -0.000307063 -0.000304297 -0.000301556 -0.000298839 -0.000296147 -0.000293479 -0.000290835 -0.000288215 -0.000285618 -0.000283045 -0.000280495 -0.000277968 -0.000275464 -0.000272982 -0.000270523 -0.000268086 -0.00026567 -0.000263277 -0.000260905 -0.000258555 -0.000256225 -0.000253917 -0.000251629 -0.000249363 -0.000247116 -0.00024489 -0.000242684 -0.000240497 -0.000238331 -0.000236183 -0.000234056 -0.000231947 -0.000229857 -0.000227787 -0.000225735 -0.000223701 -0.000221686 -0.000219688 -0.000217709 -0.000215748 -0.000213804 -0.000211878 -0.000209969 -0.000208078 -0.000206203 -0.000204345 -0.000202504 -0.00020068 -0.000198872 -0.00019708 -0.000195305 -0.000193545 -0.000191802 -0.000190074 -0.000188361 -0.000186665 -0.000184983 -0.000183316 -0.000181665 -0.000180028 -0.000178406 -0.000176799 -0.000175206 -0.000173628 -0.000172064 -0.000170514 -0.000168977 -0.000167455 -0.000165946 -0.000164451 -0.00016297 -0.000161502 -0.000160047 -0.000158605 -0.000157176 -0.00015576 -0.000154357 -0.000152966 -0.000151588 -0.000150222 -0.000148869 -0.000147528 -0.000146199 -0.000144882 -0.000143576 -0.000142283 -0.000141001 -0.000139731 -0.000138472 -0.000137225 -0.000135988 -0.000134763 -0.000133549 -0.000132346 -0.000131154 -0.000129972 -0.000128801 -0.000127641 -0.000126491 -0.000125351 -0.000124222 -0.000123103 -0.000121994 -0.000120895 -0.000119806 -0.000118726 -0.000117657 -0.000116597 -0.000115546 -0.000114505 -0.000113474 -0.000112452 -0.000111438 -0.000110435 -0.00010944 -0.000108454 -0.000107477 -0.000106508 -0.000105549 -0.000104598 -0.000103656 -0.000102722 -0.000101796 -0.000100879 -9.99704e-05 -9.90698e-05 -0.000162217 -0.000162024 -9.71271e-05 -9.49362e-05 -9.27948e-05 -9.07017e-05 -8.86558e-05 -8.66561e-05 -8.47014e-05 -8.27908e-05 -8.09234e-05 -7.9098e-05 -7.73139e-05 -7.557e-05 -7.38654e-05 -7.21992e-05 -7.05707e-05 -6.89789e-05 -6.74229e-05 -6.59021e-05 -6.44156e-05 -6.29626e-05 -6.15424e-05 -6.01542e-05 -5.87974e-05 -5.74711e-05 -5.61748e-05 -5.49077e-05 -5.36692e-05 -5.24586e-05 -5.12753e-05 -5.01187e-05 -4.89882e-05 -4.78832e-05 -4.68032e-05 -4.57474e-05 -4.47155e-05 -4.37069e-05 -4.27211e-05 -4.17574e-05 -4.08155e-05 -3.98949e-05 -3.8995e-05 -3.81154e-05 -3.72557e-05 -3.64153e-05 -3.55939e-05 -3.4791e-05 -3.40063e-05 -3.32392e-05 -3.24895e-05 -3.17566e-05 -3.10403e-05 -3.03401e-05 -2.96558e-05 -2.89869e-05 -2.8333e-05 -2.76939e-05 -2.70692e-05 -2.64587e-05 -2.58619e-05 -2.52785e-05 -2.47083e-05 -2.4151e-05 -2.36062e-05 -2.30737e-05 -2.25533e-05 -2.20446e-05 -2.15473e-05 -2.10613e-05 -2.05862e-05 -2.01219e-05 -1.9668e-05 -1.92244e-05 -1.87907e-05 -1.83669e-05 -1.79526e-05 -1.75476e-05 -1.71518e-05 -1.67649e-05 -1.63868e-05 -1.60172e-05 -1.56559e-05 -1.53027e-05 -1.49576e-05 -1.46202e-05 -1.42904e-05 -1.39681e-05 -1.3653e-05 -1.3345e-05 -1.3044e-05 -1.27498e-05 -1.24622e-05 -1.21811e-05 -1.19063e-05 -1.16378e-05 -1.13753e-05 -1.11187e-05 -1.08679e-05 -1.06227e-05 -1.03831e-05 -1.01489e-05 -1.03186e-05 -1.06041e-05
1.29902e-09 1.29637e-09 1.28858e-09 1.276e-09 1.25892e-09 1.2376e-09 1.21225e-09 1.18307e-09 1.15022e-09 1.11385e-09 1.07409e-09 1.03104e-09 9.84816e-10 9.35499e-10 8.83171e-10 8.27909e-10 7.69779e-10 7.08849e-10 6.45178e-10 5.78827e-10 5.09853e-10 4.38314e-10 3.64267e-10 2.87767e-10 2.08875e-10 1.27647e-10 4.41433e-11 -4.15742e-11 -1.29443e-10 -2.194e-10 -3.11378e-10 -4.0531e-10 -5.01127e-10 -5.98759e-10 -6.98134e-10 -7.99178e-10 -9.01817e-10 -1.00597e-09 -1.11157e-09 -1.21854e-09 -1.32679e-09 -1.43625e-09 -1.54683e-09 -1.65846e-09 -1.77107e-09 -1.88456e-09 -1.99886e-09 -2.1139e-09 -2.22959e-09 -2.34585e-09 -2.46262e-09 -2.57981e-09 -2.69734e-09 -2.81516e-09 -2.93318e-09 -3.05133e-09 -3.16954e-09 -3.28776e-09 -3.4059e-09 -3.52391e-09 -3.64173e-09 -3.75929e-09 -3.87653e-09 -3.99341e-09 -4.10986e-09 -4.22583e-09 -4.34127e-09 -4.45613e-09 -4.57037e-09 -4.68394e-09 -4.7968e-09 -4.90891e-09 -5.02022e-09 -5.13071e-09 -5.24034e-09 -5.34907e-09 -5.45687e-09 -5.56372e-09 -5.66959e-09 -5.77445e-09 -5.87828e-09 -5.98105e-09 -6.08276e-09 -6.18337e-09 -6.28287e-09 -6.38124e-09 -6.47848e-09 -6.57457e-09 -6.66949e-09 -6.76324e-09 -6.85581e-09 -6.94719e-09 -7.03738e-09 -7.12636e-09 -7.21415e-09 -7.30072e-09 -7.38609e-09 -7.47026e-09 -7.55321e-09 -7.63496e-09 -7.7155e-09 -7.79341e-09 -7.86912e-09 -7.94628e-09 -8.02497e-09 -8.10353e-09 -8.18195e-09 -8.26023e-09 -8.33836e-09 -8.41634e-09 -8.49416e-09 -8.57182e-09 -8.64931e-09 -8.72663e-09 -8.80377e-09 -8.88073e-09 -8.9575e-09 -9.03407e-09 -9.11045e-09 -9.18663e-09 -9.2626e-09 -9.33837e-09 -9.41392e-09 -9.48925e-09 -9.56436e-09 -9.63924e-09 -9.71389e-09 -9.78831e-09 -9.8625e-09 -9.93644e-09 -1.00101e-08 -1.00836e-08 -1.01568e-08 -1.02297e-08 -1.03024e-08 -1.03748e-08 -1.0447e-08 -1.05189e-08 -1.05905e-08 -1.06619e-08 -1.0733e-08 -1.08038e-08 -1.08743e-08 -1.09446e-08 -1.10145e-08 -1.10842e-08 -1.11536e-08 -1.12227e-08 -1.12915e-08 -1.136e-08 -1.14282e-08 -1.14961e-08 -1.15637e-08 -1.1631e-08 -1.1698e-08 -1.17647e-08 -1.18311e-08 -1.18972e-08 -1.1963e-08 -1.20284e-08 -1.20936e-08 -1.21584e-08 -1.2223e-08 -1.22872e-08 -1.23511e-08 -1.24146e-08 -1.24779e-08 -1.25408e-08 -1.26035e-08 -1.26658e-08 -1.27277e-08 -1.27894e-08 -1.28507e-08 -1.29117e-08 -1.29724e-08 -1.30328e-08 -1.30928e-08 -1.31525e-08 -1.32119e-08 -1.3271e-08 -1.33297e-08 -1.33881e-08 -1.34462e-08 -1.35039e-08 -1.35614e-08 -1.36185e-08 -1.36753e-08 -1.37317e-08 -1.37878e-08 -1.38437e-08 -1.38991e-08 -1.39543e-08 -1.40091e-08 -1.40636e-08 -1.41178e-08 -1.41716e-08 -1.42252e-08 -1.42784e-08 -1.43313e-08 -1.43838e-08 -1.44361e-08 -1.4488e-08 -1.45396e-08 -1.45909e-08 -1.46418e-08 -1.46925e-08 -1.47428e-08 -1.47928e-08 -1.48425e-08 -1.48919e-08 -1.4941e-08 -1.49897e-08 -1.50381e-08 -1.50863e-08 -1.51341e-08 -1.51816e-08 -1.52288e-08 -1.52756e-08 -1.53222e-08 -1.53685e-08 -1.54144e-08 -1.54601e-08 -1.55054e-08 -1.55505e-08 -1.55952e-08 -1.56397e-08 -1.56838e-08 -1.57277e-08 -1.57712e-08 -1.58145e-08 -1.58575e-08 -1.59001e-08 -1.59425e-08 -1.59846e-08 -1.60264e-08 -1.60679e-08 -1.61091e-08 -1.615e-08 -1.61906e-08 -1.6231e-08 -1.62711e-08 -1.63109e-08 -1.63504e-08 -1.63896e-08 -1.64286e-08 -1.64672e-08 -1.65056e-08 -1.65438e-08 -1.65816e-08 -1.66192e-08 -1.66565e-08 -1.66936e-08 -1.67303e-08 -1.67668e-08 -1.68031e-08 -1.68391e-08 -1.68748e-08 -1.69102e-08 -1.69454e-08 -1.69804e-08 -1.70151e-08 -1.70495e-08 -1.70837e-08 -1.71176e-08 -1.71513e-08 -1.71847e-08 -1.72178e-08 -1.72508e-08 -1.72835e-08 -1.73159e-08 -1.73481e-08 -1.738e-08 -1.74117e-08 -1.74432e-08 -1.74744e-08 -1.75054e-08 -1.75362e-08 -1.75667e-08 -1.7597e-08 -1.76271e-08 -1.76569e-08 -1.76865e-08 -1.77159e-08 -1.77451e-08 -1.7774e-08 -1.78027e-08 -1.78312e-08 -1.78595e-08 -1.78875e-08 -1.79153e-08 -1.7943e-08 -1.79704e-08 -1.79975e-08 -1.80245e-08 -1.80513e-08 -1.80779e-08 -1.81042e-08 -1.81304e-08 -1.81563e-08 -1.8182e-08 -1.82076e-08 -1.82329e-08 -1.8258e-08 -1.8283e-08 -1.83077e-08 -1.83323e-08 -1.83566e-08 -1.83808e-08 -1.84047e-08 -1.84285e-08 -1.84521e-08 -1.84755e-08 -1.84987e-08 -1.85217e-08 -1.85446e-08 -1.85672e-08 -1.85897e-08 -1.8612e-08 -1.86341e-08 -1.86561e-08 -1.86778e-08 -1.86994e-08 -1.87208e-08 -1.87421e-08 -1.87631e-08 -1.8784e-08 -1.88048e-08 -1.88253e-08 -1.88457e-08 -1.8866e-08 -1.8886e-08 -1.89059e-08 -1.89257e-08 -1.89452e-08 -1.89647e-08 -1.89839e-08 -1.9003e-08 -1.9022e-08 -1.90408e-08 -1.90594e-08 -1.90779e-08 -1.90962e-08 -1.91144e-08 -1.91324e-08 -1.91503e-08 -1.91681e-08 -1.91856e-08 -1.92031e-08 -1.92204e-08 -1.92376e-08 -1.92546e-08 -1.92714e-08 -1.92882e-08 -1.93048e-08 -1.93212e-08 -1.93376e-08 -1.93537e-08 -1.93675e-08 -1.93733e-08 -1.93653e-08 -1.93491e-08 -1.93329e-08 -1.93165e-08 -1.92999e-08 -1.92832e-08 -1.92664e-08 -1.92495e-08 -1.92324e-08 -1.92151e-08 -1.91977e-08 -1.91802e-08 -1.91625e-08 -1.91447e-08 -1.91267e-08 -1.91086e-08 -1.90903e-08 -1.90719e-08 -1.90533e-08 -1.90346e-08 -1.90157e-08 -1.89967e-08 -1.89775e-08 -1.89581e-08 -1.89386e-08 -1.8919e-08 -1.88991e-08 -1.88791e-08 -1.8859e-08 -1.88386e-08 -1.88181e-08 -1.87975e-08 -1.87767e-08 -1.87557e-08 -1.87345e-08 -1.87131e-08 -1.86916e-08 -1.86699e-08 -1.86481e-08 -1.8626e-08 -1.86038e-08 -1.85814e-08 -1.85588e-08 -1.8536e-08 -1.85131e-08 -1.849e-08 -1.84666e-08 -1.84431e-08 -1.84194e-08 -1.83955e-08 -1.83715e-08 -1.83472e-08 -1.83227e-08 -1.82981e-08 -1.82732e-08 -1.82482e-08 -1.82229e-08 -1.81974e-08 -1.81718e-08 -1.81459e-08 -1.81199e-08 -1.80936e-08 -1.80671e-08 -1.80404e-08 -1.80136e-08 -1.79865e-08 -1.79591e-08 -1.79316e-08 -1.79039e-08 -1.78759e-08 -1.78477e-08 -1.78193e-08 -1.77907e-08 -1.77619e-08 -1.77328e-08 -1.77035e-08 -1.7674e-08 -1.76443e-08 -1.76143e-08 -1.75841e-08 -1.75536e-08 -1.7523e-08 -1.74921e-08 -1.74609e-08 -1.74296e-08 -1.7398e-08 -1.73661e-08 -1.7334e-08 -1.73017e-08 -1.72691e-08 -1.72363e-08 -1.72032e-08 -1.71699e-08 -1.71363e-08 -1.71025e-08 -1.70684e-08 -1.70341e-08 -1.69995e-08 -1.69647e-08 -1.69296e-08 -1.68943e-08 -1.68586e-08 -1.68228e-08 -1.67866e-08 -1.67502e-08 -1.67136e-08 -1.66766e-08 -1.66394e-08 -1.6602e-08 -1.65642e-08 -1.65262e-08 -1.64879e-08 -1.64493e-08 -1.64105e-08 -1.63714e-08 -1.6332e-08 -1.62923e-08 -1.62524e-08 -1.62121e-08 -1.61716e-08 -1.61308e-08 -1.60897e-08 -1.60483e-08 -1.60066e-08 -1.59647e-08 -1.59224e-08 -1.58799e-08 -1.5837e-08 -1.57939e-08 -1.57505e-08 -1.57067e-08 -1.56627e-08 -1.56184e-08 -1.55737e-08 -1.55288e-08 -1.54836e-08 -1.54381e-08 -1.53922e-08 -1.53461e-08 -1.52996e-08 -1.52529e-08 -1.52058e-08 -1.51584e-08 -1.51107e-08 -1.50628e-08 -1.50144e-08 -1.49658e-08 -1.49169e-08 -1.48676e-08 -1.48181e-08 -1.47682e-08 -1.4718e-08 -1.46675e-08 -1.46166e-08 -1.45655e-08 -1.4514e-08 -1.44622e-08 -1.44101e-08 -1.43577e-08 -1.43049e-08 -1.42518e-08 -1.41984e-08 -1.41447e-08 -1.40907e-08 -1.40363e-08 -1.39816e-08 -1.39266e-08 -1.38712e-08 -1.38156e-08 -1.37596e-08 -1.37032e-08 -1.36466e-08 -1.35896e-08 -1.35323e-08 -1.34747e-08 -1.34167e-08 -1.33584e-08 -1.32998e-08 -1.32409e-08 -1.31817e-08 -1.31221e-08 -1.30622e-08 -1.30019e-08 -1.29414e-08 -1.28805e-08 -1.28193e-08 -1.27578e-08 -1.26959e-08 -1.26337e-08 -1.25713e-08 -1.25084e-08 -1.24453e-08 -1.23819e-08 -1.23181e-08 -1.2254e-08 -1.21896e-08 -1.21249e-08 -1.20599e-08 -1.19945e-08 -1.19289e-08 -1.18629e-08 -1.17966e-08 -1.173e-08 -1.16632e-08 -1.1596e-08 -1.15285e-08 -1.14607e-08 -1.13926e-08 -1.13242e-08 -1.12555e-08 -1.11865e-08 -1.11172e-08 -1.10477e-08 -1.09778e-08 -1.09077e-08 -1.08373e-08 -1.07666e-08 -1.06956e-08 -1.06243e-08 -1.05528e-08 -1.0481e-08 -1.0409e-08 -1.03366e-08 -1.0264e-08 -1.01912e-08 -1.01181e-08 -1.00447e-08 -9.97113e-09 -9.89728e-09 -9.82318e-09 -9.74885e-09 -9.67428e-09 -9.59948e-09 -9.52446e-09 -9.44921e-09 -9.37373e-09 -9.29805e-09 -9.22215e-09 -9.14604e-09 -9.06973e-09 -8.99323e-09 -8.91652e-09 -8.83963e-09 -8.76256e-09 -8.6853e-09 -8.60787e-09 -8.53026e-09 -8.4525e-09 -8.37457e-09 -8.29648e-09 -8.21825e-09 -8.13987e-09 -8.06136e-09 -7.98271e-09 -7.91516e-09 -7.8588e-09 -7.7912e-09 -7.71176e-09 -7.63111e-09 -7.54926e-09 -7.46619e-09 -7.38192e-09 -7.29645e-09 -7.20976e-09 -7.12187e-09 -7.03277e-09 -6.94248e-09 -6.85099e-09 -6.75831e-09 -6.66445e-09 -6.56942e-09 -6.47323e-09 -6.37589e-09 -6.27741e-09 -6.1778e-09 -6.07709e-09 -5.97528e-09 -5.87241e-09 -5.76848e-09 -5.66352e-09 -5.55755e-09 -5.45061e-09 -5.34271e-09 -5.23389e-09 -5.12417e-09 -5.0136e-09 -4.90219e-09 -4.79001e-09 -4.67707e-09 -4.56342e-09 -4.44911e-09 -4.33417e-09 -4.21867e-09 -4.10263e-09 -3.98612e-09 -3.86919e-09 -3.7519e-09 -3.63429e-09 -3.51643e-09 -3.39838e-09 -3.2802e-09 -3.16196e-09 -3.04372e-09 -2.92555e-09 -2.80752e-09 -2.68969e-09 -2.57215e-09 -2.45497e-09 -2.33821e-09 -2.22196e-09 -2.10629e-09 -1.99128e-09 -1.877e-09 -1.76355e-09 -1.65099e-09 -1.5394e-09 -1.42887e-09 -1.31948e-09 -1.2113e-09 -1.10441e-09 -9.98886e-10 -8.94815e-10 -7.92268e-10 -6.91322e-10 -5.92052e-10 -4.94529e-10 -3.98827e-10 -3.05016e-10 -2.13165e-10 -1.2334e-10 -3.56084e-11 4.99666e-11 1.33322e-10 2.14398e-10 2.93133e-10 3.69469e-10 4.4335e-10 5.14716e-10 5.83513e-10 6.49682e-10 7.13166e-10 7.73904e-10 8.31836e-10 8.86896e-10 9.39014e-10 9.88115e-10 1.03412e-09 1.07693e-09 1.11646e-09 1.15258e-09 1.18517e-09 1.21408e-09 1.23914e-09 1.26016e-09 1.27691e-09 1.28915e-09 1.29648e-09 1.29885e-09
9.8235e-06 9.93685e-06 1.01662e-05 1.04008e-05 1.06408e-05 1.08863e-05 1.11376e-05 1.13946e-05 1.16575e-05 1.19266e-05 1.22018e-05 1.24834e-05 1.27714e-05 1.30662e-05 1.33677e-05 1.36762e-05 1.39918e-05 1.43147e-05 1.4645e-05 1.4983e-05 1.53287e-05 1.56825e-05 1.60444e-05 1.64146e-05 1.67934e-05 1.7181e-05 1.75774e-05 1.79831e-05 1.83981e-05 1.88226e-05 1.9257e-05 1.97014e-05 2.01561e-05 2.06212e-05 2.10971e-05 2.15839e-05 2.2082e-05 2.25916e-05 2.31129e-05 2.36463e-05 2.4192e-05 2.47503e-05 2.53214e-05 2.59058e-05 2.65036e-05 2.71152e-05 2.7741e-05 2.83811e-05 2.90361e-05 2.97062e-05 3.03917e-05 3.1093e-05 3.18106e-05 3.25447e-05 3.32957e-05 3.4064e-05 3.48501e-05 3.56544e-05 3.64772e-05 3.73189e-05 3.81802e-05 3.90612e-05 3.99626e-05 4.08849e-05 4.18284e-05 4.27936e-05 4.37812e-05 4.47915e-05 4.58252e-05 4.68827e-05 4.79646e-05 4.90714e-05 5.02039e-05 5.13624e-05 5.25477e-05 5.37603e-05 5.5001e-05 5.62702e-05 5.75688e-05 5.88973e-05 6.02564e-05 6.1647e-05 6.30696e-05 6.4525e-05 6.60141e-05 6.75375e-05 6.9096e-05 7.06906e-05 7.23219e-05 7.39909e-05 7.56983e-05 7.74452e-05 7.92324e-05 8.10609e-05 8.29315e-05 8.48453e-05 8.68033e-05 8.88064e-05 9.08558e-05 9.29525e-05 9.50975e-05 0.000101202 0.000102228 9.86815e-05 9.95786e-05 0.000100484 0.000101397 0.000102319 0.000103249 0.000104188 0.000105135 0.000106091 0.000107055 0.000108029 0.000109011 0.000110002 0.000111002 0.000112011 0.000113029 0.000114057 0.000115094 0.00011614 0.000117196 0.000118261 0.000119336 0.000120421 0.000121516 0.00012262 0.000123735 0.00012486 0.000125995 0.000127141 0.000128296 0.000129463 0.00013064 0.000131827 0.000133026 0.000134235 0.000135455 0.000136687 0.000137929 0.000139183 0.000140449 0.000141725 0.000143014 0.000144314 0.000145626 0.00014695 0.000148286 0.000149634 0.000150994 0.000152367 0.000153752 0.00015515 0.00015656 0.000157983 0.000159419 0.000160869 0.000162331 0.000163807 0.000165296 0.000166799 0.000168315 0.000169845 0.000171389 0.000172947 0.00017452 0.000176106 0.000177707 0.000179323 0.000180953 0.000182598 0.000184258 0.000185933 0.000187623 0.000189329 0.00019105 0.000192787 0.00019454 0.000196308 0.000198093 0.000199894 0.000201711 0.000203544 0.000205395 0.000207262 0.000209146 0.000211048 0.000212966 0.000214902 0.000216856 0.000218827 0.000220817 0.000222824 0.00022485 0.000226894 0.000228957 0.000231038 0.000233138 0.000235258 0.000237397 0.000239555 0.000241732 0.00024393 0.000246148 0.000248385 0.000250643 0.000252922 0.000255221 0.000257541 0.000259883 0.000262245 0.000264629 0.000267035 0.000269463 0.000271912 0.000274384 0.000276879 0.000279396 0.000281936 0.000284499 0.000287085 0.000289695 0.000292328 0.000294986 0.000297668 0.000300374 0.000303104 0.00030586 0.00030864 0.000311446 0.000314278 0.000317135 0.000320018 0.000322927 0.000325863 0.000328825 0.000331814 0.000334831 0.000337875 0.000340946 0.000344046 0.000347174 0.00035033 0.000353515 0.000356728 0.000359971 0.000363244 0.000366546 0.000369878 0.000373241 0.000376634 0.000380058 0.000383513 0.000386999 0.000390517 0.000394068 0.00039765 0.000401265 0.000404913 0.000408594 0.000412308 0.000416057 0.000419839 0.000423656 0.000427507 0.000431394 0.000435315 0.000439273 0.000443266 0.000447296 0.000451362 0.000455465 0.000459606 0.000463784 0.000468001 0.000472255 0.000476548 0.000480881 0.000485252 0.000489664 0.000494115 0.000498607 0.00050314 0.000507714 0.000512329 0.000516987 0.000521687 0.000526429 0.000531215 0.000536044 0.000540918 0.000545835 0.000550797 0.000555804 0.000560857 0.000565956 0.000571101 0.000576293 0.000581532 0.000586818 0.000592153 0.000597536 0.000602968 0.00060845 0.000613981 0.000619563 0.000625195 0.000630879 0.000636614 0.000642402 0.000648242 0.000654135 0.000660081 0.000666082 0.000672137 0.000678248 0.000684414 0.000690636 0.000696914 0.00070325 0.000709643 0.000716094 0.000722604 0.000729173 0.000735802 0.000742491 0.000749241 0.000756052 0.000762926 0.000769861 0.00077686 0.000783922 0.000791049 0.00079824 0.000805497 0.00081282 0.000820209 0.000827665 0.00083519 0.000842782 0.000850444 0.000858175 0.000865977 0.000873849 0.000881794 0.00088981 0.000897899 0.000906062 0.000914299 0.00092261 0.000930998 0.000939461 0.000948002 0.00095662 0.000965317 0.000974092 0.00162411 0.00162604 0.000977925 0.000969115 0.000960384 0.000951732 0.000943158 0.000934661 0.000926241 0.000917896 0.000909627 0.000901432 0.000893311 0.000885263 0.000877288 0.000869384 0.000861552 0.00085379 0.000846098 0.000838476 0.000830922 0.000823436 0.000816018 0.000808666 0.000801381 0.000794161 0.000787007 0.000779917 0.00077289 0.000765927 0.000759027 0.000752189 0.000745413 0.000738697 0.000732042 0.000725447 0.000718912 0.000712435 0.000706017 0.000699656 0.000693353 0.000687107 0.000680916 0.000674782 0.000668703 0.000662679 0.000656708 0.000650792 0.000644929 0.000639119 0.000633361 0.000627655 0.000622001 0.000616397 0.000610844 0.000605341 0.000599887 0.000594483 0.000589127 0.00058382 0.00057856 0.000573348 0.000568183 0.000563064 0.000557991 0.000552964 0.000547983 0.000543046 0.000538154 0.000533305 0.000528501 0.000523739 0.000519021 0.000514345 0.000509711 0.000505119 0.000500569 0.000496059 0.00049159 0.000487161 0.000482773 0.000478423 0.000474113 0.000469842 0.000465609 0.000461414 0.000457258 0.000453138 0.000449056 0.00044501 0.000441001 0.000437028 0.000433091 0.000429189 0.000425323 0.000421491 0.000417694 0.000413931 0.000410202 0.000406506 0.000402844 0.000399215 0.000395618 0.000392054 0.000388522 0.000385022 0.000381553 0.000378116 0.000374709 0.000371333 0.000367988 0.000364673 0.000361388 0.000358132 0.000354905 0.000351708 0.00034854 0.0003454 0.000342288 0.000339204 0.000336148 0.00033312 0.000330119 0.000327145 0.000324198 0.000321277 0.000318382 0.000315514 0.000312672 0.000309855 0.000307063 0.000304297 0.000301556 0.000298839 0.000296147 0.000293479 0.000290835 0.000288215 0.000285618 0.000283045 0.000280495 0.000277968 0.000275464 0.000272982 0.000270523 0.000268086 0.00026567 0.000263277 0.000260905 0.000258555 0.000256225 0.000253917 0.000251629 0.000249363 0.000247116 0.00024489 0.000242684 0.000240497 0.000238331 0.000236183 0.000234056 0.000231947 0.000229857 0.000227787 0.000225735 0.000223701 0.000221686 0.000219688 0.000217709 0.000215748 0.000213804 0.000211878 0.000209969 0.000208078 0.000206203 0.000204345 0.000202504 0.00020068 0.000198872 0.00019708 0.000195305 0.000193545 0.000191802 0.000190074 0.000188361 0.000186665 0.000184983 0.000183316 0.000181665 0.000180028 0.000178406 0.000176799 0.000175206 0.000173628 0.000172064 0.000170514 0.000168977 0.000167455 0.000165946 0.000164451 0.00016297 0.000161502 0.000160047 0.000158605 0.000157176 0.00015576 0.000154357 0.000152966 0.000151588 0.000150222 0.000148869 0.000147528 0.000146199 0.000144882 0.000143576 0.000142283 0.000141001 0.000139731 0.000138472 0.000137225 0.000135988 0.000134763 0.000133549 0.000132346 0.000131154 0.000129972 0.000128801 0.000127641 0.000126491 0.000125351 0.000124222 0.000123103 0.000121994 0.000120895 0.000119806 0.000118726 0.000117657 0.000116597 0.000115546 0.000114505 0.000113474 0.000112452 0.000111438 0.000110435 0.00010944 0.000108454 0.000107477 0.000106508 0.000105549 0.000104598 0.000103656 0.000102722 0.000101796 0.000100879 9.99704e-05 9.90698e-05 0.000162217 0.000162024 9.71271e-05 9.49362e-05 9.27948e-05 9.07017e-05 8.86558e-05 8.66561e-05 8.47014e-05 8.27908e-05 8.09234e-05 7.9098e-05 7.73139e-05 7.557e-05 7.38654e-05 7.21992e-05 7.05707e-05 6.89789e-05 6.74229e-05 6.59021e-05 6.44156e-05 6.29626e-05 6.15424e-05 6.01542e-05 5.87974e-05 5.74711e-05 5.61748e-05 5.49077e-05 5.36692e-05 5.24586e-05 5.12753e-05 5.01187e-05 4.89882e-05 4.78832e-05 4.68032e-05 4.57474e-05 4.47155e-05 4.37069e-05 4.27211e-05 4.17574e-05 4.08155e-05 3.98949e-05 3.8995e-05 3.81154e-05 3.72557e-05 3.64153e-05 3.55939e-05 3.4791e-05 3.40063e-05 3.32392e-05 3.24895e-05 3.17566e-05 3.10403e-05 3.03401e-05 2.96558e-05 2.89869e-05 2.8333e-05 2.76939e-05 2.70692e-05 2.64587e-05 2.58619e-05 2.52785e-05 2.47083e-05 2.4151e-05 2.36062e-05 2.30737e-05 2.25533e-05 2.20446e-05 2.15473e-05 2.10613e-05 2.05862e-05 2.01219e-05 1.9668e-05 1.92244e-05 1.87907e-05 1.83669e-05 1.79526e-05 1.75476e-05 1.71518e-05 1.67649e-05 1.63868e-05 1.60172e-05 1.56559e-05 1.53027e-05 1.49576e-05 1.46202e-05 1.42904e-05 1.39681e-05 1.3653e-05 1.3345e-05 1.3044e-05 1.27498e-05 1.24622e-05 1.21811e-05 1.19063e-05 1.16378e-05 1.13753e-05 1.11187e-05 1.08679e-05 1.06227e-05 1.03831e-05 1.01489e-05 1.03186e-05 1.06041e-05
-9.8235e-06 -9.93685e-06 -1.01662e-05 -1.04008e-05 -1.06408e-05 -1.08863e-05 -1.11376e-05 -1.13946e-05 -1.16575e-05 -1.19266e-05 -1.22018e-05 -1.24834e-05 -1.27714e-05 -1.30662e-05 -1.33677e-05 -1.36762e-05 -1.39918e-05 -1.43147e-05 -1.4645e-05 -1.4983e-05 -1.53287e-05 -1.56825e-05 -1.60444e-05 -1.64146e-05 -1.67934e-05 -1.7181e-05 -1.75774e-05 -1.79831e-05 -1.83981e-05 -1.88226e-05 -1.9257e-05 -1.97014e-05 -2.01561e-05 -2.06212e-05 -2.10971e-05 -2.15839e-05 -2.2082e-05 -2.25916e-05 -2.31129e-05 -2.36463e-05 -2.4192e-05 -2.47503e-05 -2.53214e-05 -2.59058e-05 -2.65036e-05 -2.71152e-05 -2.7741e-05 -2.83811e-05 -2.90361e-05 -2.97062e-05 -3.03917e-05 -3.1093e-05 -3.18106e-05 -3.25447e-05 -3.32957e-05 -3.4064e-05 -3.48501e-05 -3.56544e-05 -3.64772e-05 -3.73189e-05 -3.81802e-05 -3.90612e-05 -3.99626e-05 -4.08849e-05 -4.18284e-05 -4.27936e-05 -4.37812e-05 -4.47915e-05 -4.58252e-05 -4.68827e-05 -4.79646e-05 -4.90714e-05 -5.02039e-05 -5.13624e-05 -5.25477e-05 -5.37603e-05 -5.5001e-05 -5.62702e-05 -5.75688e-05 -5.88973e-05 -6.02564e-05 -6.1647e-05 -6.30696e-05 -6.4525e-05 -6.60141e-05 -6.75375e-05 -6.9096e-05 -7.06906e-05 -7.23219e-05 -7.39909e-05 -7.56983e-05 -7.74452e-05 -7.92324e-05 -8.10609e-05 -8.29315e-05 -8.48453e-05 -8.68033e-05 -8.88064e-05 -9.08558e-05 -9.29525e-05 -9.50975e-05 -0.000101202 -0.000102228 -9.86815e-05 -9.95786e-05 -0.000100484 -0.000101397 -0.000102319 -0.000103249 -0.000104188 -0.000105135 -0.000106091 -0.000107055 -0.000108029 -0.000109011 -0.000110002 -0.000111002 -0.000112011 -0.000113029 -0.000114057 -0.000115094 -0.00011614 -0.000117196 -0.000118261 -0.000119336 -0.000120421 -0.000121516 -0.00012262 -0.000123735 -0.00012486 -0.000125995 -0.000127141 -0.000128296 -0.000129463 -0.00013064 -0.000131827 -0.000133026 -0.000134235 -0.000135455 -0.000136687 -0.000137929 -0.000139183 -0.000140449 -0.000141725 -0.000143014 -0.000144314 -0.000145626 -0.00014695 -0.000148286 -0.000149634 -0.000150994 -0.000152367 -0.000153752 -0.00015515 -0.00015656 -0.000157983 -0.000159419 -0.000160869 -0.000162331 -0.000163807 -0.000165296 -0.000166799 -0.000168315 -0.000169845 -0.000171389 -0.000172947 -0.00017452 -0.000176106 -0.000177707 -0.000179323 -0.000180953 -0.000182598 -0.000184258 -0.000185933 -0.000187623 -0.000189329 -0.00019105 -0.000192787 -0.00019454 -0.000196308 -0.000198093 -0.000199894 -0.000201711 -0.000203544 -0.000205395 -0.000207262 -0.000209146 -0.000211048 -0.000212966 -0.000214902 -0.000216856 -0.000218827 -0.000220817 -0.000222824 -0.00022485 -0.000226894 -0.000228957 -0.000231038 -0.000233138 -0.000235258 -0.000237397 -0.000239555 -0.000241732 -0.00024393 -0.000246148 -0.000248385 -0.000250643 -0.000252922 -0.000255221 -0.000257541 -0.000259883 -0.000262245 -0.000264629 -0.000267035 -0.000269463 -0.000271912 -0.000274384 -0.000276879 -0.000279396 -0.000281936 -0.000284499 -0.000287085 -0.000289695 -0.000292328 -0.000294986 -0.000297668 -0.000300374 -0.000303104 -0.00030586 -0.00030864 -0.000311446 -0.000314278 -0.000317135 -0.000320018 -0.000322927 -0.000325863 -0.000328825 -0.000331814 -0.000334831 -0.000337875 -0.000340946 -0.000344046 -0.000347174 -0.00035033 -0.000353515 -0.000356728 -0.000359971 -0.000363244 -0.000366546 -0.000369878 -0.000373241 -0.000376634 -0.000380058 -0.000383513 -0.000386999 -0.000390517 -0.000394068 -0.00039765 -0.000401265 -0.000404913 -0.000408594 -0.000412308 -0.000416057 -0.000419839 -0.000423656 -0.000427507 -0.000431394 -0.000435315 -0.000439273 -0.000443266 -0.000447296 -0.000451362 -0.000455465 -0.000459606 -0.000463784 -0.000468001 -0.000472255 -0.000476548 -0.000480881 -0.000485252 -0.000489664 -0.000494115 -0.000498607 -0.00050314 -0.000507714 -0.000512329 -0.000516987 -0.000521687 -0.000526429 -0.000531215 -0.000536044 -0.000540918 -0.000545835 -0.000550797 -0.000555804 -0.000560857 -0.000565956 -0.000571101 -0.000576293 -0.000581532 -0.000586818 -0.000592153 -0.000597536 -0.000602968 -0.00060845 -0.000613981 -0.000619563 -0.000625195 -0.000630879 -0.000636614 -0.000642402 -0.000648242 -0.000654135 -0.000660081 -0.000666082 -0.000672137 -0.000678248 -0.000684414 -0.000690636 -0.000696914 -0.00070325 -0.000709643 -0.000716094 -0.000722604 -0.000729173 -0.000735802 -0.000742491 -0.000749241 -0.000756052 -0.000762926 -0.000769861 -0.00077686 -0.000783922 -0.000791049 -0.00079824 -0.000805497 -0.00081282 -0.000820209 -0.000827665 -0.00083519 -0.000842782 -0.000850444 -0.000858175 -0.000865977 -0.000873849 -0.000881794 -0.00088981 -0.000897899 -0.000906062 -0.000914299 -0.00092261 -0.000930998 -0.000939461 -0.000948002 -0.00095662 -0.000965317 -0.000974092 -0.00162411 -0.00162604 -0.000977925 -0.000969115 -0.000960384 -0.000951732 -0.000943158 -0.000934661 -0.000926241 -0.000917896 -0.000909627 -0.000901432 -0.000893311 -0.000885263 -0.000877288 -0.000869384 -0.000861552 -0.00085379 -0.000846098 -0.000838476 -0.000830922 -0.000823436 -0.000816018 -0.000808666 -0.000801381 -0.000794161 -0.000787007 -0.000779917 -0.00077289 -0.000765927 -0.000759027 -0.000752189 -0.000745413 -0.000738697 -0.000732042 -0.000725447 -0.000718912 -0.000712435 -0.000706017 -0.000699656 -0.000693353 -0.000687107 -0.000680916 -0.000674782 -0.000668703 -0.000662679 -0.000656708 -0.000650792 -0.000644929 -0.000639119 -0.000633361 -0.000627655 -0.000622001 -0.000616397 -0.000610844 -0.000605341 -0.000599887 -0.000594483 -0.000589127 -0.00058382 -0.00057856 -0.000573348 -0.000568183 -0.000563064 -0.000557991 -0.000552964 -0.000547983 -0.000543046 -0.000538154 -0.000533305 -0.000528501 -0.000523739 -0.000519021 -0.000514345 -0.000509711 -0.000505119 -0.000500569 -0.000496059 -0.00049159 -0.000487161 -0.000482773 -0.000478423 -0.000474113 -0.000469842 -0.000465609 -0.000461414 -0.000457258 -0.000453138 -0.000449056 -0.00044501 -0.000441001 -0.000437028 -0.000433091 -0.000429189 -0.000425323 -0.000421491 -0.000417694 -0.000413931 -0.000410202 -0.000406506 -0.000402844 -0.000399215 -0.000395618 -0.000392054 -0.000388522 -0.000385022 -0.000381553 -0.000378116 -0.000374709 -0.000371333 -0.000367988 -0.000364673 -0.000361388 -0.000358132 -0.000354905 -0.000351708 -0.00034854 -0.0003454 -0.000342288 -0.000339204 -0.000336148 -0.00033312 -0.000330119 -0.000327145 -0.000324198 -0.000321277 -0.000318382 -0.000315514 -0.000312672 -0.000309855 -0.000307063 -0.000304297 -0.000301556 -0.000298839 -0.000296147 -0.000293479 -0.000290835 -0.000288215 -0.000285618 -0.000283045 -0.000280495 -0.000277968 -0.000275464 -0.000272982 -0.000270523 -0.000268086 -0.00026567 -0.000263277 -0.000260905 -0.000258555 -0.000256225 -0.000253917 -0.000251629 -0.000249363 -0.000247116 -0.00024489 -0.000242684 -0.000240497 -0.000238331 -0.000236183 -0.000234056 -0.000231947 -0.000229857 -0.000227787 -0.000225735 -0.000223701 -0.000221686 -0.000219688 -0.000217709 -0.000215748 -0.000213804 -0.000211878 -0.000209969 -0.000208078 -0.000206203 -0.000204345 -0.000202504 -0.00020068 -0.000198872 -0.00019708 -0.000195305 -0.000193545 -0.000191802 -0.000190074 -0.000188361 -0.000186665 -0.000184983 -0.000183316 -0.000181665 -0.000180028 -0.000178406 -0.000176799 -0.000175206 -0.000173628 -0.000172064 -0.000170514 -0.000168977 -0.000167455 -0.000165946 -0.000164451 -0.00016297 -0.000161502 -0.000160047 -0.000158605 -0.000157176 -0.00015576 -0.000154357 -0.000152966 -0.000151588 -0.000150222 -0.000148869 -0.000147528 -0.000146199 -0.000144882 -0.000143576 -0.000142283 -0.000141001 -0.000139731 -0.000138472 -0.000137225 -0.000135988 -0.000134763 -0.000133549 -0.000132346 -0.000131154 -0.000129972 -0.000128801 -0.000127641 -0.000126491 -0.000125351 -0.000124222 -0.000123103 -0.000121994 -0.000120895 -0.000119806 -0.000118726 -0.000117657 -0.000116597 -0.000115546 -0.000114505 -0.000113474 -0.000112452 -0.000111438 -0.000110435 -0.00010944 -0.000108454 -0.000107477 -0.000106508 -0.000105549 -0.000104598 -0.000103656 -0.000102722 -0.000101796 -0.000100879 -9.99704e-05 -9.90698e-05 -0.000162217 -0.000162024 -9.71271e-05 -9.49362e-05 -9.27948e-05 -9.07017e-05 -8.86558e-05 -8.66561e-05 -8.47014e-05 -8.27908e-05 -8.09234e-05 -7.9098e-05 -7.73139e-05 -7.557e-05 -7.38654e-05 -7.21992e-05 -7.05707e-05 -6.89789e-05 -6.74229e-05 -6.59021e-05 -6.44156e-05 -6.29626e-05 -6.15424e-05 -6.01542e-05 -5.87974e-05 -5.74711e-05 -5.61748e-05 -5.49077e-05 -5.36692e-05 -5.24586e-05 -5.12753e-05 -5.01187e-05 -4.89882e-05 -4.78832e-05 -4.68032e-05 -4.57474e-05 -4.47155e-05 -4.37069e-05 -4.27211e-05 -4.17574e-05 -4.08155e-05 -3.98949e-05 -3.8995e-05 -3.81154e-05 -3.72557e-05 -3.64153e-05 -3.55939e-05 -3.4791e-05 -3.40063e-05 -3.32392e-05 -3.24895e-05 -3.17566e-05 -3.10403e-05 -3.03401e-05 -2.96558e-05 -2.89869e-05 -2.8333e-05 -2.76939e-05 -2.70692e-05 -2.64587e-05 -2.58619e-05 -2.52785e-05 -2.47083e-05 -2.4151e-05 -2.36062e-05 -2.30737e-05 -2.25533e-05 -2.20446e-05 -2.15473e-05 -2.10613e-05 -2.05862e-05 -2.01219e-05 -1.9668e-05 -1.92244e-05 -1.87907e-05 -1.83669e-05 -1.79526e-05 -1.75476e-05 -1.71518e-05 -1.67649e-05 -1.63868e-05 -1.60172e-05 -1.56559e-05 -1.53027e-05 -1.49576e-05 -1.46202e-05 -1.42904e-05 -1.39681e-05 -1.3653e-05 -1.3345e-05 -1.3044e-05 -1.27498e-05 -1.24622e-05 -1.21811e-05 -1.19063e-05 -1.16378e-05 -1.13753e-05 -1.11187e-05 -1.08679e-05 -1.06227e-05 -1.03831e-05 -1.01489e-05 -1.03186e-05 -1.06041e-05
0 0.5 1.5 2.5 3.5 4.5 5.5 6.5 7.5 8.5 9.5 10.5 11.5 12.5 13.5 14.5 15.5 16.5 17.5 18.5 19.5 20.5 21.5 22.5 23.5 24.5 25.5 26.5 27.5 28.5 29.5 30.5 31.5 32.5 33.5 34.5 35.5 36.5 37.5 38.5 39.5 40.5 41.5 42.5 43.5 44.5 45.5 46.5 47.5 48.5 49.5 50.5 51.5 52.5 53.5 54.5 55.5 56.5 57.5 58.5 59.5 60.5 61.5 62.5 63.5 64.5 65.5 66.5 67.5 68.5 69.5 70.5 71.5 72.5 73.5 74.5 75.5 76.5 77.5 78.5 79.5 80.5 81.5 82.5 83.5 84.5 85.5 86.5 87.5 88.5 89.5 90.5 91.5 92.5 93.5 94.5 95.5 96.5 97.5 98.5 99.5 100.5 101.5 102.5 103.5 104.5 105.5 106.5 107.5 108.5 109.5 110.5 111.5 112.5 113.5 114.5 115.5 116.5 117.5 118.5 119.5 120.5 121.5 122.5 123.5 124.5 125.5 126.5 127.5 128.5 129.5 130.5 131.5 132.5 133.5 134.5 135.5 136.5 137.5 138.5 139.5 140.5 141.5 142.5 143.5 144.5 145.5 146.5 147.5 148.5 149.5 150.5 151.5 152.5 153.5 154.5 155.5 156.5 157.5 158.5 159.5 160.5 161.5 162.5 163.5 164.5 165.5 166.5 167.5 168.5 169.5 170.5 171.5 172.5 173.5 174.5 175.5 176.5 177.5 178.5 179.5 180.5 181.5 182.5 183.5 184.5 185.5 186.5 187.5 188.5 189.5 190.5 191.5 192.5 193.5 194.5 195.5 196.5 197.5 198.5 199.5 200.5 201.5 202.5 203.5 204.5 205.5 206.5 207.5 208.5 209.5 210.5 211.5 212.5 213.5 214.5 215.5 216.5 217.5 218.5 219.5 220.5 221.5 222.5 223.5 224.5 225.5 226.5 227.5 228.5 229.5 230.5 231.5 232.5 233.5 234.5 235.5 236.5 237.5 238.5 239.5 240.5 241.5 242.5 243.5 244.5 245.5 246.5 247.5 248.5 249.5 250.5 251.5 252.5 253.5 254.5 255.5 256.5 257.5 258.5 259.5 260.5 261.5 262.5 263.5 264.5 265.5 266.5 267.5 268.5 269.5 270.5 271.5 272.5 273.5 274.5 275.5 276.5 277.5 278.5 279.5 280.5 281.5 282.5 283.5 284.5 285.5 286.5 287.5 288.5 289.5 290.5 291.5 292.5 293.5 294.5 295.5 296.5 297.5 298.5 299.5 300.5 301.5 302.5 303.5 304.5 305.5 306.5 307.5 308.5 309.5 310.5 311.5 312.5 313.5 314.5 315.5 316.5 317.5 318.5 319.5 320.5 321.5 322.5 323.5 324.5 325.5 326.5 327.5 328.5 329.5 330.5 331.5 332.5 333.5 334.5 335.5 336.5 337.5 338.5 339.5 340.5 341.5 342.5 343.5 344.5 345.5 346.5 347.5 348.5 349.5 350.5 351.5 352.5 353.5 354.5 355.5 356.5 357.5 358.5 359.5 360.5 361.5 362.5 363.5 364.5 365.5 366.5 367.5 368.5 369.5 370.5 371.5 372.5 373.5 374.5 375.5 376.5 377.5 378.5 379.5 380.5 381.5 382.5 383.5 384.5 385.5 386.5 387.5 388.5 389.5 390.5 391.5 392.5 393.5 394.5 395.5 396.5 397.5 398.5 399.5 400.5 401.5 402.5 403.5 404.5 405.5 406.5 407.5 408.5 409.5 410.5 411.5 412.5 413.5 414.5 415.5 416.5 417.5 418.5 419.5 420.5 421.5 422.5 423.5 424.5 425.5 426.5 427.5 428.5 429.5 430.5 431.5 432.5 433.5 434.5 435.5 436.5 437.5 438.5 439.5 440.5 441.5 442.5 443.5 444.5 445.5 446.5 447.5 448.5 449.5 450.5 451.5 452.5 453.5 454.5 455.5 456.5 457.5 458.5 459.5 460.5 461.5 462.5 463.5 464.5 465.5 466.5 467.5 468.5 469.5 470.5 471.5 472.5 473.5 474.5 475.5 476.5 477.5 478.5 479.5 480.5 481.5 482.5 483.5 484.5 485.5 486.5 487.5 488.5 489.5 490.5 491.5 492.5 493.5 494.5 495.5 496.5 497.5 498.5 499.5 500.5 501.5 502.5 503.5 504.5 505.5 506.5 507.5 508.5 509.5 510.5 511.5 512.5 513.5 514.5 515.5 516.5 517.5 518.5 519.5 520.5 521.5 522.5 523.5 524.5 525.5 526.5 527.5 528.5 529.5 530.5 531.5 532.5 533.5 534.5 535.5 536.5 537.5 538.5 539.5 540.5 541.5 542.5 543.5 544.5 545.5 546.5 547.5 548.5 549.5 550.5 551.5 552.5 553.5 554.5 555.5 556.5 557.5 558.5 559.5 560.5 561.5 562.5 563.5 564.5 565.5 566.5 567.5 568.5 569.5 570.5 571.5 572.5 573.5 574.5 575.5 576.5 577.5 578.5 579.5 580.5 581.5 582.5 583.5 584.5 585.5 586.5 587.5 588.5 589.5 590.5 591.5 592.5 593.5 594.5 595.5 596.5 597.5 598.5 599.5 600.5 601.5 602.5 603.5 604.5 605.5 606.5 607.5 608.5 609.5 610.5 611.5 612.5 613.5 614.5 615.5 616.5 617.5 618.5 619.5 620.5 621.5 622.5 623.5 624.5 625.5 626.5 627.5 628.5 629.5 630.5 631.5 632.5 633.5 634.5 635.5 636.5 637.5 638.5 639.5 640.5 641.5 642.5 643.5 644.5 645.5 646.5 647.5 648.5 649.5 650.5 651.5 652.5 653.5 654.5 655.5 656.5 657.5 658.5 659.5 660.5 661.5 662.5 663.5 664.5 665.5 666.5 667.5 668.5 669.5 670.5 671.5 672.5 673.5 674.5 675.5 676.5 677.5 678.5 679.5 680.5 681.5 682.5 683.5 684.5 685.5 686.5 687.5 688.5 689.5 690.5 691.5 692.5 693.5 694.5 695.5 696.5 697.5 698.5 699.5 700.5 701.5 702.5 703.5 704.5 705.5 706.5 707.5 708.5 709.5 710.5 711.5 712.5 713.5 714.5 715
1 1 1 1 1 1 1 1 1 1 1 1 1 1 1 1 1 1 1 1 1 1 1 1 1 1 1 1 1 1 1 1 1 1 1 1 1 1 1 1 1 1 1 1 1 1 1 1 1 1 1 1 1 1 1 1 1 1 1 1 1 1 1 1 1 1 1 1 1 1 1 1 1 1 1 1 1 1 1 1 1 1 1 1 1 1 1 1 1 1 1 1 1 1 1 1 1 1 1 1 1 1 1 1 1 1 1 1 1 1 1 1 1 1 1 1 1 1 1 1 1 1 1 1 1 1 1 1 1 1 1 1 1 1 1 1 1 1 1 1 1 1 1 1 1 1 1 1 1 1 1 1 1 1 1 1 1 1 1 1 1 1 1 1 1 1 1 1 1 1 1 1 1 1 1 1 1 1 1 1 1 1 1 1 1 1 1 1 1 1 1 1 1 1 1 1 1 1 1 1 1 1 1 1 1 1 1 1 1 1 1 1 1 1 1 1 1 1 1 1 1 1 1 1 1 1 1 1 1 1 1 1 1 1 1 1 1 1 1 1 1 1 1 1 1 1 1 1 1 1 1 1 1 1 1 1 1 1 1 1 1 1 1 1 1 1 1 1 1 1 1 1 1 1 1 1 1 1 1 1 1 1 1 1 1 1 1 1 1 1 1 1 1 1 1 1 1 1 1 1 1 1 1 1 1 1 1 1 1 1 1 1 1 1 1 1 1 1 1 1 1 1 1 1 1 1 1 1 1 1 1 1 1 1 1 1 1 1 1 1 1 1 1 1 1 1 1 1 1 1 1 1 1 1 1 1 1 1 1 1 1 1 1 1 1 1 1 1 1 1 1 1 1 1 1 1 1 1 1 1 1 1 1 1 1 1 1 1 1 1 1 1 1 1 1 1 1 1 1 1 1 1 1 1 1 1 1 1 1 1 1 1 1 1 1 1 1 1 1 1 1 1 1 1 1 1 1 1 1 1 1 1 1 1 1 1 1 1 1 1 1 1 1 1 1 1 1 1 1 1 1 1 1 1 1 1 1 1 1 1 1 1 1 1 1 1 1 1 1 1 1 1 1 1 1 1 1 1 1 1 1 1 1 1 1 1 1 1 1 1 1 1 1 1 1 1 1 1 1 1 1 1 1 1 1 1 1 1 1 1 1 1 1 1 1 1 1 1 1 1 1 1 1 1 1 1 1 1 1 1 1 1 1 1 1 1 1 1 1 1 1 1 1 1 1 1 1 1 1 1 1 1 1 1 1 1 1 1 1 1 1 1 1 1 1 1 1 1 1 1 1 1 1 1 1 1 1 1 1 1 1 1 1 1 1 1 1 1 1 1 1 1 1 1 1 1 1 1 1 1 1 1 1 1 1 1 1 1 1 1 1 1 1 1 1 1 1 1 1 1 1 1 1 1 1 1 1 1 1 1 1 1 1 1 1 1 1 1 1 1 1 1 1 1 1 1 1 1 1 1 1 1 1 1 1 1 1 1 1 1 1 1 1 1 1 1 1 1 1 1 1 1 1 1 1 1 1 1 1 1 1 1 1 1 1 1 1 1 1 1 1 1 1 1 1 1 1 1 1 1 1 1 1 1 1 1 1 1 1 1 1 1 1 1 1 1 1
0.00510817 0.00504035 0.00489717 0.00474008 0.00457124 0.00439254 0.00420562 0.00401188 0.0038126 0.00360885 0.0034016 0.00319171 0.00297994 0.00276695 0.00255335 0.00233969 0.00212646 0.00191409 0.00170299 0.00149352 0.00128603 0.00108082 0.000878172 0.000678345 0.000481578 0.00028809 9.80852e-05 -8.82527e-05 -0.000270753 -0.000449261 -0.000623634 -0.000793745 -0.000959479 -0.00112073 -0.00127742 -0.00142945 -0.00157676 -0.0017193 -0.00185702 -0.00198989 -0.00211786 -0.00224094 -0.00235911 -0.00247237 -0.00258074 -0.00268422 -0.00278286 -0.00287667 -0.00296571 -0.00305002 -0.00312965 -0.00320467 -0.00327513 -0.00334111 -0.00340269 -0.00345994 -0.00351295 -0.0035618 -0.00360659 -0.00364741 -0.00368435 -0.00371752 -0.00374702 -0.00377294 -0.0037954 -0.00381449 -0.00383032 -0.003843 -0.00385263 -0.00385932 -0.00386318 -0.0038643 -0.0038628 -0.00385878 -0.00385235 -0.00384359 -0.00383262 -0.00381954 -0.00380444 -0.00378741 -0.00376855 -0.00374796 -0.00372572 -0.00370193 -0.00367666 -0.00365001 -0.00362205 -0.00359287 -0.00356254 -0.00353113 -0.00349873 -0.0034654 -0.00343121 -0.00339623 -0.00336052 -0.00332415 -0.00328717 -0.00324964 -0.00321161 -0.00317315 -0.0031343 -0.00298139 -0.00297862 -0.00311059 -0.00311309 -0.00311524 -0.00311706 -0.00311853 -0.00311967 -0.00312047 -0.00312096 -0.00312112 -0.00312096 -0.00312049 -0.00311972 -0.00311864 -0.00311726 -0.00311558 -0.00311362 -0.00311137 -0.00310884 -0.00310603 -0.00310295 -0.0030996 -0.00309599 -0.00309212 -0.003088 -0.00308362 -0.003079 -0.00307414 -0.00306904 -0.00306371 -0.00305815 -0.00305236 -0.00304636 -0.00304014 -0.00303371 -0.00302707 -0.00302022 -0.00301318 -0.00300594 -0.00299851 -0.0029909 -0.0029831 -0.00297512 -0.00296697 -0.00295865 -0.00295016 -0.0029415 -0.00293269 -0.00292372 -0.0029146 -0.00290533 -0.00289591 -0.00288636 -0.00287666 -0.00286683 -0.00285688 -0.00284679 -0.00283658 -0.00282626 -0.00281581 -0.00280525 -0.00279458 -0.00278381 -0.00277293 -0.00276195 -0.00275087 -0.0027397 -0.00272844 -0.00271709 -0.00270566 -0.00269414 -0.00268255 -0.00267087 -0.00265913 -0.00264731 -0.00263543 -0.00262348 -0.00261146 -0.00259939 -0.00258726 -0.00257508 -0.00256284 -0.00255055 -0.00253822 -0.00252584 -0.00251342 -0.00250095 -0.00248845 -0.00247592 -0.00246335 -0.00245075 -0.00243812 -0.00242546 -0.00241278 -0.00240007 -0.00238735 -0.0023746 -0.00236184 -0.00234907 -0.00233628 -0.00232347 -0.00231066 -0.00229785 -0.00228502 -0.00227219 -0.00225936 -0.00224653 -0.00223369 -0.00222086 -0.00220804 -0.00219521 -0.0021824 -0.00216959 -0.00215679 -0.00214401 -0.00213123 -0.00211847 -0.00210573 -0.002093 -0.00208028 -0.00206759 -0.00205492 -0.00204226 -0.00202963 -0.00201703 -0.00200444 -0.00199189 -0.00197935 -0.00196685 -0.00195438 -0.00194193 -0.00192952 -0.00191713 -0.00190478 -0.00189246 -0.00188018 -0.00186793 -0.00185571 -0.00184354 -0.0018314 -0.00181929 -0.00180723 -0.0017952 -0.00178322 -0.00177128 -0.00175937 -0.00174751 -0.00173569 -0.00172392 -0.00171219 -0.0017005 -0.00168886 -0.00167726 -0.00166571 -0.00165421 -0.00164275 -0.00163134 -0.00161997 -0.00160866 -0.00159739 -0.00158617 -0.001575 -0.00156389 -0.00155282 -0.0015418 -0.00153083 -0.00151991 -0.00150904 -0.00149823 -0.00148747 -0.00147676 -0.0014661 -0.00145549 -0.00144494 -0.00143443 -0.00142399 -0.00141359 -0.00140325 -0.00139296 -0.00138273 -0.00137255 -0.00136242 -0.00135235 -0.00134233 -0.00133236 -0.00132245 -0.0013126 -0.0013028 -0.00129305 -0.00128336 -0.00127372 -0.00126414 -0.00125461 -0.00124514 -0.00123572 -0.00122635 -0.00121705 -0.00120779 -0.00119859 -0.00118945 -0.00118035 -0.00117132 -0.00116234 -0.00115341 -0.00114454 -0.00113572 -0.00112695 -0.00111824 -0.00110959 -0.00110099 -0.00109244 -0.00108394 -0.0010755 -0.00106712 -0.00105878 -0.0010505 -0.00104228 -0.0010341 -0.00102598 -0.00101791 -0.0010099 -0.00100194 -0.000994026 -0.000986168 -0.000978362 -0.000970608 -0.000962906 -0.000955256 -0.000947657 -0.000940109 -0.000932612 -0.000925166 -0.000917771 -0.000910427 -0.000903133 -0.000895889 -0.000888695 -0.00088155 -0.000874456 -0.000867411 -0.000860415 -0.000853467 -0.000846569 -0.000839719 -0.000832918 -0.000826165 -0.00081946 -0.000812802 -0.000806192 -0.000799629 -0.000793113 -0.000786645 -0.000780222 -0.000773846 -0.000767517 -0.000547041 -0.000545769 -0.000764964 -0.000771275 -0.000777632 -0.000784036 -0.000790486 -0.000796983 -0.000803527 -0.000810118 -0.000816756 -0.000823443 -0.000830177 -0.000836959 -0.000843789 -0.000850668 -0.000857595 -0.000864572 -0.000871597 -0.000878672 -0.000885797 -0.000892971 -0.000900195 -0.000907469 -0.000914793 -0.000922168 -0.000929594 -0.00093707 -0.000944597 -0.000952176 -0.000959806 -0.000967487 -0.000975221 -0.000983006 -0.000990843 -0.000998732 -0.00100667 -0.00101467 -0.00102272 -0.00103082 -0.00103897 -0.00104717 -0.00105543 -0.00106374 -0.00107211 -0.00108053 -0.001089 -0.00109753 -0.00110611 -0.00111474 -0.00112343 -0.00113218 -0.00114097 -0.00114982 -0.00115873 -0.00116769 -0.00117671 -0.00118577 -0.0011949 -0.00120408 -0.00121331 -0.0012226 -0.00123194 -0.00124134 -0.00125079 -0.0012603 -0.00126986 -0.00127947 -0.00128914 -0.00129887 -0.00130865 -0.00131848 -0.00132837 -0.00133832 -0.00134831 -0.00135837 -0.00136847 -0.00137863 -0.00138884 -0.00139911 -0.00140943 -0.00141981 -0.00143024 -0.00144072 -0.00145125 -0.00146184 -0.00147248 -0.00148317 -0.00149391 -0.00150471 -0.00151555 -0.00152645 -0.0015374 -0.0015484 -0.00155945 -0.00157055 -0.0015817 -0.0015929 -0.00160415 -0.00161544 -0.00162679 -0.00163818 -0.00164962 -0.00166111 -0.00167265 -0.00168423 -0.00169585 -0.00170752 -0.00171924 -0.001731 -0.0017428 -0.00175464 -0.00176653 -0.00177846 -0.00179043 -0.00180244 -0.00181449 -0.00182658 -0.00183871 -0.00185087 -0.00186307 -0.00187531 -0.00188758 -0.00189989 -0.00191223 -0.00192461 -0.00193701 -0.00194945 -0.00196191 -0.00197441 -0.00198693 -0.00199948 -0.00201205 -0.00202465 -0.00203728 -0.00204992 -0.00206259 -0.00207528 -0.00208799 -0.00210071 -0.00211346 -0.00212621 -0.00213899 -0.00215177 -0.00216457 -0.00217737 -0.00219019 -0.00220301 -0.00221584 -0.00222867 -0.00224151 -0.00225435 -0.00226718 -0.00228002 -0.00229285 -0.00230567 -0.00231849 -0.0023313 -0.0023441 -0.00235688 -0.00236966 -0.00238241 -0.00239515 -0.00240787 -0.00242056 -0.00243324 -0.00244588 -0.0024585 -0.00247108 -0.00248364 -0.00249616 -0.00250864 -0.00252108 -0.00253349 -0.00254584 -0.00255815 -0.00257042 -0.00258263 -0.00259479 -0.00260689 -0.00261893 -0.00263091 -0.00264283 -0.00265468 -0.00266646 -0.00267817 -0.0026898 -0.00270136 -0.00271283 -0.00272422 -0.00273553 -0.00274674 -0.00275786 -0.00276889 -0.00277981 -0.00279064 -0.00280136 -0.00281197 -0.00282246 -0.00283285 -0.00284311 -0.00285325 -0.00286327 -0.00287316 -0.00288291 -0.00289253 -0.00290201 -0.00291135 -0.00292054 -0.00292958 -0.00293846 -0.00294719 -0.00295576 -0.00296416 -0.00297239 -0.00298045 -0.00298832 -0.00299602 -0.00300354 -0.00301086 -0.00301799 -0.00302492 -0.00303166 -0.00303818 -0.0030445 -0.0030506 -0.00305648 -0.00306215 -0.00306758 -0.00307278 -0.00307775 -0.00308248 -0.00308697 -0.0030912 -0.00309519 -0.00309891 -0.00310238 -0.00310558 -0.0031085 -0.00311116 -0.00311353 -0.00311562 -0.00311743 -0.00311893 -0.00312015 -0.00312106 -0.00312166 -0.00312196 -0.00312194 -0.0031216 -0.00312093 -0.00311994 -0.00311862 -0.00311695 -0.00311495 -0.0031126 -0.00223027 -0.00221423 -0.00309892 -0.0031381 -0.00317694 -0.00321539 -0.00325339 -0.00329089 -0.00332785 -0.00336419 -0.00339986 -0.00343479 -0.00346893 -0.00350221 -0.00353455 -0.00356589 -0.00359616 -0.00362526 -0.00365314 -0.00367971 -0.00370488 -0.00372857 -0.00375071 -0.00377118 -0.00378992 -0.00380682 -0.00382178 -0.00383473 -0.00384555 -0.00385414 -0.00386041 -0.00386426 -0.00386557 -0.00386426 -0.0038602 -0.0038533 -0.00384346 -0.00383056 -0.00381449 -0.00379516 -0.00377246 -0.00374628 -0.00371652 -0.00368307 -0.00364585 -0.00360474 -0.00355965 -0.00351049 -0.00345717 -0.0033996 -0.0033377 -0.00327139 -0.00320058 -0.00312522 -0.00304524 -0.00296058 -0.00287118 -0.002777 -0.002678 -0.00257414 -0.0024654 -0.00235177 -0.00223322 -0.00210977 -0.00198141 -0.00184818 -0.00171009 -0.00156717 -0.00141949 -0.00126709 -0.00111005 -0.000948442 -0.000782361 -0.00061191 -0.000437206 -0.000258377 -7.55659e-05 0.000111071 0.000301362 0.000495121 0.000692145 0.000892211 0.00109508 0.00130049 0.00150816 0.00171778 0.00192901 0.00214147 0.00235478 0.00256847 0.00278206 0.00299499 0.00320667 0.0034164 0.00362343 0.0038269 0.00402582 0.0042191 0.00440547 0.0045835 0.00475153 0.00490766 0.004857 0.0047315
38.6291 38.6291 38.6291 38.6291 38.6291 38.6291 38.6291 38.6291 38.6291 38.6291 38.6291 38.6291 38.6291 38.6291 38.6291 38.6291 38.6291 38.6291 38.6291 38.6291 38.6291 38.6291 38.6291 38.6291 38.6291 38.6291 38.6291 38.6291 38.6291 38.6291 38.6291 38.6291 38.6291 38.6291 38.6291 38.6291 38.6291 38.6291 38.6291 38.6291 38.6291 38.6291 38.6291 38.6291 38.6291 38.6291 38.6291 38.6291 38.6291 38.6291 38.6291 38.6291 38.6291 38.6291 38.6291 38.6291 38.6291 38.6291 38.6291 38.6291 38.6291 38.6291 38.6291 38.6291 38.6291 38.6291 38.6291 38.6291 38.6291 38.6291 38.6291 38.6291 38.6291 38.6291 38.6291 38.6291 38.6291 38.6291 38.6291 38.6291 38.6291 38.6291 38.6291 38.6291 38.6291 38.6291 38.6291 38.6291 38.6291 38.6291 38.6291 38.6291 38.6291 38.6291 38.6291 38.6291 38.6291 38.6291 38.6291 38.6291 38.6291 38.6291 38.6291 38.6291 38.6291 38.6291 38.6291 38.6291 38.6291 38.6291 38.6291 38.6291 38.6291 38.6291 38.6291 38.6291 38.6291 38.6291 38.6291 38.6291 38.6291 38.6291 38.6291 38.6291 38.6291 38.6291 38.6291 38.6291 38.6291 38.6291 38.6291 38.6291 38.6291 38.6291 38.6291 38.6291 38.6291 38.6291 38.6291 38.6291 38.6291 38.6291 38.6291 38.6291 38.6291 38.6291 38.6291 38.6291 38.6291 38.6291 38.6291 38.6291 38.6291 38.6291 38.6291 38.6291 38.6291 38.6291 38.6291 38.6291 38.6291 38.6291 38.6291 38.6291 38.6291 38.6291 38.6291 38.6291 38.6291 38.6291 38.6291 38.6291 38.6291 38.6291 38.6291 38.6291 38.6291 38.6291 38.6291 38.6291 38.6291 38.6291 38.6291 38.6291 38.6291 38.6291 38.6291 38.6291 38.6291 38.6291 38.6291 38.6291 38.6291 38.6291 38.6291 38.6291 38.6291 38.6291 38.6291 38.6291 38.6291 38.6291 38.6291 38.6291 38.6291 38.6291 38.6291 38.6291 38.6291 38.6291 38.6291 38.6291 38.6291 38.6291 38.6291 38.6291 38.6291 38.6291 38.6291 38.6291 38.6291 38.6291 38.6291 38.6291 38.6291 38.6291 38.6291 38.6291 38.6291 38.6291 38.6291 38.6291 38.6291 38.6291 38.6291 38.6291 38.6291 38.6291 38.6291 38.6291 38.6291 38.6291 38.6291 38.6291 38.6291 38.6291 38.6291 38.6291 38.6291 38.6291 38.6291 38.6291 38.6291 38.6291 38.6291 38.6291 38.6291 38.6291 38.6291 38.6291 38.6291 38.6291 38.6291 38.6291 38.6291 38.6291 38.6291 38.6291 38.6291 38.6291 38.6291 38.6291 38.6291 38.6291 38.6291 38.6291 38.6291 38.6291 38.6291 38.6291 38.6291 38.6291 38.6291 38.6291 38.6291 38.6291 38.6291 38.6291 38.6291 38.6291 38.6291 38.6291 38.6291 38.6291 38.6291 38.6291 38.6291 38.6291 38.6291 38.6291 38.6291 38.6291 38.6291 38.6291 38.6291 38.6291 38.6291 38.6291 38.6291 38.6291 38.6291 38.6291 38.6291 38.6291 38.6291 38.6291 38.6291 38.6291 38.6291 38.6291 38.6291 38.6291 38.6291 38.6291 38.6291 38.6291 38.6291 38.6291 38.6291 38.6291 38.6291 38.6291 38.6291 38.6291 38.6291 38.6291 38.6291 38.6291 38.6291 38.6291 38.6291 38.6291 38.6291 38.6291 38.6291 38.6291 38.6291 38.6291 38.6291 38.6291 38.6291 38.6291 38.6291 38.6291 38.6291 38.6291 38.6291 38.6291 38.6291 38.6291 38.6291 38.6291 38.6291 38.6291 38.6291 38.6291 38.6291 38.6291 38.6291 38.6291 38.6291 38.6291 38.6291 38.6291 38.6291 38.6291 38.6291 38.6291 38.6291 38.6291 38.6291 38.6291 38.6291 38.6291 38.6291 38.6291 38.6291 38.6291 38.6291 38.6291 38.6291 38.6291 38.6291 38.6291 38.6291 38.6291 38.6291 38.6291 38.6291 38.6291 38.6291 38.6291 38.6291 38.6291 38.6291 38.6291 38.6291 38.6291 38.6291 38.6291 38.6291 38.6291 38.6291 38.6291 38.6291 38.6291 38.6291 38.6291 38.6291 38.6291 38.6291 38.6291 38.6291 38.6291 38.6291 38.6291 38.6291 38.6291 38.6291 38.6291 38.6291 38.6291 38.6291 38.6291 38.6291 38.6291 38.6291 38.6291 38.6291 38.6291 38.6291 38.6291 38.6291 38.6291 38.6291 38.6291 38.6291 38.6291 38.6291 38.6291 38.6291 38.6291 38.6291 38.6291 38.6291 38.6291 38.6291 38.6291 38.6291 38.6291 38.6291 38.6291 38.6291 38.6291 38.6291 38.6291 38.6291 38.6291 38.6291 38.6291 38.6291 38.6291 38.6291 38.6291 38.6291 38.6291 38.6291 38.6291 38.6291 38.6291 38.6291 38.6291 38.6291 38.6291 38.6291 38.6291 38.6291 38.6291 38.6291 38.6291 38.6291 38.6291 38.6291 38.6291 38.6291 38.6291 38.6291 38.6291 38.6291 38.6291 38.6291 38.6291 38.6291 38.6291 38.6291 38.6291 38.6291 38.6291 38.6291 38.6291 38.6291 38.6291 38.6291 38.6291 38.6291 38.6291 38.6291 38.6291 38.6291 38.6291 38.6291 38.6291 38.6291 38.6291 38.6291 38.6291 38.6291 38.6291 38.6291 38.6291 38.6291 38.6291 38.6291 38.6291 38.6291 38.6291 38.6291 38.6291 38.6291 38.6291 38.6291 38.6291 38.6291 38.6291 38.6291 38.6291 38.6291 38.6291 38.6291 38.6291 38.6291 38.6291 38.6291 38.6291 38.6291 38.6291 38.6291 38.6291 38.6291 38.6291 38.6291 38.6291 38.6291 38.6291 38.6291 38.6291 38.6291 38.6291 38.6291 38.6291 38.6291 38.6291 38.6291 38.6291 38.6291 38.6291 38.6291 38.6291 38.6291 38.6291 38.6291 38.6291 38.6291 38.6291 38.6291 38.6291 38.6291 38.6291 38.6291 38.6291 38.6291 38.6291 38.6291 38.6291 38.6291 38.6291 38.6291 38.6291 38.6291 38.6291 38.6291 38.6291 38.6291 38.6291 38.6291 38.6291 38.6291 38.6291 38.6291 38.6291 38.6291 38.6291 38.6291 38.6291 38.6291 38.6291 38.6291 38.6291 38.6291 38.6291 38.6291 38.6291 38.6291 38.6291 38.6291 38.6291 38.6291 38.6291 38.6291 38.6291 38.6291 38.6291 38.6291 38.6291 38.6291 38.6291 38.6291 38.6291 38.6291 38.6291 38.6291 38.6291 38.6291 38.6291 38.6291 38.6291 38.6291 38.6291 38.6291 38.6291 38.6291 38.6291 38.6291 38.6291 38.6291 38.6291 38.6291 38.6291 38.6291 38.6291 38.6291 38.6291 38.6291 38.6291 38.6291 38.6291 38.6291 38.6291 38.6291 38.6291 38.6291 38.6291 38.6291 38.6291 38.6291 38.6291 38.6291 38.6291 38.6291 38.6291 38.6291 38.6291 38.6291 38.6291 38.6291 38.6291 38.6291 38.6291 38.6291 38.6291 38.6291 38.6291 38.6291 38.6291 38.6291 38.6291 38.6291 38.6291 38.6291 38.6291 38.6291 38.6291 38.6291 38.6291 38.6291 38.6291 38.6291 38.6291 38.6291 38.6291 38.6291 38.6291 38.6291 38.6291 38.6291 38.6291 38.6291
-38.6291 -38.6291 -38.6291 -38.6291 -38.6291 -38.6291 -38.6291 -38.6291 -38.6291 -38.6291 -38.6291 -38.6291 -38.6291 -38.6291 -38.6291 -38.6291 -38.6291 -38.6291 -38.6291 -38.6291 -38.6291 -38.6291 -38.6291 -38.6291 -38.6291 -38.6291 -38.6291 -38.6291 -38.6291 -38.6291 -38.6291 -38.6291 -38.6291 -38.6291 -38.6291 -38.6291 -38.6291 -38.6291 -38.6291 -38.6291 -38.6291 -38.6291 -38.6291 -38.6291 -38.6291 -38.6291 -38.6291 -38.6291 -38.6291 -38.6291 -38.6291 -38.6291 -38.6291 -38.6291 -38.6291 -38.6291 -38.6291 -38.6291 -38.6291 -38.6291 -38.6291 -38.6291 -38.6291 -38.6291 -38.6291 -38.6291 -38.6291 -38.6291 -38.6291 -38.6291 -38.6291 -38.6291 -38.6291 -38.6291 -38.6291 -38.6291 -38.6291 -38.6291 -38.6291 -38.6291 -38.6291 -38.6291 -38.6291 -38.6291 -38.6291 -38.6291 -38.6291 -38.6291 -38.6291 -38.6291 -38.6291 -38.6291 -38.6291 -38.6291 -38.6291 -38.6291 -38.6291 -38.6291 -38.6291 -38.6291 -38.6291 -38.6291 -38.6291 -38.6291 -38.6291 -38.6291 -38.6291 -38.6291 -38.6291 -38.6291 -38.6291 -38.6291 -38.6291 -38.6291 -38.6291 -38.6291 -38.6291 -38.6291 -38.6291 -38.6291 -38.6291 -38.6291 -38.6291 -38.6291 -38.6291 -38.6291 -38.6291 -38.6291 -38.6291 -38.6291 -38.6291 -38.6291 -38.6291 -38.6291 -38.6291 -38.6291 -38.6291 -38.6291 -38.6291 -38.6291 -38.6291 -38.6291 -38.6291 -38.6291 -38.6291 -38.6291 -38.6291 -38.6291 -38.6291 -38.6291 -38.6291 -38.6291 -38.6291 -38.6291 -38.6291 -38.6291 -38.6291 -38.6291 -38.6291 -38.6291 -38.6291 -38.6291 -38.6291 -38.6291 -38.6291 -38.6291 -38.6291 -38.6291 -38.6291 -38.6291 -38.6291 -38.6291 -38.6291 -38.6291 -38.6291 -38.6291 -38.6291 -38.6291 -38.6291 -38.6291 -38.6291 -38.6291 -38.6291 -38.6291 -38.6291 -38.6291 -38.6291 -38.6291 -38.6291 -38.6291 -38.6291 -38.6291 -38.6291 -38.6291 -38.6291 -38.6291 -38.6291 -38.6291 -38.6291 -38.6291 -38.6291 -38.6291 -38.6291 -38.6291 -38.6291 -38.6291 -38.6291 -38.6291 -38.6291 -38.6291 -38.6291 -38.6291 -38.6291 -38.6291 -38.6291 -38.6291 -38.6291 -38.6291 -38.6291 -38.6291 -38.6291 -38.6291 -38.6291 -38.6291 -38.6291 -38.6291 -38.6291 -38.6291 -38.6291 -38.6291 -38.6291 -38.6291 -38.6291 -38.6291 -38.6291 -38.6291 -38.6291 -38.6291 -38.6291 -38.6291 -38.6291 -38.6291 -38.6291 -38.6291 -38.6291 -38.6291 -38.6291 -38.6291 -38.6291 -38.6291 -38.6291 -38.6291 -38.6291 -38.6291 -38.6291 -38.6291 -38.6291 -38.6291 -38.6291 -38.6291 -38.6291 -38.6291 -38.6291 -38.6291 -38.6291 -38.6291 -38.6291 -38.6291 -38.6291 -38.6291 -38.6291 -38.6291 -38.6291 -38.6291 -38.6291 -38.6291 -38.6291 -38.6291 -38.6291 -38.6291 -38.6291 -38.6291 -38.6291 -38.6291 -38.6291 -38.6291 -38.6291 -38.6291 -38.6291 -38.6291 -38.6291 -38.6291 -38.6291 -38.6291 -38.6291 -38.6291 -38.6291 -38.6291 -38.6291 -38.6291 -38.6291 -38.6291 -38.6291 -38.6291 -38.6291 -38.6291 -38.6291 -38.6291 -38.6291 -38.6291 -38.6291 -38.6291 -38.6291 -38.6291 -38.6291 -38.6291 -38.6291 -38.6291 -38.6291 -38.6291 -38.6291 -38.6291 -38.6291 -38.6291 -38.6291 -38.6291 -38.6291 -38.6291 -38.6291 -38.6291 -38.6291 -38.6291 -38.6291 -38.6291 -38.6291 -38.6291 -38.6291 -38.6291 -38.6291 -38.6291 -38.6291 -38.6291 -38.6291 -38.6291 -38.6291 -38.6291 -38.6291 -38.6291 -38.6291 -38.6291 -38.6291 -38.6291 -38.6291 -38.6291 -38.6291 -38.6291 -38.6291 -38.6291 -38.6291 -38.6291 -38.6291 -38.6291 -38.6291 -38.6291 -38.6291 -38.6291 -38.6291 -38.6291 -38.6291 -38.6291 -38.6291 -38.6291 -38.6291 -38.6291 -38.6291 -38.6291 -38.6291 -38.6291 -38.6291 -38.6291 -38.6291 -38.6291 -38.6291 -38.6291 -38.6291 -38.6291 -38.6291 -38.6291 -38.6291 -38.6291 -38.6291 -38.6291 -38.6291 -38.6291 -38.6291 -38.6291 -38.6291 -38.6291 -38.6291 -38.6291 -38.6291 -38.6291 -38.6291 -38.6291 -38.6291 -38.6291 -38.6291 -38.6291 -38.6291 -38.6291 -38.6291 -38.6291 -38.6291 -38.6291 -38.6291 -38.6291 -38.6291 -38.6291 -38.6291 -38.6291 -38.6291 -38.6291 -38.6291 -38.6291 -38.6291 -38.6291 -38.6291 -38.6291 -38.6291 -38.6291 -38.6291 -38.6291 -38.6291 -38.6291 -38.6291 -38.6291 -38.6291 -38.6291 -38.6291 -38.6291 -38.6291 -38.6291 -38.6291 -38.6291 -38.6291 -38.6291 -38.6291 -38.6291 -38.6291 -38.6291 -38.6291 -38.6291 -38.6291 -38.6291 -38.6291 -38.6291 -38.6291 -38.6291 -38.6291 -38.6291 -38.6291 -38.6291 -38.6291 -38.6291 -38.6291 -38.6291 -38.6291 -38.6291 -38.6291 -38.6291 -38.6291 -38.6291 -38.6291 -38.6291 -38.6291 -38.6291 -38.6291 -38.6291 -38.6291 -38.6291 -38.6291 -38.6291 -38.6291 -38.6291 -38.6291 -38.6291 -38.6291 -38.6291 -38.6291 -38.6291 -38.6291 -38.6291 -38.6291 -38.6291 -38.6291 -38.6291 -38.6291 -38.6291 -38.6291 -38.6291 -38.6291 -38.6291 -38.6291 -38.6291 -38.6291 -38.6291 -38.6291 -38.6291 -38.6291 -38.6291 -38.6291 -38.6291 -38.6291 -38.6291 -38.6291 -38.6291 -38.6291 -38.6291 -38.6291 -38.6291 -38.6291 -38.6291 -38.6291 -38.6291 -38.6291 -38.6291 -38.6291 -38.6291 -38.6291 -38.6291 -38.6291 -38.6291 -38.6291 -38.6291 -38.6291 -38.6291 -38.6291 -38.6291 -38.6291 -38.6291 -38.6291 -38.6291 -38.6291 -38.6291 -38.6291 -38.6291 -38.6291 -38.6291 -38.6291 -38.6291 -38.6291 -38.6291 -38.6291 -38.6291 -38.6291 -38.6291 -38.6291 -38.6291 -38.6291 -38.6291 -38.6291 -38.6291 -38.6291 -38.6291 -38.6291 -38.6291 -38.6291 -38.6291 -38.6291 -38.6291 -38.6291 -38.6291 -38.6291 -38.6291 -38.6291 -38.6291 -38.6291 -38.6291 -38.6291 -38.6291 -38.6291 -38.6291 -38.6291 -38.6291 -38.6291 -38.6291 -38.6291 -38.6291 -38.6291 -38.6291 -38.6291 -38.6291 -38.6291 -38.6291 -38.6291 -38.6291 -38.6291 -38.6291 -38.6291 -38.6291 -38.6291 -38.6291 -38.6291 -38.6291 -38.6291 -38.6291 -38.6291 -38.6291 -38.6291 -38.6291 -38.6291 -38.6291 -38.6291 -38.6291 -38.6291 -38.6291 -38.6291 -38.6291 -38.6291 -38.6291 -38.6291 -38.6291 -38.6291 -38.6291 -38.6291 -38.6291 -38.6291 -38.6291 -38.6291 -38.6291 -38.6291 -38.6291 -38.6291 -38.6291 -38.6291 -38.6291 -38.6291 -38.6291 -38.6291 -38.6291 -38.6291 -38.6291 -38.6291 -38.6291 -38.6291 -38.6291 -38.6291 -38.6291 -38.6291 -38.6291 -38.6291 -38.6291 -38.6291 -38.6291 -38.6291 -38.6291 -38.6291 -38.6291 -38.6291 -38.6291 -38.6291 -38.6291 -38.6291 -38.6291 -38.6291 -38.6291 -38.6291 -38.6291 -38.6291 -38.6291 -38.6291 -38.6291 -38.6291 -38.6291 -38.6291 -38.6291 -38.6291 -38.6291 -38.6291 -38.6291 -38.6291 -38.6291 -38.6291 -38.6291 -38.6291 -38.6291 -38.6291 -38.6291 -38.6291 -38.6291 -38.6291 -38.6291 -38.6291 -38.6291 -38.6291 -38.6291 -38.6291 -38.6291 -38.6291 -38.6291 -38.6291 -38.6291 -38.6291 -38.6291 -38.6291 -38.6291 -38.6291 -38.6291 -38.6291 -38.6291 -38.6291 -38.6291 -38.6291 -38.6291 -38.6291 -38.6291 -38.6291
5e-08 9.94361e-08 1.97193e-07 2.92745e-07 3.86142e-07 4.77432e-07 5.66663e-07 6.53881e-07 7.39132e-07 8.2246e-07 9.03908e-07 9.83519e-07 1.06133e-06 1.13739e-06 1.21174e-06 1.28441e-06 1.35543e-06 1.42486e-06 1.49272e-06 1.55905e-06 1.62388e-06 1.68726e-06 1.7492e-06 1.80974e-06 1.86892e-06 1.92676e-06 1.9833e-06 2.03857e-06 2.09258e-06 2.14538e-06 2.19699e-06 2.24744e-06 2.29674e-06 2.34493e-06 2.39204e-06 2.43809e-06 2.48309e-06 2.52708e-06 2.57008e-06 2.61211e-06 2.65319e-06 2.69334e-06 2.73259e-06 2.77095e-06 2.80845e-06 2.8451e-06 2.88093e-06 2.91594e-06 2.95017e-06 2.98362e-06 3.01632e-06 3.04829e-06 3.07953e-06 3.11007e-06 3.13991e-06 3.16909e-06 3.19761e-06 3.22548e-06 3.25272e-06 3.27935e-06 3.30538e-06 3.33083e-06 3.3557e-06 3.38e-06 3.40376e-06 3.42699e-06 3.44969e-06 3.47187e-06 3.49356e-06 3.51476e-06 3.53548e-06 3.55573e-06 3.57553e-06 3.59487e-06 3.61379e-06 3.63227e-06 3.65034e-06 3.668e-06 3.68527e-06 3.70214e-06 3.71863e-06 3.73475e-06 3.75051e-06 3.76591e-06 3.78097e-06 3.79568e-06 3.81007e-06 3.82413e-06 3.83787e-06 3.8513e-06 3.86443e-06 3.87726e-06 3.8898e-06 3.90206e-06 3.91405e-06 3.92576e-06 3.93721e-06 3.9484e-06 3.95934e-06 3.97003e-06 3.98048e-06 3.99051e-06 4.00019e-06 4.00998e-06 4.01989e-06 4.02971e-06 4.03944e-06 4.04909e-06 4.05864e-06 4.06811e-06 4.0775e-06 4.0868e-06 4.09602e-06 4.10516e-06 4.11421e-06 4.12318e-06 4.13207e-06 4.14088e-06 4.14961e-06 4.15826e-06 4.16684e-06 4.17533e-06 4.18375e-06 4.1921e-06 4.20037e-06 4.20856e-06 4.21668e-06 4.22473e-06 4.23271e-06 4.24061e-06 4.24844e-06 4.25621e-06 4.2639e-06 4.27152e-06 4.27907e-06 4.28656e-06 4.29398e-06 4.30133e-06 4.30861e-06 4.31583e-06 4.32299e-06 4.33008e-06 4.33711e-06 4.34407e-06 4.35097e-06 4.35781e-06 4.36458e-06 4.3713e-06 4.37795e-06 4.38455e-06 4.39108e-06 4.39756e-06 4.40398e-06 4.41034e-06 4.41664e-06 4.42289e-06 4.42908e-06 4.43521e-06 4.44129e-06 4.44732e-06 4.45329e-06 4.4592e-06 4.46507e-06 4.47088e-06 4.47664e-06 4.48234e-06 4.488e-06 4.4936e-06 4.49915e-06 4.50466e-06 4.51011e-06 4.51551e-06 4.52087e-06 4.52618e-06 4.53144e-06 4.53665e-06 4.54181e-06 4.54693e-06 4.55201e-06 4.55703e-06 4.56201e-06 4.56695e-06 4.57184e-06 4.57669e-06 4.5815e-06 4.58626e-06 4.59098e-06 4.59565e-06 4.60029e-06 4.60488e-06 4.60943e-06 4.61394e-06 4.61841e-06 4.62284e-06 4.62722e-06 4.63157e-06 4.63588e-06 4.64016e-06 4.64439e-06 4.64858e-06 4.65274e-06 4.65686e-06 4.66094e-06 4.66499e-06 4.669e-06 4.67297e-06 4.67691e-06 4.68081e-06 4.68468e-06 4.68851e-06 4.6923e-06 4.69607e-06 4.6998e-06 4.70349e-06 4.70715e-06 4.71078e-06 4.71438e-06 4.71794e-06 4.72148e-06 4.72498e-06 4.72844e-06 4.73188e-06 4.73529e-06 4.73866e-06 4.74201e-06 4.74533e-06 4.74861e-06 4.75187e-06 4.75509e-06 4.75829e-06 4.76146e-06 4.7646e-06 4.76771e-06 4.77079e-06 4.77385e-06 4.77688e-06 4.77988e-06 4.78285e-06 4.7858e-06 4.78872e-06 4.79162e-06 4.79448e-06 4.79733e-06 4.80014e-06 4.80294e-06 4.8057e-06 4.80844e-06 4.81116e-06 4.81385e-06 4.81652e-06 4.81916e-06 4.82178e-06 4.82438e-06 4.82695e-06 4.8295e-06 4.83203e-06 4.83453e-06 4.83702e-06 4.83948e-06 4.84191e-06 4.84433e-06 4.84672e-06 4.84909e-06 4.85144e-06 4.85377e-06 4.85608e-06 4.85837e-06 4.86064e-06 4.86288e-06 4.86511e-06 4.86732e-06 4.8695e-06 4.87167e-06 4.87382e-06 4.87594e-06 4.87805e-06 4.88014e-06 4.88221e-06 4.88426e-06 4.8863e-06 4.88831e-06 4.89031e-06 4.89229e-06 4.89425e-06 4.89619e-06 4.89812e-06 4.90003e-06 4.90192e-06 4.9038e-06 4.90565e-06 4.90749e-06 4.90932e-06 4.91113e-06 4.91292e-06 4.91469e-06 4.91645e-06 4.9182e-06 4.91993e-06 4.92164e-06 4.92333e-06 4.92502e-06 4.92668e-06 4.92833e-06 4.92997e-06 4.93159e-06 4.9332e-06 4.93479e-06 4.93637e-06 4.93794e-06 4.93949e-06 4.94102e-06 4.94254e-06 4.94405e-06 4.94555e-06 4.94703e-06 4.9485e-06 4.94995e-06 4.95139e-06 4.95282e-06 4.95424e-06 4.95564e-06 4.95703e-06 4.95841e-06 4.95978e-06 4.96113e-06 4.96247e-06 4.9638e-06 4.96512e-06 4.96642e-06 4.96772e-06 4.969e-06 4.97027e-06 4.97153e-06 4.97277e-06 4.97401e-06 4.97524e-06 4.97645e-06 4.97765e-06 4.97885e-06 4.98003e-06 4.9812e-06 4.98236e-06 4.98351e-06 4.98465e-06 4.98578e-06 4.9869e-06 4.98801e-06 4.9891e-06 4.99019e-06 4.99127e-06 4.99234e-06 4.9934e-06 4.99445e-06 4.99549e-06 4.99653e-06 4.99755e-06 4.99856e-06 4.99942e-06 5.00014e-06 5.001e-06 5.00201e-06 5.00303e-06 5.00406e-06 5.00509e-06 5.00614e-06 5.0072e-06 5.00826e-06 5.00934e-06 5.01042e-06 5.01152e-06 5.01262e-06 5.01374e-06 5.01486e-06 5.016e-06 5.01714e-06 5.0183e-06 5.01946e-06 5.02064e-06 5.02183e-06 5.02303e-06 5.02424e-06 5.02546e-06 5.02669e-06 5.02793e-06 5.02918e-06 5.03045e-06 5.03173e-06 5.03301e-06 5.03431e-06 5.03563e-06 5.03695e-06 5.03829e-06 5.03963e-06 5.04099e-06 5.04237e-06 5.04375e-06 5.04515e-06 5.04656e-06 5.04798e-06 5.04942e-06 5.05087e-06 5.05233e-06 5.05381e-06 5.0553e-06 5.0568e-06 5.05832e-06 5.05985e-06 5.06139e-06 5.06295e-06 5.06452e-06 5.06611e-06 5.06771e-06 5.06932e-06 5.07095e-06 5.0726e-06 5.07426e-06 5.07593e-06 5.07762e-06 5.07933e-06 5.08105e-06 5.08279e-06 5.08454e-06 5.08631e-06 5.08809e-06 5.08989e-06 5.09171e-06 5.09355e-06 5.0954e-06 5.09726e-06 5.09915e-06 5.10105e-06 5.10297e-06 5.1049e-06 5.10686e-06 5.10883e-06 5.11082e-06 5.11283e-06 5.11485e-06 5.1169e-06 5.11896e-06 5.12104e-06 5.12314e-06 5.12526e-06 5.1274e-06 5.12956e-06 5.13173e-06 5.13393e-06 5.13615e-06 5.13839e-06 5.14064e-06 5.14292e-06 5.14522e-06 5.14754e-06 5.14988e-06 5.15225e-06 5.15463e-06 5.15704e-06 5.15946e-06 5.16191e-06 5.16439e-06 5.16688e-06 5.1694e-06 5.17194e-06 5.1745e-06 5.17709e-06 5.1797e-06 5.18233e-06 5.18499e-06 5.18767e-06 5.19038e-06 5.19311e-06 5.19586e-06 5.19864e-06 5.20145e-06 5.20428e-06 5.20714e-06 5.21002e-06 5.21293e-06 5.21586e-06 5.21883e-06 5.22182e-06 5.22483e-06 5.22788e-06 5.23095e-06 5.23405e-06 5.23718e-06 5.24033e-06 5.24352e-06 5.24673e-06 5.24997e-06 5.25325e-06 5.25655e-06 5.25988e-06 5.26324e-06 5.26664e-06 5.27006e-06 5.27351e-06 5.277e-06 5.28052e-06 5.28407e-06 5.28765e-06 5.29127e-06 5.29491e-06 5.2986e-06 5.30231e-06 5.30606e-06 5.30984e-06 5.31366e-06 5.31751e-06 5.3214e-06 5.32532e-06 5.32928e-06 5.33327e-06 5.3373e-06 5.34136e-06 5.34547e-06 5.34961e-06 5.35379e-06 5.358e-06 5.36226e-06 5.36655e-06 5.37088e-06 5.37525e-06 5.37967e-06 5.38412e-06 5.38861e-06 5.39314e-06 5.39772e-06 5.40233e-06 5.40699e-06 5.41169e-06 5.41643e-06 5.42122e-06 5.42605e-06 5.43092e-06 5.43584e-06 5.4408e-06 5.44581e-06 5.45086e-06 5.45596e-06 5.4611e-06 5.4663e-06 5.47153e-06 5.47682e-06 5.48216e-06 5.48754e-06 5.49297e-06 5.49845e-06 5.50398e-06 5.50957e-06 5.5152e-06 5.52088e-06 5.52662e-06 5.5324e-06 5.53824e-06 5.54414e-06 5.55008e-06 5.55609e-06 5.56214e-06 5.56825e-06 5.57442e-06 5.58064e-06 5.58692e-06 5.59325e-06 5.59965e-06 5.6061e-06 5.61261e-06 5.61918e-06 5.62581e-06 5.63249e-06 5.63924e-06 5.64606e-06 5.65293e-06 5.65987e-06 5.66686e-06 5.67393e-06 5.68105e-06 5.68824e-06 5.6955e-06 5.70282e-06 5.71021e-06 5.71767e-06 5.72519e-06 5.73279e-06 5.74045e-06 5.74818e-06 5.75598e-06 5.76385e-06 5.7718e-06 5.77981e-06 5.7879e-06 5.79607e-06 5.8043e-06 5.81262e-06 5.821e-06 5.82947e-06 5.83801e-06 5.84663e-06 5.85532e-06 5.8641e-06 5.87295e-06 5.88189e-06 5.89091e-06 5.9e-06 5.90919e-06 5.91845e-06 5.9278e-06 5.93724e-06 5.94676e-06 5.95636e-06 5.96606e-06 5.97584e-06 5.98571e-06 5.99425e-06 6.00141e-06 6.01006e-06 6.02029e-06 6.03076e-06 6.04147e-06 6.05242e-06 6.06363e-06 6.0751e-06 6.08684e-06 6.09884e-06 6.11112e-06 6.12369e-06 6.13654e-06 6.14969e-06 6.16314e-06 6.17691e-06 6.19099e-06 6.2054e-06 6.22014e-06 6.23522e-06 6.25065e-06 6.26643e-06 6.28258e-06 6.2991e-06 6.316e-06 6.3333e-06 6.35099e-06 6.36909e-06 6.38761e-06 6.40655e-06 6.42593e-06 6.44576e-06 6.46605e-06 6.4868e-06 6.50804e-06 6.52976e-06 6.55199e-06 6.57472e-06 6.59799e-06 6.62179e-06 6.64614e-06 6.67105e-06 6.69653e-06 6.72261e-06 6.74928e-06 6.77657e-06 6.80449e-06 6.83306e-06 6.86228e-06 6.89218e-06 6.92277e-06 6.95407e-06 6.98608e-06 7.01884e-06 7.05235e-06 7.08663e-06 7.12171e-06 7.1576e-06 7.19431e-06 7.23187e-06 7.2703e-06 7.30961e-06 7.34984e-06 7.39099e-06 7.43309e-06 7.47616e-06 7.52022e-06 7.5653e-06 7.61143e-06 7.65861e-06 7.70689e-06 7.75628e-06 7.80681e-06 7.8585e-06 7.91139e-06 7.9655e-06 8.02086e-06 8.07749e-06 8.13544e-06 8.19472e-06 8.25536e-06 8.31741e-06 8.38089e-06 8.44583e-06 8.51227e-06 8.58025e-06 8.64979e-06 8.72094e-06 8.79373e-06 8.8682e-06 8.94439e-06 9.02234e-06 9.10209e-06 9.18367e-06 9.26714e-06 9.35254e-06 9.43991e-06 9.52929e-06 9.62073e-06 9.71429e-06 9.81e-06 9.90604e-06 9.95368e-06
1 2
2 3
3 4
4 5
5 6
6 7
7 8
8 9
9 10
10 11
11 12
12 13
13 14
14 15
15 16
16 17
17 18
18 19
19 20
20 21
21 22
22 23
23 24
24 25
25 26
26 27
27 28
28 29
29 30
30 31
31 32
32 33
33 34
34 35
35 36
36 37
37 38
38 39
39 40
40 41
41 42
42 43
43 44
44 45
45 46
46 47
47 48
48 49
49 50
50 51
51 52
52 53
53 54
54 55
55 56
56 57
57 58
58 59
59 60
60 61
61 62
62 63
63 64
64 65
65 66
66 67
67 68
68 69
69 70
70 71
71 72
72 73
73 74
74 75
75 76
76 77
77 78
78 79
79 80
80 81
81 82
82 83
83 84
84 85
85 86
86 87
87 88
88 89
89 90
90 91
91 92
92 93
93 94
94 95
95 96
96 97
97 98
98 99
99 100
100 101
101 102
102 103
103 104
104 105
105 106
106 107
107 108
108 109
109 110
110 111
111 112
112 113
113 114
114 115
115 116
116 117
117 118
118 119
119 120
120 121
121 122
122 123
123 124
124 125
125 126
126 127
127 128
128 129
129 130
130 131
131 132
132 133
133 134
134 135
135 136
136 137
137 138
138 139
139 140
140 141
141 142
142 143
143 144
144 145
145 146
146 147
147 148
148 149
149 150
150 151
151 152
152 153
153 154
154 155
155 156
156 157
157 158
158 159
159 160
160 161
161 162
162 163
163 164
164 165
165 166
166 167
167 168
168 169
169 170
170 171
171 172
172 173
173 174
174 175
175 176
176 177
177 178
178 179
179 180
180 181
181 182
182 183
183 184
184 185
185 186
186 187
187 188
188 189
189 190
190 191
191 192
192 193
193 194
194 195
195 196
196 197
197 198
198 199
199 200
200 201
201 202
202 203
203 204
204 205
205 206
206 207
207 208
208 209
209 210
210 211
211 212
212 213
213 214
214 215
215 216
216 217
217 218
218 219
219 220
220 221
221 222
222 223
223 224
224 225
225 226
226 227
227 228
228 229
229 230
230 231
231 232
232 233
233 234
234 235
235 236
236 237
237 238
238 239
239 240
240 241
241 242
242 243
243 244
244 245
245 246
246 247
247 248
248 249
249 250
250 251
251 252
252 253
253 254
254 255
255 256
256 257
257 258
258 259
259 260
260 261
261 262
262 263
263 264
264 265
265 266
266 267
267 268
268 269
269 270
270 271
271 272
272 273
273 274
274 275
275 276
276 277
277 278
278 279
279 280
280 281
281 282
282 283
283 284
284 285
285 286
286 287
287 288
288 289
289 290
290 291
291 292
292 293
293 294
294 295
295 296
296 297
297 298
298 299
299 300
300 301
301 302
302 303
303 304
304 305
305 306
306 307
307 308
308 309
309 310
310 311
311 312
312 313
313 314
314 315
315 316
316 317
317 318
318 319
319 320
320 321
321 322
322 323
323 324
324 325
325 326
326 327
327 328
328 329
329 330
330 331
331 332
332 333
333 334
334 335
335 336
336 337
337 338
338 339
339 340
340 341
341 342
342 343
343 344
344 345
345 346
346 347
347 348
348 349
349 350
350 351
351 352
352 353
353 354
354 355
355 356
356 357
357 358
358 359
359 360
360 361
361 362
362 363
363 364
364 365
365 366
366 367
367 368
368 369
369 370
370 371
371 372
372 373
373 374
374 375
375 376
376 377
377 378
378 379
379 380
380 381
381 382
382 383
383 384
384 385
385 386
386 387
387 388
388 389
389 390
390 391
391 392
392 393
393 394
394 395
395 396
396 397
397 398
398 399
399 400
400 401
401 402
402 403
403 404
404 405
405 406
406 407
407 408
408 409
409 410
410 411
411 412
412 413
413 414
414 415
415 416
416 417
417 418
418 419
419 420
420 421
421 422
422 423
423 424
424 425
425 426
426 427
427 428
428 429
429 430
430 431
431 432
432 433
433 434
434 435
435 436
436 437
437 438
438 439
439 440
440 441
441 442
442 443
443 444
444 445
445 446
446 447
447 448
448 449
449 450
450 451
451 452
452 453
453 454
454 455
455 456
456 457
457 458
458 459
459 460
460 461
461 462
462 463
463 464
464 465
465 466
466 467
467 468
468 469
469 470
470 471
471 472
472 473
473 474
474 475
475 476
476 477
477 478
478 479
479 480
480 481
481 482
482 483
483 484
484 485
485 486
486 487
487 488
488 489
489 490
490 491
491 492
492 493
493 494
494 495
495 496
496 497
497 498
498 499
499 500
500 501
501 502
502 503
503 504
504 505
505 506
506 507
507 508
508 509
509 510
510 511
511 512
512 513
513 514
514 515
515 516
516 517
517 518
518 519
519 520
520 521
521 522
522 523
523 524
524 525
525 526
526 527
527 528
528 529
529 530
530 531
531 532
532 533
533 534
534 535
535 536
536 537
537 538
538 539
539 540
540 541
541 542
542 543
543 544
544 545
545 546
546 547
547 548
548 549
549 550
550 551
551 552
552 553
553 554
554 555
555 556
556 557
557 558
558 559
559 560
560 561
561 562
562 563
563 564
564 565
565 566
566 567
567 568
568 569
569 570
570 571
571 572
572 573
573 574
574 575
575 576
576 577
577 578
578 579
579 580
580 581
581 582
582 583
583 584
584 585
585 586
586 587
587 588
588 589
589 590
590 591
591 592
592 593
593 594
594 595
595 596
596 597
597 598
598 599
599 600
600 601
601 602
602 603
603 604
604 605
605 606
606 607
607 608
608 609
609 610
610 611
611 612
612 613
613 614
614 615
615 616
616 617
617 618
618 619
619 620
620 621
621 622
622 623
623 624
624 625
625 626
626 627
627 628
628 629
629 630
630 631
631 632
632 633
633 634
634 635
635 636
636 637
637 638
638 639
639 640
640 641
641 642
642 643
643 644
644 645
645 646
646 647
647 648
648 649
649 650
650 651
651 652
652 653
653 654
654 655
655 656
656 657
657 658
658 659
659 660
660 661
661 662
662 663
663 664
664 665
665 666
666 667
667 668
668 669
669 670
670 671
671 672
672 673
673 674
674 675
675 676
676 677
677 678
678 679
679 680
680 681
681 682
682 683
683 684
684 685
685 686
686 687
687 688
688 689
689 690
690 691
691 692
692 693
693 694
694 695
695 696
696 697
697 698
698 699
699 700
700 701
701 702
702 703
703 704
704 705
705 706
706 707
707 708
708 709
709 710
710 711
711 712
712 713
713 714
714 715
715 716
716 717

